Company,Location,Date,Time,Rocket,Mission,RocketStatus,Price,MissionStatus
RVSN USSR,"1/5, Baikonur Cosmodrome, Republic of Kazakhstan",1957-10-04,19:28:34,Sputnik 8K74PS,Sputnik 1,Retired,,Success
RVSN USSR,"1/5, Baikonur Cosmodrome, Republic of Kazakhstan",1957-11-03,02:30:00,Sputnik 8K74PS,Sputnik 2,Retired,,Success
US Navy,"Launch Complex 18A, Cape Canaveral SFS, FL, USA",1957-12-06,16:44:35,Vanguard,Vanguard,Retired,,Failure
Army Ballistic Missile Agency,"Launch Complex 26A, Cape Canaveral SFS, FL, USA",1958-02-01,03:47:56,Juno-I,Explorer 1,Retired,,Success
US Navy,"Launch Complex 18A, Cape Canaveral SFS, FL, USA",1958-02-05,07:33:00,Vanguard,Vanguard,Retired,,Failure
Army Ballistic Missile Agency,"Launch Complex 26A, Cape Canaveral SFS, FL, USA",1958-03-05,18:27:57,Juno-I,Explorer 2,Retired,,Failure
US Navy,"Launch Complex 18A, Cape Canaveral SFS, FL, USA",1958-03-17,12:15:41,Vanguard,Vanguard,Retired,,Success
Army Ballistic Missile Agency,"Launch Complex 26A, Cape Canaveral SFS, FL, USA",1958-03-26,17:38:01,Juno-I,Explorer 3,Retired,,Success
RVSN USSR,"1/5, Baikonur Cosmodrome, Republic of Kazakhstan",1958-04-27,07:00:35,Sputnik 8A91,D-1 1,Retired,,Failure
US Navy,"Launch Complex 18A, Cape Canaveral SFS, FL, USA",1958-04-29,02:53:00,Vanguard,Vanguard,Retired,,Failure
RVSN USSR,"1/5, Baikonur Cosmodrome, Republic of Kazakhstan",1958-05-15,07:00:35,Sputnik 8A91,D1- 2,Retired,,Success
US Navy,"Launch Complex 18A, Cape Canaveral SFS, FL, USA",1958-05-28,03:46:20,Vanguard,Vanguard,Retired,,Failure
US Navy,"Launch Complex 18A, Cape Canaveral SFS, FL, USA",1958-06-26,05:00:52,Vanguard,Vanguard,Retired,,Failure
US Navy,"Naval Air Weapons Station China Lake, Air launch to Suborbital flight",1958-07-25,00:00:00,Project Pilot,NOTS 1,Retired,,Failure
Army Ballistic Missile Agency,"Launch Complex 5, Cape Canaveral SFS, FL, USA",1958-07-26,15:00:57,Juno-I,Explorer 4,Retired,,Success
US Navy,"Naval Air Weapons Station China Lake, Air launch to Suborbital flight",1958-08-12,00:00:00,Project Pilot,NOTS 2,Retired,,Failure
Army Ballistic Missile Agency,"Space Launch Complex 17A, Cape Canaveral SFS, FL, USA",1958-08-17,12:18:00,Thor Able I,Able I (Pioneer),Retired,8.9,Failure
US Navy,"Naval Air Weapons Station China Lake, Air launch to Suborbital flight",1958-08-22,00:00:00,Project Pilot,NOTS 3,Retired,,Failure
Army Ballistic Missile Agency,"Launch Complex 5, Cape Canaveral SFS, FL, USA",1958-08-24,06:17:22,Juno-I,Explorer 5,Retired,,Failure
US Navy,"Naval Air Weapons Station China Lake, Air launch to Suborbital flight",1958-08-25,00:00:00,Project Pilot,NOTS 4,Retired,,Failure
US Navy,"Naval Air Weapons Station China Lake, Air launch to Suborbital flight",1958-08-26,00:00:00,Project Pilot,NOTS 5,Retired,,Failure
US Navy,"Naval Air Weapons Station China Lake, Air launch to Suborbital flight",1958-08-28,00:00:00,Project Pilot,NOTS 6,Retired,,Failure
RVSN USSR,"1/5, Baikonur Cosmodrome, Republic of Kazakhstan",1958-09-23,07:40:23,Vostok-L 8K72,Luna-1a,Retired,,Failure
US Navy,"Launch Complex 18A, Cape Canaveral SFS, FL, USA",1958-09-26,15:38:00,Vanguard,Vanguard,Retired,,Failure
Army Ballistic Missile Agency,"Space Launch Complex 17A, Cape Canaveral SFS, FL, USA",1958-10-11,08:42:13,Thor Able I,Pioneer 1,Retired,8.9,Success
RVSN USSR,"1/5, Baikonur Cosmodrome, Republic of Kazakhstan",1958-10-11,21:41:58,Vostok-L 8K72,Luna-1b,Retired,,Failure
Army Ballistic Missile Agency,"Launch Complex 5, Cape Canaveral SFS, FL, USA",1958-10-23,03:21:04,Juno-I,Beacon,Retired,,Failure
Army Ballistic Missile Agency,"Space Launch Complex 17A, Cape Canaveral SFS, FL, USA",1958-11-08,07:30:21,Thor Able I,Pioneer 2,Retired,8.9,Failure
RVSN USSR,"1/5, Baikonur Cosmodrome, Republic of Kazakhstan",1958-12-04,18:18:45,Vostok-L 8K72,Luna-1c,Retired,,Failure
NASA,"Launch Complex 5, Cape Canaveral SFS, FL, USA",1958-12-06,05:44:52,Juno II,Pioneer 3,Retired,,Success
US Army,"Launch Complex 11, Cape Canaveral SFS, FL, USA",1958-12-18,23:02:00,SM-65B Atlas,SCORE,Retired,,Success
RVSN USSR,"1/5, Baikonur Cosmodrome, Republic of Kazakhstan",1959-01-02,16:41:21,Vostok-L 8K72,Luna-1,Retired,,Success
US Navy,"Launch Complex 18A, Cape Canaveral SFS, FL, USA",1959-02-17,15:55:00,Vanguard,Vanguard II,Retired,,Success
US Air Force,"Space Launch Complex 1W, Vandenberg SFB, CA, USA",1959-02-28,21:49:16,Thor Agena A,Discoverer 1,Retired,10.7,Failure
NASA,"Launch Complex 5, Cape Canaveral SFS, FL, USA",1959-03-03,05:10:56,Juno II,Pioneer 4,Retired,,Success
US Air Force,"Space Launch Complex 1W, Vandenberg SFB, CA, USA",1959-04-13,21:18:39,Thor Agena A,Discoverer 2,Retired,10.7,Success
US Navy,"Launch Complex 18A, Cape Canaveral SFS, FL, USA",1959-04-14,02:49:46,Vanguard,Vanguard,Retired,,Failure
US Air Force,"Space Launch Complex 1W, Vandenberg SFB, CA, USA",1959-06-03,20:09:20,Thor Agena A,Discoverer 3,Retired,10.7,Failure
RVSN USSR,"1/5, Baikonur Cosmodrome, Republic of Kazakhstan",1959-06-18,08:08:00,Vostok-L 8K72,Luna-2a,Retired,,Failure
US Navy,"Launch Complex 18A, Cape Canaveral SFS, FL, USA",1959-06-22,20:16:09,Vanguard,Vanguard,Retired,,Failure
US Air Force,"Space Launch Complex 1E, Vandenberg SFB, CA, USA",1959-06-25,22:47:45,Thor Agena A,Discoverer 4,Retired,10.7,Failure
NASA,"Launch Complex 5, Cape Canaveral SFS, FL, USA",1959-07-16,17:37:03,Juno II,NASA S-1,Retired,,Failure
US Air Force,"Space Launch Complex 17A, Cape Canaveral SFS, FL, USA",1959-08-07,14:24:20,Thor Able III,Explorer 6,Retired,,Success
US Air Force,"Space Launch Complex 1W, Vandenberg SFB, CA, USA",1959-08-13,19:00:08,Thor Agena A,Discoverer 5,Retired,10.7,Success
NASA,"Launch Complex 26B, Cape Canaveral SFS, FL, USA",1959-08-15,00:31:00,Juno II,Beacon,Retired,,Failure
US Air Force,"Space Launch Complex 1E, Vandenberg SFB, CA, USA",1959-08-19,19:24:44,Thor Agena A,Discoverer 6,Retired,10.7,Success
NASA,"Launch Area 1, Wallops Flight Facility, Virginia, USA",1959-08-21,12:00:00,Little Joe,LJ-1,Retired,,Failure
NASA,"Space Launch Complex 14, Cape Canaveral SFS, FL, USA",1959-09-09,08:19:00,Atlas LV-3B,Big Joe 1,Retired,,Partial Failure
RVSN USSR,"1/5, Baikonur Cosmodrome, Republic of Kazakhstan",1959-09-12,06:39:42,Vostok-L 8K72,Luna-2,Retired,,Success
US Air Force,"Space Launch Complex 17A, Cape Canaveral SFS, FL, USA",1959-09-17,14:34:00,Thor Able II,Transit 1A,Retired,,Failure
US Navy,"Launch Complex 18A, Cape Canaveral SFS, FL, USA",1959-09-18,05:20:07,Vanguard,Vanguard III,Retired,,Success
RVSN USSR,"1/5, Baikonur Cosmodrome, Republic of Kazakhstan",1959-10-04,00:43:39,Vostok-L 8K72,Luna-3,Retired,,Success
NASA,"Launch Area 1, Wallops Flight Facility, Virginia, USA",1959-10-04,10:00:00,Little Joe,LJ-6,Retired,,Partial Failure
NASA,"Launch Complex 5, Cape Canaveral SFS, FL, USA",1959-10-13,15:30:04,Juno II,Explorer 7,Retired,,Success
NASA,"Launch Area 1, Wallops Flight Facility, Virginia, USA",1959-11-04,14:30:00,Little Joe,LJ-1A,Retired,,Partial Failure
US Air Force,"Space Launch Complex 1W, Vandenberg SFB, CA, USA",1959-11-07,20:28:41,Thor Agena A,Discoverer 7,Retired,10.7,Success
US Air Force,"Space Launch Complex 1E, Vandenberg SFB, CA, USA",1959-11-20,19:25:24,Thor Agena A,Discoverer 8,Retired,10.7,Success
US Air Force,"Space Launch Complex 14, Cape Canaveral SFS, FL, USA",1959-11-26,07:26:00,Atlas-Able,P-3,Retired,,Failure
NASA,"Launch Area 1, Wallops Flight Facility, Virginia, USA",1959-12-04,16:20:00,Little Joe,LJ-2,Retired,,Success
NASA,"Launch Area 1, Wallops Flight Facility, Virginia, USA",1960-01-21,14:23:00,Little Joe,LJ-1B,Retired,,Success
US Air Force,"Space Launch Complex 1W, Vandenberg SFB, CA, USA",1960-02-04,18:51:45,Thor Agena A,Discoverer 9,Retired,10.7,Failure
US Air Force,"Space Launch Complex 1E, Vandenberg SFB, CA, USA",1960-02-19,20:15:14,Thor Agena A,Discoverer 10,Retired,10.7,Failure
US Air Force,"Space Launch Complex 14, Cape Canaveral SFS, FL, USA",1960-02-26,17:25:30,Atlas LV-3 Agena A,Midas 1,Retired,,Failure
US Air Force,"Space Launch Complex 17A, Cape Canaveral SFS, FL, USA",1960-03-11,13:00:07,Thor Able IV,Pioneer V,Retired,,Success
NASA,"Launch Complex 26B, Cape Canaveral SFS, FL, USA",1960-03-23,13:35:11,Juno II,NASA S-46,Retired,,Failure
US Air Force,"Space Launch Complex 17A, Cape Canaveral SFS, FL, USA",1960-04-01,11:40:09,Thor Able II,Tiros 1,Retired,,Success
US Air Force,"Space Launch Complex 17B, Cape Canaveral SFS, FL, USA",1960-04-13,12:02:36,Thor DM-21 Ablestar,Transit 1B,Retired,,Success
RVSN USSR,"1/5, Baikonur Cosmodrome, Republic of Kazakhstan",1960-04-15,15:06:45,Vostok-L 8K72,Luna-4a,Retired,,Failure
US Air Force,"Space Launch Complex 1E, Vandenberg SFB, CA, USA",1960-04-15,20:30:37,Thor Agena A,Discoverer 11,Retired,10.7,Success
RVSN USSR,"1/5, Baikonur Cosmodrome, Republic of Kazakhstan",1960-04-16,16:07:41,Vostok-L 8K72,Luna-4b,Retired,,Failure
US Air Force,"Space Launch Complex 17A, Cape Canaveral SFS, FL, USA",1960-05-13,09:16:05,Thor Delta,Echo,Retired,7.27,Failure
RVSN USSR,"1/5, Baikonur Cosmodrome, Republic of Kazakhstan",1960-05-15,00:00:05,Vostok 8K72,Korabl'-Sputnik-1,Retired,,Success
US Air Force,"Space Launch Complex 14, Cape Canaveral SFS, FL, USA",1960-05-24,17:36:46,Atlas LV-3 Agena A,Midas 2,Retired,,Success
US Air Force,"Space Launch Complex 17B, Cape Canaveral SFS, FL, USA",1960-06-22,05:54:00,Thor DM-21 Ablestar,Transit 2A,Retired,,Success
US Air Force,"Space Launch Complex 1W, Vandenberg SFB, CA, USA",1960-06-29,22:00:44,Thor Agena A,Discoverer 12,Retired,10.7,Failure
RVSN USSR,"1/5, Baikonur Cosmodrome, Republic of Kazakhstan",1960-07-28,09:31:00,Vostok 8K72,Korabl-Sputnik (2),Retired,,Failure
NASA,"Space Launch Complex 14, Cape Canaveral SFS, FL, USA",1960-07-29,13:13:00,Atlas LV-3B,Mercury-Atlas 1,Retired,,Failure
US Air Force,"Space Launch Complex 1E, Vandenberg SFB, CA, USA",1960-08-10,20:37:54,Thor Agena A,Discoverer 13,Retired,10.7,Success
US Air Force,"Space Launch Complex 17A, Cape Canaveral SFS, FL, USA",1960-08-12,09:39:43,Thor Delta,Echo 1,Retired,7.27,Success
US Air Force,"Space Launch Complex 1W, Vandenberg SFB, CA, USA",1960-08-18,19:57:08,Thor Agena A,Discoverer 14,Retired,10.7,Success
US Air Force,"Space Launch Complex 17B, Cape Canaveral SFS, FL, USA",1960-08-18,19:58:00,Thor DM-21 Ablestar,Courier 1A,Retired,,Failure
RVSN USSR,"1/5, Baikonur Cosmodrome, Republic of Kazakhstan",1960-08-19,08:44:06,Vostok 8K72,Korabl'-Sputnik-2,Retired,,Success
US Air Force,"Space Launch Complex 1E, Vandenberg SFB, CA, USA",1960-09-13,22:13:39,Thor Agena A,Discoverer 15,Retired,10.7,Success
US Air Force,"Launch Complex 18A, Cape Canaveral SFS, FL, USA",1960-09-21,13:01:53,Blue Scout Jr,Blue Scout D-1,Retired,,Success
US Air Force,"Launch Complex 12, Cape Canaveral SFS, FL, USA",1960-09-25,15:13:17,Atlas-Able,P-30 (Able VA),Retired,,Failure
NASA,"Launch Area 3, Wallops Flight Facility, Virginia, USA",1960-10-04,15:23:00,Scout X-1,ST-2,Retired,8.91,Success
US Air Force,"Space Launch Complex 17B, Cape Canaveral SFS, FL, USA",1960-10-04,17:50:00,Thor DM-21 Ablestar,Courier 1B,Retired,,Success
RVSN USSR,"1/5, Baikonur Cosmodrome, Republic of Kazakhstan",1960-10-10,14:27:49,Molniya 8K78,Mars-1a,Retired,,Failure
US Air Force,"Space Launch Complex 3W, Vandenberg SFB, CA, USA",1960-10-11,20:33:28,Atlas LV-3 Agena A,Samos 1,Retired,,Failure
RVSN USSR,"1/5, Baikonur Cosmodrome, Republic of Kazakhstan",1960-10-14,13:51:03,Molniya 8K78,Mars-1b,Retired,,Failure
US Air Force,"Space Launch Complex 1W, Vandenberg SFB, CA, USA",1960-10-26,20:26:09,Thor DM-21 Agena-B,Discoverer 16,Retired,,Failure
NASA,"Launch Complex 26B, Cape Canaveral SFS, FL, USA",1960-11-03,05:23:10,Juno II,Explorer 8,Retired,,Success
NASA,"Launch Area 1, Wallops Flight Facility, Virginia, USA",1960-11-08,15:18:00,Little Joe,LJ-5,Retired,,Failure
US Air Force,"Space Launch Complex 1E, Vandenberg SFB, CA, USA",1960-11-12,20:42:32,Thor DM-21 Agena-B,Discoverer 17,Retired,,Success
NASA,"Launch Complex 5, Cape Canaveral SFS, FL, USA",1960-11-21,14:00:00,Redstone MRLV,Mercury-Redstone 1,Retired,,Failure
US Air Force,"Space Launch Complex 17A, Cape Canaveral SFS, FL, USA",1960-11-23,11:13:03,Thor Delta,Tiros 2,Retired,7.27,Success
US Air Force,"Space Launch Complex 17B, Cape Canaveral SFS, FL, USA",1960-11-30,19:50:00,Thor DM-21 Ablestar,Transit 3A,Retired,,Failure
RVSN USSR,"1/5, Baikonur Cosmodrome, Republic of Kazakhstan",1960-12-01,07:30:04,Vostok 8K72,Korabl'-Sputnik-3,Retired,,Success
NASA,"Launch Area 3, Wallops Flight Facility, Virginia, USA",1960-12-04,21:14:00,Scout X-1,NASA S-56,Retired,8.91,Failure
US Air Force,"Space Launch Complex 1W, Vandenberg SFB, CA, USA",1960-12-07,20:20:58,Thor DM-21 Agena-B,Discoverer 18,Retired,,Success
US Air Force,"Launch Complex 12, Cape Canaveral SFS, FL, USA",1960-12-15,09:10:00,Atlas-Able,P-31,Retired,,Failure
NASA,"Launch Complex 5, Cape Canaveral SFS, FL, USA",1960-12-19,16:15:00,Redstone MRLV,Mercury-Redstone 1A,Retired,,Success
US Air Force,"Space Launch Complex 1E, Vandenberg SFB, CA, USA",1960-12-20,20:32:00,Thor DM-21 Agena-B,Discoverer 19,Retired,,Success
RVSN USSR,"1/5, Baikonur Cosmodrome, Republic of Kazakhstan",1960-12-22,07:45:19,Vostok-K,Korabl-Sputnik (4),Retired,,Failure
NASA,"Launch Complex 5, Cape Canaveral SFS, FL, USA",1961-01-31,16:55:00,Redstone MRLV,Mercury-Redstone 2,Retired,,Success
US Air Force,"Space Launch Complex 3W, Vandenberg SFB, CA, USA",1961-01-31,20:21:19,Atlas LV-3 Agena B,,Retired,14.21,Success
RVSN USSR,"1/5, Baikonur Cosmodrome, Republic of Kazakhstan",1961-02-04,01:18:03,Molniya 8K78,,Retired,,Failure
RVSN USSR,"1/5, Baikonur Cosmodrome, Republic of Kazakhstan",1961-02-12,00:34:36,Molniya 8K78,,Retired,,Success
NASA,"Launch Area 3, Wallops Flight Facility, Virginia, USA",1961-02-16,13:05:00,Scout X-1,,Retired,8.91,Success
US Air Force,"Space Launch Complex 1W, Vandenberg SFB, CA, USA",1961-02-17,20:25:02,Thor DM-21 Agena-B,KH-5 1,Retired,,Success
US Air Force,"Space Launch Complex 1E, Vandenberg SFB, CA, USA",1961-02-18,22:57:58,Thor DM-21 Agena-B,,Retired,,Success
NASA,"Space Launch Complex 14, Cape Canaveral SFS, FL, USA",1961-02-21,14:10:00,Atlas LV-3B,Mercury-Atlas 2,Retired,,Success
US Air Force,"Space Launch Complex 17B, Cape Canaveral SFS, FL, USA",1961-02-22,03:45:00,Thor DM-21 Ablestar,,Retired,,Partial Failure
Army Ballistic Missile Agency,"Launch Complex 26B, Cape Canaveral SFS, FL, USA",1961-02-25,00:13:16,Juno II,,Retired,,Failure
RVSN USSR,"1/5, Baikonur Cosmodrome, Republic of Kazakhstan",1961-03-09,06:29:00,Vostok-K,,Retired,,Success
NASA,"Launch Area 1, Wallops Flight Facility, Virginia, USA",1961-03-18,16:49:00,Little Joe,LJ-5A,Retired,,Partial Failure
NASA,"Launch Complex 5, Cape Canaveral SFS, FL, USA",1961-03-24,17:30:00,Redstone MRLV,Mercury-Redstone BD,Retired,,Success
RVSN USSR,"1/5, Baikonur Cosmodrome, Republic of Kazakhstan",1961-03-25,05:54:00,Vostok-K,,Retired,,Success
US Air Force,"Space Launch Complex 17A, Cape Canaveral SFS, FL, USA",1961-03-25,15:17:04,Thor-Delta,,Retired,4.93,Success
US Air Force,"Space Launch Complex 1W, Vandenberg SFB, CA, USA",1961-03-30,20:34:43,Thor DM-21 Agena-B,,Retired,,Failure
US Air Force,"Space Launch Complex 1E, Vandenberg SFB, CA, USA",1961-04-08,19:21:08,Thor DM-21 Agena-B,KH-5 2,Retired,,Success
RVSN USSR,"1/5, Baikonur Cosmodrome, Republic of Kazakhstan",1961-04-12,06:07:00,Vostok-K,Vostok 1,Retired,,Success
NASA,"Unknown Pad, Wallops Flight Facility, Virginia, USA",1961-04-21,05:56:20,Trailblazer 1,Trailblazer 1g,Retired,,Success
NASA,"Space Launch Complex 14, Cape Canaveral SFS, FL, USA",1961-04-25,16:15:00,Atlas LV-3B,Mercury-Atlas 3,Retired,,Failure
Army Ballistic Missile Agency,"Launch Complex 26B, Cape Canaveral SFS, FL, USA",1961-04-27,14:16:38,Juno II,,Retired,,Success
NASA,"Launch Area 4, Wallops Flight Facility, Virginia, USA",1961-04-28,14:03:00,Little Joe,LJ-5B,Retired,,Success
NASA,"Launch Complex 5, Cape Canaveral SFS, FL, USA",1961-05-05,14:34:13,Redstone MRLV,Mercury-Redstone 3,Retired,,Success
Army Ballistic Missile Agency,"Launch Complex 26B, Cape Canaveral SFS, FL, USA",1961-05-24,19:48:05,Juno II,,Retired,,Failure
US Air Force,"Space Launch Complex 1W, Vandenberg SFB, CA, USA",1961-06-08,21:16:00,Thor DM-21 Agena-B,KH-5 3,Retired,,Failure
US Air Force,"Space Launch Complex 2E, Vandenberg SFB, CA, USA",1961-06-16,23:02:52,Thor DM-21 Agena-B,,Retired,,Success
US Air Force,"Space Launch Complex 17B, Cape Canaveral SFS, FL, USA",1961-06-29,04:23:00,Thor DM-21 Ablestar,,Retired,,Success
NASA,"Launch Area 3, Wallops Flight Facility, Virginia, USA",1961-06-30,17:09:00,Scout X-1,,Retired,8.91,Failure
US Air Force,"Space Launch Complex 1E, Vandenberg SFB, CA, USA",1961-07-07,23:29:48,Thor DM-21 Agena-B,,Retired,,Success
US Air Force,"Space Launch Complex 17A, Cape Canaveral SFS, FL, USA",1961-07-12,10:25:06,Thor-Delta,,Retired,4.93,Success
US Air Force,"Space Launch Complex 3E, Vandenberg SFB, CA, USA",1961-07-12,15:11:46,Atlas LV-3 Agena B,,Retired,14.21,Success
NASA,"Launch Complex 5, Cape Canaveral SFS, FL, USA",1961-07-21,12:20:00,Redstone MRLV,Mercury-Redstone 4,Retired,,Success
US Air Force,"Space Launch Complex 1W, Vandenberg SFB, CA, USA",1961-07-21,22:35:00,Thor DM-21 Agena-B,KH-5 4,Retired,,Failure
US Air Force,"Space Launch Complex 1W, Vandenberg SFB, CA, USA",1961-08-04,00:01:00,Thor DM-21 Agena-B,,Retired,,Failure
RVSN USSR,"1/5, Baikonur Cosmodrome, Republic of Kazakhstan",1961-08-06,06:00:00,Vostok-K,Vostok 2,Retired,,Success
US Air Force,"Space Launch Complex 17A, Cape Canaveral SFS, FL, USA",1961-08-16,03:21:05,Thor-Delta,,Retired,4.93,Success
US Air Force,"Launch Complex 18A, Cape Canaveral SFS, FL, USA",1961-08-17,14:29:00,Blue Scout Jr,O-1,Retired,,Success
US Air Force,"Launch Complex 12, Cape Canaveral SFS, FL, USA",1961-08-23,10:04:10,Atlas LV-3 Agena B,,Retired,14.21,Partial Failure
NASA,"Launch Area 3, Wallops Flight Facility, Virginia, USA",1961-08-25,18:29:44,Scout X-1,,Retired,8.91,Failure
US Air Force,"Space Launch Complex 1W, Vandenberg SFB, CA, USA",1961-08-30,20:00:00,Thor DM-21 Agena-B,,Retired,,Success
US Air Force,"Space Launch Complex 3W, Vandenberg SFB, CA, USA",1961-09-09,19:28:27,Atlas LV-3 Agena B,,Retired,14.21,Failure
US Air Force,"Space Launch Complex 1E, Vandenberg SFB, CA, USA",1961-09-12,19:59:00,Thor DM-21 Agena-B,,Retired,,Success
NASA,"Space Launch Complex 14, Cape Canaveral SFS, FL, USA",1961-09-13,14:04:16,Atlas LV-3B,Mercury-Atlas 4,Retired,,Success
US Air Force,"Space Launch Complex 2E, Vandenberg SFB, CA, USA",1961-09-17,21:00:00,Thor DM-21 Agena-B,,Retired,,Success
US Air Force,"Space Launch Complex 1W, Vandenberg SFB, CA, USA",1961-10-13,19:22:00,Thor DM-21 Agena-B,,Retired,,Success
NASA,"Launch Area 3, Wallops Flight Facility, Virginia, USA",1961-10-19,17:38:00,Scout X-1,P-21,Retired,8.91,Success
US Air Force,"Space Launch Complex 3E, Vandenberg SFB, CA, USA",1961-10-21,13:53:03,Atlas LV-3 Agena B,,Retired,14.21,Success
US Air Force,"Space Launch Complex 1E, Vandenberg SFB, CA, USA",1961-10-23,19:23:00,Thor DM-21 Agena-B,,Retired,,Failure
NASA,"Launch Complex 34, Cape Canaveral SFS, FL, USA",1961-10-27,15:06:04,Saturn I,Saturn SA-1,Retired,,Success
RVSN USSR,"Mayak-2, Kapustin Yar, Russian Federation",1961-10-27,16:30:00,Kosmos-2I,,Retired,,Failure
NASA,"Launch Complex 18B, Cape Canaveral SFS, FL, USA",1961-11-01,15:32:00,Blue Scout II,Mercury-Scout 1,Retired,,Failure
US Air Force,"Space Launch Complex 2E, Vandenberg SFB, CA, USA",1961-11-05,20:00:30,Thor DM-21 Agena-B,,Retired,,Partial Failure
US Air Force,"Space Launch Complex 1W, Vandenberg SFB, CA, USA",1961-11-15,21:22:46,Thor DM-21 Agena-B,,Retired,,Success
US Air Force,"Space Launch Complex 17B, Cape Canaveral SFS, FL, USA",1961-11-15,22:26:00,Thor DM-21 Ablestar,,Retired,,Success
US Air Force,"Launch Complex 12, Cape Canaveral SFS, FL, USA",1961-11-18,08:12:00,Atlas LV-3 Agena B,,Retired,14.21,Failure
US Air Force,"Space Launch Complex 3W, Vandenberg SFB, CA, USA",1961-11-22,20:45:47,Atlas LV-3 Agena B,,Retired,14.21,Failure
NASA,"Space Launch Complex 14, Cape Canaveral SFS, FL, USA",1961-11-29,15:07:57,Atlas LV-3B,Mercury-Atlas 5,Retired,,Success
US Air Force,"Launch Complex A, Vandenberg SFB, CA, USA",1961-12-04,04:00:16,Blue Scout Jr,Blue Scout Jr. O-2,Retired,,Success
RVSN USSR,"1/5, Baikonur Cosmodrome, Republic of Kazakhstan",1961-12-11,09:39:02,Vostok-K,Zenit-2 1,Retired,,Failure
US Air Force,"Space Launch Complex 1W, Vandenberg SFB, CA, USA",1961-12-12,20:40:00,Thor DM-21 Agena-B,,Retired,,Success
RVSN USSR,"Mayak-2, Kapustin Yar, Russian Federation",1961-12-21,12:30:00,Kosmos-2I,,Retired,,Failure
US Air Force,"Space Launch Complex 3E, Vandenberg SFB, CA, USA",1961-12-22,19:12:33,Atlas LV-3 Agena B,,Retired,14.21,Partial Failure
US Air Force,"Space Launch Complex 1W, Vandenberg SFB, CA, USA",1962-01-13,21:41:02,Thor DM-21 Agena-B,Discoverer 37,Retired,,Failure
US Air Force,"Space Launch Complex 17B, Cape Canaveral SFS, FL, USA",1962-01-24,09:30:00,Thor DM-21 Ablestar,5 Payloads Rideshare,Retired,,Failure
US Air Force,"Launch Complex 12, Cape Canaveral SFS, FL, USA",1962-01-26,20:30:11,Atlas LV-3 Agena B,Ranger 3,Retired,14.21,Success
US Air Force,"Space Launch Complex 17A, Cape Canaveral SFS, FL, USA",1962-02-08,12:43:45,Thor Delta,Tiros 4,Retired,7.27,Success
NASA,"Space Launch Complex 14, Cape Canaveral SFS, FL, USA",1962-02-20,14:47:39,Atlas LV-3B,Mercury-Atlas 6,Retired,,Success
US Air Force,"Space Launch Complex 1E, Vandenberg SFB, CA, USA",1962-02-21,18:44:00,Thor DM-21 Agena-B,P-102 Group 0-D,Retired,,Success
US Air Force,"Space Launch Complex 1W, Vandenberg SFB, CA, USA",1962-02-27,19:39:20,Thor DM-21 Agena-B,KH-4 1,Retired,,Success
US Air Force,"Space Launch Complex 17A, Cape Canaveral SFS, FL, USA",1962-03-07,16:06:18,Thor Delta,OSO 1,Retired,7.27,Success
US Air Force,"Space Launch Complex 3E, Vandenberg SFB, CA, USA",1962-03-07,22:10:31,Atlas LV-3 Agena B,Samos 6,Retired,14.21,Success
RVSN USSR,"Mayak-2, Kapustin Yar, Russian Federation",1962-03-16,11:59:00,Kosmos-2I,DS-2 1,Retired,,Success
NASA,"Launch Area 3, Wallops Flight Facility, Virginia, USA",1962-03-29,07:27:00,Scout X-2,P-21A,Retired,8.91,Success
RVSN USSR,"Mayak-2, Kapustin Yar, Russian Federation",1962-04-06,17:15:00,Kosmos-2I,1MS 1,Retired,,Success
US Air Force,"Space Launch Complex 3E, Vandenberg SFB, CA, USA",1962-04-09,15:04:48,Atlas LV-3 Agena B,Midas 5,Retired,14.21,Success
US Air Force,"Space Launch Complex 1E, Vandenberg SFB, CA, USA",1962-04-18,00:53:47,Thor DM-21 Agena-B,KH-4 2,Retired,,Success
US Air Force,"Launch Complex 12, Cape Canaveral SFS, FL, USA",1962-04-23,20:50:00,Atlas LV-3 Agena B,Ranger 4,Retired,14.21,Success
RVSN USSR,"Mayak-2, Kapustin Yar, Russian Federation",1962-04-24,04:00:00,Kosmos-2I,Sputnik 13,Retired,,Success
NASA,"Launch Complex 34, Cape Canaveral SFS, FL, USA",1962-04-25,14:00:34,Saturn I,Saturn SA-2,Retired,,Success
RVSN USSR,"1/5, Baikonur Cosmodrome, Republic of Kazakhstan",1962-04-26,10:02:00,Vostok-K,Zenit-2 2,Retired,,Success
US Navy,"Space Launch Complex 5, Vandenberg SFB, CA, USA",1962-04-26,10:49:00,Scout X-2,SOLRAD 4B,Retired,8.91,Failure
US Air Force,"Space Launch Complex 17A, Cape Canaveral SFS, FL, USA",1962-04-26,18:00:16,Thor Delta,Ariel 1,Retired,7.27,Success
US Air Force,"Space Launch Complex 3W, Vandenberg SFB, CA, USA",1962-04-26,18:56:08,Atlas LV-3 Agena B,Samos-E6 1,Retired,14.21,Success
US Air Force,"Space Launch Complex 1W, Vandenberg SFB, CA, USA",1962-04-29,00:30:12,Thor DM-21 Agena-B,KH-4 3,Retired,,Success
NASA,"Unknown Pad, Wallops Flight Facility, Virginia, USA",1962-05-06,05:41:00,Trailblazer 2,Trailblazer IIb,Retired,,Success
US Air Force,"Space Launch Complex 17B, Cape Canaveral SFS, FL, USA",1962-05-10,12:06:00,Thor DM-21 Ablestar,ANNA 1A,Retired,,Failure
US Air Force,"Space Launch Complex 1E, Vandenberg SFB, CA, USA",1962-05-15,19:36:00,Thor DM-21 Agena-B,KH-5 5,Retired,,Success
US Air Force,"Space Launch Complex 5, Vandenberg SFB, CA, USA",1962-05-24,00:00:00,Scout X-2M,DSAP-1 F1,Retired,,Failure
NASA,"Space Launch Complex 14, Cape Canaveral SFS, FL, USA",1962-05-24,12:45:16,Atlas LV-3B,Mercury-Atlas 7,Retired,,Success
RVSN USSR,"Mayak-2, Kapustin Yar, Russian Federation",1962-05-28,03:00:00,Kosmos-2I,Sputnik 15,Retired,,Success
US Air Force,"Space Launch Complex 2E, Vandenberg SFB, CA, USA",1962-05-30,01:00:04,Thor DM-21 Agena-B,KH-4 4,Retired,,Success
RVSN USSR,"1/5, Baikonur Cosmodrome, Republic of Kazakhstan",1962-06-01,09:38:00,Vostok 8A92,Zenit-2 3,Retired,,Failure
US Air Force,"Space Launch Complex 1W, Vandenberg SFB, CA, USA",1962-06-02,00:31:28,Thor DM-21 Agena-B,KH-4 5,Retired,,Success
US Air Force,"Space Launch Complex 3W, Vandenberg SFB, CA, USA",1962-06-17,18:14:18,Atlas LV-3 Agena B,Samos-E6 2,Retired,14.21,Success
US Air Force,"Space Launch Complex 1E, Vandenberg SFB, CA, USA",1962-06-18,20:20:00,Thor DM-21 Agena-B,P-102 Group 2-D 1,Retired,,Success
US Air Force,"Space Launch Complex 17A, Cape Canaveral SFS, FL, USA",1962-06-19,12:19:01,Thor Delta,Tiros 5,Retired,7.27,Success
US Air Force,"Space Launch Complex 1W, Vandenberg SFB, CA, USA",1962-06-23,00:30:47,Thor DM-21 Agena-B,KH-4 6,Retired,,Success
US Air Force,"Space Launch Complex 2E, Vandenberg SFB, CA, USA",1962-06-28,01:09:00,Thor Agena D,KH-4 7,Retired,22.17,Success
RVSN USSR,"Mayak-2, Kapustin Yar, Russian Federation",1962-06-30,16:00:00,Kosmos-2I,DS-P1 1,Retired,,Success
US Air Force,"Space Launch Complex 17B, Cape Canaveral SFS, FL, USA",1962-07-10,08:35:05,Thor Delta,Telstar 1,Retired,7.27,Success
US Air Force,"Edwards Air Force Base, Air launch to Suborbital flight",1962-07-17,17:30:00,North American X-15,Flight 62,Retired,,Success
US Air Force,"Space Launch Complex 3W, Vandenberg SFB, CA, USA",1962-07-18,20:51:20,Atlas LV-3 Agena B,Samos-E6 3,Retired,14.21,Success
US Air Force,"Space Launch Complex 1E, Vandenberg SFB, CA, USA",1962-07-21,00:56:40,Thor DM-21 Agena-B,KH-4 8,Retired,,Success
US Air Force,"Launch Complex 12, Cape Canaveral SFS, FL, USA",1962-07-22,09:21:23,Atlas LV-3 Agena B,Mariner 1,Retired,14.21,Failure
US Air Force,"Space Launch Complex 1W, Vandenberg SFB, CA, USA",1962-07-28,00:30:09,Thor DM-21 Agena-B,KH-4 9,Retired,,Success
RVSN USSR,"1/5, Baikonur Cosmodrome, Republic of Kazakhstan",1962-07-28,09:18:31,Vostok 8A92,Zenit-2 4,Retired,,Success
US Air Force,"Space Launch Complex 2E, Vandenberg SFB, CA, USA",1962-08-02,00:17:00,Thor Agena D,KH-4 10,Retired,22.17,Success
US Air Force,"Space Launch Complex 3W, Vandenberg SFB, CA, USA",1962-08-05,17:58:59,Atlas LV-3 Agena B,Samos-E6 4,Retired,14.21,Success
RVSN USSR,"1/5, Baikonur Cosmodrome, Republic of Kazakhstan",1962-08-11,08:30:00,Vostok-K,Vostok 3,Retired,,Success
RVSN USSR,"1/5, Baikonur Cosmodrome, Republic of Kazakhstan",1962-08-12,08:02:33,Vostok-K,Vostok 4,Retired,,Success
RVSN USSR,"Mayak-2, Kapustin Yar, Russian Federation",1962-08-18,15:00:00,Kosmos-2I,Sputnik 18,Retired,,Success
US Air Force,"Space Launch Complex 5, Vandenberg SFB, CA, USA",1962-08-23,11:33:00,Scout X-2M,DSAP-1 F2,Retired,,Success
RVSN USSR,"1/5, Baikonur Cosmodrome, Republic of Kazakhstan",1962-08-25,02:18:45,Molniya 8K78,Venera 2a,Retired,,Failure
US Air Force,"Launch Complex 12, Cape Canaveral SFS, FL, USA",1962-08-27,06:53:14,Atlas LV-3 Agena B,Mariner 2,Retired,14.21,Success
US Air Force,"Space Launch Complex 2W, Vandenberg SFB, CA, USA",1962-08-29,01:00:36,Thor Agena D,KH-4 11 & RM 3,Retired,22.17,Success
NASA,"Launch Area 3, Wallops Flight Facility, Virginia, USA",1962-08-31,16:25:00,Scout X-3A,Reentry-2,Retired,,Success
RVSN USSR,"1/5, Baikonur Cosmodrome, Republic of Kazakhstan",1962-09-01,02:12:30,Molniya 8K78,Venera 2b,Retired,,Failure
US Air Force,"Space Launch Complex 1E, Vandenberg SFB, CA, USA",1962-09-01,20:39:09,Thor DM-21 Agena-B,KH-5 6,Retired,,Success
RVSN USSR,"1/5, Baikonur Cosmodrome, Republic of Kazakhstan",1962-09-12,00:59:13,Molniya 8K78,Venera 2c,Retired,,Failure
US Air Force,"Space Launch Complex 1W, Vandenberg SFB, CA, USA",1962-09-17,23:46:18,Thor DM-21 Agena-B,KH-4 12,Retired,,Success
US Air Force,"Space Launch Complex 17A, Cape Canaveral SFS, FL, USA",1962-09-18,08:53:08,Thor Delta,Tiros 6,Retired,7.27,Success
RVSN USSR,"1/5, Baikonur Cosmodrome, Republic of Kazakhstan",1962-09-27,09:39:51,Vostok 8A92,Zenit-2 5,Retired,,Success
US Air Force,"Space Launch Complex 2E, Vandenberg SFB, CA, USA",1962-09-29,06:05:00,Thor DM-21 Agena-B,Alouette 1,Retired,,Success
US Air Force,"Space Launch Complex 2W, Vandenberg SFB, CA, USA",1962-09-29,23:34:50,Thor Agena D,KH-4 13 & RM 4,Retired,22.17,Success
US Air Force,"Space Launch Complex 17B, Cape Canaveral SFS, FL, USA",1962-10-02,22:11:30,Thor Delta A,Explorer 14,Retired,9.59,Success
NASA,"Space Launch Complex 14, Cape Canaveral SFS, FL, USA",1962-10-03,12:15:12,Atlas LV-3B,Mercury-Atlas 8,Retired,,Success
US Air Force,"Space Launch Complex 1W, Vandenberg SFB, CA, USA",1962-10-09,18:35:39,Thor DM-21 Agena-B,KH-5 7,Retired,,Success
RVSN USSR,"1/5, Baikonur Cosmodrome, Republic of Kazakhstan",1962-10-17,09:00:00,Vostok 8A92,Zenit-2 6,Retired,,Success
US Air Force,"Launch Complex 12, Cape Canaveral SFS, FL, USA",1962-10-18,16:59:00,Atlas LV-3 Agena B,Ranger 5,Retired,14.21,Success
RVSN USSR,"Mayak-2, Kapustin Yar, Russian Federation",1962-10-20,04:00:00,Kosmos-2I,DS-A1 1,Retired,,Success
RVSN USSR,"1/5, Baikonur Cosmodrome, Republic of Kazakhstan",1962-10-24,17:55:04,Molniya 8K78,Mars 1c,Retired,,Failure
RVSN USSR,"Mayak-2, Kapustin Yar, Russian Federation",1962-10-25,07:00:00,Kosmos-2I,1MS 2,Retired,,Failure
US Air Force,"Space Launch Complex 2W, Vandenberg SFB, CA, USA",1962-10-26,16:14:39,Thor Agena D,Star-Rad,Retired,22.17,Success
US Air Force,"Space Launch Complex 17B, Cape Canaveral SFS, FL, USA",1962-10-27,23:15:01,Thor Delta A,Explorer 15,Retired,9.59,Success
US Air Force,"Space Launch Complex 17A, Cape Canaveral SFS, FL, USA",1962-10-31,08:08:00,Thor DM-21 Ablestar,ANNA 1B,Retired,,Success
RVSN USSR,"1/5, Baikonur Cosmodrome, Republic of Kazakhstan",1962-11-01,16:14:16,Molniya 8K78,Mars 1,Retired,,Success
RVSN USSR,"1/5, Baikonur Cosmodrome, Republic of Kazakhstan",1962-11-04,15:35:15,Molniya 8K78,Mars 2a,Retired,,Failure
US Air Force,"Space Launch Complex 1W, Vandenberg SFB, CA, USA",1962-11-05,22:04:32,Thor DM-21 Agena-B,KH-4 14,Retired,,Success
US Air Force,"Space Launch Complex 3W, Vandenberg SFB, CA, USA",1962-11-11,20:17:02,Atlas LV-3 Agena B,Samos-E6 5,Retired,14.21,Success
NASA,"Launch Complex 34, Cape Canaveral SFS, FL, USA",1962-11-16,17:45:02,Saturn I,Saturn SA-3,Retired,,Success
US Air Force,"Space Launch Complex 1W, Vandenberg SFB, CA, USA",1962-11-24,22:00:54,Thor DM-21 Agena-B,KH-4 15,Retired,,Success
US Air Force,"Space Launch Complex 2W, Vandenberg SFB, CA, USA",1962-12-04,21:30:35,Thor Agena D,KH-4 16,Retired,22.17,Success
US Air Force,"Space Launch Complex 2E, Vandenberg SFB, CA, USA",1962-12-13,04:07:00,Thor Agena D,Poppy 3A & 3B,Retired,22.17,Success
US Air Force,"Space Launch Complex 17A, Cape Canaveral SFS, FL, USA",1962-12-13,23:30:01,Thor Delta B,Relay 1,Retired,9.59,Success
US Air Force,"Space Launch Complex 1E, Vandenberg SFB, CA, USA",1962-12-14,21:26:07,Thor Agena D,KH-4 17,Retired,22.17,Success
NASA,"Launch Area 3, Wallops Flight Facility, Virginia, USA",1962-12-16,14:33:04,Scout X-3,Explorer 16,Retired,8.91,Success
US Air Force,"Space Launch Complex 3E, Vandenberg SFB, CA, USA",1962-12-17,20:36:33,Atlas LV-3 Agena B,Midas 6,Retired,14.21,Failure
US Air Force,"Space Launch Complex 5, Vandenberg SFB, CA, USA",1962-12-19,01:25:45,Scout X-3,Transit-5A 1,Retired,8.91,Success
RVSN USSR,"1/5, Baikonur Cosmodrome, Republic of Kazakhstan",1962-12-22,09:23:00,Vostok 8A92,Zenit-2 7,Retired,,Success
RVSN USSR,"1/5, Baikonur Cosmodrome, Republic of Kazakhstan",1963-01-04,08:49:00,Molniya 8K78,Luna-4c,Retired,,Failure
US Air Force,"Space Launch Complex 2E, Vandenberg SFB, CA, USA",1963-01-07,21:09:49,Thor Agena D,KH-4 18,Retired,22.17,Success
US Air Force,"Space Launch Complex 1E, Vandenberg SFB, CA, USA",1963-01-16,21:59:00,Thor DM-21 Agena-B,P-698BK Group 1-D 1,Retired,,Success
US Air Force,"Edwards Air Force Base, Air launch to Suborbital flight",1963-01-17,16:59:00,North American X-15,Flight 77,Retired,,Success
RVSN USSR,"1/5, Baikonur Cosmodrome, Republic of Kazakhstan",1963-02-03,09:29:14,Molniya 8K78,Luna-4d,Retired,,Failure
US Air Force,"Space Launch Complex 17B, Cape Canaveral SFS, FL, USA",1963-02-14,05:35:08,Thor Delta B,Syncom 1,Retired,9.59,Success
US Air Force,"Space Launch Complex 5, Vandenberg SFB, CA, USA",1963-02-19,16:52:00,Scout X-3M,DSAP-1 F3,Retired,,Success
US Air Force,"Space Launch Complex 1E, Vandenberg SFB, CA, USA",1963-02-28,21:48:30,Thor SLV-2A Agena D,KH-4 19,Retired,,Failure
US Air Force,"Space Launch Complex 1W, Vandenberg SFB, CA, USA",1963-03-18,21:13:01,Thor SLV-2A Agena D,KH-6 1,Retired,,Failure
RVSN USSR,"1/5, Baikonur Cosmodrome, Republic of Kazakhstan",1963-03-21,08:30:01,Vostok 8A92,Zenit-2 8,Retired,,Success
NASA,"Launch Complex 34, Cape Canaveral SFS, FL, USA",1963-03-28,20:11:55,Saturn I,Saturn SA-4,Retired,,Success
US Air Force,"Space Launch Complex 1E, Vandenberg SFB, CA, USA",1963-04-01,23:01:00,Thor Agena D,KH-4 20,Retired,22.17,Success
RVSN USSR,"1/5, Baikonur Cosmodrome, Republic of Kazakhstan",1963-04-02,08:16:37,Molniya 8K78,Luna-4,Retired,,Success
US Air Force,"Space Launch Complex 17A, Cape Canaveral SFS, FL, USA",1963-04-03,02:00:02,Thor Delta B,Explorer 17,Retired,9.59,Success
US Air Force,"Space Launch Complex 5, Vandenberg SFB, CA, USA",1963-04-05,03:01:43,Scout X-3,Transit-5A 2,Retired,8.91,Failure
RVSN USSR,"Mayak-2, Kapustin Yar, Russian Federation",1963-04-06,03:01:00,Kosmos-2I,DS-P1 2,Retired,,Failure
RVSN USSR,"Mayak-2, Kapustin Yar, Russian Federation",1963-04-13,11:00:00,Kosmos-2I,Omega 1,Retired,,Success
RVSN USSR,"1/5, Baikonur Cosmodrome, Republic of Kazakhstan",1963-04-22,08:30:00,Vostok 8A92,Zenit-2 9,Retired,,Success
US Air Force,"Space Launch Complex 5, Vandenberg SFB, CA, USA",1963-04-26,00:00:00,Scout X-2M,DSAP-1 F4,Retired,,Failure
US Air Force,"Space Launch Complex 2E, Vandenberg SFB, CA, USA",1963-04-26,20:12:57,Thor Agena D,KH-5 8,Retired,22.17,Failure
RVSN USSR,"1/5, Baikonur Cosmodrome, Republic of Kazakhstan",1963-04-28,08:49:56,Vostok 8A92,Zenit-2 10,Retired,,Success
US Air Force,"Space Launch Complex 17B, Cape Canaveral SFS, FL, USA",1963-05-07,11:38:03,Thor Delta B,Telstar 2,Retired,9.59,Success
US Air Force,"Space Launch Complex 3E, Vandenberg SFB, CA, USA",1963-05-09,20:06:16,Atlas LV-3 Agena B,Midas 7,Retired,14.21,Success
NASA,"Space Launch Complex 14, Cape Canaveral SFS, FL, USA",1963-05-15,13:04:13,Atlas LV-3B,Mercury-Atlas 9,Retired,,Success
US Air Force,"Space Launch Complex 1E, Vandenberg SFB, CA, USA",1963-05-18,22:21:36,Thor SLV-2A Agena D,KH-6 2,Retired,,Success
RVSN USSR,"Mayak-2, Kapustin Yar, Russian Federation",1963-05-22,03:00:00,Kosmos-2I,DS-A1 2,Retired,,Success
RVSN USSR,"1/5, Baikonur Cosmodrome, Republic of Kazakhstan",1963-05-24,10:34:06,Vostok 8A92,Zenit-2 11,Retired,,Success
RVSN USSR,"Mayak-2, Kapustin Yar, Russian Federation",1963-06-01,02:50:00,Kosmos-2I,DS-MT 1,Retired,,Failure
US Air Force,"Space Launch Complex 3E, Vandenberg SFB, CA, USA",1963-06-12,00:00:00,Atlas LV-3 Agena B,Midas 8,Retired,14.21,Failure
US Air Force,"Space Launch Complex 1W, Vandenberg SFB, CA, USA",1963-06-12,23:58:38,Thor SLV-2A Agena D,KH-4 21,Retired,,Success
RVSN USSR,"1/5, Baikonur Cosmodrome, Republic of Kazakhstan",1963-06-14,11:58:58,Vostok-K,Vostok 5,Retired,,Success
US Air Force,"Space Launch Complex 2E, Vandenberg SFB, CA, USA",1963-06-15,14:29:00,Thor Agena D,Poppy 4A & 4B,Retired,22.17,Failure
US Air Force,"Space Launch Complex 5, Vandenberg SFB, CA, USA",1963-06-16,01:49:52,Scout X-3,Transit-5A 3,Retired,8.91,Success
RVSN USSR,"1/5, Baikonur Cosmodrome, Republic of Kazakhstan",1963-06-16,09:29:52,Vostok-K,Vostok 6,Retired,,Success
US Air Force,"Space Launch Complex 17B, Cape Canaveral SFS, FL, USA",1963-06-19,09:50:01,Thor Delta B,Tiros 7,Retired,9.59,Success
US Air Force,"Space Launch Complex 2W, Vandenberg SFB, CA, USA",1963-06-27,00:37:26,Thor SLV-2A Agena D,KH-4 22,Retired,,Success
US Air Force,"Edwards Air Force Base, Air launch to Suborbital flight",1963-06-27,17:56:00,North American X-15,Flight 87,Retired,,Success
US Air Force,"Launch Area 3, Wallops Flight Facility, Virginia, USA",1963-06-28,21:19:22,Scout X-4,GRS,Retired,,Success
US Air Force,"Space Launch Complex 1E, Vandenberg SFB, CA, USA",1963-06-29,22:30:00,Thor SLV-2A Agena B,P-698BK Group 1-D 2,Retired,,Success
US Air Force,"Space Launch Complex 4W, Vandenberg SFB, CA, USA",1963-07-12,20:45:59,Atlas LV-3 Agena D,KH-7 1,Retired,,Success
US Air Force,"Space Launch Complex 2E, Vandenberg SFB, CA, USA",1963-07-19,00:00:10,Thor Agena D,KH-4 23,Retired,22.17,Success
US Air Force,"Space Launch Complex 3E, Vandenberg SFB, CA, USA",1963-07-19,03:51:18,Atlas LV-3 Agena B,Midas 9,Retired,14.21,Success
US Air Force,"Edwards Air Force Base, Air launch to Suborbital flight",1963-07-19,18:20:05,North American X-15,Flight 90,Retired,,Success
US Air Force,"Space Launch Complex 17A, Cape Canaveral SFS, FL, USA",1963-07-26,14:33:00,Thor Delta B,Syncom 2,Retired,9.59,Success
US Air Force,"Launch Complex 18A, Cape Canaveral SFS, FL, USA",1963-07-30,16:16:08,Blue Scout Jr,OAR 22-1,Retired,,Success
US Air Force,"Space Launch Complex 2W, Vandenberg SFB, CA, USA",1963-07-31,00:00:26,Thor SLV-2A Agena D,KH-6 3,Retired,,Success
RVSN USSR,"Mayak-2, Kapustin Yar, Russian Federation",1963-08-06,06:07:00,Kosmos-2I,DS-P1 3,Retired,,Success
RVSN USSR,"Mayak-2, Kapustin Yar, Russian Federation",1963-08-22,06:00:00,Kosmos-2I,DS-A1 3,Retired,,Failure
US Air Force,"Edwards Air Force Base, Air launch to Suborbital flight",1963-08-22,18:05:57,North American X-15,Flight 91,Retired,,Success
US Air Force,"Space Launch Complex 1W, Vandenberg SFB, CA, USA",1963-08-25,00:29:58,Thor SLV-2A Agena D,KH-4A 1,Retired,,Success
NASA,"Launch Complex 36, White Sands Missile Range",1963-08-28,16:00:02,Little Joe II,Qualification Test Vehicle,Retired,,Success
US Air Force,"Space Launch Complex 1E, Vandenberg SFB, CA, USA",1963-08-29,20:31:04,Thor SLV-2 Agena D,KH-5 9,Retired,19.56,Success
US Air Force,"Space Launch Complex 4W, Vandenberg SFB, CA, USA",1963-09-06,19:30:18,Atlas LV-3 Agena D,KH-7 2,Retired,,Success
US Air Force,"Space Launch Complex 2W, Vandenberg SFB, CA, USA",1963-09-23,23:00:00,Thor SLV-2A Agena D,KH-4A 2,Retired,,Success
US Air Force,"Space Launch Complex 5, Vandenberg SFB, CA, USA",1963-09-27,11:17:49,Scout X-2B,DSAP-1 F5,Retired,,Failure
US Air Force,"Space Launch Complex 2E, Vandenberg SFB, CA, USA",1963-09-28,20:22:00,Thor DM-21 Ablestar,Transit 5BN-1,Retired,,Success
US Air Force,"Space Launch Complex 13, Cape Canaveral SFS, FL, USA",1963-10-17,02:37:00,Atlas LV-3 Agena D,Vela 1A & 1B,Retired,,Success
RVSN USSR,"1/5, Baikonur Cosmodrome, Republic of Kazakhstan",1963-10-18,09:29:58,Vostok 8A92,Zenit-2 13,Retired,,Success
RVSN USSR,"Mayak-2, Kapustin Yar, Russian Federation",1963-10-24,04:30:00,Kosmos-2I,DS-A1 4,Retired,,Failure
US Air Force,"Space Launch Complex 4W, Vandenberg SFB, CA, USA",1963-10-25,18:59:27,Atlas LV-3 Agena D,KH-7 3,Retired,,Success
US Air Force,"Space Launch Complex 1W, Vandenberg SFB, CA, USA",1963-10-29,21:19:04,Thor SLV-2A Agena D,KH-5 10,Retired,,Success
RVSN USSR,"31/6, Baikonur Cosmodrome, Republic of Kazakhstan",1963-11-01,08:56:38,Sputnik 11A59,Polyot,Retired,,Success
US Air Force,"Space Launch Complex 2W, Vandenberg SFB, CA, USA",1963-11-09,20:27:54,Thor SLV-2 Agena D,KH-4 24 & RM 5,Retired,19.56,Failure
RVSN USSR,"1/5, Baikonur Cosmodrome, Republic of Kazakhstan",1963-11-11,06:23:35,Molniya 8K78,Zond-1a,Retired,,Failure
RVSN USSR,"1/5, Baikonur Cosmodrome, Republic of Kazakhstan",1963-11-16,10:34:25,Voskhod,Zenit-4 1,Retired,,Success
US Air Force,"Space Launch Complex 17B, Cape Canaveral SFS, FL, USA",1963-11-27,02:30:01,Thor Delta C,Explorer 18,Retired,,Success
US Air Force,"Launch Complex 36A, Cape Canaveral SFS, FL, USA",1963-11-27,19:03:23,Atlas LV-3C Centaur,AC-2 Instrumentation Ring,Retired,,Success
US Air Force,"Space Launch Complex 3W, Vandenberg SFB, CA, USA",1963-11-27,21:15:40,Thor SLV-2 Agena D,KH-4 25,Retired,19.56,Success
RVSN USSR,"1/5, Baikonur Cosmodrome, Republic of Kazakhstan",1963-11-28,09:19:59,Vostok 8A92,Zenit-2 14,Retired,,Failure
US Air Force,"Space Launch Complex 2E, Vandenberg SFB, CA, USA",1963-12-05,21:51:00,Thor DM-21 Ablestar,Transit-5BN 2,Retired,,Success
RVSN USSR,"Mayak-2, Kapustin Yar, Russian Federation",1963-12-13,14:15:24,Kosmos-2I,Omega 2,Retired,,Success
US Air Force,"Space Launch Complex 4W, Vandenberg SFB, CA, USA",1963-12-18,21:45:30,Atlas LV-3 Agena D,KH-7 4,Retired,,Success
RVSN USSR,"1/5, Baikonur Cosmodrome, Republic of Kazakhstan",1963-12-19,09:28:58,Vostok 8A92,Zenit-2 15,Retired,,Success
NASA,"Space Launch Complex 5, Vandenberg SFB, CA, USA",1963-12-19,18:49:25,Scout X-4,Explorer 19,Retired,,Success
US Air Force,"Space Launch Complex 17B, Cape Canaveral SFS, FL, USA",1963-12-21,09:30:00,Thor Delta B,Tiros 8,Retired,9.59,Success
US Air Force,"Space Launch Complex 2W, Vandenberg SFB, CA, USA",1963-12-21,21:45:42,Thor SLV-2A Agena D,KH-4 26,Retired,,Success
US Air Force,"Space Launch Complex 1E, Vandenberg SFB, CA, USA",1964-01-11,20:07:00,Thor SLV-2A Agena D,"Poppy 5A, 5B & 5C",Retired,,Success
US Air Force,"Space Launch Complex 2W, Vandenberg SFB, CA, USA",1964-01-19,10:59:54,Thor SLV-2 Agena D,DSAP-1 F6 & F7,Retired,19.56,Success
US Air Force,"Space Launch Complex 17B, Cape Canaveral SFS, FL, USA",1964-01-21,21:14:59,Thor Delta B,Relay 2,Retired,9.59,Success
US Air Force,"Space Launch Complex 2E, Vandenberg SFB, CA, USA",1964-01-25,13:59:04,Thor SLV-2 Agena B,Echo 2,Retired,19.56,Success
NASA,"Space Launch Complex 37B, Cape Canaveral SFS, FL, USA",1964-01-29,16:25:01,Saturn I,Saturn SA-5,Retired,,Success
RVSN USSR,"1/5, Baikonur Cosmodrome, Republic of Kazakhstan",1964-01-30,09:45:09,Vostok-K,Elektron-1 & 2,Retired,,Success
US Air Force,"Launch Complex 12, Cape Canaveral SFS, FL, USA",1964-01-30,15:49:09,Atlas LV-3 Agena B,Ranger 6,Retired,14.21,Success
US Air Force,"Space Launch Complex 1W, Vandenberg SFB, CA, USA",1964-02-15,21:38:23,Thor SLV-2A Agena D,KH-4A 3,Retired,,Success
RVSN USSR,"1/5, Baikonur Cosmodrome, Republic of Kazakhstan",1964-02-19,05:47:40,Molniya 8K78,Zond-1b,Retired,,Failure
US Air Force,"Space Launch Complex 4W, Vandenberg SFB, CA, USA",1964-02-25,18:59:47,Atlas LV-3 Agena D,KH-7 5,Retired,,Success
RVSN USSR,"Mayak-2, Kapustin Yar, Russian Federation",1964-02-27,13:30:00,Kosmos-2I,DS-P1 4,Retired,,Success
US Air Force,"Space Launch Complex 1E, Vandenberg SFB, CA, USA",1964-02-28,03:20:00,Thor SLV-2A Agena D,P-698BK Group 1-A,Retired,,Success
US Air Force,"Space Launch Complex 4W, Vandenberg SFB, CA, USA",1964-03-11,20:14:24,Atlas LV-3 Agena D,KH-7 6,Retired,,Success
NASA,"Unknown Pad, Wallops Flight Facility, Virginia, USA",1964-03-12,04:17:00,Nike Cajun,Trailblazer Pellet,Retired,,Success
RVSN USSR,"Mayak-2, Kapustin Yar, Russian Federation",1964-03-18,15:07:00,Kosmos-2I,DS-MG 1,Retired,,Success
US Air Force,"Space Launch Complex 17A, Cape Canaveral SFS, FL, USA",1964-03-19,11:13:41,Thor Delta B,Beacon Explorer A,Retired,9.59,Failure
RVSN USSR,"1/5, Baikonur Cosmodrome, Republic of Kazakhstan",1964-03-21,08:15:35,Molniya 8K78,Luna-5a,Retired,,Failure
US Air Force,"Space Launch Complex 3W, Vandenberg SFB, CA, USA",1964-03-24,22:22:48,Thor SLV-2A Agena D,KH-4A 4,Retired,,Failure
RVSN USSR,"1/5, Baikonur Cosmodrome, Republic of Kazakhstan",1964-03-27,03:24:42,Molniya 8K78,Zond 1c,Retired,,Failure
Science and Engineering Research Council,"Launch Area 3, Wallops Flight Facility, Virginia, USA",1964-03-27,17:25:23,Scout X-3,Ariel 2,Retired,8.91,Success
RVSN USSR,"1/5, Baikonur Cosmodrome, Republic of Kazakhstan",1964-04-02,02:42:40,Molniya 8K78,Zond 1,Retired,,Success
RVSN USSR,"31/6, Baikonur Cosmodrome, Republic of Kazakhstan",1964-04-04,09:45:00,Vostok 8A92,Zenit-2 16,Retired,,Success
US Air Force,"Launch Complex 19, Cape Canaveral SFS, FL, USA",1964-04-08,16:00:01,Titan II GLV,Gemini I,Retired,,Success
RVSN USSR,"31/6, Baikonur Cosmodrome, Republic of Kazakhstan",1964-04-12,09:30:00,Sputnik 11A59,Polyot-2,Retired,,Success
US Air Force,"Launch Complex 12, Cape Canaveral SFS, FL, USA",1964-04-14,21:42:25,SM-65D Atlas,FIRE 1,Retired,,Success
RVSN USSR,"1/5, Baikonur Cosmodrome, Republic of Kazakhstan",1964-04-20,08:08:28,Molniya 8K78,Luna-5b,Retired,,Failure
US Air Force,"Space Launch Complex 2E, Vandenberg SFB, CA, USA",1964-04-21,18:50:00,Thor DM-21 Ablestar,Transit-5BN 3,Retired,,Failure
US Air Force,"Space Launch Complex 4W, Vandenberg SFB, CA, USA",1964-04-23,18:43:00,Atlas LV-3 Agena D,KH-7 7,Retired,,Success
RVSN USSR,"31/6, Baikonur Cosmodrome, Republic of Kazakhstan",1964-04-25,10:21:00,Vostok 8A92,Zenit-2 17,Retired,,Success
US Air Force,"Space Launch Complex 1W, Vandenberg SFB, CA, USA",1964-04-27,23:23:43,Thor SLV-2A Agena D,KH-4A 5,Retired,,Success
NASA,"Launch Complex 36, White Sands Missile Range",1964-05-13,12:59:59,Little Joe II,A-001,Retired,,Success
RVSN USSR,"1/5, Baikonur Cosmodrome, Republic of Kazakhstan",1964-05-18,09:42:00,Voskhod,Zenit-4 2,Retired,,Success
US Air Force,"Space Launch Complex 4W, Vandenberg SFB, CA, USA",1964-05-19,19:21:14,Atlas LV-3 Agena D,KH-7 8,Retired,,Success
NASA,"Space Launch Complex 37B, Cape Canaveral SFS, FL, USA",1964-05-28,17:07:00,Saturn I,Saturn-SA 6,Retired,,Success
US Air Force,"Space Launch Complex 5, Vandenberg SFB, CA, USA",1964-06-04,03:50:55,Scout X-4,Transit VC,Retired,,Success
RVSN USSR,"1/5, Baikonur Cosmodrome, Republic of Kazakhstan",1964-06-04,04:00:00,Molniya 8K78,Molniya-1 1a,Retired,,Failure
US Air Force,"Space Launch Complex 3W, Vandenberg SFB, CA, USA",1964-06-04,22:59:00,Thor SLV-2A Agena D,KH-4A 6,Retired,,Success
RVSN USSR,"Mayak-2, Kapustin Yar, Russian Federation",1964-06-06,06:00:00,Kosmos-2I,DS-MT 2,Retired,,Success
RVSN USSR,"31/6, Baikonur Cosmodrome, Republic of Kazakhstan",1964-06-10,11:00:00,Vostok 8A92,Zenit-2 18,Retired,,Success
US Air Force,"Space Launch Complex 2W, Vandenberg SFB, CA, USA",1964-06-13,15:47:00,Thor SLV-2A Agena D,KH-5 11,Retired,,Success
US Air Force,"Space Launch Complex 1W, Vandenberg SFB, CA, USA",1964-06-18,04:56:08,Thor SLV-2 Agena D,DSAP-1 F8 & F9,Retired,19.56,Success
US Air Force,"Space Launch Complex 2E, Vandenberg SFB, CA, USA",1964-06-19,23:18:07,Thor SLV-2A Agena D,KH-4A 7,Retired,,Success
RVSN USSR,"31/6, Baikonur Cosmodrome, Republic of Kazakhstan",1964-06-23,10:00:00,Vostok 8A92,Zenit-2 19,Retired,,Success
US Air Force,"Space Launch Complex 5, Vandenberg SFB, CA, USA",1964-06-25,01:40:24,Scout X-4,ESRS,Retired,,Failure
US Air Force,"Launch Complex 36A, Cape Canaveral SFS, FL, USA",1964-06-30,14:04:22,Atlas LV-3C Centaur,AC-3 Instrumentation Ring,Retired,,Failure
RVSN USSR,"1/5, Baikonur Cosmodrome, Republic of Kazakhstan",1964-07-01,11:00:00,Voskhod,Zenit-4 3,Retired,,Success
US Air Force,"Space Launch Complex 1E, Vandenberg SFB, CA, USA",1964-07-02,23:59:56,Thor SLV-2A Agena D,P-698BK Group 2-D 2,Retired,,Success
US Air Force,"Space Launch Complex 4W, Vandenberg SFB, CA, USA",1964-07-06,18:51:18,Atlas LV-3 Agena D,KH-7 9,Retired,,Success
RVSN USSR,"1/5, Baikonur Cosmodrome, Republic of Kazakhstan",1964-07-10,21:51:02,Vostok-K,Elektron-3 &4,Retired,,Success
US Air Force,"Space Launch Complex 3W, Vandenberg SFB, CA, USA",1964-07-10,23:14:04,Thor SLV-2A Agena D,KH-4A 8,Retired,,Success
RVSN USSR,"31/6, Baikonur Cosmodrome, Republic of Kazakhstan",1964-07-15,11:27:00,Vostok 8A92,Zenit-2 20,Retired,,Success
US Air Force,"Space Launch Complex 13, Cape Canaveral SFS, FL, USA",1964-07-17,08:22:00,Atlas LV-3 Agena D,Vela 2A & 2B,Retired,,Success
US Air Force,"Launch Complex 12, Cape Canaveral SFS, FL, USA",1964-07-28,16:50:07,Atlas LV-3 Agena B,Ranger 7,Retired,14.21,Success
RVSN USSR,"Mayak-2, Kapustin Yar, Russian Federation",1964-07-30,03:36:00,Kosmos-2I,DS-P1-Yu 1,Retired,,Success
US Air Force,"Space Launch Complex 1W, Vandenberg SFB, CA, USA",1964-08-05,23:15:35,Thor SLV-2A Agena D,KH-4A 9,Retired,,Success
RVSN USSR,"31/6, Baikonur Cosmodrome, Republic of Kazakhstan",1964-08-14,09:30:00,Vostok 8A92,Zenit-2 21,Retired,,Success
US Air Force,"Space Launch Complex 4E, Vandenberg SFB, CA, USA",1964-08-14,22:00:13,Atlas SLV-3 Agena D,KH-7 10,Retired,,Success
NASA,"Launch Area 3, Wallops Flight Facility, Virginia, USA",1964-08-18,06:05:00,Scout X-4A,Reentry-4A,Retired,,Success
RVSN USSR,"41/15, Baikonur Cosmodrome, Republic of Kazakhstan",1964-08-18,09:15:00,Kosmos 65S3,"Strela-1 1,2,3",Retired,,Success
US Air Force,"Space Launch Complex 17A, Cape Canaveral SFS, FL, USA",1964-08-19,12:15:02,Thor Delta D,Syncom 3,Retired,12.72,Success
US Air Force,"Space Launch Complex 2W, Vandenberg SFB, CA, USA",1964-08-21,15:45:00,Thor SLV-2A Agena D,KH-5 12,Retired,,Success
RVSN USSR,"1/5, Baikonur Cosmodrome, Republic of Kazakhstan",1964-08-22,07:21:00,Molniya 8K78,Molniya-1 1b,Retired,,Success
RVSN USSR,"Mayak-2, Kapustin Yar, Russian Federation",1964-08-22,11:00:00,Kosmos-2I,"Strela-1 4,5",Retired,,Success
NASA,"Space Launch Complex 5, Vandenberg SFB, CA, USA",1964-08-25,13:43:00,Scout X-4,Explorer 20,Retired,,Success
US Air Force,"Space Launch Complex 2E, Vandenberg SFB, CA, USA",1964-08-28,07:56:57,Thor SLV-2 Agena B,Nimbus 1,Retired,19.56,Success
RVSN USSR,"31/6, Baikonur Cosmodrome, Republic of Kazakhstan",1964-08-28,16:00:00,Vostok 8A92M,Meteor-1 1,Retired,,Success
US Air Force,"Space Launch Complex 20, Cape Canaveral SFS, FL, USA",1964-09-01,15:00:06,Titan IIIA,Transtage 1,Retired,,Failure
US Air Force,"Launch Complex 12, Cape Canaveral SFS, FL, USA",1964-09-05,01:23:00,Atlas LV-3 Agena B,OGO 1,Retired,14.21,Success
RVSN USSR,"1/5, Baikonur Cosmodrome, Republic of Kazakhstan",1964-09-13,09:45:00,Voskhod,Zenit-4 4,Retired,,Success
US Air Force,"Space Launch Complex 3W, Vandenberg SFB, CA, USA",1964-09-14,22:53:43,Thor SLV-2A Agena D,KH-4A 10,Retired,,Success
NASA,"Space Launch Complex 37B, Cape Canaveral SFS, FL, USA",1964-09-18,16:22:43,Saturn I,Saturn-SA 7,Retired,,Success
US Air Force,"Space Launch Complex 4E, Vandenberg SFB, CA, USA",1964-09-23,20:05:00,Atlas SLV-3 Agena D,KH-7 11,Retired,,Success
RVSN USSR,"31/6, Baikonur Cosmodrome, Republic of Kazakhstan",1964-09-24,12:04:00,Vostok 8A92,Zenit-2 22,Retired,,Success
US Air Force,"Space Launch Complex 17A, Cape Canaveral SFS, FL, USA",1964-10-04,03:45:00,Thor Delta C,Explorer 21,Retired,,Success
US Air Force,"Space Launch Complex 1W, Vandenberg SFB, CA, USA",1964-10-05,21:50:14,Thor SLV-2A Agena D,KH-4A 11,Retired,,Success
RVSN USSR,"1/5, Baikonur Cosmodrome, Republic of Kazakhstan",1964-10-06,07:00:00,Voskhod,Voskhod-3KV 1,Retired,,Success
US Air Force,"Space Launch Complex 2W, Vandenberg SFB, CA, USA",1964-10-06,17:04:21,Thor DM-21 Ablestar,Transit-O 1,Retired,,Success
US Air Force,"Space Launch Complex 4E, Vandenberg SFB, CA, USA",1964-10-07,19:30:00,Atlas SLV-3 Agena D,KH-7 12,Retired,,Failure
NASA,"Space Launch Complex 5, Vandenberg SFB, CA, USA",1964-10-10,03:01:00,Scout X-4,Beacon Explorer B,Retired,,Success
RVSN USSR,"1/5, Baikonur Cosmodrome, Republic of Kazakhstan",1964-10-12,07:30:01,Voskhod,Voskhod 1,Retired,,Success
RVSN USSR,"31/6, Baikonur Cosmodrome, Republic of Kazakhstan",1964-10-14,10:00:00,Vostok 8A92,Zenit-2 23,Retired,,Success
US Air Force,"Space Launch Complex 3W, Vandenberg SFB, CA, USA",1964-10-17,22:02:23,Thor SLV-2A Agena D,KH-4A 12,Retired,,Success
RVSN USSR,"41/15, Baikonur Cosmodrome, Republic of Kazakhstan",1964-10-23,07:30:00,Kosmos 65S3,"Strela-1 6,7,8",Retired,,Failure
US Air Force,"Space Launch Complex 4W, Vandenberg SFB, CA, USA",1964-10-23,18:27:00,Atlas LV-3 Agena D,KH-7 13,Retired,,Success
RVSN USSR,"Mayak-2, Kapustin Yar, Russian Federation",1964-10-24,05:17:00,Kosmos-2I,DS-MG 2,Retired,,Success
RVSN USSR,"31/6, Baikonur Cosmodrome, Republic of Kazakhstan",1964-10-28,10:40:00,Vostok 8A92,Zenit-2 24,Retired,,Success
US Air Force,"Space Launch Complex 1W, Vandenberg SFB, CA, USA",1964-11-02,21:30:20,Thor SLV-2A Agena D,KH-4A 13,Retired,,Success
US Air Force,"Space Launch Complex 1E, Vandenberg SFB, CA, USA",1964-11-04,02:12:11,Thor SLV-2A Agena D,P-698BK Group 3-D 1,Retired,,Success
US Air Force,"Space Launch Complex 13, Cape Canaveral SFS, FL, USA",1964-11-05,19:22:05,Atlas LV-3 Agena D,Mariner 3,Retired,,Success
NASA,"Launch Area 3, Wallops Flight Facility, Virginia, USA",1964-11-06,12:02:01,Scout X-4,Explorer 23,Retired,,Success
NASA,"Unknown Pad, Wallops Flight Facility, Virginia, USA",1964-11-07,01:38:00,Nike Cajun,Trailblazer Pellet,Retired,,Success
US Air Force,"Space Launch Complex 2E, Vandenberg SFB, CA, USA",1964-11-18,20:35:54,Thor SLV-2A Agena D,KH-4A 14,Retired,,Success
NASA,"Space Launch Complex 5, Vandenberg SFB, CA, USA",1964-11-21,17:09:39,Scout X-4,Explorer 24 & 25,Retired,,Success
US Air Force,"Launch Complex 12, Cape Canaveral SFS, FL, USA",1964-11-28,14:22:01,Atlas LV-3 Agena D,Mariner 4,Retired,,Success
RVSN USSR,"1/5, Baikonur Cosmodrome, Republic of Kazakhstan",1964-11-30,13:25:00,Molniya 8K78,Zond-2,Retired,,Success
RVSN USSR,"86/1, Kapustin Yar, Russian Federation",1964-12-01,08:45:00,Kosmos-2I,DS-2 2,Retired,,Failure
US Air Force,"Space Launch Complex 4E, Vandenberg SFB, CA, USA",1964-12-04,19:00:00,Atlas SLV-3 Agena D,KH-7 14,Retired,,Success
NASA,"Launch Complex 36, White Sands Missile Range",1964-12-08,15:00:00,Little Joe II,A-002,Retired,,Success
RVSN USSR,"86/1, Kapustin Yar, Russian Federation",1964-12-09,23:00:00,Kosmos-2I,DS-MT 3,Retired,,Success
US Air Force,"Space Launch Complex 20, Cape Canaveral SFS, FL, USA",1964-12-10,16:53:33,Titan IIIA,Transtage 2,Retired,,Success
US Air Force,"Launch Complex 36A, Cape Canaveral SFS, FL, USA",1964-12-11,14:25:02,Atlas LV-3C Centaur,Surveyor Mass Model,Retired,,Success
US Air Force,"Space Launch Complex 2W, Vandenberg SFB, CA, USA",1964-12-13,00:08:10,Thor DM-21 Ablestar,Transit-O 2 & 5E-5,Retired,,Success
National Research Council,"Launch Area 3A, Wallops Flight Facility, Virginia, USA",1964-12-15,20:20:04,Scout X-4,San Marco 1,Retired,,Success
US Air Force,"Space Launch Complex 1W, Vandenberg SFB, CA, USA",1964-12-19,21:10:16,Thor SLV-2A Agena D,KH-4A 15,Retired,,Success
US Air Force,"Space Launch Complex 17A, Cape Canaveral SFS, FL, USA",1964-12-21,09:00:03,Thor Delta C,Explorer 26,Retired,,Success
US Air Force,"Space Launch Complex 2E, Vandenberg SFB, CA, USA",1964-12-21,19:08:56,Thor SLV-2A Agena D,Quill 1,Retired,,Success
RVSN USSR,"31/6, Baikonur Cosmodrome, Republic of Kazakhstan",1965-01-11,09:29:58,Vostok 8A92,Zenit-2 25,Retired,,Success
US Air Force,"Space Launch Complex 1E, Vandenberg SFB, CA, USA",1965-01-15,21:00:44,Thor SLV-2A Agena D,KH-4A 16,Retired,,Success
US Air Force,"Space Launch Complex 10W, Vandenberg SFB, CA, USA",1965-01-19,05:03:42,Thor MG-18,DSAP-1 F10,Retired,,Success
US Air Force,"Launch Complex 19, Cape Canaveral SFS, FL, USA",1965-01-19,14:04:00,Titan II GLV,Gemini II,Retired,,Success
US Air Force,"576B3, Vandenberg SFB, CA, USA",1965-01-21,21:34:54,SM-65D Atlas,OV1-1,Retired,,Failure
US Air Force,"Space Launch Complex 17A, Cape Canaveral SFS, FL, USA",1965-01-22,07:52:00,Thor Delta C,Tiros 9,Retired,,Failure
US Air Force,"Space Launch Complex 4W, Vandenberg SFB, CA, USA",1965-01-23,20:06:00,Atlas SLV-3 Agena D,KH-7 15,Retired,,Success
RVSN USSR,"86/1, Kapustin Yar, Russian Federation",1965-01-30,09:36:00,Kosmos-2I,DS-A1 5,Retired,,Success
US Air Force,"Space Launch Complex 17B, Cape Canaveral SFS, FL, USA",1965-02-03,16:36:00,Thor Delta C,OSO 2,Retired,,Success
US Air Force,"Space Launch Complex 20, Cape Canaveral SFS, FL, USA",1965-02-11,15:19:05,Titan IIIA,LES 1,Retired,,Success
RVSN USSR,"86/1, Kapustin Yar, Russian Federation",1965-02-12,12:00:00,Kosmos-2I,DS-P1-Yu 2,Retired,,Failure
NASA,"Space Launch Complex 37B, Cape Canaveral SFS, FL, USA",1965-02-16,14:37:03,Saturn I,Pegasus 1,Retired,,Success
US Air Force,"Launch Complex 12, Cape Canaveral SFS, FL, USA",1965-02-17,17:05:00,Atlas LV-3 Agena B,Ranger 8,Retired,14.21,Success
RVSN USSR,"86/1, Kapustin Yar, Russian Federation",1965-02-20,06:30:00,Kosmos-2I,DS-A1 6,Retired,,Failure
RVSN USSR,"41/15, Baikonur Cosmodrome, Republic of Kazakhstan",1965-02-21,11:00:00,Kosmos 65S3,"Strela-1 9,10,11",Retired,,Success
RVSN USSR,"31/6, Baikonur Cosmodrome, Republic of Kazakhstan",1965-02-22,07:30:00,Voskhod,Voskhod-3KD 1,Retired,,Success
US Air Force,"Space Launch Complex 3W, Vandenberg SFB, CA, USA",1965-02-25,21:44:55,Thor SLV-2A Agena D,KH-4A 17,Retired,,Success
RVSN USSR,"31/6, Baikonur Cosmodrome, Republic of Kazakhstan",1965-02-26,05:01:32,Vostok 8A92M,Meteor-1 2,Retired,,Success
US Air Force,"Launch Complex 36A, Cape Canaveral SFS, FL, USA",1965-03-02,13:25:00,Atlas LV-3C Centaur,Surveyor-SD 1,Retired,,Failure
RVSN USSR,"31/6, Baikonur Cosmodrome, Republic of Kazakhstan",1965-03-07,08:59:28,Voskhod,Zenit-4 5,Retired,,Success
US Air Force,"Space Launch Complex 2W, Vandenberg SFB, CA, USA",1965-03-09,18:29:47,Thor SLV-2 Agena D,"Poppy 6A,B,C,D",Retired,19.56,Success
US Air Force,"Space Launch Complex 2E, Vandenberg SFB, CA, USA",1965-03-11,13:39:59,Thor DM-21 Ablestar,Transit-O 3,Retired,,Success
RVSN USSR,"1/5, Baikonur Cosmodrome, Republic of Kazakhstan",1965-03-12,09:25:31,Molniya 8K78,Luna-5c,Retired,,Failure
US Air Force,"Space Launch Complex 4W, Vandenberg SFB, CA, USA",1965-03-12,19:20:00,Atlas SLV-3 Agena D,KH-7 16,Retired,,Success
RVSN USSR,"41/15, Baikonur Cosmodrome, Republic of Kazakhstan",1965-03-15,11:00:00,Kosmos 65S3,"Strela-1 12,13,14",Retired,,Success
US Air Force,"Space Launch Complex 10W, Vandenberg SFB, CA, USA",1965-03-18,04:43:46,Thor MG-18,DSAP-1 F11,Retired,,Success
RVSN USSR,"1/5, Baikonur Cosmodrome, Republic of Kazakhstan",1965-03-18,07:00:00,Voskhod,Voskhod 2,Retired,,Success
US Air Force,"Launch Complex 12, Cape Canaveral SFS, FL, USA",1965-03-21,21:37:02,Atlas LV-3 Agena B,Ranger 9,Retired,14.21,Success
NASA,"Launch Complex 19, Cape Canaveral SFS, FL, USA",1965-03-23,14:24:00,Titan II GLV,Gemini III (Gemini 3),Retired,,Success
RVSN USSR,"31/6, Baikonur Cosmodrome, Republic of Kazakhstan",1965-03-25,10:00:00,Vostok 8A92,Zenit-2 26,Retired,,Success
US Air Force,"Space Launch Complex 1W, Vandenberg SFB, CA, USA",1965-03-25,21:11:17,Thor SLV-2A Agena D,KH-4A 18,Retired,,Success
US Air Force,"Launch Complex 18A, Cape Canaveral SFS, FL, USA",1965-03-30,16:09:31,Blue Scout Jr,OAR 22-4,Retired,,Success
US Air Force,"Space Launch Complex 4E, Vandenberg SFB, CA, USA",1965-04-03,21:25:00,Atlas SLV-3 Agena D,SNAPSHOT-1,Retired,,Success
US Air Force,"Space Launch Complex 17A, Cape Canaveral SFS, FL, USA",1965-04-06,23:47:50,Thor Delta D,Early Bird,Retired,12.72,Success
US Air Force,"Launch Complex 18A, Cape Canaveral SFS, FL, USA",1965-04-09,18:10:37,Blue Scout Jr,OAR 22-9,Retired,,Success
RVSN USSR,"1/5, Baikonur Cosmodrome, Republic of Kazakhstan",1965-04-10,08:39:01,Molniya 8K78,Luna-5d,Retired,,Failure
RVSN USSR,"31/6, Baikonur Cosmodrome, Republic of Kazakhstan",1965-04-17,09:50:00,Voskhod,Zenit-4 6,Retired,,Success
RVSN USSR,"1/5, Baikonur Cosmodrome, Republic of Kazakhstan",1965-04-23,01:55:00,Molniya 8K78,Molniya-1 1,Retired,,Success
US Air Force,"Space Launch Complex 4E, Vandenberg SFB, CA, USA",1965-04-28,21:15:00,Atlas SLV-3 Agena D,KH-7 17,Retired,,Success
NASA,"Launch Area 3A, Wallops Flight Facility, Virginia, USA",1965-04-29,14:17:00,Scout X-4,Beacon Explorer C,Retired,,Success
US Air Force,"Space Launch Complex 3W, Vandenberg SFB, CA, USA",1965-04-29,21:44:56,Thor SLV-2A Agena D,KH-4A 19,Retired,,Success
NASA,"Unknown Pad, Wallops Flight Facility, Virginia, USA",1965-05-04,05:50:00,Nike Cajun,Trailblazer Pellet,Retired,,Success
US Air Force,"Space Launch Complex 20, Cape Canaveral SFS, FL, USA",1965-05-06,15:00:03,Titan IIIA,LES 2,Retired,,Success
RVSN USSR,"31/6, Baikonur Cosmodrome, Republic of Kazakhstan",1965-05-07,09:29:59,Vostok 8A92,Zenit-2 27,Retired,,Success
RVSN USSR,"1/5, Baikonur Cosmodrome, Republic of Kazakhstan",1965-05-09,07:49:37,Molniya 8K78,Luna-5,Retired,,Success
US Air Force,"Launch Complex 18A, Cape Canaveral SFS, FL, USA",1965-05-12,16:02:35,Blue Scout Jr,OAR 22-8,Retired,,Success
US Air Force,"Space Launch Complex 1W, Vandenberg SFB, CA, USA",1965-05-18,18:02:18,Thor SLV-2A Agena D,KH-4A 20,Retired,,Success
NASA,"Launch Complex 36, White Sands Missile Range",1965-05-19,13:01:04,Little Joe II,A-003,Retired,,Failure
US Air Force,"Space Launch Complex 10W, Vandenberg SFB, CA, USA",1965-05-20,16:30:53,Thor Burner 1,OPS 8386,Retired,,Success
US Air Force,"Launch Complex 12, Cape Canaveral SFS, FL, USA",1965-05-22,21:55:00,SM-65D Atlas,FIRE 2,Retired,,Success
NASA,"Space Launch Complex 37B, Cape Canaveral SFS, FL, USA",1965-05-25,07:35:01,Saturn I,Pegasus 2,Retired,,Success
RVSN USSR,"31/6, Baikonur Cosmodrome, Republic of Kazakhstan",1965-05-25,10:50:00,Voskhod,Zenit-4 7,Retired,,Success
US Air Force,"Space Launch Complex 4E, Vandenberg SFB, CA, USA",1965-05-27,20:48:00,Atlas SLV-3 Agena D,KH-7 18,Retired,,Success
US Air Force,"576B3, Vandenberg SFB, CA, USA",1965-05-28,02:54:56,SM-65D Atlas,OV1-3,Retired,,Failure
US Air Force,"Space Launch Complex 17B, Cape Canaveral SFS, FL, USA",1965-05-29,12:00:00,Thor Delta C,Explorer 28,Retired,,Success
NASA,"Launch Complex 19, Cape Canaveral SFS, FL, USA",1965-06-03,15:16:00,Titan II GLV,Gemini IV (Gemini 4),Retired,,Success
RVSN USSR,"1/5, Baikonur Cosmodrome, Republic of Kazakhstan",1965-06-08,07:40:23,Molniya 8K78,Luna-6,Retired,,Success
US Air Force,"Launch Complex 18A, Cape Canaveral SFS, FL, USA",1965-06-09,16:26:15,Blue Scout Jr,OAR 22-5,Retired,,Success
US Air Force,"Space Launch Complex 1E, Vandenberg SFB, CA, USA",1965-06-09,21:58:16,Thor SLV-2A Agena D,KH-4A 21,Retired,,Success
RVSN USSR,"31/6, Baikonur Cosmodrome, Republic of Kazakhstan",1965-06-15,09:43:02,Vostok 8A92,Zenit-2 28,Retired,,Success
US Air Force,"Space Launch Complex 40, Cape Canaveral SFS, FL, USA",1965-06-18,14:00:04,Titan IIIC,Transtage 5,Retired,,Success
US Air Force,"Space Launch Complex 2E, Vandenberg SFB, CA, USA",1965-06-24,22:35:29,Thor DM-21 Ablestar,Transit-O 4,Retired,,Success
RVSN USSR,"1/5, Baikonur Cosmodrome, Republic of Kazakhstan",1965-06-25,09:45:00,Voskhod,Zenit-4 8,Retired,,Success
US Air Force,"Space Launch Complex 4E, Vandenberg SFB, CA, USA",1965-06-25,19:30:00,Atlas SLV-3 Agena D,KH-7 19,Retired,,Success
US Air Force,"Edwards Air Force Base, Air launch to Suborbital flight",1965-06-29,18:21:00,North American X-15,Flight 138,Retired,,Success
US Air Force,"Space Launch Complex 17B, Cape Canaveral SFS, FL, USA",1965-07-02,04:07:00,Thor Delta C,Tiros 10,Retired,,Success
RVSN USSR,"86/1, Kapustin Yar, Russian Federation",1965-07-02,06:29:00,Kosmos-2I,DS-A1 7,Retired,,Success
US Air Force,"Space Launch Complex 4E, Vandenberg SFB, CA, USA",1965-07-12,19:00:00,Atlas SLV-3 Agena D,KH-7 20,Retired,,Failure
RVSN USSR,"31/6, Baikonur Cosmodrome, Republic of Kazakhstan",1965-07-13,11:00:00,Vostok 8A92,Zenit-2 29,Retired,,Failure
RVSN USSR,"41/15, Baikonur Cosmodrome, Republic of Kazakhstan",1965-07-16,03:31:00,Kosmos 65S3,Strela-1 15 to 19,Retired,,Success
RVSN USSR,"81/23 (81L), Baikonur Cosmodrome, Republic of Kazakhstan",1965-07-16,11:16:00,UR-500,Proton 1,Retired,,Success
US Air Force,"Space Launch Complex 2W, Vandenberg SFB, CA, USA",1965-07-17,05:55:01,Thor SLV-2A Agena D,P-770 Group 3-A 1,Retired,,Success
RVSN USSR,"1/5, Baikonur Cosmodrome, Republic of Kazakhstan",1965-07-18,14:32:05,Molniya 8K78,Zond-3,Retired,,Success
US Air Force,"Space Launch Complex 3W, Vandenberg SFB, CA, USA",1965-07-19,22:01:12,Thor SLV-2A Agena D,KH-4A 22,Retired,,Success
US Air Force,"Space Launch Complex 13, Cape Canaveral SFS, FL, USA",1965-07-20,08:27:00,Atlas LV-3 Agena D,Vela 3A & 3B,Retired,,Success
RVSN USSR,"86/1, Kapustin Yar, Russian Federation",1965-07-23,04:34:00,Kosmos-2I,DS-P1-Yu 3,Retired,,Success
NASA,"Space Launch Complex 37B, Cape Canaveral SFS, FL, USA",1965-07-30,13:00:00,Saturn I,Pegasus 3,Retired,,Success
RVSN USSR,"31/6, Baikonur Cosmodrome, Republic of Kazakhstan",1965-08-03,11:00:00,Voskhod,Zenit-4 9,Retired,,Success
US Air Force,"Space Launch Complex 4E, Vandenberg SFB, CA, USA",1965-08-03,19:06:00,Atlas SLV-3 Agena D,KH-7 21,Retired,,Success
NASA,"Launch Area 3A, Wallops Flight Facility, Virginia, USA",1965-08-10,17:54:00,Scout B,SEV,Retired,8.66,Success
US Air Force,"Edwards Air Force Base, Air launch to Suborbital flight",1965-08-10,19:24:00,North American X-15,Flight 143,Retired,,Success
US Air Force,"Launch Complex 36B, Cape Canaveral SFS, FL, USA",1965-08-11,14:31:04,Atlas LV-3C Centaur D,Surveyor-SD 2,Retired,,Success
US Air Force,"Space Launch Complex 2E, Vandenberg SFB, CA, USA",1965-08-13,22:11:24,Thor DM-21 Ablestar,Transit-O 5,Retired,,Success
RVSN USSR,"31/6, Baikonur Cosmodrome, Republic of Kazakhstan",1965-08-14,10:56:46,Vostok 8A92,Zenit-2 30,Retired,,Success
US Air Force,"Space Launch Complex 3W, Vandenberg SFB, CA, USA",1965-08-17,20:59:57,Thor SLV-2A Agena D,KH-4A 23,Retired,,Success
NASA,"Launch Complex 19, Cape Canaveral SFS, FL, USA",1965-08-21,14:00:00,Titan II GLV,Gemini V (Gemini 5),Retired,,Success
RVSN USSR,"1/5, Baikonur Cosmodrome, Republic of Kazakhstan",1965-08-25,10:10:02,Voskhod,Zenit-4 10,Retired,,Success
US Air Force,"Space Launch Complex 17B, Cape Canaveral SFS, FL, USA",1965-08-25,15:17:00,Thor Delta C,OSO C,Retired,,Failure
US Air Force,"Space Launch Complex 1E, Vandenberg SFB, CA, USA",1965-09-02,20:00:16,Thor SLV-2 Agena D,MRPV,Retired,19.56,Failure
RVSN USSR,"41/15, Baikonur Cosmodrome, Republic of Kazakhstan",1965-09-03,14:00:00,Kosmos 65S3,Strela-1 20 to 24,Retired,,Success
RVSN USSR,"31/6, Baikonur Cosmodrome, Republic of Kazakhstan",1965-09-09,09:30:00,Voskhod,Zenit-4 11,Retired,,Success
US Air Force,"Space Launch Complex 10W, Vandenberg SFB, CA, USA",1965-09-10,04:41:38,Thor Burner 1,DSAP-2 F1,Retired,,Success
RVSN USSR,"41/15, Baikonur Cosmodrome, Republic of Kazakhstan",1965-09-18,07:59:00,Kosmos 65S3,Strela-1 25 to 29,Retired,,Success
US Air Force,"Space Launch Complex 3W, Vandenberg SFB, CA, USA",1965-09-22,21:31:14,Thor SLV-2A Agena D,KH-4A 24,Retired,,Success
RVSN USSR,"31/6, Baikonur Cosmodrome, Republic of Kazakhstan",1965-09-23,09:00:00,Voskhod,Zenit-4 12,Retired,,Success
US Air Force,"Edwards Air Force Base, Air launch to Suborbital flight",1965-09-28,18:08:00,North American X-15,Flight 150,Retired,,Success
US Air Force,"Space Launch Complex 4E, Vandenberg SFB, CA, USA",1965-09-30,19:23:38,Atlas SLV-3 Agena D,KH-7 22,Retired,,Success
RVSN USSR,"1/5, Baikonur Cosmodrome, Republic of Kazakhstan",1965-10-04,07:36:48,Molniya-M 2BL,Luna-7,Retired,,Success
US Air Force,"576B3, Vandenberg SFB, CA, USA",1965-10-05,09:07:08,SM-65D Atlas,OV1-2,Retired,,Success
US Air Force,"Space Launch Complex 1E, Vandenberg SFB, CA, USA",1965-10-05,17:45:57,Thor SLV-2A Agena D,KH-4A 25,Retired,,Success
RVSN USSR,"1/5, Baikonur Cosmodrome, Republic of Kazakhstan",1965-10-14,06:00:00,Molniya 8K78,Molniya-1 2,Retired,,Success
US Air Force,"Space Launch Complex 2E, Vandenberg SFB, CA, USA",1965-10-14,13:11:55,Thor SLV-2A Agena D,OGO 2,Retired,,Success
US Air Force,"Edwards Air Force Base, Air launch to Suborbital flight",1965-10-14,20:47:00,North American X-15,Flight 153,Retired,,Success
US Air Force,"Space Launch Complex 40, Cape Canaveral SFS, FL, USA",1965-10-15,17:23:59,Titan IIIC,OV2-1,Retired,,Success
RVSN USSR,"31/6, Baikonur Cosmodrome, Republic of Kazakhstan",1965-10-16,08:14:59,Voskhod,Zenit-4 13,Retired,,Success
RVSN USSR,"86/1, Kapustin Yar, Russian Federation",1965-10-19,05:44:00,Kosmos 11K63,DS-U2-V 1,Retired,,Success
US Air Force,"Space Launch Complex 14, Cape Canaveral SFS, FL, USA",1965-10-25,15:00:00,Atlas SLV-3 Agena D,GATV 6,Retired,,Failure
RVSN USSR,"31/6, Baikonur Cosmodrome, Republic of Kazakhstan",1965-10-28,08:15:01,Voskhod,Zenit-4 14,Retired,,Success
US Air Force,"Space Launch Complex 3W, Vandenberg SFB, CA, USA",1965-10-28,21:17:12,Thor SLV-2A Agena D,KH-4A 26,Retired,,Success
RVSN USSR,"81/23 (81L), Baikonur Cosmodrome, Republic of Kazakhstan",1965-11-02,12:28:00,UR-500,Proton 2,Retired,,Success
RVSN USSR,"86/1, Kapustin Yar, Russian Federation",1965-11-04,05:31:00,Kosmos 11K63,DS-U2-V 2,Retired,,Success
US Air Force,"Space Launch Complex 17A, Cape Canaveral SFS, FL, USA",1965-11-06,18:38:43,Thor Delta E,GEOS A,Retired,13.93,Success
US Air Force,"Space Launch Complex 4E, Vandenberg SFB, CA, USA",1965-11-08,19:30:00,Atlas SLV-3 Agena D,KH-7 23,Retired,,Success
RVSN USSR,"31/6, Baikonur Cosmodrome, Republic of Kazakhstan",1965-11-12,04:46:48,Molniya 8K78,Venera-2,Retired,,Success
RVSN USSR,"31/6, Baikonur Cosmodrome, Republic of Kazakhstan",1965-11-16,04:13:35,Molniya 8K78,Venera-3,Retired,,Success
NASA,"Launch Area 3A, Wallops Flight Facility, Virginia, USA",1965-11-19,04:48:27,Scout X-4,Solrad 8,Retired,,Success
RVSN USSR,"31/6, Baikonur Cosmodrome, Republic of Kazakhstan",1965-11-23,03:14:10,Molniya 8K78,Venera-4a,Retired,,Failure
RVSN USSR,"86/1, Kapustin Yar, Russian Federation",1965-11-26,12:14:00,Kosmos 11K63,DS-U2-M 1,Retired,,Success
National Center of Space Research,"Brigitte, Interarmy Special Vehicles Test Centre, French Algeria",1965-11-26,14:47:21,Diamant A,Asterix,Retired,,Success
RVSN USSR,"31/6, Baikonur Cosmodrome, Republic of Kazakhstan",1965-11-27,08:20:00,Vostok 8A92,Zenit-2 31,Retired,,Success
US Air Force,"Space Launch Complex 2E, Vandenberg SFB, CA, USA",1965-11-29,04:48:47,Thor SLV-2 Agena B,Alouette 2,Retired,19.56,Success
RVSN USSR,"31/6, Baikonur Cosmodrome, Republic of Kazakhstan",1965-12-03,10:46:14,Molniya 8K78,Luna-8,Retired,,Success
NASA,"Launch Complex 19, Cape Canaveral SFS, FL, USA",1965-12-04,19:30:03,Titan II GLV,Gemini VII (Gemini 7),Retired,,Success
National Center of Space Research,"Space Launch Complex 5, Vandenberg SFB, CA, USA",1965-12-06,21:05:47,Scout X-4,FR-1,Retired,,Success
US Air Force,"Space Launch Complex 1E, Vandenberg SFB, CA, USA",1965-12-09,21:10:19,Thor SLV-2A Agena D,KH-4A 27,Retired,,Success
RVSN USSR,"31/6, Baikonur Cosmodrome, Republic of Kazakhstan",1965-12-10,08:10:00,Vostok 8A92,Zenit-2 32,Retired,,Success
NASA,"Launch Complex 19, Cape Canaveral SFS, FL, USA",1965-12-15,13:37:26,Titan II GLV,Gemini VI-A (Gemini 6A),Retired,,Success
US Air Force,"Space Launch Complex 17A, Cape Canaveral SFS, FL, USA",1965-12-16,07:31:21,Thor Delta E,Pioneer 6,Retired,13.93,Success
RVSN USSR,"67/21, Baikonur Cosmodrome, Republic of Kazakhstan",1965-12-16,14:09:22,R-36O 8K69,OGCh 1,Retired,,Success
RVSN USSR,"31/6, Baikonur Cosmodrome, Republic of Kazakhstan",1965-12-17,02:20:00,Vostok 8A92M,Meteor-1 3,Retired,,Success
RVSN USSR,"86/1, Kapustin Yar, Russian Federation",1965-12-21,06:14:00,Kosmos-2I,DS-P1-Yu 4,Retired,,Success
US Air Force,"Space Launch Complex 41, Cape Canaveral SFS, FL, USA",1965-12-21,14:00:01,Titan IIIC,OV2-3,Retired,,Success
US Air Force,"Space Launch Complex 5, Vandenberg SFB, CA, USA",1965-12-22,04:33:04,Scout A,Transit-O 6,Retired,8.61,Success
US Air Force,"Space Launch Complex 1W, Vandenberg SFB, CA, USA",1965-12-24,21:06:15,Thor SLV-2A Agena D,KH-4A 28,Retired,,Success
RVSN USSR,"31/6, Baikonur Cosmodrome, Republic of Kazakhstan",1965-12-27,22:24:56,Soyuz 11A510,US-AO 1,Retired,,Success
RVSN USSR,"86/1, Kapustin Yar, Russian Federation",1965-12-28,08:10:00,Kosmos-2I,DS-K-40 1,Retired,,Failure
RVSN USSR,"41/15, Baikonur Cosmodrome, Republic of Kazakhstan",1965-12-28,12:30:00,Kosmos 65S3,Strela-2 1,Retired,,Success
US Air Force,"Space Launch Complex 10W, Vandenberg SFB, CA, USA",1966-01-07,04:48:23,Thor Burner 1,DSAP-2 F2,Retired,,Failure
RVSN USSR,"31/6, Baikonur Cosmodrome, Republic of Kazakhstan",1966-01-07,08:20:00,Vostok 8A92,Zenit-2 33,Retired,,Success
US Air Force,"Space Launch Complex 4E, Vandenberg SFB, CA, USA",1966-01-19,20:03:00,Atlas SLV-3 Agena D,KH-7 24,Retired,,Success
NASA,"Launch Complex 36, White Sands Missile Range",1966-01-20,15:17:01,Little Joe II,A-004,Retired,,Success
RVSN USSR,"31/6, Baikonur Cosmodrome, Republic of Kazakhstan",1966-01-22,08:30:00,Vostok 8A92,Zenit-2 34,Retired,,Success
RVSN USSR,"86/1, Kapustin Yar, Russian Federation",1966-01-25,12:28:00,Kosmos 11K63,DS-P1-I 1,Retired,,Success
US Air Force,"Space Launch Complex 5, Vandenberg SFB, CA, USA",1966-01-28,17:06:00,Scout A,Transit-O 7,Retired,8.61,Success
RVSN USSR,"31/6, Baikonur Cosmodrome, Republic of Kazakhstan",1966-01-31,11:41:37,Molniya-M 2BL,Luna-9,Retired,,Success
US Air Force,"Space Launch Complex 3W, Vandenberg SFB, CA, USA",1966-02-02,21:32:13,Thor SLV-2A Agena D,KH-4A 29,Retired,,Success
US Air Force,"Space Launch Complex 17A, Cape Canaveral SFS, FL, USA",1966-02-03,07:41:23,Thor Delta C,ESSA 1,Retired,,Success
RVSN USSR,"67/21, Baikonur Cosmodrome, Republic of Kazakhstan",1966-02-05,12:19:49,R-36O 8K69,OGCh 2,Retired,,Success
US Air Force,"Space Launch Complex 2W, Vandenberg SFB, CA, USA",1966-02-09,19:45:01,Thor SLV-2A Agena D,P-770 Group 3-D 2,Retired,,Success
NASA,"Launch Area 3A, Wallops Flight Facility, Virginia, USA",1966-02-10,00:55:00,Scout X-4A,Reentry 4B,Retired,,Success
RVSN USSR,"31/6, Baikonur Cosmodrome, Republic of Kazakhstan",1966-02-10,08:40:00,Vostok 8A92,Zenit-2 35,Retired,,Success
RVSN USSR,"86/1, Kapustin Yar, Russian Federation",1966-02-11,18:00:00,Kosmos-2I,DS-U1-G 1,Retired,,Success
US Air Force,"Space Launch Complex 4E, Vandenberg SFB, CA, USA",1966-02-15,20:30:00,Atlas SLV-3 Agena D,KH-7 25,Retired,,Success
National Center of Space Research,"Brigitte, Interarmy Special Vehicles Test Centre, French Algeria",1966-02-17,08:33:36,Diamant A,Diapason D-1A,Retired,,Success
RVSN USSR,"31/6, Baikonur Cosmodrome, Republic of Kazakhstan",1966-02-19,08:49:00,Voskhod,Zenit-4 15,Retired,,Success
RVSN USSR,"86/1, Kapustin Yar, Russian Federation",1966-02-21,13:30:00,Kosmos-2I,DS-K-40 2,Retired,,Failure
RVSN USSR,"31/6, Baikonur Cosmodrome, Republic of Kazakhstan",1966-02-22,20:09:36,Voskhod,Voskhod-3KV 3,Retired,,Success
NASA,"Launch Complex 34, Cape Canaveral SFS, FL, USA",1966-02-26,16:12:01,Saturn IB,Apollo AS-201,Retired,,Success
US Air Force,"Space Launch Complex 17B, Cape Canaveral SFS, FL, USA",1966-02-28,13:58:00,Thor Delta E,ESSA 2,Retired,13.93,Success
RVSN USSR,"31/6, Baikonur Cosmodrome, Republic of Kazakhstan",1966-03-01,11:03:49,Molniya-M 2BL,Luna-10a,Retired,,Failure
US Air Force,"Space Launch Complex 1W, Vandenberg SFB, CA, USA",1966-03-09,22:02:03,Thor SLV-2A Agena D,KH-4A 30,Retired,,Success
US Air Force,"Space Launch Complex 14, Cape Canaveral SFS, FL, USA",1966-03-16,15:00:03,Atlas SLV-3 Agena D,GATV 8,Retired,,Success
NASA,"Launch Complex 19, Cape Canaveral SFS, FL, USA",1966-03-16,16:41:02,Titan II GLV,Gemini VIII (Gemini 8),Retired,,Success
RVSN USSR,"41/1, Plesetsk Cosmodrome, Russian Federation",1966-03-17,10:28:42,Vostok 8A92,Zenit-2 36,Retired,,Success
NASA,"Unknown Pad, Wallops Flight Facility, Virginia, USA",1966-03-18,01:15:00,Trailblazer 2,Trailblazer Pellet,Retired,,Success
US Air Force,"Space Launch Complex 4E, Vandenberg SFB, CA, USA",1966-03-18,20:00:00,Atlas SLV-3 Agena D,KH-7 26,Retired,,Success
RVSN USSR,"31/6, Baikonur Cosmodrome, Republic of Kazakhstan",1966-03-21,09:40:00,Voskhod,Zenit-4 16,Retired,,Success
RVSN USSR,"81/23 (81L), Baikonur Cosmodrome, Republic of Kazakhstan",1966-03-24,14:39:00,UR-500,Proton 3a,Retired,,Failure
US Air Force,"Space Launch Complex 5, Vandenberg SFB, CA, USA",1966-03-26,03:31:00,Scout A,Transit-O 8,Retired,8.61,Success
RVSN USSR,"31/6, Baikonur Cosmodrome, Republic of Kazakhstan",1966-03-27,07:20:00,Molniya 8K78,Molniya-1 3a,Retired,,Failure
US Air Force,"576B3, Vandenberg SFB, CA, USA",1966-03-30,09:20:12,SM-65D Atlas,OV1-4 & 5,Retired,,Success
US Air Force,"Space Launch Complex 10W, Vandenberg SFB, CA, USA",1966-03-31,05:41:04,Thor Burner 1,DSAP-2 F3,Retired,,Success
RVSN USSR,"31/6, Baikonur Cosmodrome, Republic of Kazakhstan",1966-03-31,10:46:59,Molniya-M 2BL,Luna-10,Retired,,Success
RVSN USSR,"41/1, Plesetsk Cosmodrome, Russian Federation",1966-04-06,11:40:00,Voskhod,Zenit-4 17,Retired,,Success
US Air Force,"Space Launch Complex 3W, Vandenberg SFB, CA, USA",1966-04-07,22:02:55,Thor SLV-2A Agena D,KH-4A 31,Retired,,Success
US Air Force,"Launch Complex 36B, Cape Canaveral SFS, FL, USA",1966-04-08,01:00:02,Atlas LV-3C Centaur D,Surveyor M-2,Retired,,Success
US Air Force,"Launch Complex 12, Cape Canaveral SFS, FL, USA",1966-04-08,19:35:00,Atlas SLV-3 Agena D,OAO 1,Retired,,Success
US Air Force,"Space Launch Complex 4E, Vandenberg SFB, CA, USA",1966-04-19,19:15:00,Atlas SLV-3 Agena D,KH-7 27,Retired,,Success
RVSN USSR,"31/6, Baikonur Cosmodrome, Republic of Kazakhstan",1966-04-20,10:40:00,Vostok 8A92,Zenit-2 37,Retired,,Success
US Air Force,"Space Launch Complex 5, Vandenberg SFB, CA, USA",1966-04-22,09:45:00,Scout B,OV3-1,Retired,8.66,Success
RVSN USSR,"31/6, Baikonur Cosmodrome, Republic of Kazakhstan",1966-04-25,07:10:00,Molniya 8K78,Molniya-1 3,Retired,,Success
RVSN USSR,"86/1, Kapustin Yar, Russian Federation",1966-04-26,10:04:00,Kosmos 11K63,DS-P1-Yu 5,Retired,,Success
US Air Force,"Space Launch Complex 1E, Vandenberg SFB, CA, USA",1966-05-03,19:25:25,Thor SLV-2A Agena D,KH-4A 32,Retired,,Failure
RVSN USSR,"31/6, Baikonur Cosmodrome, Republic of Kazakhstan",1966-05-06,10:58:00,Vostok 8A92,Zenit-2 38,Retired,,Success
RVSN USSR,"31/6, Baikonur Cosmodrome, Republic of Kazakhstan",1966-05-11,14:10:00,Vostok 8A92M,Meteor-1 4,Retired,,Success
US Air Force,"Space Launch Complex 4E, Vandenberg SFB, CA, USA",1966-05-14,19:02:00,Atlas SLV-3 Agena D,KH-7 28,Retired,,Success
US Air Force,"Space Launch Complex 2E, Vandenberg SFB, CA, USA",1966-05-15,07:55:34,Thor SLV-2A Agena B,Nimbus 2,Retired,,Success
RVSN USSR,"41/1, Plesetsk Cosmodrome, Russian Federation",1966-05-17,11:00:00,Voskhod,Zenit-4 18,Retired,,Failure
US Air Force,"Space Launch Complex 14, Cape Canaveral SFS, FL, USA",1966-05-17,15:15:03,Atlas SLV-3 Agena D,GATV 9,Retired,,Failure
US Air Force,"Space Launch Complex 5, Vandenberg SFB, CA, USA",1966-05-19,02:27:00,Scout A,Transit-O 9,Retired,8.61,Success
RVSN USSR,"67/22, Baikonur Cosmodrome, Republic of Kazakhstan",1966-05-19,19:30:00,R-36O 8K69,OGCh 4,Retired,,Success
US Air Force,"Space Launch Complex 3W, Vandenberg SFB, CA, USA",1966-05-24,02:00:33,Thor SLV-2A Agena D,KH-4A 33,Retired,,Success
RVSN USSR,"86/1, Kapustin Yar, Russian Federation",1966-05-24,05:31:00,Kosmos 11K63,DS-U2-I 1,Retired,,Success
US Air Force,"Space Launch Complex 17B, Cape Canaveral SFS, FL, USA",1966-05-25,14:00:00,Thor Delta C1,Explorer 32,Retired,,Success
US Air Force,"Launch Complex 36A, Cape Canaveral SFS, FL, USA",1966-05-30,14:41:01,Atlas LV-3C Centaur D,Surveyor 1,Retired,,Success
US Air Force,"Space Launch Complex 14, Cape Canaveral SFS, FL, USA",1966-06-01,15:00:02,Atlas SLV-3,ATDA,Retired,,Success
NASA,"Launch Complex 19, Cape Canaveral SFS, FL, USA",1966-06-03,13:39:33,Titan II GLV,Gemini IX-A (Gemini 9A),Retired,,Success
US Air Force,"Space Launch Complex 4E, Vandenberg SFB, CA, USA",1966-06-03,19:25:00,Atlas SLV-3 Agena D,KH-7 29,Retired,,Success
US Air Force,"Launch Complex 12, Cape Canaveral SFS, FL, USA",1966-06-07,02:48:00,Atlas SLV-3 Agena B,OGO 3,Retired,,Success
RVSN USSR,"31/6, Baikonur Cosmodrome, Republic of Kazakhstan",1966-06-08,11:00:00,Voskhod,Zenit-2 39,Retired,,Success
US Air Force,"Space Launch Complex 3E, Vandenberg SFB, CA, USA",1966-06-09,20:15:00,Atlas SLV-3 Agena D,RTS-1 1,Retired,,Success
US Air Force,"Launch Area 3A, Wallops Flight Facility, Virginia, USA",1966-06-10,04:15:00,Scout B,OV3-4,Retired,8.66,Success
US Air Force,"Space Launch Complex 41, Cape Canaveral SFS, FL, USA",1966-06-16,14:00:01,Titan IIIC,IDCSP 1 to 7,Retired,,Success
RVSN USSR,"41/1, Plesetsk Cosmodrome, Russian Federation",1966-06-17,11:00:00,Voskhod,Zenit-4 19,Retired,,Success
US Air Force,"Space Launch Complex 1E, Vandenberg SFB, CA, USA",1966-06-21,21:31:30,Thor SLV-2A Agena D,KH-4A 34,Retired,,Success
US Air Force,"Space Launch Complex 2E, Vandenberg SFB, CA, USA",1966-06-24,00:12:02,Thor SLV-2A Agena D,Pageos,Retired,,Success
RVSN USSR,"31/6, Baikonur Cosmodrome, Republic of Kazakhstan",1966-06-25,10:30:00,Vostok 8A92M,Meteor-1 5,Retired,,Success
US Air Force,"Space Launch Complex 17A, Cape Canaveral SFS, FL, USA",1966-07-01,16:02:25,Thor Delta E1,Explorer 33,Retired,,Success
NASA,"Space Launch Complex 37B, Cape Canaveral SFS, FL, USA",1966-07-05,14:53:17,Saturn IB,Apollo AS-203,Retired,,Success
RVSN USSR,"81/23 (81L), Baikonur Cosmodrome, Republic of Kazakhstan",1966-07-06,12:57:00,UR-500,Proton 3,Retired,,Success
RVSN USSR,"86/1, Kapustin Yar, Russian Federation",1966-07-08,05:31:00,Kosmos-2I,DS-P1-Yu 6,Retired,,Success
US Air Force,"Space Launch Complex 4E, Vandenberg SFB, CA, USA",1966-07-12,17:55:00,Atlas SLV-3 Agena D,KH-7 30,Retired,,Success
US Air Force,"576B3, Vandenberg SFB, CA, USA",1966-07-14,02:10:02,SM-65D Atlas,OV1-7,Retired,,Success
RVSN USSR,"31/6, Baikonur Cosmodrome, Republic of Kazakhstan",1966-07-14,10:25:00,Voskhod,Zenit-2 40,Retired,,Success
US Air Force,"Space Launch Complex 14, Cape Canaveral SFS, FL, USA",1966-07-18,20:39:46,Atlas SLV-3 Agena D,GATV 10,Retired,,Success
NASA,"Launch Complex 19, Cape Canaveral SFS, FL, USA",1966-07-18,22:20:26,Titan II GLV,Gemini X (Gemini 10),Retired,,Success
RVSN USSR,"31/6, Baikonur Cosmodrome, Republic of Kazakhstan",1966-07-20,08:58:00,Soyuz 11A510,US-AO 2,Retired,,Success
RVSN USSR,"31/6, Baikonur Cosmodrome, Republic of Kazakhstan",1966-07-28,10:50:00,Voskhod,Zenit-4 20,Retired,,Success
US Air Force,"Space Launch Complex 4W, Vandenberg SFB, CA, USA",1966-07-29,18:30:20,Titan IIIB,KH-8 1,Retired,,Success
US Air Force,"Space Launch Complex 5, Vandenberg SFB, CA, USA",1966-08-04,10:45:01,Scout B,OV3-3,Retired,8.66,Success
RVSN USSR,"31/6, Baikonur Cosmodrome, Republic of Kazakhstan",1966-08-08,11:29:00,Voskhod,Zenit-4 21,Retired,,Success
US Air Force,"Space Launch Complex 1W, Vandenberg SFB, CA, USA",1966-08-09,20:46:03,Thorad SLV-2G Agena D,KH-4A 35,Retired,19.56,Success
US Air Force,"Space Launch Complex 13, Cape Canaveral SFS, FL, USA",1966-08-10,19:26:00,Atlas SLV-3 Agena D,Lunar Orbiter I,Retired,,Success
US Air Force,"Space Launch Complex 4E, Vandenberg SFB, CA, USA",1966-08-16,18:30:00,Atlas SLV-3 Agena D,KH-7 31,Retired,,Success
US Air Force,"Space Launch Complex 17A, Cape Canaveral SFS, FL, USA",1966-08-17,15:20:17,Thor Delta E1,Pioneer 7,Retired,,Success
US Air Force,"Space Launch Complex 5, Vandenberg SFB, CA, USA",1966-08-18,02:25:02,Scout A,Transit-O 10,Retired,8.61,Success
US Air Force,"Space Launch Complex 3E, Vandenberg SFB, CA, USA",1966-08-19,19:25:00,Atlas SLV-3 Agena D,RTS-1 2,Retired,,Success
RVSN USSR,"31/6, Baikonur Cosmodrome, Republic of Kazakhstan",1966-08-24,08:03:21,Molniya-M 2BL,Luna-11,Retired,,Success
NASA,"Launch Complex 34, Cape Canaveral SFS, FL, USA",1966-08-25,17:15:32,Saturn IB,Apollo AS-202,Retired,,Success
US Air Force,"Space Launch Complex 41, Cape Canaveral SFS, FL, USA",1966-08-26,13:59:56,Titan IIIC,IDCSP 8 to 14,Retired,,Failure
RVSN USSR,"1/5, Baikonur Cosmodrome, Republic of Kazakhstan",1966-08-27,09:50:00,Voskhod,Zenit-4 22,Retired,,Success
US Air Force,"Space Launch Complex 14, Cape Canaveral SFS, FL, USA",1966-09-12,13:05:02,Atlas SLV-3 Agena D,GATV 11,Retired,,Success
NASA,"Launch Complex 19, Cape Canaveral SFS, FL, USA",1966-09-12,14:42:26,Titan II GLV,Gemini XI (Gemini 11),Retired,,Success
US Air Force,"Space Launch Complex 10W, Vandenberg SFB, CA, USA",1966-09-16,04:36:09,Thor Burner 2,DSAP-4A F1,Retired,,Success
RVSN USSR,"31/6, Baikonur Cosmodrome, Republic of Kazakhstan",1966-09-16,09:30:00,Vostok 8A92,Zenit-2 41,Retired,,Failure
US Air Force,"Space Launch Complex 4E, Vandenberg SFB, CA, USA",1966-09-16,17:59:00,Atlas SLV-3 Agena D,KH-7 32,Retired,,Success
NASA,"Unknown Pad, Wallops Flight Facility, Virginia, USA",1966-09-17,01:57:00,Nike Cajun,Trailblazer Pellet,Retired,,Success
RVSN USSR,"162/36, Baikonur Cosmodrome, Republic of Kazakhstan",1966-09-17,22:35:00,R-36O 8K69,OGCh 5,Retired,,Success
US Air Force,"Launch Complex 36A, Cape Canaveral SFS, FL, USA",1966-09-20,12:32:00,Atlas LV-3C Centaur D,Surveyor 2,Retired,,Success
US Air Force,"Space Launch Complex 3W, Vandenberg SFB, CA, USA",1966-09-20,21:14:05,Thor SLV-2A Agena D,KH-4A 36,Retired,,Success
Institute of Space and Astronautical Science,"KS Center, Uchinoura Space Center, Japan",1966-09-26,02:58:00,Lambda 4S,Ohsumi 1,Retired,,Failure
US Air Force,"Space Launch Complex 4W, Vandenberg SFB, CA, USA",1966-09-28,19:07:00,Titan IIIB,KH-8 2,Retired,,Success
US Air Force,"Space Launch Complex 2E, Vandenberg SFB, CA, USA",1966-10-02,10:39:03,Thor Delta E,ESSA 3,Retired,13.93,Success
US Air Force,"Space Launch Complex 3E, Vandenberg SFB, CA, USA",1966-10-05,22:00:00,Atlas SLV-3 Agena D,RTS-1 3,Retired,,Success
US Air Force,"Space Launch Complex 4E, Vandenberg SFB, CA, USA",1966-10-12,19:15:00,Atlas SLV-3 Agena D,KH-7 33,Retired,,Success
RVSN USSR,"41/1, Plesetsk Cosmodrome, Russian Federation",1966-10-14,12:13:08,Vostok 8A92,Zenit-2 42,Retired,,Success
RVSN USSR,"1/5, Baikonur Cosmodrome, Republic of Kazakhstan",1966-10-20,07:50:00,Molniya 8K78,Molniya-1 4,Retired,,Success
RVSN USSR,"31/6, Baikonur Cosmodrome, Republic of Kazakhstan",1966-10-20,08:46:00,Voskhod,Zenit-4 23,Retired,,Success
RVSN USSR,"31/6, Baikonur Cosmodrome, Republic of Kazakhstan",1966-10-22,08:42:26,Molniya-M 2BL,Luna-12,Retired,,Success
US Air Force,"Launch Complex 36B, Cape Canaveral SFS, FL, USA",1966-10-26,11:12:02,Atlas LV-3C Centaur D,Surveyor Model 3,Retired,,Success
US Air Force,"Space Launch Complex 17B, Cape Canaveral SFS, FL, USA",1966-10-26,23:05:00,Thor Delta E1,INTELSAT II F-1,Retired,,Success
US Air Force,"Space Launch Complex 5, Vandenberg SFB, CA, USA",1966-10-28,11:56:02,Scout B,OV3-2,Retired,8.66,Success
US Air Force,"Edwards Air Force Base, Air launch to Suborbital flight",1966-11-01,21:24:00,North American X-15,Flight 174,Retired,,Success
RVSN USSR,"162/36, Baikonur Cosmodrome, Republic of Kazakhstan",1966-11-02,00:45:03,R-36O 8K69,OGCh 6,Retired,,Failure
US Air Force,"Space Launch Complex 4E, Vandenberg SFB, CA, USA",1966-11-02,20:24:00,Atlas SLV-3 Agena D,KH-7 34,Retired,,Success
US Air Force,"Space Launch Complex 40, Cape Canaveral SFS, FL, USA",1966-11-03,13:50:42,Titan IIIC,Gemini B,Retired,,Success
US Air Force,"Space Launch Complex 13, Cape Canaveral SFS, FL, USA",1966-11-06,23:21:00,Atlas SLV-3 Agena D,Lunar Orbiter 2,Retired,,Success
US Air Force,"Space Launch Complex 1W, Vandenberg SFB, CA, USA",1966-11-08,19:53:02,Thorad SLV-2G Agena D,KH-4A 37,Retired,19.56,Success
US Air Force,"Space Launch Complex 14, Cape Canaveral SFS, FL, USA",1966-11-11,19:07:59,Atlas SLV-3 Agena D,GATV 12,Retired,,Success
NASA,"Launch Complex 19, Cape Canaveral SFS, FL, USA",1966-11-11,20:46:33,Titan II GLV,Gemini XII (Gemini 12),Retired,,Success
RVSN USSR,"41/1, Plesetsk Cosmodrome, Russian Federation",1966-11-12,09:50:00,Voskhod,Zenit-4 24,Retired,,Success
RVSN USSR,"41/15, Baikonur Cosmodrome, Republic of Kazakhstan",1966-11-16,13:00:00,Kosmos 11K65,Strela-2 2,Retired,,Failure
RVSN USSR,"31/6, Baikonur Cosmodrome, Republic of Kazakhstan",1966-11-19,08:00:00,Vostok 8A92,Zenit-2 43,Retired,,Success
RVSN USSR,"31/6, Baikonur Cosmodrome, Republic of Kazakhstan",1966-11-28,11:00:00,Soyuz,,Active,,Success
RVSN USSR,"31/6, Baikonur Cosmodrome, Republic of Kazakhstan",1966-12-03,08:15:00,Voskhod,Zenit-4 25,Retired,,Success
US Air Force,"Space Launch Complex 4E, Vandenberg SFB, CA, USA",1966-12-05,21:09:00,Atlas SLV-3 Agena D,KH-7 35,Retired,,Success
US Air Force,"Launch Complex 12, Cape Canaveral SFS, FL, USA",1966-12-07,02:12:01,Atlas SLV-3 Agena D,ATS 1,Retired,,Success
US Air Force,"576B3, Vandenberg SFB, CA, USA",1966-12-11,21:09:57,SM-65D Atlas,OV1-9 & 10,Retired,,Success
RVSN USSR,"86/1, Kapustin Yar, Russian Federation",1966-12-12,20:38:00,Kosmos 11K63,DS-U2-MP 1,Retired,,Success
RVSN USSR,"31/6, Baikonur Cosmodrome, Republic of Kazakhstan",1966-12-14,11:00:00,Soyuz,,Active,,Failure
US Air Force,"Space Launch Complex 4W, Vandenberg SFB, CA, USA",1966-12-14,18:14:00,Titan IIIB,KH-8 3,Retired,,Success
US Air Force,"Space Launch Complex 17A, Cape Canaveral SFS, FL, USA",1966-12-14,19:20:03,Thor Delta G,Biosat 1,Retired,10.15,Success
RVSN USSR,"41/1, Plesetsk Cosmodrome, Russian Federation",1966-12-19,12:00:01,Vostok 8A92,Zenit-2 44,Retired,,Success
Institute of Space and Astronautical Science,"KS Center, Uchinoura Space Center, Japan",1966-12-20,02:20:00,Lambda 4S,Ohsumi 2,Retired,,Failure
RVSN USSR,"1/5, Baikonur Cosmodrome, Republic of Kazakhstan",1966-12-21,10:17:08,Molniya-M 2BL,Luna-13,Retired,,Success
RVSN USSR,"86/1, Kapustin Yar, Russian Federation",1966-12-21,13:12:00,Kosmos-2I,DS-U2-D 1,Retired,,Success
US Air Force,"Space Launch Complex 3E, Vandenberg SFB, CA, USA",1966-12-21,22:15:02,Atlas SLV-3,PRIME 1,Retired,,Success
US Air Force,"Space Launch Complex 2W, Vandenberg SFB, CA, USA",1966-12-29,12:00:06,Thor SLV-2A Agena D,Multigroup 1 & Setter 1A,Retired,,Success
US Air Force,"Space Launch Complex 17B, Cape Canaveral SFS, FL, USA",1967-01-11,10:55:00,Thor Delta E1,INTELSAT II F-2,Retired,,Success
US Air Force,"Space Launch Complex 3W, Vandenberg SFB, CA, USA",1967-01-14,21:28:21,Thor SLV-2A Agena D,KH-4A 38,Retired,,Success
US Air Force,"Space Launch Complex 41, Cape Canaveral SFS, FL, USA",1967-01-18,14:19:08,Titan IIIC,IDCSP 8 to 15,Retired,,Success
RVSN USSR,"41/1, Plesetsk Cosmodrome, Russian Federation",1967-01-19,12:39:59,Vostok 8A92,Zenit-2 45,Retired,,Success
RVSN USSR,"162/36, Baikonur Cosmodrome, Republic of Kazakhstan",1967-01-25,13:55:01,R-36O 8K69,OGCh 7,Retired,,Success
US Air Force,"Space Launch Complex 2E, Vandenberg SFB, CA, USA",1967-01-26,17:31:00,Thor Delta E,ESSA 4,Retired,13.93,Success
NASA,"Launch Complex 34, Cape Canaveral SFS, FL, USA",1967-01-27,23:31:19,Saturn IB,Apollo 1,Retired,,Failure
US Air Force,"Space Launch Complex 5, Vandenberg SFB, CA, USA",1967-01-31,12:45:01,Scout B,OV3-5,Retired,8.66,Failure
US Air Force,"Space Launch Complex 4E, Vandenberg SFB, CA, USA",1967-02-02,20:00:00,Atlas SLV-3 Agena D,KH-7 36,Retired,,Success
US Air Force,"Space Launch Complex 13, Cape Canaveral SFS, FL, USA",1967-02-05,01:17:01,Atlas SLV-3 Agena D,Lunar Orbiter 3,Retired,,Success
RVSN USSR,"1/5, Baikonur Cosmodrome, Republic of Kazakhstan",1967-02-07,03:20:00,Soyuz,,Active,,Success
US Air Force,"Space Launch Complex 10W, Vandenberg SFB, CA, USA",1967-02-08,08:00:52,Thor Burner 2,DSAP-4A F2,Retired,,Success
National Center of Space Research,"Brigitte, Interarmy Special Vehicles Test Centre, French Algeria",1967-02-08,09:39:39,Diamant A,Diademe D-1C,Retired,,Success
RVSN USSR,"41/1, Plesetsk Cosmodrome, Russian Federation",1967-02-08,10:19:59,Voskhod,Zenit-4 26,Retired,,Success
NASA,"Unknown Pad, Wallops Flight Facility, Virginia, USA",1967-02-14,05:52:00,Trailblazer 2,Trailblazer Pellet,Retired,,Success
RVSN USSR,"86/1, Kapustin Yar, Russian Federation",1967-02-14,10:04:56,Kosmos 11K63,DS-U2-I 2,Retired,,Success
National Center of Space Research,"Brigitte, Interarmy Special Vehicles Test Centre, French Algeria",1967-02-15,10:06:57,Diamant A,Diademe D-1D,Retired,,Success
US Air Force,"Space Launch Complex 3W, Vandenberg SFB, CA, USA",1967-02-22,22:02:15,Thor SLV-2A Agena D,KH-4A 39,Retired,,Success
US Air Force,"Space Launch Complex 4W, Vandenberg SFB, CA, USA",1967-02-24,19:59:00,Titan IIIB,KH-8 4,Retired,,Success
RVSN USSR,"1/5, Baikonur Cosmodrome, Republic of Kazakhstan",1967-02-27,08:45:01,Vostok 8A92,Zenit-2 46,Retired,,Success
RVSN USSR,"41/1, Plesetsk Cosmodrome, Russian Federation",1967-02-28,14:34:59,Vostok 8A92M,Meteor-1 6,Retired,,Success
RVSN USSR,"86/1, Kapustin Yar, Russian Federation",1967-03-03,06:44:58,Kosmos 11K63,DS-U2-M 2,Retired,,Success
US Air Force,"Space Launch Complex 3E, Vandenberg SFB, CA, USA",1967-03-05,23:05:00,Atlas SLV-3,PRIME 2,Retired,,Success
US Air Force,"Space Launch Complex 17A, Cape Canaveral SFS, FL, USA",1967-03-08,16:12:00,Thor Delta C,OSO 3,Retired,,Success
RVSN USSR,"81/23 (81L), Baikonur Cosmodrome, Republic of Kazakhstan",1967-03-10,11:30:33,Proton / UR-500 K/D,,Retired,,Success
RVSN USSR,"41/1, Plesetsk Cosmodrome, Russian Federation",1967-03-13,12:10:23,Vostok 8A92,Zenit-2 47,Retired,,Success
RVSN USSR,"133/3 (133L), Plesetsk Cosmodrome, Russian Federation",1967-03-16,17:30:00,Kosmos 11K63,DS-P1-I 2,Retired,,Success
RVSN USSR,"86/1, Kapustin Yar, Russian Federation",1967-03-21,10:07:00,Kosmos 11K63,DS-MO 1,Retired,,Success
RVSN USSR,"41/1, Plesetsk Cosmodrome, Russian Federation",1967-03-22,12:44:59,Voskhod,Zenit-4 27,Retired,,Success
RVSN USSR,"161/35, Baikonur Cosmodrome, Republic of Kazakhstan",1967-03-22,14:05:02,R-36O 8K69,OGCh 8,Retired,,Failure
US Air Force,"Space Launch Complex 17B, Cape Canaveral SFS, FL, USA",1967-03-23,01:30:12,Thor Delta E1,INTELSAT II F-3,Retired,,Success
RVSN USSR,"41/15, Baikonur Cosmodrome, Republic of Kazakhstan",1967-03-24,11:50:00,Kosmos 11K65,Strela-2 3,Retired,,Success
RVSN USSR,"133/3 (133L), Plesetsk Cosmodrome, Russian Federation",1967-03-25,06:59:30,Kosmos 11K63,DS-P1-Yu 7,Retired,,Success
US Air Force,"Space Launch Complex 3W, Vandenberg SFB, CA, USA",1967-03-30,18:54:23,Thor SLV-2A Agena D,KH-4A 40,Retired,,Success
RVSN USSR,"41/1, Plesetsk Cosmodrome, Russian Federation",1967-04-04,14:00:02,Vostok 8A92,Zenit-2 48,Retired,,Success
US Air Force,"Launch Complex 12, Cape Canaveral SFS, FL, USA",1967-04-06,03:23:01,Atlas SLV-3 Agena D,ATS 2,Retired,,Success
RVSN USSR,"81/23 (81L), Baikonur Cosmodrome, Republic of Kazakhstan",1967-04-08,09:00:33,Proton / UR-500 K/D,,Retired,,Failure
RVSN USSR,"1/5, Baikonur Cosmodrome, Republic of Kazakhstan",1967-04-12,10:51:02,Voskhod,Zenit-4 28,Retired,,Success
Institute of Space and Astronautical Science,"KS Center, Uchinoura Space Center, Japan",1967-04-13,02:40:00,Lambda 4S,Ohsumi 3,Retired,,Failure
US Air Force,"Space Launch Complex 5, Vandenberg SFB, CA, USA",1967-04-14,03:25:00,Scout A,Transit-O 12,Retired,8.61,Success
US Air Force,"Launch Complex 36B, Cape Canaveral SFS, FL, USA",1967-04-17,07:05:01,Atlas LV-3C Centaur D,Surveyor 3,Retired,,Success
US Air Force,"Space Launch Complex 3E, Vandenberg SFB, CA, USA",1967-04-20,01:35:01,Atlas SLV-3,PRIME 3,Retired,,Success
US Air Force,"Space Launch Complex 2E, Vandenberg SFB, CA, USA",1967-04-20,11:21:10,Thor Delta E,ESSA 5,Retired,13.93,Success
RVSN USSR,"1/5, Baikonur Cosmodrome, Republic of Kazakhstan",1967-04-23,00:35:00,Soyuz,Soyuz 1,Active,,Success
National Research Council,"San Marco platform, Broglio Space Center, Kenya",1967-04-26,10:06:24,Scout B,San Marco 2,Retired,8.66,Success
US Air Force,"Space Launch Complex 4W, Vandenberg SFB, CA, USA",1967-04-26,18:00:00,Titan IIIB,KH-8 5,Retired,,Failure
RVSN USSR,"41/1, Plesetsk Cosmodrome, Russian Federation",1967-04-27,12:50:02,Vostok 8A92M,Meteor-1 7,Retired,,Success
US Air Force,"Space Launch Complex 41, Cape Canaveral SFS, FL, USA",1967-04-28,10:01:01,Titan IIIC,Vela 4A & 4B,Retired,,Success
US Air Force,"Space Launch Complex 13, Cape Canaveral SFS, FL, USA",1967-05-04,22:25:00,Atlas SLV-3 Agena D,Lunar Orbiter 4,Retired,,Success
Science and Engineering Research Council,"Space Launch Complex 5, Vandenberg SFB, CA, USA",1967-05-05,16:00:01,Scout A,Ariel 3,Retired,8.61,Success
US Air Force,"Space Launch Complex 1E, Vandenberg SFB, CA, USA",1967-05-09,21:50:42,Thorad SLV-2G Agena D,KH-4A 41,Retired,19.56,Success
RVSN USSR,"1/5, Baikonur Cosmodrome, Republic of Kazakhstan",1967-05-12,10:30:01,Vostok 8A92,Zenit-2 49,Retired,,Success
RVSN USSR,"132/2, Plesetsk Cosmodrome, Russian Federation",1967-05-15,11:00:00,Kosmos-3M (11K65M),Zaliv-GVM 1,Retired,,Success
RVSN USSR,"1/5, Baikonur Cosmodrome, Republic of Kazakhstan",1967-05-16,21:43:57,Molniya-M 2BL,Ye-6LS 111,Retired,,Success
RVSN USSR,"161/35, Baikonur Cosmodrome, Republic of Kazakhstan",1967-05-17,16:05:02,R-36O 8K69,OGCh 9,Retired,,Success
US Air Force,"Space Launch Complex 5, Vandenberg SFB, CA, USA",1967-05-18,09:05:01,Scout A,Transit-O 13,Retired,8.61,Success
RVSN USSR,"41/1, Plesetsk Cosmodrome, Russian Federation",1967-05-22,14:00:00,Voskhod,Zenit-4 29,Retired,,Success
US Air Force,"Space Launch Complex 4E, Vandenberg SFB, CA, USA",1967-05-22,18:30:00,Atlas SLV-3 Agena D,KH-7 37,Retired,,Success
US Air Force,"Space Launch Complex 2E, Vandenberg SFB, CA, USA",1967-05-24,14:05:54,Thor Delta E1,IMP F,Retired,,Success
RVSN USSR,"1/5, Baikonur Cosmodrome, Republic of Kazakhstan",1967-05-24,22:50:00,Molniya 8K78,Molniya-1 5,Retired,,Success
European Space Research Organisation,"Space Launch Complex 5, Vandenberg SFB, CA, USA",1967-05-30,02:06:00,Scout B,ESRO 2A,Retired,8.66,Failure
US Air Force,"Space Launch Complex 2W, Vandenberg SFB, CA, USA",1967-05-31,09:30:48,Thor SLV-2 Agena D,"Poppy 7A,B,C,D",Retired,19.56,Success
RVSN USSR,"1/5, Baikonur Cosmodrome, Republic of Kazakhstan",1967-06-01,10:40:02,Voskhod,Zenit-4 30,Retired,,Success
US Air Force,"Space Launch Complex 4E, Vandenberg SFB, CA, USA",1967-06-04,18:07:01,Atlas SLV-3 Agena D,KH-7 38,Retired,,Success
RVSN USSR,"86/1, Kapustin Yar, Russian Federation",1967-06-05,05:03:00,Kosmos 11K63,DS-U2-MP 2,Retired,,Success
RVSN USSR,"41/1, Plesetsk Cosmodrome, Russian Federation",1967-06-08,13:00:01,Voskhod,Zenit-2 50,Retired,,Success
RVSN USSR,"1/5, Baikonur Cosmodrome, Republic of Kazakhstan",1967-06-12,02:39:45,Molniya-M 2BL,Venera-4,Retired,,Success
RVSN USSR,"133/3 (133L), Plesetsk Cosmodrome, Russian Federation",1967-06-12,18:06:00,Kosmos 11K63,DS-P1-Yu 8,Retired,,Success
US Air Force,"Launch Complex 12, Cape Canaveral SFS, FL, USA",1967-06-14,06:01:00,Atlas SLV-3 Agena D,Mariner 5,Retired,,Success
RVSN USSR,"86/1, Kapustin Yar, Russian Federation",1967-06-16,04:44:00,Kosmos 11K63,DS-U3-S 1,Retired,,Success
US Air Force,"Space Launch Complex 1W, Vandenberg SFB, CA, USA",1967-06-16,21:35:22,Thorad SLV-2G Agena D,KH-4A 42,Retired,19.56,Success
RVSN USSR,"1/5, Baikonur Cosmodrome, Republic of Kazakhstan",1967-06-17,02:36:38,Molniya-M 2BL,Venera-5a,Retired,,Failure
RVSN USSR,"41/1, Plesetsk Cosmodrome, Russian Federation",1967-06-20,11:00:00,Voskhod,Zenit-4 31,Retired,,Failure
US Air Force,"Space Launch Complex 4W, Vandenberg SFB, CA, USA",1967-06-20,16:15:00,Titan IIIB,KH-8 6,Retired,,Success
RVSN USSR,"132/2, Plesetsk Cosmodrome, Russian Federation",1967-06-26,04:30:00,Kosmos-3M (11K65M),Tselina-O-GVM,Retired,,Failure
US Air Force,"Space Launch Complex 10W, Vandenberg SFB, CA, USA",1967-06-29,21:01:44,Thor Burner 2,Aurora 1 & SECOR 9,Retired,,Success
US Air Force,"Space Launch Complex 41, Cape Canaveral SFS, FL, USA",1967-07-01,13:15:01,Titan IIIC,IDCSP 16 to 19,Retired,,Success
RVSN USSR,"31/6, Baikonur Cosmodrome, Republic of Kazakhstan",1967-07-04,05:59:59,Voskhod,Zenit-2 51,Retired,,Success
US Air Force,"Launch Complex 36A, Cape Canaveral SFS, FL, USA",1967-07-14,11:53:29,Atlas LV-3C Centaur D,Surveyor 4,Retired,,Success
RVSN USSR,"162/36, Baikonur Cosmodrome, Republic of Kazakhstan",1967-07-17,16:45:04,R-36O 8K69,OGCh 10,Retired,,Success
US Air Force,"Space Launch Complex 17B, Cape Canaveral SFS, FL, USA",1967-07-19,14:19:02,Thor Delta E1,Explorer 35,Retired,,Success
RVSN USSR,"31/6, Baikonur Cosmodrome, Republic of Kazakhstan",1967-07-21,06:00:04,Voskhod,Zenit-4 32,Retired,,Failure
US Air Force,"Space Launch Complex 2W, Vandenberg SFB, CA, USA",1967-07-25,03:48:10,Thor SLV-2A Agena D,Multigroup 2 & Setter 1B,Retired,,Success
US Air Force,"576B3, Vandenberg SFB, CA, USA",1967-07-27,19:00:03,SM-65D Atlas,"OV1-11,12,86",Retired,,Failure
US Air Force,"Space Launch Complex 2E, Vandenberg SFB, CA, USA",1967-07-28,14:21:07,Thor SLV-2A Agena D,OGO 4,Retired,,Success
RVSN USSR,"161/35, Baikonur Cosmodrome, Republic of Kazakhstan",1967-07-31,16:45:00,R-36O 8K69,OGCh 11,Retired,,Success
US Air Force,"Space Launch Complex 13, Cape Canaveral SFS, FL, USA",1967-08-01,22:33:00,Atlas SLV-3 Agena D,Lunar Orbiter 5,Retired,,Success
US Air Force,"Space Launch Complex 1E, Vandenberg SFB, CA, USA",1967-08-07,21:44:00,Thorad SLV-2G Agena D,KH-4A 43,Retired,19.56,Success
RVSN USSR,"162/36, Baikonur Cosmodrome, Republic of Kazakhstan",1967-08-08,16:05:02,R-36O 8K69,OGCh 12,Retired,,Success
RVSN USSR,"1/5, Baikonur Cosmodrome, Republic of Kazakhstan",1967-08-09,05:45:18,Voskhod,Zenit-4 33,Retired,,Success
US Air Force,"Space Launch Complex 4W, Vandenberg SFB, CA, USA",1967-08-16,17:07:00,Titan IIIB,KH-8 7,Retired,,Success
US Air Force,"Space Launch Complex 10W, Vandenberg SFB, CA, USA",1967-08-23,04:41:04,Thor Burner 2,DSAP-4A F3,Retired,,Success
RVSN USSR,"133/3 (133L), Plesetsk Cosmodrome, Russian Federation",1967-08-24,04:59:49,Kosmos 11K63,DS-P1-Yu 9,Retired,,Success
RVSN USSR,"1/5, Baikonur Cosmodrome, Republic of Kazakhstan",1967-08-31,08:00:03,Molniya 8K78,Molniya-1Yu 11L,Retired,,Success
RVSN USSR,"41/1, Plesetsk Cosmodrome, Russian Federation",1967-09-01,10:30:00,Voskhod,Zenit-2 52,Retired,,Failure
US Air Force,"Space Launch Complex 17B, Cape Canaveral SFS, FL, USA",1967-09-07,22:04:26,Thor Delta G,Biosat 2,Retired,10.15,Success
US Air Force,"Launch Complex 36B, Cape Canaveral SFS, FL, USA",1967-09-08,07:57:01,Atlas SLV-3C Centaur,Surveyor 5,Retired,,Success
RVSN USSR,"41/1, Plesetsk Cosmodrome, Russian Federation",1967-09-11,10:30:00,Voskhod,Zenit-4 34,Retired,,Success
RVSN USSR,"133/3 (133L), Plesetsk Cosmodrome, Russian Federation",1967-09-12,17:00:00,Kosmos 11K63,DS-P1-Yu 10,Retired,,Success
US Air Force,"Space Launch Complex 1W, Vandenberg SFB, CA, USA",1967-09-15,19:41:15,Thorad SLV-2G Agena D,KH-4B 1,Retired,19.56,Success
RVSN USSR,"1/5, Baikonur Cosmodrome, Republic of Kazakhstan",1967-09-16,06:06:00,Voskhod,Zenit-2 53,Retired,,Success
RVSN USSR,"161/35, Baikonur Cosmodrome, Republic of Kazakhstan",1967-09-19,14:45:03,R-36O 8K69,OGCh 13,Retired,,Success
US Air Force,"Space Launch Complex 4W, Vandenberg SFB, CA, USA",1967-09-19,18:37:00,Titan IIIB,KH-8 8,Retired,,Success
RVSN USSR,"162/36, Baikonur Cosmodrome, Republic of Kazakhstan",1967-09-22,14:05:05,R-36O 8K69,OGCh 14,Retired,,Success
US Air Force,"Space Launch Complex 5, Vandenberg SFB, CA, USA",1967-09-25,08:25:00,Scout A,Transit-O 14,Retired,8.61,Success
RVSN USSR,"41/1, Plesetsk Cosmodrome, Russian Federation",1967-09-26,10:20:00,Voskhod,Zenit-2 54,Retired,,Success
RVSN USSR,"132/2, Plesetsk Cosmodrome, Russian Federation",1967-09-27,11:00:00,Kosmos-3M (11K65M),Zaliv-GVM 2,Retired,,Failure
RVSN USSR,"81/23 (81L), Baikonur Cosmodrome, Republic of Kazakhstan",1967-09-27,22:11:54,Proton / UR-500 K/D,,Retired,,Failure
US Air Force,"Space Launch Complex 17B, Cape Canaveral SFS, FL, USA",1967-09-28,00:45:00,Thor Delta E1,INTELSAT II F-4,Retired,,Success
RVSN USSR,"1/5, Baikonur Cosmodrome, Republic of Kazakhstan",1967-10-03,05:00:01,Molniya 8K78,Molniya-1 6,Retired,,Success
US Air Force,"Space Launch Complex 10W, Vandenberg SFB, CA, USA",1967-10-11,07:57:56,Thor Burner 2,DSAP-4A F4,Retired,,Success
RVSN USSR,"41/1, Plesetsk Cosmodrome, Russian Federation",1967-10-11,11:30:04,Voskhod,Zenit-2 55,Retired,,Success
RVSN USSR,"31/6, Baikonur Cosmodrome, Republic of Kazakhstan",1967-10-16,08:00:00,Voskhod,Zenit-4 35,Retired,,Success
US Air Force,"Edwards Air Force Base, Air launch to Suborbital flight",1967-10-17,17:40:00,North American X-15,Flight 190,Retired,,Success
RVSN USSR,"161/35, Baikonur Cosmodrome, Republic of Kazakhstan",1967-10-18,13:30:01,R-36O 8K69,OGCh 15,Retired,,Success
US Air Force,"Space Launch Complex 17B, Cape Canaveral SFS, FL, USA",1967-10-18,15:58:00,Thor Delta C1,OSO 4,Retired,,Success
NASA,"Launch Area 3A, Wallops Flight Facility, Virginia, USA",1967-10-19,17:33:00,Scout B,RAM C-1,Retired,8.66,Success
RVSN USSR,"1/5, Baikonur Cosmodrome, Republic of Kazakhstan",1967-10-22,08:40:01,Molniya 8K78,Molniya-1 7,Retired,,Success
RVSN USSR,"41/1, Plesetsk Cosmodrome, Russian Federation",1967-10-24,22:49:09,Vostok 8A92M,Meteor-1 8,Retired,,Success
US Air Force,"Space Launch Complex 4W, Vandenberg SFB, CA, USA",1967-10-25,19:15:00,Titan IIIB,KH-8 9,Retired,,Success
RVSN USSR,"90/19, Baikonur Cosmodrome, Republic of Kazakhstan",1967-10-27,02:21:19,Tsiklon-2A,I2-BM,Retired,,Success
RVSN USSR,"31/6, Baikonur Cosmodrome, Republic of Kazakhstan",1967-10-27,09:29:59,Soyuz,,Active,,Success
RVSN USSR,"162/36, Baikonur Cosmodrome, Republic of Kazakhstan",1967-10-28,13:15:01,R-36O 8K69,OGCh 16,Retired,,Success
RVSN USSR,"1/5, Baikonur Cosmodrome, Republic of Kazakhstan",1967-10-30,08:12:41,Soyuz,,Active,,Success
RVSN USSR,"132/2, Plesetsk Cosmodrome, Russian Federation",1967-10-30,17:59:59,Kosmos-3M (11K65M),Tselina-O 1,Retired,,Success
US Air Force,"Space Launch Complex 1E, Vandenberg SFB, CA, USA",1967-11-02,21:31:19,Thorad SLV-2G Agena D,KH-4A 44,Retired,19.56,Success
RVSN USSR,"41/1, Plesetsk Cosmodrome, Russian Federation",1967-11-03,11:20:00,Voskhod,Zenit-4 36,Retired,,Success
US Air Force,"Launch Complex 12, Cape Canaveral SFS, FL, USA",1967-11-05,23:37:00,Atlas SLV-3 Agena D,ATS 3,Retired,,Success
US Air Force,"Launch Complex 36B, Cape Canaveral SFS, FL, USA",1967-11-07,07:39:01,Atlas SLV-3C Centaur,Surveyor 6,Retired,,Success
NASA,"Launch Complex 39A, Kennedy Space Center, FL, USA",1967-11-09,12:00:01,Saturn V,Apollo 4,Retired,,Success
US Air Force,"Space Launch Complex 2E, Vandenberg SFB, CA, USA",1967-11-10,17:53:08,Thor Delta E1,ESSA 6,Retired,,Success
US Air Force,"Edwards Air Force Base, Air launch to Suborbital flight",1967-11-15,18:30:00,North American X-15,Flight 191,Retired,,Failure
RVSN USSR,"133/3 (133L), Plesetsk Cosmodrome, Russian Federation",1967-11-21,14:29:48,Kosmos 11K63,DS-P1-Yu 11,Retired,,Success
RVSN USSR,"81/24 (81P), Baikonur Cosmodrome, Republic of Kazakhstan",1967-11-22,19:07:59,Proton / UR-500 K/D,,Retired,,Failure
RVSN USSR,"132/2, Plesetsk Cosmodrome, Russian Federation",1967-11-23,15:00:00,Kosmos-3M (11K65M),Zaliv 1,Retired,,Success
RVSN USSR,"41/1, Plesetsk Cosmodrome, Russian Federation",1967-11-25,11:30:00,Voskhod,Zenit-2 56,Retired,,Success
Weapons Research Establishment,"Launch Area 8, RAAF Woomera Range Complex",1967-11-29,04:49:00,SPARTA,WRESAT,Retired,,Success
RVSN USSR,"41/1, Plesetsk Cosmodrome, Russian Federation",1967-12-03,12:00:00,Voskhod,Zenit-4 37,Retired,,Success
US Air Force,"Space Launch Complex 5, Vandenberg SFB, CA, USA",1967-12-05,01:03:46,Scout B,OV3-6,Retired,8.66,Success
US Air Force,"Space Launch Complex 4W, Vandenberg SFB, CA, USA",1967-12-05,18:45:00,Titan IIIB,KH-8 10,Retired,,Success
US Air Force,"Space Launch Complex 1W, Vandenberg SFB, CA, USA",1967-12-09,22:25:41,Thorad SLV-2G Agena D,KH-4B 2,Retired,19.56,Success
US Air Force,"Space Launch Complex 17B, Cape Canaveral SFS, FL, USA",1967-12-13,14:08:00,Thor Delta E1,Pioneer 8,Retired,,Success
RVSN USSR,"41/1, Plesetsk Cosmodrome, Russian Federation",1967-12-16,12:00:37,Voskhod,Zenit-2 57,Retired,,Success
RVSN USSR,"86/1, Kapustin Yar, Russian Federation",1967-12-19,06:30:07,Kosmos-2I,DS-U1-G 2,Retired,,Success
RVSN USSR,"86/4, Kapustin Yar, Russian Federation",1967-12-26,09:01:59,Kosmos 11K63,DS-U2-V 3,Retired,,Success
RVSN USSR,"90/19, Baikonur Cosmodrome, Republic of Kazakhstan",1967-12-27,11:28:51,Tsiklon-2A,US-AO 3,Retired,,Success
US Air Force,"Launch Complex 36A, Cape Canaveral SFS, FL, USA",1968-01-07,06:30:00,Atlas SLV-3C Centaur,Surveyor 7,Retired,,Success
US Air Force,"Space Launch Complex 2E, Vandenberg SFB, CA, USA",1968-01-11,16:16:00,Thor Delta E1,GEOS B,Retired,,Success
RVSN USSR,"41/1, Plesetsk Cosmodrome, Russian Federation",1968-01-16,12:00:01,Voskhod,Zenit-2 58,Retired,,Success
US Air Force,"Space Launch Complex 2W, Vandenberg SFB, CA, USA",1968-01-17,10:12:00,Thor SLV-2A Agena D,Multigroup 3 & Setter 1B-2,Retired,,Success
US Air Force,"Space Launch Complex 4W, Vandenberg SFB, CA, USA",1968-01-18,19:04:00,Titan IIIB,KH-8 11,Retired,,Success
RVSN USSR,"132/2, Plesetsk Cosmodrome, Russian Federation",1968-01-19,22:00:00,Kosmos-3M (11K65M),Tselina-O 2,Retired,,Success
NASA,"Launch Complex 34, Cape Canaveral SFS, FL, USA",1968-01-22,22:48:09,Saturn IB,Apollo 5,Retired,,Success
US Air Force,"Space Launch Complex 1E, Vandenberg SFB, CA, USA",1968-01-24,22:26:00,Thorad SLV-2G Agena D,KH-4A 45,Retired,19.56,Success
RVSN USSR,"31/6, Baikonur Cosmodrome, Republic of Kazakhstan",1968-02-06,08:00:00,Voskhod,Zenit-4 38,Retired,,Success
RVSN USSR,"1/5, Baikonur Cosmodrome, Republic of Kazakhstan",1968-02-07,10:43:54,Molniya-M 2BL,Ye-6LS 112,Retired,,Failure
RVSN USSR,"86/4, Kapustin Yar, Russian Federation",1968-02-20,10:03:11,Kosmos 11K63,DS-U2-V 4,Retired,,Success
RVSN USSR,"132/2, Plesetsk Cosmodrome, Russian Federation",1968-02-20,16:00:00,Kosmos-3M (11K65M),Sfera 1,Retired,,Success
US Air Force,"Space Launch Complex 5, Vandenberg SFB, CA, USA",1968-03-02,03:55:01,Scout A,Transit-O 18,Retired,8.61,Success
RVSN USSR,"81/23 (81L), Baikonur Cosmodrome, Republic of Kazakhstan",1968-03-02,18:29:23,Proton / UR-500 K/D,,Retired,,Success
US Air Force,"Space Launch Complex 13, Cape Canaveral SFS, FL, USA",1968-03-04,13:06:01,Atlas SLV-3A Agena D,OGO 5,Retired,,Success
RVSN USSR,"133/3 (133L), Plesetsk Cosmodrome, Russian Federation",1968-03-05,11:20:00,Kosmos 11K63,DS-P1-I 3,Retired,,Success
RVSN USSR,"41/1, Plesetsk Cosmodrome, Russian Federation",1968-03-05,12:30:01,Voskhod,Zenit-2 59,Retired,,Success
NASA,"Launch Area 3A, Wallops Flight Facility, Virginia, USA",1968-03-05,18:28:00,Scout B,Explorer 37,Retired,8.66,Success
RVSN USSR,"86/4, Kapustin Yar, Russian Federation",1968-03-06,11:02:57,Kosmos 11K63,DS-U1-Ya 1,Retired,,Failure
US Air Force,"Space Launch Complex 4W, Vandenberg SFB, CA, USA",1968-03-13,19:51:00,Titan IIIB,KH-8 12,Retired,,Success
RVSN USSR,"41/1, Plesetsk Cosmodrome, Russian Federation",1968-03-14,09:34:01,Vostok 8A92M,Meteor-1 9,Retired,,Success
US Air Force,"Space Launch Complex 1E, Vandenberg SFB, CA, USA",1968-03-14,22:00:14,Thorad SLV-2G Agena D,KH-4A 46,Retired,19.56,Success
RVSN USSR,"41/1, Plesetsk Cosmodrome, Russian Federation",1968-03-16,12:30:00,Voskhod,Zenit-4 39,Retired,,Success
RVSN USSR,"1/5, Baikonur Cosmodrome, Republic of Kazakhstan",1968-03-21,09:50:00,Voskhod,Zenit-2M 1,Retired,,Success
RVSN USSR,"90/19, Baikonur Cosmodrome, Republic of Kazakhstan",1968-03-22,09:30:34,Tsiklon-2A,US-AO 4,Retired,,Success
RVSN USSR,"41/1, Plesetsk Cosmodrome, Russian Federation",1968-04-03,11:00:00,Voskhod,Zenit-2 60,Retired,,Success
NASA,"Launch Complex 39A, Kennedy Space Center, FL, USA",1968-04-04,12:00:01,Saturn V,Apollo 6,Retired,,Partial Failure
US Air Force,"576A2, Vandenberg SFB, CA, USA",1968-04-06,09:59:42,SM-65F Atlas,OV1-13 & 14,Retired,,Success
RVSN USSR,"1/5, Baikonur Cosmodrome, Republic of Kazakhstan",1968-04-07,10:09:32,Molniya-M 2BL,Luna-14,Retired,,Success
RVSN USSR,"133/3 (133L), Plesetsk Cosmodrome, Russian Federation",1968-04-09,11:26:25,Kosmos 11K63,DS-P1-Yu 12,Retired,,Success
RVSN USSR,"31/6, Baikonur Cosmodrome, Republic of Kazakhstan",1968-04-14,10:00:00,Soyuz,,Active,,Success
RVSN USSR,"1/5, Baikonur Cosmodrome, Republic of Kazakhstan",1968-04-15,09:34:18,Soyuz,,Active,,Success
US Air Force,"Space Launch Complex 4W, Vandenberg SFB, CA, USA",1968-04-17,17:00:00,Titan IIIB,KH-8 13,Retired,,Success
RVSN USSR,"41/1, Plesetsk Cosmodrome, Russian Federation",1968-04-18,10:30:01,Voskhod,Zenit-4 40,Retired,,Success
RVSN USSR,"86/4, Kapustin Yar, Russian Federation",1968-04-18,22:29:53,Kosmos 11K63,DS-U1-A,Retired,,Success
RVSN USSR,"31/6, Baikonur Cosmodrome, Republic of Kazakhstan",1968-04-20,10:30:00,Voskhod,Zenit-2 61,Retired,,Success
RVSN USSR,"1/5, Baikonur Cosmodrome, Republic of Kazakhstan",1968-04-21,04:20:01,Molniya-M 2BL,Molniya-1 8,Retired,,Success
RVSN USSR,"81/24 (81P), Baikonur Cosmodrome, Republic of Kazakhstan",1968-04-22,23:01:27,Proton / UR-500 K/D,,Retired,,Failure
RVSN USSR,"90/20, Baikonur Cosmodrome, Republic of Kazakhstan",1968-04-24,16:00:00,Tsiklon-2A,I2M 1,Retired,,Success
RVSN USSR,"162/36, Baikonur Cosmodrome, Republic of Kazakhstan",1968-04-25,00:45:10,R-36O 8K69,OGCh 17,Retired,,Success
RVSN USSR,"86/4, Kapustin Yar, Russian Federation",1968-04-26,04:42:56,Kosmos 11K63,DS-U2-D 2,Retired,,Success
US Air Force,"Space Launch Complex 3W, Vandenberg SFB, CA, USA",1968-05-01,21:31:00,Thorad SLV-2G Agena D,KH-4B 3,Retired,19.56,Success
RVSN USSR,"132/2, Plesetsk Cosmodrome, Russian Federation",1968-05-07,13:58:00,Kosmos-3M (11K65M),Zaliv 2,Retired,,Success
European Space Research Organisation,"Space Launch Complex 5, Vandenberg SFB, CA, USA",1968-05-17,02:06:00,Scout B,ESRO 2B,Retired,8.66,Success
US Air Force,"Space Launch Complex 2E, Vandenberg SFB, CA, USA",1968-05-18,08:23:00,Thorad SLV-2G Agena D,Nimbus B,Retired,19.56,Failure
RVSN USSR,"162/36, Baikonur Cosmodrome, Republic of Kazakhstan",1968-05-20,22:05:02,R-36O 8K69,OGCh 18,Retired,,Success
US Air Force,"Space Launch Complex 10W, Vandenberg SFB, CA, USA",1968-05-23,04:38:12,Thor Burner 2,DSAP-4B F1,Retired,,Success
RVSN USSR,"86/4, Kapustin Yar, Russian Federation",1968-05-24,07:04:50,Kosmos 11K63,DS-P1-Yu 13,Retired,,Success
RVSN USSR,"161/35, Baikonur Cosmodrome, Republic of Kazakhstan",1968-05-27,23:15:01,R-36O 8K69,OGCh 19,Retired,,Success
RVSN USSR,"133/3 (133L), Plesetsk Cosmodrome, Russian Federation",1968-05-30,20:29:49,Kosmos 11K63,DS-P1-Yu 14,Retired,,Success
RVSN USSR,"41/1, Plesetsk Cosmodrome, Russian Federation",1968-06-01,10:50:00,Voskhod,Zenit-2 62,Retired,,Success
RVSN USSR,"31/6, Baikonur Cosmodrome, Republic of Kazakhstan",1968-06-04,06:45:02,Voskhod,Zenit-4 41,Retired,,Success
RVSN USSR,"132/2, Plesetsk Cosmodrome, Russian Federation",1968-06-04,18:45:00,Kosmos-3M (11K65M),Sfera 2,Retired,,Failure
US Air Force,"Space Launch Complex 4W, Vandenberg SFB, CA, USA",1968-06-05,17:33:00,Titan IIIB,KH-8 14,Retired,,Success
RVSN USSR,"86/4, Kapustin Yar, Russian Federation",1968-06-11,21:29:54,Kosmos 11K63,DS-U1-Ya 2,Retired,,Success
RVSN USSR,"41/1, Plesetsk Cosmodrome, Russian Federation",1968-06-12,13:14:59,Vostok 8A92M,Meteor-1 10,Retired,,Success
US Air Force,"Space Launch Complex 41, Cape Canaveral SFS, FL, USA",1968-06-13,14:03:50,Titan IIIC,IDCSP 20 to 27,Retired,,Success
RVSN USSR,"41/15, Baikonur Cosmodrome, Republic of Kazakhstan",1968-06-15,12:25:00,Kosmos 11K65,Strela-2 4,Retired,,Failure
RVSN USSR,"31/6, Baikonur Cosmodrome, Republic of Kazakhstan",1968-06-18,06:15:06,Voskhod,Zenit-4 42,Retired,,Success
US Air Force,"Space Launch Complex 1E, Vandenberg SFB, CA, USA",1968-06-20,21:46:05,Thorad SLV-2G Agena D,KH-4A 47,Retired,19.56,Success
RVSN USSR,"1/5, Baikonur Cosmodrome, Republic of Kazakhstan",1968-06-21,12:00:03,Voskhod,Zenit-2M 2,Retired,,Success
RVSN USSR,"41/1, Plesetsk Cosmodrome, Russian Federation",1968-06-26,11:00:01,Voskhod,Zenit-4 43,Retired,,Success
US Air Force,"Space Launch Complex 2E, Vandenberg SFB, CA, USA",1968-07-04,17:26:50,Thor Delta J,RAE 1,Retired,16.6,Success
RVSN USSR,"86/4, Kapustin Yar, Russian Federation",1968-07-05,06:59:50,Kosmos 11K63,DS-U3-S 2,Retired,,Success
RVSN USSR,"1/5, Baikonur Cosmodrome, Republic of Kazakhstan",1968-07-05,15:25:59,Molniya-M 2BL,Molniya-1 9,Retired,,Success
RVSN USSR,"31/6, Baikonur Cosmodrome, Republic of Kazakhstan",1968-07-10,19:49:58,Voskhod,Zenit-2 63,Retired,,Success
US Air Force,"576A2, Vandenberg SFB, CA, USA",1968-07-11,19:30:00,SM-65F Atlas,OV1-15,Retired,,Success
RVSN USSR,"41/1, Plesetsk Cosmodrome, Russian Federation",1968-07-16,13:10:00,Voskhod,Zenit-4 44,Retired,,Success
RVSN USSR,"133/3 (133L), Plesetsk Cosmodrome, Russian Federation",1968-07-18,19:59:50,Kosmos 11K63,DS-P1-Yu 15,Retired,,Success
RVSN USSR,"81/23 (81L), Baikonur Cosmodrome, Republic of Kazakhstan",1968-07-21,00:00:00,Proton / UR-500 K/D,,Retired,,Failure
RVSN USSR,"31/6, Baikonur Cosmodrome, Republic of Kazakhstan",1968-07-30,07:00:00,Voskhod,Zenit-4 45,Retired,,Success
US Air Force,"Space Launch Complex 13, Cape Canaveral SFS, FL, USA",1968-08-06,11:08:00,Atlas SLV-3A Agena D,Canyon 1,Retired,,Success
US Air Force,"Space Launch Complex 4W, Vandenberg SFB, CA, USA",1968-08-06,16:30:00,Titan IIIB,KH-8 15,Retired,,Success
US Air Force,"Space Launch Complex 3W, Vandenberg SFB, CA, USA",1968-08-07,21:36:55,Thorad SLV-2G Agena D,KH-4B 4,Retired,19.56,Success
NASA,"Space Launch Complex 5, Vandenberg SFB, CA, USA",1968-08-08,20:12:00,Scout B,Explorer 39,Retired,8.66,Success
RVSN USSR,"31/6, Baikonur Cosmodrome, Republic of Kazakhstan",1968-08-09,07:00:00,Voskhod,Zenit-2 64,Retired,,Success
US Air Force,"Launch Complex 36A, Cape Canaveral SFS, FL, USA",1968-08-10,22:33:02,Atlas SLV-3C Centaur,ATS 4,Retired,,Success
US Air Force,"Space Launch Complex 2E, Vandenberg SFB, CA, USA",1968-08-16,11:24:33,Thor Delta N,ESSA 7,Retired,18.8,Success
US Air Force,"Space Launch Complex 3E, Vandenberg SFB, CA, USA",1968-08-16,20:57:44,Atlas SLV-3 Burner-2,UVR,Retired,,Failure
US Air Force,"Edwards Air Force Base, Air launch to Suborbital flight",1968-08-21,17:05:00,North American X-15,Flight 197,Retired,,Success
NASA,"Launch Area 3A, Wallops Flight Facility, Virginia, USA",1968-08-22,15:16:00,Scout B,RAM C-2,Retired,8.66,Success
RVSN USSR,"41/15, Baikonur Cosmodrome, Republic of Kazakhstan",1968-08-27,11:29:00,Kosmos 11K65,Strela-2 5,Retired,,Success
RVSN USSR,"41/1, Plesetsk Cosmodrome, Russian Federation",1968-08-27,12:29:59,Voskhod,Zenit-4 46,Retired,,Success
RVSN USSR,"31/6, Baikonur Cosmodrome, Republic of Kazakhstan",1968-08-28,10:00:00,Soyuz,,Active,,Success
RVSN USSR,"31/6, Baikonur Cosmodrome, Republic of Kazakhstan",1968-09-05,07:00:01,Voskhod,Zenit-4 47,Retired,,Success
US Air Force,"Space Launch Complex 4W, Vandenberg SFB, CA, USA",1968-09-10,18:30:00,Titan IIIB,KH-8 16,Retired,,Success
RVSN USSR,"31/6, Baikonur Cosmodrome, Republic of Kazakhstan",1968-09-14,06:50:00,Voskhod,Zenit-2 65,Retired,,Success
RVSN USSR,"81/23 (81L), Baikonur Cosmodrome, Republic of Kazakhstan",1968-09-14,21:42:11,Proton / UR-500 K/D,,Retired,,Success
RVSN USSR,"41/1, Plesetsk Cosmodrome, Russian Federation",1968-09-16,12:30:01,Voskhod,Zenit-4 48,Retired,,Success
US Air Force,"Space Launch Complex 1E, Vandenberg SFB, CA, USA",1968-09-18,21:32:00,Thorad SLV-2G Agena D,KH-4A 48,Retired,19.56,Success
US Air Force,"Space Launch Complex 17A, Cape Canaveral SFS, FL, USA",1968-09-19,00:09:00,Thor Delta M,INTELSAT III F-1,Retired,22.3,Failure
RVSN USSR,"133/3 (133L), Plesetsk Cosmodrome, Russian Federation",1968-09-20,14:39:59,Kosmos 11K63,DS-P1-I 4,Retired,,Success
RVSN USSR,"1/5, Baikonur Cosmodrome, Republic of Kazakhstan",1968-09-23,07:39:59,Voskhod,Zenit-2M 3,Retired,,Success
US Air Force,"Space Launch Complex 41, Cape Canaveral SFS, FL, USA",1968-09-26,07:37:01,Titan IIIC,OV2-5,Retired,,Success
RVSN USSR,"161/35, Baikonur Cosmodrome, Republic of Kazakhstan",1968-10-02,13:35:01,R-36O 8K69,OGCh 20,Retired,,Success
RVSN USSR,"133/3 (133L), Plesetsk Cosmodrome, Russian Federation",1968-10-03,12:58:59,Kosmos 11K63,DS-P1-Yu 16,Retired,,Success
European Space Research Organisation,"Space Launch Complex 5, Vandenberg SFB, CA, USA",1968-10-03,20:49:39,Scout B,ESRO 1A (Aurorae),Retired,8.66,Success
RVSN USSR,"1/5, Baikonur Cosmodrome, Republic of Kazakhstan",1968-10-05,00:32:00,Molniya-M 2BL,Molniya-1 10,Retired,,Success
US Air Force,"Space Launch Complex 1W, Vandenberg SFB, CA, USA",1968-10-05,11:16:00,Thorad SLV-2G Agena D,Strawman 1,Retired,19.56,Success
RVSN USSR,"41/1, Plesetsk Cosmodrome, Russian Federation",1968-10-07,12:05:46,Voskhod,Zenit-4 49,Retired,,Success
RVSN USSR,"41/1, Plesetsk Cosmodrome, Russian Federation",1968-10-11,12:05:01,Voskhod,Zenit-2 66,Retired,,Success
NASA,"Launch Complex 34, Cape Canaveral SFS, FL, USA",1968-10-11,15:02:45,Saturn IB,Apollo 7,Retired,,Success
RVSN USSR,"90/19, Baikonur Cosmodrome, Republic of Kazakhstan",1968-10-19,04:20:00,Tsiklon-2A,I2M 2,Retired,,Success
RVSN USSR,"90/20, Baikonur Cosmodrome, Republic of Kazakhstan",1968-10-20,04:02:00,Tsiklon-2A,I2P 1,Retired,,Success
US Air Force,"Space Launch Complex 10W, Vandenberg SFB, CA, USA",1968-10-23,04:34:03,Thor Burner 2,DSAP-4B F2,Retired,,Success
RVSN USSR,"1/5, Baikonur Cosmodrome, Republic of Kazakhstan",1968-10-25,09:00:00,Soyuz,,Active,,Success
RVSN USSR,"31/6, Baikonur Cosmodrome, Republic of Kazakhstan",1968-10-26,08:34:18,Soyuz,Soyuz 3,Active,,Success
RVSN USSR,"132/2, Plesetsk Cosmodrome, Russian Federation",1968-10-30,22:00:00,Kosmos-3M (11K65M),Tselina-O 3,Retired,,Success
RVSN USSR,"1/5, Baikonur Cosmodrome, Republic of Kazakhstan",1968-10-31,09:14:55,Voskhod,Zenit-4M 1,Retired,,Success
RVSN USSR,"90/20, Baikonur Cosmodrome, Republic of Kazakhstan",1968-11-01,00:27:15,Tsiklon-2A,I2P 2,Retired,,Success
US Air Force,"Space Launch Complex 3W, Vandenberg SFB, CA, USA",1968-11-03,21:30:00,Thorad SLV-2G Agena D,KH-4B 5,Retired,19.56,Success
US Air Force,"Space Launch Complex 4W, Vandenberg SFB, CA, USA",1968-11-06,19:10:00,Titan IIIB,KH-8 17,Retired,,Success
US Air Force,"Space Launch Complex 17B, Cape Canaveral SFS, FL, USA",1968-11-08,09:46:29,Thor Delta E1,Pioneer 9,Retired,,Success
RVSN USSR,"81/23 (81L), Baikonur Cosmodrome, Republic of Kazakhstan",1968-11-10,19:11:31,Proton / UR-500 K/D,,Retired,,Success
RVSN USSR,"41/1, Plesetsk Cosmodrome, Russian Federation",1968-11-13,12:00:01,Voskhod,Zenit-2 67,Retired,,Success
RVSN USSR,"81/24 (81P), Baikonur Cosmodrome, Republic of Kazakhstan",1968-11-16,11:40:00,Proton-K,Proton-4,Retired,,Success
RVSN USSR,"41/1, Plesetsk Cosmodrome, Russian Federation",1968-11-21,12:10:01,Voskhod,Zenit-4 50,Retired,,Success
RVSN USSR,"41/1, Plesetsk Cosmodrome, Russian Federation",1968-11-29,12:40:34,Voskhod,Zenit-2 68,Retired,,Success
European Launcher Development Organisation,"Launch Area 6A, RAAF Woomera Range Complex",1968-11-29,23:12:02,Europa I,STV 1,Retired,,Failure
RVSN USSR,"132/2, Plesetsk Cosmodrome, Russian Federation",1968-11-30,12:00:01,Kosmos-3M (11K65M),Sfera 3,Retired,,Success
RVSN USSR,"133/3 (133L), Plesetsk Cosmodrome, Russian Federation",1968-12-03,14:52:21,Kosmos 11K63,DS-P1-Yu 17,Retired,,Success
US Air Force,"Space Launch Complex 4W, Vandenberg SFB, CA, USA",1968-12-04,19:23:00,Titan IIIB,KH-8 18,Retired,,Success
US Air Force,"Space Launch Complex 17B, Cape Canaveral SFS, FL, USA",1968-12-05,18:55:00,Thor Delta E1,HEOS 1,Retired,,Success
US Air Force,"Launch Complex 36B, Cape Canaveral SFS, FL, USA",1968-12-07,08:40:09,Atlas SLV-3C Centaur,OAO 2,Retired,,Success
RVSN USSR,"31/6, Baikonur Cosmodrome, Republic of Kazakhstan",1968-12-10,08:25:01,Voskhod,Zenit-2 69,Retired,,Success
US Air Force,"Space Launch Complex 3W, Vandenberg SFB, CA, USA",1968-12-12,22:22:00,Thorad SLV-2G Agena D,KH-4A 49,Retired,19.56,Success
RVSN USSR,"86/4, Kapustin Yar, Russian Federation",1968-12-14,05:09:54,Kosmos 11K63,DS-U2-I 3,Retired,,Success
US Air Force,"Space Launch Complex 2E, Vandenberg SFB, CA, USA",1968-12-15,17:21:04,Thor Delta N,ESSA 8,Retired,18.8,Success
RVSN USSR,"1/5, Baikonur Cosmodrome, Republic of Kazakhstan",1968-12-16,09:15:03,Molniya-M 2BL,Molniya-1Yu 15L,Retired,,Success
US Air Force,"Space Launch Complex 17A, Cape Canaveral SFS, FL, USA",1968-12-19,00:32:00,Thor Delta M,INTELSAT III F-2,Retired,22.3,Success
RVSN USSR,"133/3 (133L), Plesetsk Cosmodrome, Russian Federation",1968-12-19,23:55:00,Kosmos 11K63,DS-U2-GK 1,Retired,,Success
NASA,"Launch Complex 39A, Kennedy Space Center, FL, USA",1968-12-21,12:51:00,Saturn V,Apollo 8,Retired,,Success
RVSN USSR,"86/4, Kapustin Yar, Russian Federation",1968-12-26,09:45:02,Kosmos 11K63,DS-U2-GF,Retired,,Success
RVSN USSR,"1/5, Baikonur Cosmodrome, Republic of Kazakhstan",1969-01-05,06:28:08,Molniya-M 2BL,Venera-5,Retired,,Success
RVSN USSR,"1/5, Baikonur Cosmodrome, Republic of Kazakhstan",1969-01-10,05:51:52,Molniya-M 2BL,Venera-6,Retired,,Success
RVSN USSR,"41/1, Plesetsk Cosmodrome, Russian Federation",1969-01-12,12:10:00,Voskhod,Zenit-2 70,Retired,,Success
RVSN USSR,"31/6, Baikonur Cosmodrome, Republic of Kazakhstan",1969-01-14,07:30:00,Soyuz,Soyuz 4,Active,,Success
RVSN USSR,"1/5, Baikonur Cosmodrome, Republic of Kazakhstan",1969-01-15,07:04:57,Soyuz,Soyuz 5,Active,,Success
RVSN USSR,"81/23 (81L), Baikonur Cosmodrome, Republic of Kazakhstan",1969-01-20,04:14:36,Proton / UR-500 K/D,,Retired,,Failure
US Air Force,"Space Launch Complex 17B, Cape Canaveral SFS, FL, USA",1969-01-22,16:48:00,Thor Delta C1,OSO 5,Retired,,Success
US Air Force,"Space Launch Complex 4W, Vandenberg SFB, CA, USA",1969-01-22,19:10:00,Titan IIIB,KH-8 19,Retired,,Success
RVSN USSR,"1/5, Baikonur Cosmodrome, Republic of Kazakhstan",1969-01-23,09:15:00,Voskhod,Zenit-4M 2,Retired,,Success
RVSN USSR,"90/19, Baikonur Cosmodrome, Republic of Kazakhstan",1969-01-25,11:14:03,Tsiklon-2A,US-AO 5,Retired,,Failure
US Air Force,"Space Launch Complex 2E, Vandenberg SFB, CA, USA",1969-01-30,06:46:00,Thor Delta E1,Isis 1,Retired,,Success
RVSN USSR,"41/1, Plesetsk Cosmodrome, Russian Federation",1969-02-01,12:11:00,Vostok 8A92M,Meteor-1 11,Retired,,Failure
US Air Force,"Space Launch Complex 3W, Vandenberg SFB, CA, USA",1969-02-05,21:59:54,Thorad SLV-2G Agena D,KH-4B 6,Retired,19.56,Success
US Air Force,"Space Launch Complex 17A, Cape Canaveral SFS, FL, USA",1969-02-06,00:39:00,Thor Delta M,INTELSAT III F-3,Retired,22.3,Success
RVSN USSR,"133/3 (133L), Plesetsk Cosmodrome, Russian Federation",1969-02-07,13:59:00,Kosmos 11K63,DS-P1-Yu 18,Retired,,Success
US Air Force,"Space Launch Complex 41, Cape Canaveral SFS, FL, USA",1969-02-09,21:09:00,Titan IIIC,TACSAT 1,Retired,,Success
RVSN USSR,"81/24 (81P), Baikonur Cosmodrome, Republic of Kazakhstan",1969-02-19,06:48:15,Proton / UR-500 K/D,Luna-15a,Retired,,Failure
RVSN USSR,"110/38 (110R), Baikonur Cosmodrome, Republic of Kazakhstan",1969-02-21,09:18:07,N1,,Retired,,Failure
US Air Force,"Launch Complex 36B, Cape Canaveral SFS, FL, USA",1969-02-25,01:29:02,Atlas SLV-3C Centaur,Mariner 6,Retired,,Success
RVSN USSR,"41/1, Plesetsk Cosmodrome, Russian Federation",1969-02-25,10:20:01,Voskhod,Zenit-2 71,Retired,,Success
US Air Force,"Space Launch Complex 17B, Cape Canaveral SFS, FL, USA",1969-02-26,07:47:01,Thor Delta E1,ESSA 9,Retired,,Success
RVSN USSR,"31/6, Baikonur Cosmodrome, Republic of Kazakhstan",1969-02-26,08:30:01,Voskhod,Zenit-4 51,Retired,,Success
NASA,"Launch Complex 39A, Kennedy Space Center, FL, USA",1969-03-03,16:00:00,Saturn V,Apollo 9,Retired,,Success
US Air Force,"Space Launch Complex 4W, Vandenberg SFB, CA, USA",1969-03-04,19:30:00,Titan IIIB,KH-8 20,Retired,,Success
RVSN USSR,"86/4, Kapustin Yar, Russian Federation",1969-03-05,13:04:55,Kosmos 11K63,DS-P1-Yu 19,Retired,,Success
RVSN USSR,"132/2, Plesetsk Cosmodrome, Russian Federation",1969-03-05,17:25:01,Kosmos-3M (11K65M),Tselina-O 4,Retired,,Success
RVSN USSR,"41/1, Plesetsk Cosmodrome, Russian Federation",1969-03-06,12:15:01,Voskhod,Zenit-4 52,Retired,,Success
RVSN USSR,"41/1, Plesetsk Cosmodrome, Russian Federation",1969-03-15,12:15:00,Voskhod,Zenit-4 53,Retired,,Success
RVSN USSR,"132/2, Plesetsk Cosmodrome, Russian Federation",1969-03-17,16:40:18,Kosmos-3M (11K65M),Sfera 4,Retired,,Success
US Air Force,"576A2, Vandenberg SFB, CA, USA",1969-03-18,07:47:35,SM-65F Atlas,"OV1-17,18,19",Retired,,Success
US Air Force,"Space Launch Complex 3W, Vandenberg SFB, CA, USA",1969-03-19,21:38:00,Thorad SLV-2G Agena D,KH-4A 50,Retired,19.56,Success
RVSN USSR,"41/1, Plesetsk Cosmodrome, Russian Federation",1969-03-22,12:15:00,Voskhod,Zenit-2 72,Retired,,Success
RVSN USSR,"31/6, Baikonur Cosmodrome, Republic of Kazakhstan",1969-03-24,10:10:00,Voskhod,Zenit-4 54,Retired,,Success
RVSN USSR,"41/1, Plesetsk Cosmodrome, Russian Federation",1969-03-26,12:30:00,Vostok 8A92M,Meteor-1 1 (12L),Retired,,Success
RVSN USSR,"81/23 (81L), Baikonur Cosmodrome, Republic of Kazakhstan",1969-03-27,10:40:45,Proton / UR-500 K/D,Mars-2b,Retired,,Failure
US Air Force,"Launch Complex 36A, Cape Canaveral SFS, FL, USA",1969-03-27,22:22:01,Atlas SLV-3C Centaur,Mariner 7,Retired,,Success
RVSN USSR,"133/3 (133L), Plesetsk Cosmodrome, Russian Federation",1969-03-28,16:00:08,Kosmos 11K63,DS-P1-I 5,Retired,,Success
RVSN USSR,"81/24 (81P), Baikonur Cosmodrome, Republic of Kazakhstan",1969-04-02,10:33:00,Proton / UR-500 K/D,Mars-2c,Retired,,Failure
RVSN USSR,"41/1, Plesetsk Cosmodrome, Russian Federation",1969-04-04,10:20:01,Voskhod,Zenit-4 55,Retired,,Success
RVSN USSR,"133/3 (133L), Plesetsk Cosmodrome, Russian Federation",1969-04-04,13:00:04,Kosmos 11K63,DS-P1-Yu 20,Retired,,Success
RVSN USSR,"41/1, Plesetsk Cosmodrome, Russian Federation",1969-04-09,13:00:01,Voskhod,Zenit-2 73,Retired,,Success
RVSN USSR,"1/5, Baikonur Cosmodrome, Republic of Kazakhstan",1969-04-11,02:30:01,Molniya-M 2BL,Molniya-1 11,Retired,,Success
US Air Force,"Space Launch Complex 13, Cape Canaveral SFS, FL, USA",1969-04-13,02:30:00,Atlas SLV-3A Agena D,Canyon 2,Retired,,Success
US Air Force,"Space Launch Complex 2E, Vandenberg SFB, CA, USA",1969-04-14,07:54:03,Thorad SLV-2G Agena D,Nimbus 3,Retired,19.56,Success
RVSN USSR,"31/6, Baikonur Cosmodrome, Republic of Kazakhstan",1969-04-15,08:14:59,Voskhod,Zenit-4 56,Retired,,Success
US Air Force,"Space Launch Complex 4W, Vandenberg SFB, CA, USA",1969-04-15,17:30:00,Titan IIIB,KH-8 21,Retired,,Success
RVSN USSR,"1/5, Baikonur Cosmodrome, Republic of Kazakhstan",1969-04-23,09:55:01,Voskhod,Zenit-4M 3,Retired,,Success
US Air Force,"Space Launch Complex 3W, Vandenberg SFB, CA, USA",1969-05-02,01:46:58,Thorad SLV-2G Agena D,KH-4A 51,Retired,19.56,Success
RVSN USSR,"41/1, Plesetsk Cosmodrome, Russian Federation",1969-05-13,09:15:01,Voskhod,Zenit-2 74,Retired,,Success
NASA,"Launch Complex 39B, Kennedy Space Center, FL, USA",1969-05-18,16:49:00,Saturn V,Apollo 10,Retired,,Success
RVSN USSR,"41/1, Plesetsk Cosmodrome, Russian Federation",1969-05-20,08:40:02,Voskhod,Zenit-4 57,Retired,,Success
US Air Force,"Space Launch Complex 17A, Cape Canaveral SFS, FL, USA",1969-05-22,02:00:00,Thor Delta M,INTELSAT III F-4,Retired,22.3,Success
US Air Force,"Space Launch Complex 41, Cape Canaveral SFS, FL, USA",1969-05-23,07:57:01,Titan IIIC,Vela 5A & 5B,Retired,,Success
RVSN USSR,"133/3 (133L), Plesetsk Cosmodrome, Russian Federation",1969-05-27,12:59:59,Kosmos 11K63,DS-P1-Yu 21,Retired,,Success
RVSN USSR,"31/6, Baikonur Cosmodrome, Republic of Kazakhstan",1969-05-29,06:59:59,Voskhod,Zenit-4 58,Retired,,Success
RVSN USSR,"133/3 (133L), Plesetsk Cosmodrome, Russian Federation",1969-06-03,12:57:27,Kosmos 11K63,DS-P1-Yu 22,Retired,,Success
US Air Force,"Space Launch Complex 4W, Vandenberg SFB, CA, USA",1969-06-03,16:49:00,Titan IIIB,KH-8 22,Retired,,Success
US Air Force,"Space Launch Complex 2E, Vandenberg SFB, CA, USA",1969-06-05,14:42:45,Thorad SLV-2H Agena D,OGO 6,Retired,,Success
RVSN USSR,"81/24 (81P), Baikonur Cosmodrome, Republic of Kazakhstan",1969-06-14,04:00:47,Proton / UR-500 K/D,Luna-15b,Retired,,Failure
RVSN USSR,"41/1, Plesetsk Cosmodrome, Russian Federation",1969-06-15,08:59:01,Voskhod,Zenit-4 59,Retired,,Success
US Air Force,"Space Launch Complex 2W, Vandenberg SFB, CA, USA",1969-06-21,08:47:58,Thor Delta E1,IMP G,Retired,,Failure
RVSN USSR,"31/6, Baikonur Cosmodrome, Republic of Kazakhstan",1969-06-24,06:50:00,Voskhod,Zenit-2 75,Retired,,Success
RVSN USSR,"1/5, Baikonur Cosmodrome, Republic of Kazakhstan",1969-06-27,06:59:59,Voskhod,Zenit-4 60,Retired,,Success
US Air Force,"Space Launch Complex 17A, Cape Canaveral SFS, FL, USA",1969-06-29,03:15:59,Thor Delta N,Biosat 3,Retired,18.8,Success
European Launcher Development Organisation,"Launch Area 6A, RAAF Woomera Range Complex",1969-07-02,22:55:00,Europa I,STV 2,Retired,,Failure
RVSN USSR,"110/38 (110R), Baikonur Cosmodrome, Republic of Kazakhstan",1969-07-03,20:18:32,N1,,Retired,,Failure
RVSN USSR,"41/1, Plesetsk Cosmodrome, Russian Federation",1969-07-10,09:00:00,Voskhod,Zenit-4 61,Retired,,Success
RVSN USSR,"81/24 (81P), Baikonur Cosmodrome, Republic of Kazakhstan",1969-07-13,02:54:42,Proton / UR-500 K/D,Luna-15,Retired,,Success
NASA,"Launch Complex 39A, Kennedy Space Center, FL, USA",1969-07-16,13:32:00,Saturn V,Apollo 11,Retired,,Success
RVSN USSR,"41/1, Plesetsk Cosmodrome, Russian Federation",1969-07-22,12:30:00,Voskhod,Zenit-2 76,Retired,,Success
RVSN USSR,"1/5, Baikonur Cosmodrome, Republic of Kazakhstan",1969-07-22,12:55:31,Molniya-M 2BL,Molniya-1 12,Retired,,Success
US Air Force,"Space Launch Complex 10W, Vandenberg SFB, CA, USA",1969-07-23,04:39:55,Thor Burner 2,DSAP-4B F3,Retired,,Success
RVSN USSR,"133/3 (133L), Plesetsk Cosmodrome, Russian Federation",1969-07-23,09:00:00,Kosmos 11K63,DS-P1-Yu 23,Retired,,Failure
US Air Force,"Space Launch Complex 3W, Vandenberg SFB, CA, USA",1969-07-24,01:30:58,Thorad SLV-2H Agena D,KH-4B 7,Retired,,Success
US Air Force,"Space Launch Complex 17A, Cape Canaveral SFS, FL, USA",1969-07-26,02:06:00,Thor Delta M,INTELSAT III F-5,Retired,22.3,Failure
US Air Force,"Space Launch Complex 1W, Vandenberg SFB, CA, USA",1969-07-31,10:19:00,Thorad SLV-2G Agena D,Strawman 2,Retired,19.56,Success
RVSN USSR,"90/19, Baikonur Cosmodrome, Republic of Kazakhstan",1969-08-06,05:40:03,Tsiklon-2,IS-GVM 1,Retired,12,Success
RVSN USSR,"81/23 (81L), Baikonur Cosmodrome, Republic of Kazakhstan",1969-08-07,23:48:06,Proton / UR-500 K/D,,Retired,,Success
US Air Force,"Space Launch Complex 17A, Cape Canaveral SFS, FL, USA",1969-08-09,07:52:00,Thor Delta N,OSO 6,Retired,18.8,Success
US Air Force,"Launch Complex 36A, Cape Canaveral SFS, FL, USA",1969-08-12,11:01:04,Atlas SLV-3C Centaur,ATS 5,Retired,,Success
RVSN USSR,"132/2, Plesetsk Cosmodrome, Russian Federation",1969-08-13,22:00:02,Kosmos-3M (11K65M),Zaliv 3,Retired,,Success
RVSN USSR,"31/6, Baikonur Cosmodrome, Republic of Kazakhstan",1969-08-16,11:59:59,Voskhod,Zenit-2M 4,Retired,,Success
RVSN USSR,"41/1, Plesetsk Cosmodrome, Russian Federation",1969-08-19,13:00:01,Voskhod,Zenit-4 62,Retired,,Success
RVSN USSR,"133/3 (133L), Plesetsk Cosmodrome, Russian Federation",1969-08-22,14:14:57,Kosmos 11K63,DS-P1-Yu 24,Retired,,Success
US Air Force,"Space Launch Complex 4W, Vandenberg SFB, CA, USA",1969-08-23,16:00:00,Titan 23B,KH-8 23,Retired,,Success
US Air Force,"Space Launch Complex 17A, Cape Canaveral SFS, FL, USA",1969-08-27,21:59:00,Thor Delta L,Pioneer E,Retired,16.54,Failure
RVSN USSR,"31/6, Baikonur Cosmodrome, Republic of Kazakhstan",1969-08-29,09:05:00,Voskhod,Zenit-4 63,Retired,,Success
RVSN USSR,"41/1, Plesetsk Cosmodrome, Russian Federation",1969-09-02,11:00:01,Voskhod,Zenit-4 64,Retired,,Success
RVSN USSR,"191/66, Baikonur Cosmodrome, Republic of Kazakhstan",1969-09-15,16:00:00,R-36O 8K69,OGCh 21,Retired,,Success
RVSN USSR,"31/6, Baikonur Cosmodrome, Republic of Kazakhstan",1969-09-18,08:40:01,Voskhod,Zenit-4 65,Retired,,Success
Institute of Space and Astronautical Science,"KS Center, Uchinoura Space Center, Japan",1969-09-22,02:10:00,Lambda 4S,Ohsumi 4,Retired,,Failure
US Air Force,"Space Launch Complex 3W, Vandenberg SFB, CA, USA",1969-09-22,21:11:02,Thorad SLV-2G Agena D,KH-4A 52,Retired,19.56,Success
RVSN USSR,"81/24 (81P), Baikonur Cosmodrome, Republic of Kazakhstan",1969-09-23,14:07:36,Proton / UR-500 K/D,Luna-16a,Retired,,Failure
RVSN USSR,"41/1, Plesetsk Cosmodrome, Russian Federation",1969-09-24,12:15:01,Voskhod,Zenit-2 77,Retired,,Success
US Air Force,"Space Launch Complex 1W, Vandenberg SFB, CA, USA",1969-09-30,13:40:00,Thorad SLV-2G Agena D,"Poppy 8A,B,C,D",Retired,19.56,Success
European Space Research Organisation,"Space Launch Complex 5, Vandenberg SFB, CA, USA",1969-10-01,22:29:00,Scout B,ESRO 1B (Boreas),Retired,8.66,Success
RVSN USSR,"41/1, Plesetsk Cosmodrome, Russian Federation",1969-10-06,01:45:00,Vostok 8A92M,Meteor-1 2 (15L),Retired,,Success
RVSN USSR,"31/6, Baikonur Cosmodrome, Republic of Kazakhstan",1969-10-11,11:10:00,Soyuz,Soyuz 6,Active,,Success
RVSN USSR,"1/5, Baikonur Cosmodrome, Republic of Kazakhstan",1969-10-12,10:44:42,Soyuz,Soyuz 7,Active,,Success
RVSN USSR,"31/6, Baikonur Cosmodrome, Republic of Kazakhstan",1969-10-13,10:19:09,Soyuz,Soyuz 8,Active,,Success
RVSN USSR,"86/4, Kapustin Yar, Russian Federation",1969-10-14,13:19:53,Kosmos 11K63,DS-U3-IK 1,Retired,,Success
RVSN USSR,"41/1, Plesetsk Cosmodrome, Russian Federation",1969-10-17,11:45:01,Voskhod,Zenit-4 66,Retired,,Success
RVSN USSR,"133/3 (133L), Plesetsk Cosmodrome, Russian Federation",1969-10-18,10:00:03,Kosmos 11K63,DS-P1-Yu 25,Retired,,Success
RVSN USSR,"132/1 (132L), Plesetsk Cosmodrome, Russian Federation",1969-10-21,12:49:59,Kosmos-3M (11K65M),Zaliv 4,Retired,,Success
RVSN USSR,"81/24 (81P), Baikonur Cosmodrome, Republic of Kazakhstan",1969-10-22,14:09:59,Proton / UR-500 K/D,Luna-16b,Retired,,Failure
RVSN USSR,"1/5, Baikonur Cosmodrome, Republic of Kazakhstan",1969-10-24,09:40:00,Voskhod,Zenit-2M 5,Retired,,Success
RVSN USSR,"86/4, Kapustin Yar, Russian Federation",1969-10-24,13:01:58,Kosmos 11K63,DS-P1-Yu 26,Retired,,Success
US Air Force,"Space Launch Complex 4W, Vandenberg SFB, CA, USA",1969-10-24,18:10:00,Titan 23B,KH-8 24,Retired,,Success
RVSN USSR,"133/3 (133L), Plesetsk Cosmodrome, Russian Federation",1969-11-04,11:59:59,Kosmos 11K63,DS-P1-I 6,Retired,,Success
German Aerospace Center,"Space Launch Complex 5, Vandenberg SFB, CA, USA",1969-11-08,01:52:00,Scout B,Azur,Retired,8.66,Success
RVSN USSR,"41/1, Plesetsk Cosmodrome, Russian Federation",1969-11-12,11:30:00,Voskhod,Zenit-2 78,Retired,,Success
NASA,"Launch Complex 39A, Kennedy Space Center, FL, USA",1969-11-14,16:22:00,Saturn V,Apollo 12,Retired,,Success
RVSN USSR,"31/6, Baikonur Cosmodrome, Republic of Kazakhstan",1969-11-15,08:30:00,Voskhod,Zenit-4 67,Retired,,Success
US Air Force,"Space Launch Complex 17A, Cape Canaveral SFS, FL, USA",1969-11-22,00:37:00,Thor Delta M,Skynet IA,Retired,22.3,Success
RVSN USSR,"133/3 (133L), Plesetsk Cosmodrome, Russian Federation",1969-11-24,11:00:04,Kosmos 11K63,DS-P1-Yu 27,Retired,,Success
RVSN USSR,"132/1 (132L), Plesetsk Cosmodrome, Russian Federation",1969-11-24,16:49:59,Kosmos-3M (11K65M),Sfera 5,Retired,,Success
RVSN USSR,"81/23 (81L), Baikonur Cosmodrome, Republic of Kazakhstan",1969-11-28,09:00:00,Proton / UR-500 K/D,,Retired,,Failure
RVSN USSR,"43/4 (43R), Plesetsk Cosmodrome, Russian Federation",1969-12-03,13:20:02,Voskhod,Zenit-2M 6,Retired,,Success
US Air Force,"Space Launch Complex 3W, Vandenberg SFB, CA, USA",1969-12-04,21:38:00,Thorad SLV-2H Agena D,KH-4B 8,Retired,,Success
RVSN USSR,"133/3 (133L), Plesetsk Cosmodrome, Russian Federation",1969-12-11,12:58:59,Kosmos 11K63,DS-P1-Yu 28,Retired,,Success
RVSN USSR,"132/1 (132L), Plesetsk Cosmodrome, Russian Federation",1969-12-20,03:26:00,Kosmos-3M (11K65M),Tselina-O 5,Retired,,Success
RVSN USSR,"90/20, Baikonur Cosmodrome, Republic of Kazakhstan",1969-12-23,09:25:00,Tsiklon-2,I2P 3,Retired,12,Success
RVSN USSR,"41/1, Plesetsk Cosmodrome, Russian Federation",1969-12-23,13:50:01,Voskhod,Zenit-4MK 1,Retired,,Success
RVSN USSR,"86/4, Kapustin Yar, Russian Federation",1969-12-25,09:59:51,Kosmos 11K63,DS-U1-IK 1,Retired,,Success
RVSN USSR,"132/1 (132L), Plesetsk Cosmodrome, Russian Federation",1969-12-27,14:20:00,Kosmos-3M (11K65M),Ionosfernaya Stantsiya 1,Retired,,Failure
RVSN USSR,"31/6, Baikonur Cosmodrome, Republic of Kazakhstan",1970-01-09,09:20:00,Voskhod,Zenit-2M 7,Retired,,Success
US Air Force,"Space Launch Complex 4W, Vandenberg SFB, CA, USA",1970-01-14,18:43:00,Titan 23B,KH-8 25,Retired,,Success
US Air Force,"Space Launch Complex 17A, Cape Canaveral SFS, FL, USA",1970-01-15,00:16:03,Thor Delta M,INTELSAT III F-6,Retired,22.3,Success
RVSN USSR,"133/3 (133L), Plesetsk Cosmodrome, Russian Federation",1970-01-15,13:39:59,Kosmos 11K63,DS-P1-Yu 29,Retired,,Success
RVSN USSR,"86/4, Kapustin Yar, Russian Federation",1970-01-16,10:59:58,Kosmos 11K63,DS-MO 2,Retired,,Success
RVSN USSR,"133/3 (133L), Plesetsk Cosmodrome, Russian Federation",1970-01-20,20:20:00,Kosmos 11K63,DS-U2-MG 1,Retired,,Success
RVSN USSR,"41/1, Plesetsk Cosmodrome, Russian Federation",1970-01-21,12:00:00,Voskhod,Zenit-4 68,Retired,,Success
US Air Force,"Space Launch Complex 2W, Vandenberg SFB, CA, USA",1970-01-23,11:31:02,Thor Delta N6,ITOS 1,Retired,,Success
RVSN USSR,"133/3 (133L), Plesetsk Cosmodrome, Russian Federation",1970-01-30,15:40:01,Kosmos 11K63,DS-P1-I 7,Retired,,Failure
US Air Force,"Space Launch Complex 2E, Vandenberg SFB, CA, USA",1970-02-04,02:59:50,Thorad SLV-2G Agena D,SERT 2,Retired,19.56,Success
RVSN USSR,"81/23 (81L), Baikonur Cosmodrome, Republic of Kazakhstan",1970-02-06,04:16:06,Proton / UR-500 K/D,Luna-16c,Retired,,Failure
RVSN USSR,"41/1, Plesetsk Cosmodrome, Russian Federation",1970-02-10,12:00:01,Voskhod,Zenit-4 69,Retired,,Success
Institute of Space and Astronautical Science,"KS Center, Uchinoura Space Center, Japan",1970-02-11,04:25:00,Lambda 4S,Ohsumi 5,Retired,,Success
US Air Force,"Space Launch Complex 10W, Vandenberg SFB, CA, USA",1970-02-11,08:40:47,Thor Burner 2,DSAP-5A F1,Retired,,Success
RVSN USSR,"43/4 (43R), Plesetsk Cosmodrome, Russian Federation",1970-02-19,18:57:15,Molniya-M 2BL,Molniya-1 13,Retired,,Success
RVSN USSR,"133/3 (133L), Plesetsk Cosmodrome, Russian Federation",1970-02-27,17:24:55,Kosmos 11K63,DS-P1-Yu 30,Retired,,Success
RVSN USSR,"43/4 (43R), Plesetsk Cosmodrome, Russian Federation",1970-03-04,12:14:42,Voskhod,Zenit-2 79,Retired,,Success
US Air Force,"Space Launch Complex 3W, Vandenberg SFB, CA, USA",1970-03-04,22:15:00,Thorad SLV-2H Agena D,KH-4B 9,Retired,,Success
National Center of Space Research,"Diamant Launch Area, Guiana Space Centre, French Guiana",1970-03-10,12:20:00,Diamant B,Dial Wika,Retired,,Success
RVSN USSR,"43/4 (43R), Plesetsk Cosmodrome, Russian Federation",1970-03-13,08:00:02,Voskhod,Zenit-2 80,Retired,,Success
RVSN USSR,"41/1, Plesetsk Cosmodrome, Russian Federation",1970-03-17,11:10:01,Vostok 8A92M,Meteor-1 3 (14L),Retired,,Success
RVSN USSR,"133/3 (133L), Plesetsk Cosmodrome, Russian Federation",1970-03-18,14:39:56,Kosmos 11K63,DS-P1-I 8,Retired,,Success
US Air Force,"Space Launch Complex 17A, Cape Canaveral SFS, FL, USA",1970-03-20,23:52:00,Thor Delta M,NATO IIA,Retired,22.3,Success
RVSN USSR,"41/1, Plesetsk Cosmodrome, Russian Federation",1970-03-27,11:45:00,Voskhod,Zenit-4MK 2,Retired,,Success
RVSN USSR,"43/4 (43R), Plesetsk Cosmodrome, Russian Federation",1970-04-03,08:30:00,Voskhod,Zenit-2M 8,Retired,,Success
RVSN USSR,"132/2, Plesetsk Cosmodrome, Russian Federation",1970-04-07,11:10:01,Kosmos-3M (11K65M),Tselina-O 6,Retired,,Success
US Air Force,"Space Launch Complex 2E, Vandenberg SFB, CA, USA",1970-04-08,08:17:56,Thorad SLV-2G Agena D,Nimbus 4,Retired,19.56,Success
RVSN USSR,"31/6, Baikonur Cosmodrome, Republic of Kazakhstan",1970-04-08,10:15:20,Voskhod,Zenit-4 70,Retired,,Success
US Air Force,"Space Launch Complex 40, Cape Canaveral SFS, FL, USA",1970-04-08,10:50:01,Titan IIIC,Vela 6A & 6B,Retired,,Success
RVSN USSR,"132/2, Plesetsk Cosmodrome, Russian Federation",1970-04-11,17:00:00,Kosmos-3M (11K65M),Zaliv 5,Retired,,Success
NASA,"Launch Complex 39A, Kennedy Space Center, FL, USA",1970-04-11,19:13:03,Saturn V,Apollo 13,Retired,,Success
RVSN USSR,"41/1, Plesetsk Cosmodrome, Russian Federation",1970-04-15,09:00:01,Voskhod,Zenit-4M 4,Retired,,Success
US Air Force,"Space Launch Complex 4W, Vandenberg SFB, CA, USA",1970-04-15,15:52:00,Titan 23B,KH-8 26,Retired,,Success
US Air Force,"Space Launch Complex 17A, Cape Canaveral SFS, FL, USA",1970-04-23,00:46:12,Thor Delta M,INTELSAT III F-7,Retired,22.3,Success
RVSN USSR,"133/3 (133L), Plesetsk Cosmodrome, Russian Federation",1970-04-23,13:20:00,Kosmos 11K63,DS-P1-Yu 31,Retired,,Success
Seventh Ministry of Machine Building Industry,"Launch Area 2A, Jiuquan Satellite Launch Center, People's Republic of China",1970-04-24,13:35:45,Long March 1,Dong Fang Hong 1,Retired,,Success
RVSN USSR,"86/4, Kapustin Yar, Russian Federation",1970-04-24,22:24:49,Kosmos 11K63,DS-U1-R,Retired,,Success
RVSN USSR,"132/2, Plesetsk Cosmodrome, Russian Federation",1970-04-25,17:09:16,Kosmos-3M (11K65M),Strela-1M 1-8,Retired,,Success
RVSN USSR,"41/1, Plesetsk Cosmodrome, Russian Federation",1970-04-28,10:50:00,Vostok 8A92M,Meteor-1 4 (13L),Retired,,Success
RVSN USSR,"41/1, Plesetsk Cosmodrome, Russian Federation",1970-05-12,10:10:01,Voskhod,Zenit-2 81,Retired,,Success
RVSN USSR,"31/6, Baikonur Cosmodrome, Republic of Kazakhstan",1970-05-20,09:20:01,Voskhod,Zenit-4 71,Retired,,Success
US Air Force,"Space Launch Complex 3W, Vandenberg SFB, CA, USA",1970-05-20,21:35:10,Thorad SLV-2H Agena D,KH-4B 10,Retired,,Success
RVSN USSR,"133/3 (133L), Plesetsk Cosmodrome, Russian Federation",1970-05-22,12:39:55,Kosmos 11K63,DS-P1-Yu 32,Retired,,Failure
RVSN USSR,"31/6, Baikonur Cosmodrome, Republic of Kazakhstan",1970-06-01,19:00:00,Soyuz,Soyuz 9,Active,,Success
RVSN USSR,"31/6, Baikonur Cosmodrome, Republic of Kazakhstan",1970-06-10,09:30:01,Voskhod,Zenit-4 72,Retired,,Success
European Launcher Development Organisation,"Launch Area 6A, RAAF Woomera Range Complex",1970-06-12,01:10:32,Europa I,STV 3 (ELDO F9),Retired,,Failure
RVSN USSR,"86/4, Kapustin Yar, Russian Federation",1970-06-12,09:30:02,Kosmos 11K63,DS-P1-Yu 33,Retired,,Success
RVSN USSR,"133/3 (133L), Plesetsk Cosmodrome, Russian Federation",1970-06-13,04:59:58,Kosmos 11K63,DS-U2-GK 2,Retired,,Success
RVSN USSR,"43/4 (43R), Plesetsk Cosmodrome, Russian Federation",1970-06-17,12:59:57,Voskhod,Zenit-4 73,Retired,,Success
US Air Force,"Space Launch Complex 13, Cape Canaveral SFS, FL, USA",1970-06-19,11:37:00,Atlas SLV-3A Agena D,Aquacade 1,Retired,,Success
RVSN USSR,"41/1, Plesetsk Cosmodrome, Russian Federation",1970-06-23,14:15:00,Vostok 8A92M,Meteor-1 5 (17L),Retired,,Success
US Air Force,"Space Launch Complex 4W, Vandenberg SFB, CA, USA",1970-06-25,14:50:00,Titan 23B,KH-8 27,Retired,,Success
RVSN USSR,"43/4 (43R), Plesetsk Cosmodrome, Russian Federation",1970-06-26,03:23:01,Molniya-M 2BL,Molniya-1 14,Retired,,Success
RVSN USSR,"31/6, Baikonur Cosmodrome, Republic of Kazakhstan",1970-06-26,12:00:01,Voskhod,Zenit-2M 9,Retired,,Success
RVSN USSR,"133/3 (133L), Plesetsk Cosmodrome, Russian Federation",1970-06-27,07:39:55,Kosmos 11K63,DS-P1-Yu 34,Retired,,Success
RVSN USSR,"132/1 (132L), Plesetsk Cosmodrome, Russian Federation",1970-06-27,16:39:59,Kosmos-3M (11K65M),Strela-2M 1,Retired,,Failure
RVSN USSR,"31/6, Baikonur Cosmodrome, Republic of Kazakhstan",1970-07-07,10:30:01,Voskhod,Zenit-4 74,Retired,,Success
RVSN USSR,"41/1, Plesetsk Cosmodrome, Russian Federation",1970-07-09,13:35:01,Voskhod,Zenit-2M 10,Retired,,Success
RVSN USSR,"43/4 (43R), Plesetsk Cosmodrome, Russian Federation",1970-07-21,12:30:01,Voskhod,Zenit-4 75,Retired,,Failure
US Air Force,"Space Launch Complex 3W, Vandenberg SFB, CA, USA",1970-07-23,01:25:00,Thorad SLV-2H Agena D,KH-4B 11,Retired,,Success
US Air Force,"Space Launch Complex 17A, Cape Canaveral SFS, FL, USA",1970-07-23,23:23:00,Thor Delta M,INTELSAT III F-8,Retired,22.3,Success
RVSN USSR,"191/66, Baikonur Cosmodrome, Republic of Kazakhstan",1970-07-28,22:00:28,R-36O 8K69,R-36O 8K69 | OGCh 22,Retired,,Success
RVSN USSR,"86/4, Kapustin Yar, Russian Federation",1970-08-07,02:59:53,Kosmos 11K63,DS-U2-IK 1,Retired,,Success
RVSN USSR,"43/4 (43R), Plesetsk Cosmodrome, Russian Federation",1970-08-07,09:30:00,Voskhod,Zenit-4 76,Retired,,Success
RVSN USSR,"133/3 (133L), Plesetsk Cosmodrome, Russian Federation",1970-08-10,19:59:55,Kosmos 11K63,DS-U2-MG 2,Retired,,Success
RVSN USSR,"31/6, Baikonur Cosmodrome, Republic of Kazakhstan",1970-08-17,05:38:22,Molniya-M 2BL,Venera-7,Retired,,Success
US Air Force,"Space Launch Complex 4W, Vandenberg SFB, CA, USA",1970-08-18,14:45:00,Titan 23B,KH-8 28,Retired,,Success
US Air Force,"Space Launch Complex 17A, Cape Canaveral SFS, FL, USA",1970-08-19,12:11:00,Thor Delta M,Skynet IB,Retired,22.3,Success
RVSN USSR,"133/3 (133L), Plesetsk Cosmodrome, Russian Federation",1970-08-19,14:59:53,Kosmos 11K63,DS-P1-Yu 35,Retired,,Success
RVSN USSR,"132/1 (132L), Plesetsk Cosmodrome, Russian Federation",1970-08-20,14:30:01,Kosmos-3M (11K65M),DS-P1-M 1,Retired,,Success
RVSN USSR,"31/6, Baikonur Cosmodrome, Republic of Kazakhstan",1970-08-22,05:06:09,Molniya-M 2BL,Venera-8a,Retired,,Failure
US Air Force,"Space Launch Complex 1W, Vandenberg SFB, CA, USA",1970-08-26,10:01:00,Thorad SLV-2G Agena D,Strawman 3,Retired,19.56,Success
US Air Force,"Space Launch Complex 5, Vandenberg SFB, CA, USA",1970-08-27,13:23:34,Scout A,Transit-O 19,Retired,8.61,Success
RVSN USSR,"31/6, Baikonur Cosmodrome, Republic of Kazakhstan",1970-08-29,08:30:00,Voskhod,Zenit-4M 5,Retired,,Success
US Air Force,"Space Launch Complex 13, Cape Canaveral SFS, FL, USA",1970-09-01,01:00:00,Atlas SLV-3A Agena D,Canyon 3,Retired,,Success
Royal Aircraft Establishment,"Launch Area 5B, RAAF Woomera Range Complex",1970-09-02,00:34:05,Black Arrow,X-2,Retired,,Failure
US Air Force,"Space Launch Complex 10W, Vandenberg SFB, CA, USA",1970-09-03,08:39:45,Thor Burner 2,DSAP-5A F2,Retired,,Success
RVSN USSR,"41/1, Plesetsk Cosmodrome, Russian Federation",1970-09-08,10:30:00,Voskhod,Zenit-4M 6,Retired,,Success
RVSN USSR,"81/23 (81L), Baikonur Cosmodrome, Republic of Kazakhstan",1970-09-12,13:25:53,Proton / UR-500 K/D,Luna-16,Retired,,Success
RVSN USSR,"133/3 (133L), Plesetsk Cosmodrome, Russian Federation",1970-09-16,11:59:55,Kosmos 11K63,DS-P1-I 9,Retired,,Success
RVSN USSR,"31/6, Baikonur Cosmodrome, Republic of Kazakhstan",1970-09-17,08:10:01,Voskhod,Zenit-2M 11,Retired,,Success
RVSN USSR,"41/1, Plesetsk Cosmodrome, Russian Federation",1970-09-22,13:00:01,Voskhod,Zenit-4MK 3,Retired,,Success
Institute of Space and Astronautical Science,"Mu Center, Uchinoura Space Center, Japan",1970-09-25,05:00:00,Mu-4S,MS-F1,Retired,,Failure
RVSN USSR,"191/66, Baikonur Cosmodrome, Republic of Kazakhstan",1970-09-25,14:05:00,R-36O 8K69M,OGCh 23,Retired,,Success
RVSN USSR,"43/4 (43R), Plesetsk Cosmodrome, Russian Federation",1970-09-29,08:14:01,Molniya-M 2BL,Molniya-1 15,Retired,,Success
RVSN USSR,"1/5, Baikonur Cosmodrome, Republic of Kazakhstan",1970-10-01,08:20:03,Voskhod,Zenit-2M 12,Retired,,Success
RVSN USSR,"90/19, Baikonur Cosmodrome, Republic of Kazakhstan",1970-10-03,10:26:45,Tsiklon-2,US-A 1,Retired,12,Success
RVSN USSR,"31/6, Baikonur Cosmodrome, Republic of Kazakhstan",1970-10-08,12:39:02,Voskhod,Zenit-2M 13,Retired,,Success
RVSN USSR,"133/3 (133L), Plesetsk Cosmodrome, Russian Federation",1970-10-08,15:10:03,Kosmos 11K63,DS-P1-Yu 36,Retired,,Success
RVSN USSR,"1/5, Baikonur Cosmodrome, Republic of Kazakhstan",1970-10-09,11:04:58,Voskhod,Zenit-4M 7,Retired,,Success
RVSN USSR,"132/1 (132L), Plesetsk Cosmodrome, Russian Federation",1970-10-12,13:57:00,Kosmos-3M (11K65M),Zaliv 6,Retired,,Success
RVSN USSR,"86/4, Kapustin Yar, Russian Federation",1970-10-14,11:29:58,Kosmos 11K63,DS-U3-IK 2,Retired,,Success
RVSN USSR,"41/1, Plesetsk Cosmodrome, Russian Federation",1970-10-15,11:22:02,Vostok 8A92M,Meteor-1 6 (16L),Retired,,Success
RVSN USSR,"132/1 (132L), Plesetsk Cosmodrome, Russian Federation",1970-10-16,14:59:59,Kosmos-3M (11K65M),Strela-2M 2,Retired,,Success
RVSN USSR,"90/19, Baikonur Cosmodrome, Republic of Kazakhstan",1970-10-20,05:38:00,Tsiklon-2,I2M 3,Retired,12,Success
RVSN USSR,"81/23 (81L), Baikonur Cosmodrome, Republic of Kazakhstan",1970-10-20,19:55:39,Proton / UR-500 K/D,,Retired,,Success
RVSN USSR,"90/20, Baikonur Cosmodrome, Republic of Kazakhstan",1970-10-23,04:42:56,Tsiklon-2,I2P 4,Retired,12,Success
US Air Force,"Space Launch Complex 4W, Vandenberg SFB, CA, USA",1970-10-23,17:40:00,Titan 23B,KH-8 29,Retired,,Success
RVSN USSR,"90/20, Baikonur Cosmodrome, Republic of Kazakhstan",1970-10-30,02:36:51,Tsiklon-2,I2P 5,Retired,12,Success
RVSN USSR,"43/4 (43R), Plesetsk Cosmodrome, Russian Federation",1970-10-30,13:20:00,Voskhod,Zenit-4M 8,Retired,,Success
US Air Force,"Space Launch Complex 40, Cape Canaveral SFS, FL, USA",1970-11-06,10:35:57,Titan IIIC,DSP 1,Retired,,Success
NASA,"Launch Area 3A, Wallops Flight Facility, Virginia, USA",1970-11-09,06:00:00,Scout B,OFO,Retired,8.66,Success
RVSN USSR,"81/23 (81L), Baikonur Cosmodrome, Republic of Kazakhstan",1970-11-10,14:44:01,Proton / UR-500 K/D,Luna-17,Retired,,Success
RVSN USSR,"31/6, Baikonur Cosmodrome, Republic of Kazakhstan",1970-11-11,09:20:01,Voskhod,Zenit-2M 14,Retired,,Success
RVSN USSR,"132/2, Plesetsk Cosmodrome, Russian Federation",1970-11-17,18:20:01,Kosmos-3M (11K65M),DS-U2-IP,Retired,,Success
US Air Force,"Space Launch Complex 3W, Vandenberg SFB, CA, USA",1970-11-18,21:28:00,Thorad SLV-2H Agena D,KH-4B 12,Retired,,Success
RVSN USSR,"31/6, Baikonur Cosmodrome, Republic of Kazakhstan",1970-11-24,05:15:01,Soyuz 11A511L,T2K 1,Retired,,Success
RVSN USSR,"133/3 (133L), Plesetsk Cosmodrome, Russian Federation",1970-11-24,10:59:56,Kosmos 11K63,DS-P1-Yu 37,Retired,,Success
RVSN USSR,"43/4 (43R), Plesetsk Cosmodrome, Russian Federation",1970-11-27,15:47:17,Molniya-M 2BL,Molniya-1 16,Retired,,Success
US Air Force,"Launch Complex 36B, Cape Canaveral SFS, FL, USA",1970-11-30,22:40:05,Atlas SLV-3C Centaur,OAO B,Retired,,Failure
RVSN USSR,"132/2, Plesetsk Cosmodrome, Russian Federation",1970-12-02,04:00:02,Kosmos-3M (11K65M),Ionosfernaya Stantsiya 2,Retired,,Success
RVSN USSR,"81/23 (81L), Baikonur Cosmodrome, Republic of Kazakhstan",1970-12-02,17:00:00,Proton / UR-500 K/D,L1E 2K,Retired,,Success
RVSN USSR,"43/4 (43R), Plesetsk Cosmodrome, Russian Federation",1970-12-03,13:55:19,Voskhod,Zenit-4MK 4,Retired,,Success
RVSN USSR,"41/1, Plesetsk Cosmodrome, Russian Federation",1970-12-10,11:10:00,Voskhod,Zenit-2M 15,Retired,,Success
US Air Force,"Space Launch Complex 2W, Vandenberg SFB, CA, USA",1970-12-11,11:35:00,Thor Delta N6,NOAA 1,Retired,,Success
NASA,"San Marco platform, Broglio Space Center, Kenya",1970-12-12,10:53:50,Scout B,Uhuru,Retired,8.66,Success
RVSN USSR,"132/2, Plesetsk Cosmodrome, Russian Federation",1970-12-12,13:00:00,Kosmos-3M (11K65M),Zaliv 7,Retired,,Success
National Center of Space Research,"Diamant Launch Area, Guiana Space Centre, French Guiana",1970-12-12,13:04:44,Diamant B,Péole,Retired,,Success
RVSN USSR,"31/6, Baikonur Cosmodrome, Republic of Kazakhstan",1970-12-15,10:00:01,Voskhod,Zenit-4M 9,Retired,,Success
RVSN USSR,"132/2, Plesetsk Cosmodrome, Russian Federation",1970-12-16,04:29:59,Kosmos-3M (11K65M),Tselina-O 7,Retired,,Success
RVSN USSR,"133/3 (133L), Plesetsk Cosmodrome, Russian Federation",1970-12-18,09:39:13,Kosmos 11K63,DS-P1-Yu 38,Retired,,Success
RVSN USSR,"41/1, Plesetsk Cosmodrome, Russian Federation",1970-12-18,16:15:00,Vostok 8A92M,Tselina-D 1,Retired,,Success
RVSN USSR,"132/2, Plesetsk Cosmodrome, Russian Federation",1970-12-22,21:30:00,Kosmos-3M (11K65M),DS-P1-M 2,Retired,,Failure
RVSN USSR,"1/5, Baikonur Cosmodrome, Republic of Kazakhstan",1970-12-25,03:50:02,Molniya-M 2BL,Molniya-1 17,Retired,,Success
RVSN USSR,"31/6, Baikonur Cosmodrome, Republic of Kazakhstan",1971-01-12,09:30:01,Voskhod,Zenit-4M 10,Retired,,Success
RVSN USSR,"133/3 (133L), Plesetsk Cosmodrome, Russian Federation",1971-01-14,12:00:00,Kosmos 11K63,DS-P1-I 10,Retired,,Success
RVSN USSR,"41/1, Plesetsk Cosmodrome, Russian Federation",1971-01-20,11:24:00,Vostok 8A92M,Meteor-1 7 (19L),Retired,,Success
RVSN USSR,"31/6, Baikonur Cosmodrome, Republic of Kazakhstan",1971-01-21,08:40:01,Voskhod,Zenit-2M 16,Retired,,Success
US Air Force,"Space Launch Complex 4W, Vandenberg SFB, CA, USA",1971-01-21,18:20:00,Titan 23B,KH-8 30,Retired,,Success
US Air Force,"Launch Complex 36A, Cape Canaveral SFS, FL, USA",1971-01-26,00:36:03,Atlas SLV-3C Centaur,INTELSAT IV F2,Retired,,Success
RVSN USSR,"133/3 (133L), Plesetsk Cosmodrome, Russian Federation",1971-01-26,12:44:33,Kosmos 11K63,DS-P1-Yu 39,Retired,,Success
NASA,"Launch Complex 39A, Kennedy Space Center, FL, USA",1971-01-31,21:03:02,Saturn V,Apollo 14,Retired,,Success
US Air Force,"Space Launch Complex 17A, Cape Canaveral SFS, FL, USA",1971-02-03,01:41:40,Thor Delta M,NATO IIB,Retired,22.3,Success
RVSN USSR,"132/1 (132L), Plesetsk Cosmodrome, Russian Federation",1971-02-09,18:48:48,Kosmos-3M (11K65M),DS-P1-M 3,Retired,,Success
Institute of Space and Astronautical Science,"Mu Center, Uchinoura Space Center, Japan",1971-02-16,04:00:00,Mu-4S,Tansei-1,Retired,,Success
US Air Force,"Space Launch Complex 10W, Vandenberg SFB, CA, USA",1971-02-17,03:52:05,Thor Burner 2,DSAP-5A F3,Retired,,Success
US Air Force,"Space Launch Complex 3W, Vandenberg SFB, CA, USA",1971-02-17,20:04:30,Thorad SLV-2H Agena D,KH-4B 13,Retired,,Failure
RVSN USSR,"132/1 (132L), Plesetsk Cosmodrome, Russian Federation",1971-02-17,21:09:59,Kosmos-3M (11K65M),Tselina-O 8,Retired,,Success
RVSN USSR,"43/3 (43L), Plesetsk Cosmodrome, Russian Federation",1971-02-18,13:59:59,Voskhod,Zenit-4M 11,Retired,,Success
RVSN USSR,"90/20, Baikonur Cosmodrome, Republic of Kazakhstan",1971-02-25,11:11:10,Tsiklon-2,I2P 6,Retired,12,Success
RVSN USSR,"31/6, Baikonur Cosmodrome, Republic of Kazakhstan",1971-02-26,05:06:21,Soyuz 11A511L,T2K 2,Retired,,Success
RVSN USSR,"31/6, Baikonur Cosmodrome, Republic of Kazakhstan",1971-03-03,09:30:01,Voskhod,Zenit-4M 12,Retired,,Success
Seventh Ministry of Machine Building Industry,"Launch Area 2A, Jiuquan Satellite Launch Center, People's Republic of China",1971-03-03,12:02:00,Long March 1,Shijian 1,Retired,,Success
RVSN USSR,"43/4 (43R), Plesetsk Cosmodrome, Russian Federation",1971-03-05,01:02:03,Voskhod,DS-P1-Yu 40,Retired,,Failure
RVSN USSR,"86/4, Kapustin Yar, Russian Federation",1971-03-05,08:15:02,Kosmos 11K63,Zenit-2M 17,Retired,,Failure
US Air Force,"Space Launch Complex 17A, Cape Canaveral SFS, FL, USA",1971-03-13,16:15:00,Thor Delta M6,IMP 6,Retired,,Success
RVSN USSR,"132/1 (132L), Plesetsk Cosmodrome, Russian Federation",1971-03-18,21:45:00,Kosmos-3M (11K65M),DS-P1-M 4,Retired,,Success
US Air Force,"Space Launch Complex 4W, Vandenberg SFB, CA, USA",1971-03-21,03:45:00,Titan 33B,Jumpseat 1,Retired,,Success
US Air Force,"Space Launch Complex 3W, Vandenberg SFB, CA, USA",1971-03-24,21:06:00,Thorad SLV-2H Agena D,KH-4B 14,Retired,,Success
RVSN USSR,"43/4 (43R), Plesetsk Cosmodrome, Russian Federation",1971-03-27,10:59:59,Voskhod,Zenit-4M 13,Retired,,Success
US Air Force,"Space Launch Complex 2E, Vandenberg SFB, CA, USA",1971-04-01,02:57:07,Thor Delta E1,Isis 2,Retired,,Success
RVSN USSR,"90/19, Baikonur Cosmodrome, Republic of Kazakhstan",1971-04-01,11:29:59,Tsiklon-2,US-A 2,Retired,12,Success
RVSN USSR,"43/3 (43L), Plesetsk Cosmodrome, Russian Federation",1971-04-02,08:20:00,Voskhod,Zenit-2M 18,Retired,,Success
RVSN USSR,"90/20, Baikonur Cosmodrome, Republic of Kazakhstan",1971-04-04,14:27:43,Tsiklon-2,I2P 7,Retired,12,Success
RVSN USSR,"43/4 (43R), Plesetsk Cosmodrome, Russian Federation",1971-04-07,07:10:01,Vostok 8A92M,Tselina-D 2,Retired,,Success
RVSN USSR,"43/3 (43L), Plesetsk Cosmodrome, Russian Federation",1971-04-14,08:00:00,Voskhod,Zenit-4M 14,Retired,,Success
National Center of Space Research,"Diamant Launch Area, Guiana Space Centre, French Guiana",1971-04-15,09:19:37,Diamant B,Tournesol,Retired,,Success
RVSN USSR,"43/4 (43R), Plesetsk Cosmodrome, Russian Federation",1971-04-17,11:44:58,Vostok 8A92M,Meteor-1 8 (21L),Retired,,Success
RVSN USSR,"81/24 (81P), Baikonur Cosmodrome, Republic of Kazakhstan",1971-04-19,01:40:00,Proton-K,Salyut 1,Retired,,Success
US Air Force,"Space Launch Complex 4W, Vandenberg SFB, CA, USA",1971-04-22,15:30:00,Titan 23B,KH-8 31,Retired,,Success
RVSN USSR,"1/5, Baikonur Cosmodrome, Republic of Kazakhstan",1971-04-22,23:54:06,Soyuz,Soyuz 10,Active,,Success
RVSN USSR,"132/1 (132L), Plesetsk Cosmodrome, Russian Federation",1971-04-23,11:30:00,Kosmos-3M (11K65M),Strela-2M 3,Retired,,Success
Italian Space Agency,"San Marco platform, Broglio Space Center, Kenya",1971-04-24,07:32:29,Scout B,San Marco 3,Retired,8.66,Success
RVSN USSR,"133/3 (133L), Plesetsk Cosmodrome, Russian Federation",1971-04-24,11:15:02,Kosmos 11K63,DS-P1-Yu 41,Retired,,Success
RVSN USSR,"132/1 (132L), Plesetsk Cosmodrome, Russian Federation",1971-04-28,14:35:00,Kosmos-3M (11K65M),Sfera 6,Retired,,Success
US Air Force,"Space Launch Complex 40, Cape Canaveral SFS, FL, USA",1971-05-05,07:43:01,Titan IIIC,DSP 2,Retired,,Success
RVSN USSR,"31/6, Baikonur Cosmodrome, Republic of Kazakhstan",1971-05-06,06:20:01,Voskhod,Zenit-2M 19,Retired,,Success
RVSN USSR,"132/1 (132L), Plesetsk Cosmodrome, Russian Federation",1971-05-07,14:20:00,Kosmos-3M (11K65M),Strela-1M 9-16,Retired,,Success
US Air Force,"Launch Complex 36A, Cape Canaveral SFS, FL, USA",1971-05-09,01:11:02,Atlas SLV-3C Centaur,Mariner 8,Retired,,Failure
RVSN USSR,"81/23 (81L), Baikonur Cosmodrome, Republic of Kazakhstan",1971-05-10,16:58:42,Proton / UR-500 K/D,Mars-2d,Retired,,Failure
RVSN USSR,"31/6, Baikonur Cosmodrome, Republic of Kazakhstan",1971-05-18,08:00:00,Voskhod,Zenit-4M 15,Retired,,Success
RVSN USSR,"133/3 (133L), Plesetsk Cosmodrome, Russian Federation",1971-05-19,10:20:00,Kosmos 11K63,DS-P1-Yu 42,Retired,,Success
RVSN USSR,"81/24 (81P), Baikonur Cosmodrome, Republic of Kazakhstan",1971-05-19,16:22:44,Proton / UR-500 K/D,Mars-2,Retired,,Success
RVSN USSR,"132/1 (132L), Plesetsk Cosmodrome, Russian Federation",1971-05-22,00:51:31,Kosmos-3M (11K65M),Zaliv 8,Retired,,Success
RVSN USSR,"133/3 (133L), Plesetsk Cosmodrome, Russian Federation",1971-05-27,11:59:55,Kosmos 11K63,DS-P1-Yu 43,Retired,,Success
RVSN USSR,"43/4 (43R), Plesetsk Cosmodrome, Russian Federation",1971-05-28,10:30:00,Voskhod,Zenit-4M 16,Retired,,Success
RVSN USSR,"81/23 (81L), Baikonur Cosmodrome, Republic of Kazakhstan",1971-05-28,15:26:30,Proton / UR-500 K/D,Mars-3,Retired,,Success
RVSN USSR,"132/1 (132L), Plesetsk Cosmodrome, Russian Federation",1971-05-29,03:49:58,Kosmos-3M (11K65M),Tselina-O 9,Retired,,Success
US Air Force,"Launch Complex 36B, Cape Canaveral SFS, FL, USA",1971-05-30,22:23:04,Atlas SLV-3C Centaur,Mariner 9,Retired,,Success
RVSN USSR,"132/2, Plesetsk Cosmodrome, Russian Federation",1971-06-04,18:10:00,Kosmos-3M (11K65M),DS-U2-K,Retired,,Success
RVSN USSR,"1/5, Baikonur Cosmodrome, Republic of Kazakhstan",1971-06-06,04:55:09,Soyuz,Soyuz 11,Active,,Success
US Air Force,"Space Launch Complex 10W, Vandenberg SFB, CA, USA",1971-06-08,14:00:05,Thor Burner 2,SESP 1,Retired,,Success
RVSN USSR,"43/4 (43R), Plesetsk Cosmodrome, Russian Federation",1971-06-11,10:00:00,Voskhod,Zenit-4MK 5,Retired,,Success
US Air Force,"Space Launch Complex 4E, Vandenberg SFB, CA, USA",1971-06-15,18:41:00,Titan IIID,KH-9 1,Retired,,Success
RVSN USSR,"31/6, Baikonur Cosmodrome, Republic of Kazakhstan",1971-06-24,07:59:59,Voskhod,Zenit-2M 20,Retired,,Success
RVSN USSR,"43/4 (43R), Plesetsk Cosmodrome, Russian Federation",1971-06-25,10:30:01,Voskhod,Zenit-4M 17,Retired,,Failure
RVSN USSR,"110/37 (110L), Baikonur Cosmodrome, Republic of Kazakhstan",1971-06-26,23:15:08,N1,,Retired,,Failure
NASA,"Launch Area 3A, Wallops Flight Facility, Virginia, USA",1971-07-08,22:58:00,Scout B,Solrad 10,Retired,8.66,Success
RVSN USSR,"43/4 (43R), Plesetsk Cosmodrome, Russian Federation",1971-07-16,01:41:36,Vostok 8A92M,Meteor-1 9 (20L),Retired,,Success
US Air Force,"Space Launch Complex 1W, Vandenberg SFB, CA, USA",1971-07-16,10:49:00,Thorad SLV-2H Agena D,Strawman 4,Retired,,Success
RVSN USSR,"31/6, Baikonur Cosmodrome, Republic of Kazakhstan",1971-07-20,10:00:00,Voskhod,Zenit-4M 18,Retired,,Success
RVSN USSR,"132/2, Plesetsk Cosmodrome, Russian Federation",1971-07-22,13:45:00,Kosmos-3M (11K65M),Tselina-O 10,Retired,,Failure
RVSN USSR,"43/3 (43L), Plesetsk Cosmodrome, Russian Federation",1971-07-23,11:00:09,Voskhod,Zenit-4M 19,Retired,,Success
NASA,"Launch Complex 39A, Kennedy Space Center, FL, USA",1971-07-26,13:34:00,Saturn V,Apollo 15,Retired,,Success
RVSN USSR,"43/4 (43R), Plesetsk Cosmodrome, Russian Federation",1971-07-28,03:29:01,Molniya-M 2BL,Molniya-1 18,Retired,,Success
RVSN USSR,"31/6, Baikonur Cosmodrome, Republic of Kazakhstan",1971-07-30,08:29:54,Voskhod,Zenit-2M 21,Retired,,Success
RVSN USSR,"133/3 (133L), Plesetsk Cosmodrome, Russian Federation",1971-08-03,11:00:00,Kosmos 11K63,DS-P1-Yu 44,Retired,,Failure
RVSN USSR,"31/6, Baikonur Cosmodrome, Republic of Kazakhstan",1971-08-05,10:00:00,Voskhod,Zenit-4M 20,Retired,,Success
US Air Force,"576A2, Vandenberg SFB, CA, USA",1971-08-07,00:11:00,SM-65F Atlas,LOADS 2,Retired,,Success
RVSN USSR,"191/66, Baikonur Cosmodrome, Republic of Kazakhstan",1971-08-08,23:45:00,R-36O 8K69M,OGCh 24,Retired,,Success
RVSN USSR,"31/6, Baikonur Cosmodrome, Republic of Kazakhstan",1971-08-12,05:30:00,Soyuz 11A511L,T2K 3,Retired,,Success
US Air Force,"Space Launch Complex 4W, Vandenberg SFB, CA, USA",1971-08-12,15:30:00,Titan 24B,KH-8 32,Retired,,Success
National Center of Space Research,"Launch Area 3A, Wallops Flight Facility, Virginia, USA",1971-08-16,18:39:00,Scout B-1,Eole,Retired,,Success
RVSN USSR,"31/6, Baikonur Cosmodrome, Republic of Kazakhstan",1971-08-19,06:30:00,Voskhod,Zenit-4M 21,Retired,,Failure
RVSN USSR,"133/3 (133L), Plesetsk Cosmodrome, Russian Federation",1971-08-27,10:54:56,Kosmos 11K63,DS-P1-Yu 45,Retired,,Success
RVSN USSR,"81/24 (81P), Baikonur Cosmodrome, Republic of Kazakhstan",1971-09-02,13:40:40,Proton / UR-500 K/D,Luna-18,Retired,,Success
RVSN USSR,"132/2, Plesetsk Cosmodrome, Russian Federation",1971-09-07,01:15:01,Kosmos-3M (11K65M),Tselina-O 11,Retired,,Success
RVSN USSR,"132/2, Plesetsk Cosmodrome, Russian Federation",1971-09-10,03:37:59,Kosmos-3M (11K65M),Tselina-O 12,Retired,,Success
US Air Force,"Space Launch Complex 3W, Vandenberg SFB, CA, USA",1971-09-10,21:32:56,Thorad SLV-2H Agena D,KH-4B 15,Retired,,Success
RVSN USSR,"41/1, Plesetsk Cosmodrome, Russian Federation",1971-09-14,13:00:29,Voskhod,Zenit-4MK 6,Retired,,Success
NASA,"Launch Area 3A, Wallops Flight Facility, Virginia, USA",1971-09-20,23:31:00,Scout B,BIC,Retired,8.66,Success
RVSN USSR,"43/3 (43L), Plesetsk Cosmodrome, Russian Federation",1971-09-21,12:00:00,Voskhod,Zenit-2M 22,Retired,,Success
RVSN USSR,"133/3 (133L), Plesetsk Cosmodrome, Russian Federation",1971-09-24,10:30:00,Kosmos 11K63,DS-P1-I 11,Retired,,Success
Institute of Space and Astronautical Science,"Mu Center, Uchinoura Space Center, Japan",1971-09-28,04:00:00,Mu-4S,Shinsei,Retired,,Success
RVSN USSR,"31/6, Baikonur Cosmodrome, Republic of Kazakhstan",1971-09-28,07:40:00,Voskhod,Zenit-4M 22,Retired,,Success
RVSN USSR,"81/24 (81P), Baikonur Cosmodrome, Republic of Kazakhstan",1971-09-28,10:00:22,Proton / UR-500 K/D,Luna-19,Retired,,Success
US Air Force,"Space Launch Complex 17A, Cape Canaveral SFS, FL, USA",1971-09-29,09:45:00,Thor Delta N,OSO 7,Retired,18.8,Failure
RVSN USSR,"43/3 (43L), Plesetsk Cosmodrome, Russian Federation",1971-09-29,11:30:01,Voskhod,Zenit-4M 23,Retired,,Success
RVSN USSR,"43/3 (43L), Plesetsk Cosmodrome, Russian Federation",1971-10-07,12:30:00,Voskhod,Zenit-2M 23,Retired,,Success
RVSN USSR,"132/2, Plesetsk Cosmodrome, Russian Federation",1971-10-13,13:41:00,Kosmos-3M (11K65M),Strela-1M 17-24,Retired,,Success
US Air Force,"Space Launch Complex 10W, Vandenberg SFB, CA, USA",1971-10-14,07:51:17,Thor Burner 2A,DSAP-5B F1,Retired,,Success
RVSN USSR,"31/6, Baikonur Cosmodrome, Republic of Kazakhstan",1971-10-14,09:00:01,Voskhod,Zenit-4M 24,Retired,,Success
US Air Force,"Space Launch Complex 1W, Vandenberg SFB, CA, USA",1971-10-17,13:36:00,Thorad SLV-2G Agena D,ASTEX,Retired,19.56,Success
RVSN USSR,"133/3 (133L), Plesetsk Cosmodrome, Russian Federation",1971-10-19,12:40:01,Kosmos 11K63,DS-P1-Yu 46,Retired,,Success
US Air Force,"Space Launch Complex 2E, Vandenberg SFB, CA, USA",1971-10-21,11:32:00,Thor Delta N6,ITOS B,Retired,,Failure
US Air Force,"Space Launch Complex 4W, Vandenberg SFB, CA, USA",1971-10-23,17:10:00,Titan 24B,KH-8 33,Retired,,Success
Royal Aircraft Establishment,"Launch Area 5B, RAAF Woomera Range Complex",1971-10-28,04:09:29,Black Arrow,Prospero,Retired,,Success
RVSN USSR,"41/1, Plesetsk Cosmodrome, Russian Federation",1971-11-02,14:25:02,Voskhod,Zenit-4M 25,Retired,,Success
US Air Force,"Space Launch Complex 40, Cape Canaveral SFS, FL, USA",1971-11-03,03:09:06,Titan IIIC,DSCS-2 1 & 2,Retired,,Success
European Launcher Development Organisation,"Ariane Launch Area 1 (ELV), Guiana Space Centre, French Guiana",1971-11-05,13:00:00,Europa II,STV 4,Retired,,Failure
NASA,"San Marco platform, Broglio Space Center, Kenya",1971-11-15,05:52:00,Scout B,SSS 1,Retired,8.66,Success
RVSN USSR,"133/3 (133L), Plesetsk Cosmodrome, Russian Federation",1971-11-17,11:09:48,Kosmos 11K63,DS-P1-Yu 47,Retired,,Success
RVSN USSR,"43/3 (43L), Plesetsk Cosmodrome, Russian Federation",1971-11-19,12:00:01,Voskhod,Zenit-4M 26,Retired,,Success
RVSN USSR,"132/2, Plesetsk Cosmodrome, Russian Federation",1971-11-20,18:00:01,Kosmos-3M (11K65M),Sfera 7,Retired,,Success
RVSN USSR,"43/4 (43R), Plesetsk Cosmodrome, Russian Federation",1971-11-24,09:30:02,Molniya-M 2BL,Molniya-2 1,Retired,,Success
RVSN USSR,"133/3 (133L), Plesetsk Cosmodrome, Russian Federation",1971-11-29,10:09:56,Kosmos 11K63,DS-P1-Yu 48,Retired,,Success
RVSN USSR,"132/1 (132L), Plesetsk Cosmodrome, Russian Federation",1971-11-29,17:30:00,Kosmos-3M (11K65M),DS-P1-M 5,Retired,,Success
RVSN USSR,"132/2, Plesetsk Cosmodrome, Russian Federation",1971-11-30,16:39:01,Kosmos-3M (11K65M),Tselina-O 13,Retired,,Success
RVSN USSR,"86/4, Kapustin Yar, Russian Federation",1971-12-02,08:25:14,Kosmos 11K63,DS-U2-IK 2,Retired,,Success
RVSN USSR,"132/1 (132L), Plesetsk Cosmodrome, Russian Federation",1971-12-02,17:30:01,Kosmos-3M (11K65M),DS-U2-MT,Retired,,Success
RVSN USSR,"43/4 (43R), Plesetsk Cosmodrome, Russian Federation",1971-12-03,13:00:01,Voskhod,Zenit-2M 24,Retired,,Failure
RVSN USSR,"90/20, Baikonur Cosmodrome, Republic of Kazakhstan",1971-12-03,13:19:22,Tsiklon-2,I2P 8,Retired,12,Success
US Air Force,"Space Launch Complex 13, Cape Canaveral SFS, FL, USA",1971-12-04,22:33:00,Atlas SLV-3A Agena D,Canyon 4,Retired,,Failure
National Center of Space Research,"Diamant Launch Area, Guiana Space Centre, French Guiana",1971-12-05,16:20:00,Diamant B,Polaire,Retired,,Failure
RVSN USSR,"31/6, Baikonur Cosmodrome, Republic of Kazakhstan",1971-12-06,09:50:01,Voskhod,Zenit-4M 27,Retired,,Success
RVSN USSR,"43/3 (43L), Plesetsk Cosmodrome, Russian Federation",1971-12-10,11:00:00,Voskhod,Zenit-4M 28,Retired,,Success
Science and Engineering Research Council,"Space Launch Complex 5, Vandenberg SFB, CA, USA",1971-12-11,20:47:01,Scout B-1,Ariel 4,Retired,,Success
US Air Force,"Space Launch Complex 1W, Vandenberg SFB, CA, USA",1971-12-14,12:13:00,Thorad SLV-2G Agena D,"Poppy 9A,B,C,D",Retired,19.56,Success
RVSN USSR,"132/2, Plesetsk Cosmodrome, Russian Federation",1971-12-15,04:31:21,Kosmos-3M (11K65M),Zaliv 9,Retired,,Success
RVSN USSR,"31/6, Baikonur Cosmodrome, Republic of Kazakhstan",1971-12-16,09:39:59,Voskhod,Zenit-4M 29,Retired,,Success
RVSN USSR,"133/3 (133L), Plesetsk Cosmodrome, Russian Federation",1971-12-17,10:39:58,Kosmos 11K63,DS-P1-Yu 49,Retired,,Success
RVSN USSR,"132/2, Plesetsk Cosmodrome, Russian Federation",1971-12-17,13:00:01,Kosmos-3M (11K65M),Strela-2M 4,Retired,,Success
RVSN USSR,"43/4 (43R), Plesetsk Cosmodrome, Russian Federation",1971-12-19,22:50:12,Molniya-M 2BL,Molniya-1 19,Retired,,Success
US Air Force,"Launch Complex 36A, Cape Canaveral SFS, FL, USA",1971-12-20,01:10:04,Atlas SLV-3C Centaur,INTELSAT IV F3,Retired,,Success
RVSN USSR,"90/19, Baikonur Cosmodrome, Republic of Kazakhstan",1971-12-25,11:29:58,Tsiklon-2,US-A 3,Retired,12,Success
RVSN USSR,"41/1, Plesetsk Cosmodrome, Russian Federation",1971-12-27,14:04:51,Soyuz 11A511M,Zenit-4MT 1,Retired,,Success
RVSN USSR,"132/2, Plesetsk Cosmodrome, Russian Federation",1971-12-27,19:00:00,Kosmos-3M (11K65M),Aureole 1,Retired,,Success
RVSN USSR,"41/1, Plesetsk Cosmodrome, Russian Federation",1971-12-29,10:50:01,Vostok 8A92M,Meteor-1 10 (18L),Retired,,Success
RVSN USSR,"31/6, Baikonur Cosmodrome, Republic of Kazakhstan",1972-01-12,09:59:59,Voskhod,Zenit-4M 30,Retired,,Success
US Air Force,"Space Launch Complex 4E, Vandenberg SFB, CA, USA",1972-01-20,18:36:00,Titan IIID,KH-9 2,Retired,,Success
US Air Force,"Launch Complex 36B, Cape Canaveral SFS, FL, USA",1972-01-23,00:12:04,Atlas SLV-3C Centaur,INTELSAT IV F4,Retired,,Success
RVSN USSR,"133/3 (133L), Plesetsk Cosmodrome, Russian Federation",1972-01-25,11:15:01,Kosmos 11K63,DS-P1-Yu 50,Retired,,Success
US Air Force,"Space Launch Complex 2E, Vandenberg SFB, CA, USA",1972-01-31,17:20:02,Thor Delta L,HEOS 2,Retired,16.54,Success
RVSN USSR,"31/6, Baikonur Cosmodrome, Republic of Kazakhstan",1972-02-03,08:40:00,Voskhod,Zenit-2M 25,Retired,,Success
RVSN USSR,"81/24 (81P), Baikonur Cosmodrome, Republic of Kazakhstan",1972-02-14,03:27:59,Proton / UR-500 K/D,Luna-20,Retired,,Success
RVSN USSR,"31/6, Baikonur Cosmodrome, Republic of Kazakhstan",1972-02-16,09:30:00,Voskhod,Zenit-4M 31,Retired,,Success
US Air Force,"Space Launch Complex 4W, Vandenberg SFB, CA, USA",1972-02-16,09:59:00,Titan 33B,Jumpseat 2,Retired,,Failure
RVSN USSR,"132/2, Plesetsk Cosmodrome, Russian Federation",1972-02-25,07:52:29,Kosmos-3M (11K65M),Zaliv 10,Retired,,Success
US Air Force,"Space Launch Complex 40, Cape Canaveral SFS, FL, USA",1972-03-01,09:39:28,Titan IIIC,DSP 3,Retired,,Success
RVSN USSR,"43/4 (43R), Plesetsk Cosmodrome, Russian Federation",1972-03-01,11:15:00,Vostok 8A92M,Tselina-D 3,Retired,,Success
US Air Force,"Launch Complex 36A, Cape Canaveral SFS, FL, USA",1972-03-03,01:49:04,Atlas SLV-3C Centaur,Pioneer 10,Retired,,Success
RVSN USSR,"41/1, Plesetsk Cosmodrome, Russian Federation",1972-03-04,10:00:00,Voskhod,Zenit-2M 26,Retired,,Success
US Air Force,"Space Launch Complex 2E, Vandenberg SFB, CA, USA",1972-03-12,01:55:08,Thor Delta N,TD-1A,Retired,18.8,Success
RVSN USSR,"43/3 (43L), Plesetsk Cosmodrome, Russian Federation",1972-03-15,13:00:01,Voskhod,Zenit-4M 32,Retired,,Success
US Air Force,"Space Launch Complex 4W, Vandenberg SFB, CA, USA",1972-03-17,17:00:00,Titan 24B,KH-8 34,Retired,,Success
RVSN USSR,"132/2, Plesetsk Cosmodrome, Russian Federation",1972-03-22,20:30:59,Kosmos-3M (11K65M),Tselina-O 14,Retired,,Success
US Air Force,"Space Launch Complex 10W, Vandenberg SFB, CA, USA",1972-03-24,08:46:12,Thor Burner 2A,DMSP-5B F2,Retired,,Success
RVSN USSR,"132/2, Plesetsk Cosmodrome, Russian Federation",1972-03-25,02:20:00,Kosmos-3M (11K65M),Sfera 8,Retired,,Success
RVSN USSR,"133/3 (133L), Plesetsk Cosmodrome, Russian Federation",1972-03-25,10:39:59,Kosmos 11K63,DS-P1-Yu 51,Retired,,Success
RVSN USSR,"31/6, Baikonur Cosmodrome, Republic of Kazakhstan",1972-03-27,04:15:01,Molniya-M 2BL,Venera-8,Retired,,Success
RVSN USSR,"41/1, Plesetsk Cosmodrome, Russian Federation",1972-03-30,14:05:01,Vostok 8A92M,Meteor-1 11 (23L),Retired,,Success
RVSN USSR,"31/6, Baikonur Cosmodrome, Republic of Kazakhstan",1972-03-31,04:02:33,Molniya-M 2BL,Venera-9a,Retired,,Failure
RVSN USSR,"41/1, Plesetsk Cosmodrome, Russian Federation",1972-04-03,10:15:00,Voskhod,Zenit-4M 33,Retired,,Success
RVSN USSR,"43/4 (43R), Plesetsk Cosmodrome, Russian Federation",1972-04-04,20:38:30,Molniya-M 2BL,Molniya-1 20,Retired,,Success
RVSN USSR,"43/3 (43L), Plesetsk Cosmodrome, Russian Federation",1972-04-06,08:00:00,Voskhod,Zenit-2M 27,Retired,,Success
RVSN USSR,"31/6, Baikonur Cosmodrome, Republic of Kazakhstan",1972-04-07,10:00:00,Voskhod,Energiya 1,Retired,,Success
RVSN USSR,"133/3 (133L), Plesetsk Cosmodrome, Russian Federation",1972-04-11,11:04:58,Kosmos 11K63,DS-P1-Yu 52,Retired,,Success
RVSN USSR,"31/6, Baikonur Cosmodrome, Republic of Kazakhstan",1972-04-14,00:54:36,Molniya-M 2BL,Prognoz,Retired,,Success
RVSN USSR,"43/3 (43L), Plesetsk Cosmodrome, Russian Federation",1972-04-14,08:00:00,Voskhod,Zenit-4M 34,Retired,,Success
NASA,"Launch Complex 39A, Kennedy Space Center, FL, USA",1972-04-16,17:54:00,Saturn V,Apollo 16,Retired,,Success
US Air Force,"Space Launch Complex 3W, Vandenberg SFB, CA, USA",1972-04-19,21:43:59,Thorad SLV-2H Agena D,KH-4B 16,Retired,,Success
RVSN USSR,"133/3 (133L), Plesetsk Cosmodrome, Russian Federation",1972-04-21,11:59:59,Kosmos 11K63,DS-P1-Yu 53,Retired,,Success
RVSN USSR,"133/3 (133L), Plesetsk Cosmodrome, Russian Federation",1972-04-25,11:29:59,Kosmos 11K63,DS-P1-Yu 54,Retired,,Failure
RVSN USSR,"43/4 (43R), Plesetsk Cosmodrome, Russian Federation",1972-05-05,11:20:00,Voskhod,Zenit-4MK 7,Retired,,Success
RVSN USSR,"132/1 (132L), Plesetsk Cosmodrome, Russian Federation",1972-05-06,11:24:51,Kosmos-3M (11K65M),Zaliv 11,Retired,,Success
RVSN USSR,"43/3 (43L), Plesetsk Cosmodrome, Russian Federation",1972-05-17,10:19:59,Voskhod,Zenit-2M 28,Retired,,Success
RVSN USSR,"43/4 (43R), Plesetsk Cosmodrome, Russian Federation",1972-05-19,14:30:03,Molniya-M 2BL,Molniya-2 2,Retired,,Success
US Air Force,"Space Launch Complex 4W, Vandenberg SFB, CA, USA",1972-05-20,15:30:00,Titan 24B,KH-8 35,Retired,,Failure
RVSN USSR,"31/6, Baikonur Cosmodrome, Republic of Kazakhstan",1972-05-25,06:35:00,Voskhod,Zenit-4M 35,Retired,,Success
US Air Force,"Space Launch Complex 3W, Vandenberg SFB, CA, USA",1972-05-25,18:41:00,Thorad SLV-2H Agena D,KH-4B 17,Retired,,Success
RVSN USSR,"31/6, Baikonur Cosmodrome, Republic of Kazakhstan",1972-06-09,06:59:59,Voskhod,Zenit-4M 36,Retired,,Success
US Air Force,"Launch Complex 36B, Cape Canaveral SFS, FL, USA",1972-06-13,21:53:04,Atlas SLV-3C Centaur,INTELSAT IV F5,Retired,,Success
RVSN USSR,"31/6, Baikonur Cosmodrome, Republic of Kazakhstan",1972-06-21,06:25:00,Voskhod,Zenit-2M 29,Retired,,Success
RVSN USSR,"132/2, Plesetsk Cosmodrome, Russian Federation",1972-06-23,09:24:00,Kosmos-3M (11K65M),Strela-2M 5,Retired,,Success
RVSN USSR,"43/3 (43L), Plesetsk Cosmodrome, Russian Federation",1972-06-23,11:19:57,Voskhod,Zenit-4M 37,Retired,,Success
RVSN USSR,"1/5, Baikonur Cosmodrome, Republic of Kazakhstan",1972-06-26,14:53:00,Soyuz,,Active,,Success
RVSN USSR,"31/6, Baikonur Cosmodrome, Republic of Kazakhstan",1972-06-29,03:47:35,Molniya-M 2BL,Prognoz-2,Retired,,Success
RVSN USSR,"86/4, Kapustin Yar, Russian Federation",1972-06-30,05:58:41,Kosmos 11K63,DS-U3-IK 3,Retired,,Success
RVSN USSR,"133/3 (133L), Plesetsk Cosmodrome, Russian Federation",1972-06-30,09:19:49,Kosmos 11K63,DS-P1-I 13,Retired,,Success
RVSN USSR,"41/1, Plesetsk Cosmodrome, Russian Federation",1972-06-30,18:52:01,Vostok 8A92M,Meteor-1 12 (26L),Retired,,Success
RVSN USSR,"133/3 (133L), Plesetsk Cosmodrome, Russian Federation",1972-07-05,09:29:58,Kosmos 11K63,DS-P1-Yu 55,Retired,,Success
RVSN USSR,"31/6, Baikonur Cosmodrome, Republic of Kazakhstan",1972-07-06,10:40:00,Voskhod,Zenit-4M 38,Retired,,Success
US Air Force,"Space Launch Complex 4E, Vandenberg SFB, CA, USA",1972-07-07,17:46:00,Titan IIID,KH-9 3,Retired,,Success
RVSN USSR,"132/2, Plesetsk Cosmodrome, Russian Federation",1972-07-10,16:15:00,Kosmos-3M (11K65M),Tselina-O 15,Retired,,Success
RVSN USSR,"86/4, Kapustin Yar, Russian Federation",1972-07-12,05:59:57,Kosmos 11K63,DS-P1-Yu 56,Retired,,Success
RVSN USSR,"43/4 (43R), Plesetsk Cosmodrome, Russian Federation",1972-07-13,14:30:25,Soyuz 11A511M,Zenit-4MT 2,Retired,,Success
RVSN USSR,"43/3 (43L), Plesetsk Cosmodrome, Russian Federation",1972-07-19,13:45:00,Voskhod,Zenit-4M 39,Retired,,Success
RVSN USSR,"132/2, Plesetsk Cosmodrome, Russian Federation",1972-07-20,18:10:00,Kosmos-3M (11K65M),Strela-1M 25-32,Retired,,Success
US Air Force,"Space Launch Complex 2W, Vandenberg SFB, CA, USA",1972-07-23,18:06:06,Delta 0900,Landsat 1,Retired,,Success
RVSN USSR,"43/4 (43R), Plesetsk Cosmodrome, Russian Federation",1972-07-28,10:19:00,Voskhod,Zenit-2M 30,Retired,,Success
RVSN USSR,"81/23 (81L), Baikonur Cosmodrome, Republic of Kazakhstan",1972-07-29,03:20:57,Proton-K,Salyut-2a,Retired,,Failure
RVSN USSR,"31/6, Baikonur Cosmodrome, Republic of Kazakhstan",1972-08-02,08:15:00,Voskhod,Zenit-4M 40,Retired,,Success
NASA,"Launch Area 3A, Wallops Flight Facility, Virginia, USA",1972-08-13,15:10:00,Scout D-1,Explorer 46,Retired,,Success
RVSN USSR,"132/2, Plesetsk Cosmodrome, Russian Federation",1972-08-16,13:40:01,Kosmos-3M (11K65M),Zaliv-GVM 3,Retired,,Success
RVSN USSR,"43/4 (43R), Plesetsk Cosmodrome, Russian Federation",1972-08-18,10:00:01,Voskhod,Zenit-4MK 8,Retired,,Success
Institute of Space and Astronautical Science,"Mu Center, Uchinoura Space Center, Japan",1972-08-19,02:40:00,Mu-4S,Denpa,Retired,,Success
US Air Force,"Launch Complex 36B, Cape Canaveral SFS, FL, USA",1972-08-21,10:28:02,Atlas SLV-3C Centaur,Copernicus,Retired,,Success
RVSN USSR,"90/19, Baikonur Cosmodrome, Republic of Kazakhstan",1972-08-21,10:36:20,Tsiklon-2,US-A 4,Retired,12,Success
RVSN USSR,"31/6, Baikonur Cosmodrome, Republic of Kazakhstan",1972-08-30,08:19:59,Voskhod,Zenit-2M 31,Retired,,Success
US Air Force,"Space Launch Complex 4W, Vandenberg SFB, CA, USA",1972-09-01,17:36:00,Titan 24B,KH-8 36,Retired,,Success
RVSN USSR,"43/4 (43R), Plesetsk Cosmodrome, Russian Federation",1972-09-02,10:49:59,Voskhod,Zenit-4M 41,Retired,,Failure
US Air Force,"Space Launch Complex 5, Vandenberg SFB, CA, USA",1972-09-02,17:50:30,Scout B-1,Triad 1,Retired,,Success
RVSN USSR,"43/4 (43R), Plesetsk Cosmodrome, Russian Federation",1972-09-15,09:40:00,Voskhod,Zenit-2M 32,Retired,,Success
RVSN USSR,"31/6, Baikonur Cosmodrome, Republic of Kazakhstan",1972-09-16,08:20:00,Voskhod,Zenit-4M 42,Retired,,Success
RVSN USSR,"41/1, Plesetsk Cosmodrome, Russian Federation",1972-09-19,19:19:03,Molniya-M 2BL,US-K 1,Retired,,Success
US Air Force,"Space Launch Complex 17B, Cape Canaveral SFS, FL, USA",1972-09-23,01:20:00,Delta 1604,IMP 7,Retired,,Success
RVSN USSR,"132/2, Plesetsk Cosmodrome, Russian Federation",1972-09-29,20:18:59,Kosmos-3M (11K65M),DS-P1-M 6,Retired,,Success
RVSN USSR,"41/1, Plesetsk Cosmodrome, Russian Federation",1972-09-30,20:19:01,Molniya-M 2BL,Molniya-2 3,Retired,,Success
US Air Force,"576A1, Vandenberg SFB, CA, USA",1972-10-02,20:10:00,Atlas SLV-3 Burner-2,Radcat,Retired,,Success
RVSN USSR,"41/1, Plesetsk Cosmodrome, Russian Federation",1972-10-04,12:00:02,Voskhod,Zenit-4M 43,Retired,,Success
RVSN USSR,"133/3 (133L), Plesetsk Cosmodrome, Russian Federation",1972-10-05,11:30:00,Kosmos 11K63,DS-P1-Yu 57,Retired,,Success
US Air Force,"Space Launch Complex 4E, Vandenberg SFB, CA, USA",1972-10-10,18:03:00,Titan IIID,KH-9 4,Retired,,Success
RVSN USSR,"133/3 (133L), Plesetsk Cosmodrome, Russian Federation",1972-10-11,13:19:58,Kosmos 11K63,DS-P1-Yu 58,Retired,,Success
RVSN USSR,"41/1, Plesetsk Cosmodrome, Russian Federation",1972-10-14,06:16:00,Molniya-M 2BL,Molniya-1 21,Retired,,Success
US Air Force,"Space Launch Complex 2W, Vandenberg SFB, CA, USA",1972-10-15,17:19:19,Delta 0300,NOAA 2,Retired,,Success
RVSN USSR,"132/1 (132L), Plesetsk Cosmodrome, Russian Federation",1972-10-17,19:59:01,Kosmos-3M (11K65M),Strela-2M 6,Retired,,Failure
RVSN USSR,"43/4 (43R), Plesetsk Cosmodrome, Russian Federation",1972-10-18,11:59:59,Voskhod,Zenit-2M 33,Retired,,Success
RVSN USSR,"133/3 (133L), Plesetsk Cosmodrome, Russian Federation",1972-10-25,10:39:57,Kosmos 11K63,DS-P1-Yu 59,Retired,,Success
RVSN USSR,"43/4 (43R), Plesetsk Cosmodrome, Russian Federation",1972-10-26,22:05:01,Vostok 8A92M,Meteor-1 13 (25L),Retired,,Success
RVSN USSR,"43/4 (43R), Plesetsk Cosmodrome, Russian Federation",1972-10-31,13:29:59,Voskhod,Zenit-4MK 9,Retired,,Success
RVSN USSR,"132/2, Plesetsk Cosmodrome, Russian Federation",1972-11-01,02:08:00,Kosmos-3M (11K65M),Strela-1M 33-40,Retired,,Success
RVSN USSR,"132/1 (132L), Plesetsk Cosmodrome, Russian Federation",1972-11-03,01:34:00,Kosmos-3M (11K65M),Tselina-O 16,Retired,,Success
US Air Force,"Space Launch Complex 10W, Vandenberg SFB, CA, USA",1972-11-09,03:23:46,Thor Burner 2A,DSAP-5B F3,Retired,,Success
US Air Force,"Space Launch Complex 17B, Cape Canaveral SFS, FL, USA",1972-11-10,01:14:03,Delta 1914,Anik A1,Retired,,Success
NASA,"San Marco platform, Broglio Space Center, Kenya",1972-11-15,22:13:46,Scout D-1,SAS 2,Retired,,Success
European Space Research Organisation,"Space Launch Complex 5, Vandenberg SFB, CA, USA",1972-11-22,00:17:01,Scout D-1,ESRO 4,Retired,,Success
RVSN USSR,"110/37 (110L), Baikonur Cosmodrome, Republic of Kazakhstan",1972-11-23,06:11:55,N1,,Retired,,Failure
RVSN USSR,"31/6, Baikonur Cosmodrome, Republic of Kazakhstan",1972-11-25,09:10:01,Voskhod,Zenit-2M 34,Retired,,Success
RVSN USSR,"133/3 (133L), Plesetsk Cosmodrome, Russian Federation",1972-11-30,21:49:57,Kosmos 11K63,DS-U1-IK 2,Retired,,Success
RVSN USSR,"1/5, Baikonur Cosmodrome, Republic of Kazakhstan",1972-12-02,04:39:57,Molniya-M 2BL,Molniya-1 22,Retired,,Success
NASA,"Launch Complex 39A, Kennedy Space Center, FL, USA",1972-12-07,05:33:00,Saturn V,Apollo 17,Retired,,Success
US Air Force,"Space Launch Complex 2W, Vandenberg SFB, CA, USA",1972-12-11,07:56:00,Delta 0900,Nimbus 5,Retired,,Success
RVSN USSR,"41/1, Plesetsk Cosmodrome, Russian Federation",1972-12-12,06:51:01,Molniya-M 2BL,Molniya-2 4,Retired,,Success
RVSN USSR,"43/4 (43R), Plesetsk Cosmodrome, Russian Federation",1972-12-14,13:40:02,Voskhod,Zenit-4M 44,Retired,,Success
NASA,"Space Launch Complex 5, Vandenberg SFB, CA, USA",1972-12-16,11:24:56,Scout D-1,Aeros 1,Retired,,Success
US Air Force,"Space Launch Complex 13, Cape Canaveral SFS, FL, USA",1972-12-20,22:20:00,Atlas SLV-3A Agena D,Canyon 5,Retired,,Success
RVSN USSR,"132/2, Plesetsk Cosmodrome, Russian Federation",1972-12-21,02:05:00,Kosmos-3M (11K65M),Sfera 9,Retired,,Success
US Air Force,"Space Launch Complex 4W, Vandenberg SFB, CA, USA",1972-12-21,17:45:00,Titan 24B,KH-8 37,Retired,,Success
RVSN USSR,"132/2, Plesetsk Cosmodrome, Russian Federation",1972-12-25,23:05:01,Kosmos-3M (11K65M),Strela-2M 7,Retired,,Success
RVSN USSR,"41/1, Plesetsk Cosmodrome, Russian Federation",1972-12-27,10:30:04,Soyuz 11A511M,Zenit-4MT 3,Retired,,Success
RVSN USSR,"43/4 (43R), Plesetsk Cosmodrome, Russian Federation",1972-12-28,11:00:00,Vostok 8A92M,Tselina-D 4,Retired,,Success
RVSN USSR,"81/23 (81L), Baikonur Cosmodrome, Republic of Kazakhstan",1973-01-08,06:55:38,Proton / UR-500 K/D,Luna-21,Retired,,Success
RVSN USSR,"31/6, Baikonur Cosmodrome, Republic of Kazakhstan",1973-01-11,10:00:00,Voskhod,Zenit-4M 45,Retired,,Success
RVSN USSR,"132/1 (132L), Plesetsk Cosmodrome, Russian Federation",1973-01-20,03:36:05,Kosmos-3M (11K65M),Tselina-O 17,Retired,,Success
RVSN USSR,"133/3 (133L), Plesetsk Cosmodrome, Russian Federation",1973-01-24,11:44:50,Kosmos 11K63,DS-P1-Yu 60,Retired,,Success
RVSN USSR,"107/1, Kapustin Yar, Russian Federation",1973-01-26,11:44:45,Kosmos-3M (11K65M),Zaliv-GVM 4,Retired,,Success
RVSN USSR,"31/6, Baikonur Cosmodrome, Republic of Kazakhstan",1973-02-01,08:30:00,Voskhod,Zenit-2M 35,Retired,,Success
RVSN USSR,"1/5, Baikonur Cosmodrome, Republic of Kazakhstan",1973-02-03,05:48:59,Molniya-M 2BL,Molniya-1 23,Retired,,Success
RVSN USSR,"43/4 (43R), Plesetsk Cosmodrome, Russian Federation",1973-02-08,13:15:00,Voskhod,Zenit-4M 46,Retired,,Success
RVSN USSR,"31/6, Baikonur Cosmodrome, Republic of Kazakhstan",1973-02-15,01:11:53,Molniya-M 2BL,Prognoz-3,Retired,,Success
RVSN USSR,"132/1 (132L), Plesetsk Cosmodrome, Russian Federation",1973-02-28,04:37:00,Kosmos-3M (11K65M),Tselina-O 18,Retired,,Success
RVSN USSR,"41/1, Plesetsk Cosmodrome, Russian Federation",1973-03-01,12:40:02,Voskhod,Zenit-4MK 10,Retired,,Success
RVSN USSR,"31/6, Baikonur Cosmodrome, Republic of Kazakhstan",1973-03-06,09:20:00,Voskhod,Zenit-4M 47,Retired,,Success
US Air Force,"Space Launch Complex 13, Cape Canaveral SFS, FL, USA",1973-03-06,09:30:00,Atlas SLV-3A Agena D,Aquacade 2,Retired,,Success
US Air Force,"Space Launch Complex 4E, Vandenberg SFB, CA, USA",1973-03-09,21:00:00,Titan IIID,KH-9 5,Retired,,Success
RVSN USSR,"41/1, Plesetsk Cosmodrome, Russian Federation",1973-03-20,11:20:02,Vostok 8A92M,Meteor-1 14 (29L),Retired,,Success
RVSN USSR,"43/4 (43R), Plesetsk Cosmodrome, Russian Federation",1973-03-22,10:00:00,Voskhod,Zenit-2M 36,Retired,,Success
RVSN USSR,"81/23 (81L), Baikonur Cosmodrome, Republic of Kazakhstan",1973-04-03,09:00:00,Proton-K,Salyut-2,Retired,,Success
RVSN USSR,"41/1, Plesetsk Cosmodrome, Russian Federation",1973-04-05,11:11:00,Molniya-M 2BL,Molniya-2 5,Retired,,Success
US Air Force,"Launch Complex 36B, Cape Canaveral SFS, FL, USA",1973-04-06,02:11:00,Atlas SLV-3D Centaur,Pioneer 11,Retired,,Success
RVSN USSR,"133/3 (133L), Plesetsk Cosmodrome, Russian Federation",1973-04-12,11:49:55,Kosmos 11K63,DS-P1-Yu 61,Retired,,Success
RVSN USSR,"43/4 (43R), Plesetsk Cosmodrome, Russian Federation",1973-04-19,08:59:59,Voskhod,Zenit-4MK 11,Retired,,Success
RVSN USSR,"86/4, Kapustin Yar, Russian Federation",1973-04-19,10:19:58,Kosmos 11K63,DS-U2-IK 3 & Kopernik-500,Retired,,Success
US Air Force,"Space Launch Complex 17B, Cape Canaveral SFS, FL, USA",1973-04-20,23:47:03,Delta 1914,Anik A2,Retired,,Success
RVSN USSR,"90, Baikonur Cosmodrome, Republic of Kazakhstan",1973-04-25,09:10:00,Tsiklon-2,US-A 5,Retired,12,Failure
RVSN USSR,"43/4 (43R), Plesetsk Cosmodrome, Russian Federation",1973-04-25,10:45:00,Voskhod,Zenit-2M 37,Retired,,Success
RVSN USSR,"41/1, Plesetsk Cosmodrome, Russian Federation",1973-05-05,07:00:00,Voskhod,Zenit-4MK 12,Retired,,Success
RVSN USSR,"81/23 (81L), Baikonur Cosmodrome, Republic of Kazakhstan",1973-05-11,00:20:00,Proton-K,Salyut-3a,Retired,,Success
NASA,"Launch Complex 39A, Kennedy Space Center, FL, USA",1973-05-14,17:30:00,Saturn V,,Retired,,Success
US Air Force,"Space Launch Complex 4W, Vandenberg SFB, CA, USA",1973-05-16,16:40:00,Titan 24B,KH-8 38,Retired,,Success
RVSN USSR,"133/3 (133L), Plesetsk Cosmodrome, Russian Federation",1973-05-17,13:19:58,Kosmos 11K63,DS-P1-Yu 62,Retired,,Success
RVSN USSR,"43/3 (43L), Plesetsk Cosmodrome, Russian Federation",1973-05-18,11:00:02,Soyuz U,Zenit-4MK 13,Retired,,Success
National Center of Space Research,"Diamant Launch Area, Guiana Space Centre, French Guiana",1973-05-21,08:47:00,Diamant B,Castor & Pollux,Retired,,Failure
RVSN USSR,"43/4 (43R), Plesetsk Cosmodrome, Russian Federation",1973-05-23,10:30:00,Voskhod,Zenit-4M 48,Retired,,Success
RVSN USSR,"132/1 (132L), Plesetsk Cosmodrome, Russian Federation",1973-05-25,09:15:34,Kosmos-3M (11K65M),Zaliv 12,Retired,,Failure
NASA,"Launch Complex 39B, Kennedy Space Center, FL, USA",1973-05-25,13:00:00,Saturn IB,Skylab 2,Retired,,Success
RVSN USSR,"43/4 (43R), Plesetsk Cosmodrome, Russian Federation",1973-05-25,13:30:01,Voskhod,Zenit-2M 38,Retired,,Success
RVSN USSR,"41/1, Plesetsk Cosmodrome, Russian Federation",1973-05-29,10:16:03,Vostok 8A92M,Meteor-1 15 (27L),Retired,,Success
RVSN USSR,"133/3 (133L), Plesetsk Cosmodrome, Russian Federation",1973-06-05,11:29:47,Kosmos 11K63,DS-P1-Yu 63,Retired,,Success
RVSN USSR,"43/4 (43R), Plesetsk Cosmodrome, Russian Federation",1973-06-06,11:30:00,Voskhod,Zenit-4M 49,Retired,,Success
RVSN USSR,"132/1 (132L), Plesetsk Cosmodrome, Russian Federation",1973-06-08,15:50:00,Kosmos-3M (11K65M),Strela-1M 41-48,Retired,,Success
RVSN USSR,"1/5, Baikonur Cosmodrome, Republic of Kazakhstan",1973-06-10,10:10:00,Voskhod,Zenit-4M 50,Retired,,Success
US Air Force,"Space Launch Complex 17B, Cape Canaveral SFS, FL, USA",1973-06-10,14:13:00,Delta 1913,RAE 2,Retired,,Success
US Air Force,"Space Launch Complex 40, Cape Canaveral SFS, FL, USA",1973-06-12,07:14:05,Titan IIIC,DSP 4,Retired,,Success
RVSN USSR,"1/5, Baikonur Cosmodrome, Republic of Kazakhstan",1973-06-15,06:00:00,Soyuz,,Active,,Success
RVSN USSR,"132/1 (132L), Plesetsk Cosmodrome, Russian Federation",1973-06-20,06:16:27,Kosmos-3M (11K65M),Zaliv 13,Retired,,Success
RVSN USSR,"43/4 (43R), Plesetsk Cosmodrome, Russian Federation",1973-06-21,13:29:57,Voskhod,Zenit-2M 39,Retired,,Success
US Air Force,"Space Launch Complex 4W, Vandenberg SFB, CA, USA",1973-06-26,17:00:00,Titan 24B,KH-8 39,Retired,,Failure
RVSN USSR,"41/1, Plesetsk Cosmodrome, Russian Federation",1973-06-27,11:50:01,Soyuz 11A511M,Zenit-4MT 4,Retired,,Success
RVSN USSR,"43/3 (43L), Plesetsk Cosmodrome, Russian Federation",1973-07-04,10:59:59,Voskhod,Zenit-4M 51,Retired,,Failure
RVSN USSR,"41/1, Plesetsk Cosmodrome, Russian Federation",1973-07-11,09:58:00,Molniya-M 2BL,Molniya-2 6,Retired,,Success
US Air Force,"Space Launch Complex 4E, Vandenberg SFB, CA, USA",1973-07-13,20:22:00,Titan IIID,KH-9 6,Retired,,Success
US Air Force,"Space Launch Complex 2W, Vandenberg SFB, CA, USA",1973-07-16,17:10:21,Delta 0300,ITOS E,Retired,,Failure
RVSN USSR,"81/23 (81L), Baikonur Cosmodrome, Republic of Kazakhstan",1973-07-21,19:30:59,Proton / UR-500 K/D,Mars-4,Retired,,Success
RVSN USSR,"43/4 (43R), Plesetsk Cosmodrome, Russian Federation",1973-07-25,11:30:00,Voskhod,Zenit-4M 52,Retired,,Success
RVSN USSR,"81/24 (81P), Baikonur Cosmodrome, Republic of Kazakhstan",1973-07-25,18:55:48,Proton / UR-500 K/D,Mars-5,Retired,,Success
NASA,"Launch Complex 39B, Kennedy Space Center, FL, USA",1973-07-28,11:10:50,Saturn IB,Skylab 3,Retired,,Success
RVSN USSR,"43/4 (43R), Plesetsk Cosmodrome, Russian Federation",1973-08-01,14:00:01,Voskhod,Zenit-2M 40,Retired,,Success
RVSN USSR,"81/23 (81L), Baikonur Cosmodrome, Republic of Kazakhstan",1973-08-05,17:45:48,Proton / UR-500 K/D,Mars-6,Retired,,Success
RVSN USSR,"81/24 (81P), Baikonur Cosmodrome, Republic of Kazakhstan",1973-08-09,17:00:17,Proton / UR-500 K/D,Mars-7,Retired,,Success
US Air Force,"Space Launch Complex 10W, Vandenberg SFB, CA, USA",1973-08-17,04:49:12,Thor Burner 2A,DMSP-5B F4,Retired,,Success
RVSN USSR,"41/1, Plesetsk Cosmodrome, Russian Federation",1973-08-21,12:30:01,Voskhod,Zenit-4M 53,Retired,,Success
US Air Force,"Space Launch Complex 4W, Vandenberg SFB, CA, USA",1973-08-21,16:07:00,Titan 33B,Jumpseat 3,Retired,,Success
RVSN USSR,"133/3 (133L), Plesetsk Cosmodrome, Russian Federation",1973-08-22,11:24:55,Kosmos 11K63,DS-P1-Yu 64,Retired,,Success
US Air Force,"Launch Complex 36A, Cape Canaveral SFS, FL, USA",1973-08-23,22:57:02,Atlas SLV-3D Centaur,INTELSAT IV F7,Retired,,Success
RVSN USSR,"1/5, Baikonur Cosmodrome, Republic of Kazakhstan",1973-08-24,10:59:55,Voskhod,Zenit-4M 54,Retired,,Success
RVSN USSR,"132/2, Plesetsk Cosmodrome, Russian Federation",1973-08-28,10:08:29,Kosmos-3M (11K65M),Tselina-O 20,Retired,,Success
RVSN USSR,"41/1, Plesetsk Cosmodrome, Russian Federation",1973-08-30,00:07:59,Molniya-M 2BL,Molniya-1 24,Retired,,Success
RVSN USSR,"1/5, Baikonur Cosmodrome, Republic of Kazakhstan",1973-08-30,10:30:02,Voskhod,Zenit-2M 41,Retired,,Success
RVSN USSR,"41/1, Plesetsk Cosmodrome, Russian Federation",1973-09-06,10:40:01,Voskhod,Zenit-4M 55,Retired,,Success
RVSN USSR,"132/2, Plesetsk Cosmodrome, Russian Federation",1973-09-08,01:50:00,Kosmos-3M (11K65M),Sfera 10,Retired,,Success
RVSN USSR,"132/2, Plesetsk Cosmodrome, Russian Federation",1973-09-14,00:31:32,Kosmos-3M (11K65M),Zaliv 14,Retired,,Success
Seventh Ministry of Machine Building Industry,"Launch Area 2B, Jiuquan Satellite Launch Center, People's Republic of China",1973-09-18,12:12:00,Feng Bao 1,JSSW 1a,Retired,,Failure
RVSN USSR,"43/3 (43L), Plesetsk Cosmodrome, Russian Federation",1973-09-21,13:05:01,Soyuz U,Zenit-4MK 14,Retired,,Success
RVSN USSR,"1/5, Baikonur Cosmodrome, Republic of Kazakhstan",1973-09-27,12:18:16,Soyuz,Soyuz 12,Active,,Success
US Air Force,"Space Launch Complex 4W, Vandenberg SFB, CA, USA",1973-09-27,17:15:00,Titan 24B,KH-8 40,Retired,,Success
RVSN USSR,"132/2, Plesetsk Cosmodrome, Russian Federation",1973-10-02,21:46:00,Kosmos-3M (11K65M),Strela-1M 49-56,Retired,,Success
RVSN USSR,"41/1, Plesetsk Cosmodrome, Russian Federation",1973-10-03,13:00:00,Voskhod,Zenit-2M 42,Retired,,Success
RVSN USSR,"41/1, Plesetsk Cosmodrome, Russian Federation",1973-10-06,12:30:00,Voskhod,Zenit-4MK 15,Retired,,Success
RVSN USSR,"41/1, Plesetsk Cosmodrome, Russian Federation",1973-10-10,10:45:00,Voskhod,Zenit-4M 56,Retired,,Success
RVSN USSR,"1/5, Baikonur Cosmodrome, Republic of Kazakhstan",1973-10-15,08:45:00,Voskhod,Zenit-2M 43,Retired,,Success
RVSN USSR,"43/4 (43R), Plesetsk Cosmodrome, Russian Federation",1973-10-16,12:00:04,Voskhod,Zenit-4M 57,Retired,,Success
RVSN USSR,"133/3 (133L), Plesetsk Cosmodrome, Russian Federation",1973-10-16,14:00:01,Kosmos 11K63,DS-P1-Yu 65,Retired,,Success
RVSN USSR,"41/1, Plesetsk Cosmodrome, Russian Federation",1973-10-19,10:26:01,Molniya-M 2BL,Molniya-2 7,Retired,,Success
RVSN USSR,"43/4 (43R), Plesetsk Cosmodrome, Russian Federation",1973-10-20,10:14:58,Voskhod,Zenit-4MK 16,Retired,,Success
US Air Force,"Space Launch Complex 17B, Cape Canaveral SFS, FL, USA",1973-10-26,02:26:03,Delta 1604,IMP 8,Retired,,Success
RVSN USSR,"41/1, Plesetsk Cosmodrome, Russian Federation",1973-10-27,11:09:59,Voskhod,Zenit-4M 58,Retired,,Success
RVSN USSR,"43/4 (43R), Plesetsk Cosmodrome, Russian Federation",1973-10-29,14:00:14,Vostok 8A92M,Tselina-D 5,Retired,,Success
US Air Force,"Space Launch Complex 5, Vandenberg SFB, CA, USA",1973-10-30,00:37:02,Scout A-1,Transit-O 20,Retired,,Success
RVSN USSR,"132/2, Plesetsk Cosmodrome, Russian Federation",1973-10-30,19:00:00,Kosmos-3M (11K65M),DS-U2-IK 4,Retired,,Success
RVSN USSR,"43/3 (43L), Plesetsk Cosmodrome, Russian Federation",1973-10-31,18:24:59,Soyuz U,Bion 1,Retired,,Success
RVSN USSR,"41/1, Plesetsk Cosmodrome, Russian Federation",1973-11-02,13:01:56,Molniya-M 2BL,US-K 2,Retired,,Success
US Air Force,"Launch Complex 36B, Cape Canaveral SFS, FL, USA",1973-11-03,05:45:00,Atlas SLV-3D Centaur,Mariner 10,Retired,,Success
US Air Force,"Space Launch Complex 2W, Vandenberg SFB, CA, USA",1973-11-06,17:02:00,Delta 0300,NOAA 3,Retired,,Success
RVSN USSR,"43/4 (43R), Plesetsk Cosmodrome, Russian Federation",1973-11-10,12:38:27,Voskhod,Zenit-4MK 17,Retired,,Success
US Air Force,"Space Launch Complex 4E, Vandenberg SFB, CA, USA",1973-11-10,20:12:00,Titan IIID,KH-9 7,Retired,,Success
RVSN USSR,"1/5, Baikonur Cosmodrome, Republic of Kazakhstan",1973-11-14,20:40:02,Molniya-M 2BL,Molniya-1 25,Retired,,Success
NASA,"Launch Complex 39B, Kennedy Space Center, FL, USA",1973-11-16,14:01:23,Saturn IB,Skylab 4,Retired,,Success
RVSN USSR,"133/3 (133L), Plesetsk Cosmodrome, Russian Federation",1973-11-20,12:29:58,Kosmos 11K63,DS-P1-Yu 66,Retired,,Success
RVSN USSR,"1/5, Baikonur Cosmodrome, Republic of Kazakhstan",1973-11-21,10:00:00,Voskhod,Zenit-4M 59,Retired,,Success
RVSN USSR,"132/2, Plesetsk Cosmodrome, Russian Federation",1973-11-27,00:08:01,Kosmos-3M (11K65M),Tselina-O 21,Retired,,Success
RVSN USSR,"133/3 (133L), Plesetsk Cosmodrome, Russian Federation",1973-11-28,09:29:58,Kosmos 11K63,DS-P1-Yu 67,Retired,,Success
RVSN USSR,"43/4 (43R), Plesetsk Cosmodrome, Russian Federation",1973-11-28,11:43:05,Voskhod,Zenit-4MK 18,Retired,,Success
RVSN USSR,"1/5, Baikonur Cosmodrome, Republic of Kazakhstan",1973-11-30,05:20:00,Soyuz,,Active,,Success
RVSN USSR,"41/1, Plesetsk Cosmodrome, Russian Federation",1973-11-30,13:08:59,Molniya-M 2BL,Molniya-1K 26,Retired,,Success
RVSN USSR,"132/2, Plesetsk Cosmodrome, Russian Federation",1973-12-04,15:00:01,Kosmos-3M (11K65M),Strela-2M 8,Retired,,Success
RVSN USSR,"133/3 (133L), Plesetsk Cosmodrome, Russian Federation",1973-12-13,11:10:03,Kosmos 11K63,DS-P1-I 14,Retired,,Success
US Air Force,"Space Launch Complex 40, Cape Canaveral SFS, FL, USA",1973-12-13,23:57:01,Titan IIIC,DSCS-2 3 & 4,Retired,,Success
US Air Force,"Space Launch Complex 2W, Vandenberg SFB, CA, USA",1973-12-16,06:18:00,Delta 1900,AE-C,Retired,,Success
RVSN USSR,"41/1, Plesetsk Cosmodrome, Russian Federation",1973-12-17,12:00:01,Soyuz 11A511M,Zenit-4MT 5,Retired,,Success
RVSN USSR,"1/5, Baikonur Cosmodrome, Republic of Kazakhstan",1973-12-18,11:55:00,Soyuz,Soyuz 13,Active,,Success
RVSN USSR,"132/2, Plesetsk Cosmodrome, Russian Federation",1973-12-19,09:43:00,Kosmos-3M (11K65M),Strela-1M 57-64,Retired,,Success
RVSN USSR,"43/4 (43R), Plesetsk Cosmodrome, Russian Federation",1973-12-21,12:30:00,Voskhod,Zenit-4MK 19,Retired,,Success
RVSN USSR,"41/1, Plesetsk Cosmodrome, Russian Federation",1973-12-25,11:17:00,Molniya-M 2BL,Molniya-2 8,Retired,,Success
RVSN USSR,"132/2, Plesetsk Cosmodrome, Russian Federation",1973-12-26,16:30:01,Kosmos-3M (11K65M),Aureole 2,Retired,,Success
RVSN USSR,"90/19, Baikonur Cosmodrome, Republic of Kazakhstan",1973-12-27,20:19:58,Tsiklon-2,US-A 6,Retired,12,Success
RVSN USSR,"132/2, Plesetsk Cosmodrome, Russian Federation",1973-12-29,04:12:00,Kosmos-3M (11K65M),Zaliv 15,Retired,,Success
RVSN USSR,"132/2, Plesetsk Cosmodrome, Russian Federation",1974-01-17,10:07:30,Kosmos-3M (11K65M),Zaliv 16,Retired,,Success
US Air Force,"Space Launch Complex 17B, Cape Canaveral SFS, FL, USA",1974-01-19,01:38:47,Delta 2313,Skynet IIA,Retired,,Failure
RVSN USSR,"43/4 (43R), Plesetsk Cosmodrome, Russian Federation",1974-01-24,15:00:01,Voskhod,Zenit-2M 44,Retired,,Success
RVSN USSR,"43/4 (43R), Plesetsk Cosmodrome, Russian Federation",1974-01-30,11:00:00,Voskhod,Zenit-4MK 20,Retired,,Success
RVSN USSR,"132/2, Plesetsk Cosmodrome, Russian Federation",1974-02-06,00:33:59,Kosmos-3M (11K65M),Tselina-O 22,Retired,,Success
Lockheed,"Space Launch Complex 41, Cape Canaveral SFS, FL, USA",1974-02-11,13:48:02,Titan IIIE,Sphinx (Titan IIIE maiden flight),Retired,,Failure
RVSN USSR,"31/6, Baikonur Cosmodrome, Republic of Kazakhstan",1974-02-12,08:56:00,Voskhod,Zenit-4M 60,Retired,,Success
US Air Force,"Space Launch Complex 4W, Vandenberg SFB, CA, USA",1974-02-13,18:00:00,Titan 24B,KH-8 41,Retired,,Success
Institute of Space and Astronautical Science,"Mu Center, Uchinoura Space Center, Japan",1974-02-16,05:00:00,Mu-3C,Tansei-2,Retired,,Success
Italian Space Agency,"San Marco platform, Broglio Space Center, Kenya",1974-02-18,10:05:28,Scout D-1,San Marco 4,Retired,,Success
RVSN USSR,"133/3 (133L), Plesetsk Cosmodrome, Russian Federation",1974-02-27,11:04:58,Kosmos 11K63,DS-P1-Yu 68,Retired,,Success
RVSN USSR,"43/4 (43R), Plesetsk Cosmodrome, Russian Federation",1974-03-05,11:38:00,Vostok 8A92M,Meteor-1 16 (30L),Retired,,Success
RVSN USSR,"133/3 (133L), Plesetsk Cosmodrome, Russian Federation",1974-03-05,16:04:55,Kosmos 11K63,DS-P1-Yu 69,Retired,,Success
Science and Engineering Research Council,"Space Launch Complex 5, Vandenberg SFB, CA, USA",1974-03-09,02:22:11,Scout D-1,Miranda,Retired,,Success
RVSN USSR,"43/4 (43R), Plesetsk Cosmodrome, Russian Federation",1974-03-14,10:29:59,Voskhod,Zenit-2M 45,Retired,,Success
US Air Force,"Space Launch Complex 10W, Vandenberg SFB, CA, USA",1974-03-16,08:00:11,Thor Burner 2A,DMSP-5B F5,Retired,,Success
RVSN USSR,"31/6, Baikonur Cosmodrome, Republic of Kazakhstan",1974-03-20,08:30:00,Soyuz U,Zenit-4MK 21,Retired,,Success
RVSN USSR,"81/23 (81L), Baikonur Cosmodrome, Republic of Kazakhstan",1974-03-26,13:35:00,Proton-K/DM,Raduga-GVM,Retired,,Success
RVSN USSR,"31/6, Baikonur Cosmodrome, Republic of Kazakhstan",1974-04-03,07:30:00,Soyuz U,,Retired,,Success
RVSN USSR,"41/1, Plesetsk Cosmodrome, Russian Federation",1974-04-04,08:30:00,Voskhod,Zenit-4MK 22,Retired,,Success
US Air Force,"Space Launch Complex 4E, Vandenberg SFB, CA, USA",1974-04-10,20:20:01,Titan IIID,KH-9 8,Retired,,Success
RVSN USSR,"43/4 (43R), Plesetsk Cosmodrome, Russian Federation",1974-04-11,12:22:59,Voskhod,Zenit-2M 46,Retired,,Success
RVSN USSR,"31/6, Baikonur Cosmodrome, Republic of Kazakhstan",1974-04-12,08:00:01,Voskhod,Zenit-4MK 23,Retired,,Failure
US Air Force,"Space Launch Complex 17B, Cape Canaveral SFS, FL, USA",1974-04-13,23:33:03,Delta 2914,Westar 1,Retired,,Success
RVSN USSR,"43/4 (43R), Plesetsk Cosmodrome, Russian Federation",1974-04-20,20:53:44,Molniya-M 2BL,Molniya-1 27,Retired,,Success
RVSN USSR,"132/2, Plesetsk Cosmodrome, Russian Federation",1974-04-23,14:14:59,Kosmos-3M (11K65M),Strela-1M 65-72,Retired,,Success
RVSN USSR,"43/4 (43R), Plesetsk Cosmodrome, Russian Federation",1974-04-24,11:50:00,Vostok 8A92M,Meteor-1 17 (22L),Retired,,Success
RVSN USSR,"41/1, Plesetsk Cosmodrome, Russian Federation",1974-04-26,14:22:59,Molniya-M 2BL,Molniya-2 9,Retired,,Success
RVSN USSR,"43/4 (43R), Plesetsk Cosmodrome, Russian Federation",1974-04-29,13:29:59,Voskhod,Zenit-4MK 24,Retired,,Success
RVSN USSR,"132/2, Plesetsk Cosmodrome, Russian Federation",1974-04-29,17:10:00,Kosmos-3M (11K65M),Sfera 11,Retired,,Success
RVSN USSR,"90/19, Baikonur Cosmodrome, Republic of Kazakhstan",1974-05-15,07:30:00,Tsiklon-2,US-A 7,Retired,12,Success
RVSN USSR,"31/6, Baikonur Cosmodrome, Republic of Kazakhstan",1974-05-15,08:30:00,Soyuz U,Zenit-4MK 25,Retired,,Success
RVSN USSR,"43/4 (43R), Plesetsk Cosmodrome, Russian Federation",1974-05-15,12:30:00,Voskhod,Zenit-2M 47,Retired,,Success
RVSN USSR,"90/19, Baikonur Cosmodrome, Republic of Kazakhstan",1974-05-17,06:53:15,Tsiklon-2,US-A 8,Retired,12,Success
US Air Force,"Space Launch Complex 17B, Cape Canaveral SFS, FL, USA",1974-05-17,09:31:00,Delta 2914,SMS 1,Retired,,Failure
RVSN USSR,"107/1, Kapustin Yar, Russian Federation",1974-05-17,11:00:00,Kosmos-3M (11K65M),DS-U3-IK 4,Retired,,Success
RVSN USSR,"132/2, Plesetsk Cosmodrome, Russian Federation",1974-05-21,06:15:59,Kosmos-3M (11K65M),Tselina-O 23,Retired,,Success
RVSN USSR,"43/3 (43L), Plesetsk Cosmodrome, Russian Federation",1974-05-23,12:16:51,Soyuz U,Yantar-2K 1,Retired,,Failure
RVSN USSR,"1/5, Baikonur Cosmodrome, Republic of Kazakhstan",1974-05-27,07:25:00,Soyuz,,Active,,Success
RVSN USSR,"81/24 (81P), Baikonur Cosmodrome, Republic of Kazakhstan",1974-05-29,08:56:51,Proton / UR-500 K/D,Luna-22,Retired,,Success
RVSN USSR,"43/4 (43R), Plesetsk Cosmodrome, Russian Federation",1974-05-30,12:44:59,Voskhod,Zenit-4MK 26,Retired,,Success
US Air Force,"Space Launch Complex 40, Cape Canaveral SFS, FL, USA",1974-05-30,13:00:01,Titan IIIC,ATS 6,Retired,,Success
NASA,"Space Launch Complex 5, Vandenberg SFB, CA, USA",1974-06-03,23:09:11,Scout E-1,Hawkeye 1,Retired,,Success
RVSN USSR,"31/6, Baikonur Cosmodrome, Republic of Kazakhstan",1974-06-06,06:20:00,Voskhod,Zenit-2M 48,Retired,,Success
US Air Force,"Space Launch Complex 4W, Vandenberg SFB, CA, USA",1974-06-06,16:30:00,Titan 24B,KH-8 42,Retired,,Success
RVSN USSR,"43/4 (43R), Plesetsk Cosmodrome, Russian Federation",1974-06-13,12:29:59,Voskhod,Zenit-4MK 27,Retired,,Success
RVSN USSR,"132/2, Plesetsk Cosmodrome, Russian Federation",1974-06-18,13:00:00,Kosmos-3M (11K65M),Taifun-1 1,Retired,,Success
RVSN USSR,"132/2, Plesetsk Cosmodrome, Russian Federation",1974-06-21,09:03:00,Kosmos-3M (11K65M),Tselina-O 24,Retired,,Success
RVSN USSR,"81/23 (81L), Baikonur Cosmodrome, Republic of Kazakhstan",1974-06-24,22:38:00,Proton-K,Salyut-3,Retired,,Success
RVSN USSR,"133/3 (133L), Plesetsk Cosmodrome, Russian Federation",1974-06-26,12:29:57,Kosmos 11K63,DS-P1-I 15,Retired,,Success
RVSN USSR,"132/1 (132L), Plesetsk Cosmodrome, Russian Federation",1974-06-27,15:39:50,Kosmos-3M (11K65M),Zaliv 17,Retired,,Success
RVSN USSR,"43/4 (43R), Plesetsk Cosmodrome, Russian Federation",1974-06-29,12:50:02,Soyuz 11A511M,Zenit-4MT 6,Retired,,Success
RVSN USSR,"41/1, Plesetsk Cosmodrome, Russian Federation",1974-06-29,15:59:58,Molniya-M 2BL,US-K 3,Retired,,Success
RVSN USSR,"1/5, Baikonur Cosmodrome, Republic of Kazakhstan",1974-07-03,18:51:08,Soyuz,Soyuz 14,Active,,Success
RVSN USSR,"43/4 (43R), Plesetsk Cosmodrome, Russian Federation",1974-07-09,14:39:58,Vostok 8A92M,Meteor-Priroda 1,Retired,,Success
RVSN USSR,"133/3 (133L), Plesetsk Cosmodrome, Russian Federation",1974-07-11,10:59:58,Kosmos 11K63,DS-P1-Yu 70,Retired,,Failure
RVSN USSR,"43/4 (43R), Plesetsk Cosmodrome, Russian Federation",1974-07-12,12:50:01,Voskhod,Zenit-4MK 28,Retired,,Success
Seventh Ministry of Machine Building Industry,"Launch Area 2B, Jiuquan Satellite Launch Center, People's Republic of China",1974-07-12,13:55:00,Feng Bao 1,JSSW 1b,Retired,,Failure
US Air Force,"Space Launch Complex 3W, Vandenberg SFB, CA, USA",1974-07-14,05:17:00,Atlas F/PTS,NTS 1,Retired,,Success
NASA,"Space Launch Complex 5, Vandenberg SFB, CA, USA",1974-07-16,11:51:01,Scout D-1,Aeros 2,Retired,,Success
RVSN USSR,"43/4 (43R), Plesetsk Cosmodrome, Russian Federation",1974-07-23,01:23:01,Molniya-M 2BL,Molniya-2 10,Retired,,Success
RVSN USSR,"31/6, Baikonur Cosmodrome, Republic of Kazakhstan",1974-07-25,07:00:00,Voskhod,Zenit-4M 61,Retired,,Success
RVSN USSR,"133/3 (133L), Plesetsk Cosmodrome, Russian Federation",1974-07-25,12:06:00,Kosmos 11K63,DS-P1-Yu 71,Retired,,Success
RVSN USSR,"43/4 (43R), Plesetsk Cosmodrome, Russian Federation",1974-07-26,06:59:59,Voskhod,Zenit-2M 49,Retired,,Success
RVSN USSR,"81/24 (81P), Baikonur Cosmodrome, Republic of Kazakhstan",1974-07-29,12:00:00,Proton-K/DM,Molniya-1S,Retired,,Success
RVSN USSR,"1/5, Baikonur Cosmodrome, Republic of Kazakhstan",1974-08-06,00:02:00,Soyuz U,,Retired,,Success
RVSN USSR,"43/4 (43R), Plesetsk Cosmodrome, Russian Federation",1974-08-07,12:49:59,Voskhod,Zenit-4MK 29,Retired,,Success
US Air Force,"Space Launch Complex 10W, Vandenberg SFB, CA, USA",1974-08-09,03:22:47,Thor Burner 2A,DMSP-5C F1,Retired,,Success
RVSN USSR,"31/6, Baikonur Cosmodrome, Republic of Kazakhstan",1974-08-12,06:25:02,Soyuz U,,Retired,,Success
US Air Force,"Space Launch Complex 4W, Vandenberg SFB, CA, USA",1974-08-14,15:45:00,Titan 24B,KH-8 43,Retired,,Success
RVSN USSR,"43/4 (43R), Plesetsk Cosmodrome, Russian Federation",1974-08-16,03:41:00,Vostok 8A92M,Tselina-D 6,Retired,,Success
RVSN USSR,"1/5, Baikonur Cosmodrome, Republic of Kazakhstan",1974-08-26,19:58:05,Soyuz,Soyuz 15,Active,,Success
RVSN USSR,"31/6, Baikonur Cosmodrome, Republic of Kazakhstan",1974-08-29,07:39:59,Voskhod,Zenit-4MK 30,Retired,,Success
RVSN USSR,"132/2, Plesetsk Cosmodrome, Russian Federation",1974-08-29,14:54:59,Kosmos-3M (11K65M),Sfera 12,Retired,,Success
RVSN USSR,"41/1, Plesetsk Cosmodrome, Russian Federation",1974-08-30,09:00:01,Voskhod,Zenit-2M 50,Retired,,Failure
NASA,"Space Launch Complex 5, Vandenberg SFB, CA, USA",1974-08-30,14:07:39,Scout D-1,ANS,Retired,,Success
RVSN USSR,"132/2, Plesetsk Cosmodrome, Russian Federation",1974-09-11,17:40:23,Kosmos-3M (11K65M),Strela-2M 9,Retired,,Success
RVSN USSR,"132/2, Plesetsk Cosmodrome, Russian Federation",1974-09-19,14:57:00,Kosmos-3M (11K65M),Strela-1M 73-80,Retired,,Success
RVSN USSR,"31/6, Baikonur Cosmodrome, Republic of Kazakhstan",1974-09-20,09:30:00,Voskhod,Zenit-2M 51,Retired,,Success
RVSN USSR,"133/3 (133L), Plesetsk Cosmodrome, Russian Federation",1974-09-26,16:34:56,Kosmos 11K63,DS-P1-Yu 72,Retired,,Success
US Air Force,"Space Launch Complex 17B, Cape Canaveral SFS, FL, USA",1974-10-10,22:53:00,Delta 2914,Westar 2,Retired,,Success
RVSN USSR,"132/2, Plesetsk Cosmodrome, Russian Federation",1974-10-11,11:29:59,Kosmos-3M (11K65M),Taifun-1 2,Retired,,Success
Science and Engineering Research Council,"San Marco platform, Broglio Space Center, Kenya",1974-10-15,07:47:00,Scout B-1,Ariel 5,Retired,,Success
RVSN USSR,"41/1, Plesetsk Cosmodrome, Russian Federation",1974-10-18,15:00:00,Voskhod,Zenit-4MK 31,Retired,,Success
RVSN USSR,"132/2, Plesetsk Cosmodrome, Russian Federation",1974-10-18,22:36:15,Kosmos-3M (11K65M),Zaliv 18,Retired,,Success
RVSN USSR,"43/4 (43R), Plesetsk Cosmodrome, Russian Federation",1974-10-22,17:59:59,Soyuz U,Bion 2,Retired,,Success
RVSN USSR,"41/1, Plesetsk Cosmodrome, Russian Federation",1974-10-24,12:38:41,Molniya-M 2BL,Molniya-1 28,Retired,,Success
RVSN USSR,"31/6, Baikonur Cosmodrome, Republic of Kazakhstan",1974-10-25,09:30:01,Soyuz U,Zenit-4MK 32,Retired,,Success
RVSN USSR,"43/4 (43R), Plesetsk Cosmodrome, Russian Federation",1974-10-28,10:17:00,Vostok 8A92M,Meteor-1 19 (33L),Retired,,Success
RVSN USSR,"81/24 (81P), Baikonur Cosmodrome, Republic of Kazakhstan",1974-10-28,14:30:32,Proton / UR-500 K/D,Luna-23,Retired,,Success
US Air Force,"Space Launch Complex 4E, Vandenberg SFB, CA, USA",1974-10-29,19:30:00,Titan IIID,KH-9 9,Retired,,Success
RVSN USSR,"132/2, Plesetsk Cosmodrome, Russian Federation",1974-10-31,10:00:00,Kosmos-3M (11K65M),DS-U2-IK 5,Retired,,Success
RVSN USSR,"43/4 (43R), Plesetsk Cosmodrome, Russian Federation",1974-11-01,14:20:00,Voskhod,Zenit-2M 52,Retired,,Success
RVSN USSR,"41/1, Plesetsk Cosmodrome, Russian Federation",1974-11-04,10:40:00,Soyuz 11A511M,Zenit-4MT 7,Retired,,Success
Seventh Ministry of Machine Building Industry,"Launch Area 2B, Jiuquan Satellite Launch Center, People's Republic of China",1974-11-05,09:40:00,Long March 2A,FSW-0 0,Retired,,Failure
US Air Force,"Space Launch Complex 2W, Vandenberg SFB, CA, USA",1974-11-15,17:11:00,Delta 2310,NOAA 4,Retired,,Success
RVSN USSR,"43/4 (43R), Plesetsk Cosmodrome, Russian Federation",1974-11-16,11:45:00,Voskhod,Zenit-4MK 33,Retired,,Success
RVSN USSR,"133/3 (133L), Plesetsk Cosmodrome, Russian Federation",1974-11-20,11:59:58,Kosmos 11K63,DS-P1-Yu 73,Retired,,Success
RVSN USSR,"41/1, Plesetsk Cosmodrome, Russian Federation",1974-11-21,10:33:01,Molniya-M 2BL,Molniya-3 11L,Retired,,Success
US Air Force,"Launch Complex 36B, Cape Canaveral SFS, FL, USA",1974-11-21,23:43:59,Atlas SLV-3D Centaur,INTELSAT IV F8,Retired,,Success
US Air Force,"Space Launch Complex 17B, Cape Canaveral SFS, FL, USA",1974-11-23,00:28:01,Delta 2313,Skynet IIB,Retired,,Success
RVSN USSR,"43/4 (43R), Plesetsk Cosmodrome, Russian Federation",1974-11-27,11:44:59,Voskhod,Zenit-2M 53,Retired,,Success
RVSN USSR,"1/5, Baikonur Cosmodrome, Republic of Kazakhstan",1974-12-02,09:40:00,Soyuz U,Soyuz 16,Retired,,Success
Lockheed,"Space Launch Complex 41, Cape Canaveral SFS, FL, USA",1974-12-10,07:11:02,Titan IIIE,Helios-A,Retired,,Success
RVSN USSR,"43/3 (43L), Plesetsk Cosmodrome, Russian Federation",1974-12-13,13:30:00,Soyuz U,Yantar-2K 2,Retired,,Success
RVSN USSR,"43/4 (43R), Plesetsk Cosmodrome, Russian Federation",1974-12-17,11:45:00,Vostok 8A92M,Meteor-1 20 (32L),Retired,,Success
RVSN USSR,"132/1 (132L), Plesetsk Cosmodrome, Russian Federation",1974-12-18,14:11:59,Kosmos-3M (11K65M),Tselina-O 25,Retired,,Success
US Air Force,"Space Launch Complex 17B, Cape Canaveral SFS, FL, USA",1974-12-19,02:39:00,Delta 2914,Symphonie 1,Retired,,Success
RVSN USSR,"41/1, Plesetsk Cosmodrome, Russian Federation",1974-12-21,02:19:59,Molniya-M 2BL,Molniya-2 11,Retired,,Success
RVSN USSR,"90/20, Baikonur Cosmodrome, Republic of Kazakhstan",1974-12-24,11:00:00,Tsiklon-2,US-P 1,Retired,12,Success
RVSN USSR,"81/24 (81P), Baikonur Cosmodrome, Republic of Kazakhstan",1974-12-26,04:15:00,Proton-K,Salyut-4,Retired,,Success
RVSN USSR,"132/1 (132L), Plesetsk Cosmodrome, Russian Federation",1974-12-26,11:59:59,Kosmos-3M (11K65M),Parus 1,Retired,,Success
RVSN USSR,"31/6, Baikonur Cosmodrome, Republic of Kazakhstan",1974-12-27,09:10:00,Voskhod,Zenit-4MK 34,Retired,,Success
RVSN USSR,"1/5, Baikonur Cosmodrome, Republic of Kazakhstan",1975-01-10,21:43:37,Soyuz,Soyuz 17,Active,,Success
RVSN USSR,"31/6, Baikonur Cosmodrome, Republic of Kazakhstan",1975-01-17,09:00:00,Voskhod,Zenit-2M 54,Retired,,Success
RVSN USSR,"133/3 (133L), Plesetsk Cosmodrome, Russian Federation",1975-01-21,11:04:57,Kosmos 11K63,DS-P1-Yu 74,Retired,,Success
US Air Force,"Space Launch Complex 2W, Vandenberg SFB, CA, USA",1975-01-22,17:55:52,Delta 2910,Landsat 2,Retired,,Success
RVSN USSR,"41/1, Plesetsk Cosmodrome, Russian Federation",1975-01-23,11:00:00,Voskhod,Zenit-4MK 35,Retired,,Success
RVSN USSR,"133/3 (133L), Plesetsk Cosmodrome, Russian Federation",1975-01-28,12:05:01,Kosmos 11K63,DS-P1-Yu 75,Retired,,Success
RVSN USSR,"41/1, Plesetsk Cosmodrome, Russian Federation",1975-01-30,15:02:00,Molniya-M 2BL,US-K 4,Retired,,Success
RVSN USSR,"132/1 (132L), Plesetsk Cosmodrome, Russian Federation",1975-02-05,13:15:00,Kosmos-3M (11K65M),Tselina-O 26,Retired,,Success
RVSN USSR,"41/1, Plesetsk Cosmodrome, Russian Federation",1975-02-06,04:49:00,Molniya-M 2BL,Molniya-2 12,Retired,,Success
National Center of Space Research,"Diamant Launch Area, Guiana Space Centre, French Guiana",1975-02-06,16:35:00,Diamant BP4,Starlette,Retired,,Success
US Air Force,"Space Launch Complex 17B, Cape Canaveral SFS, FL, USA",1975-02-06,22:04:00,Delta 2914,SMS 2,Retired,,Success
RVSN USSR,"132/1 (132L), Plesetsk Cosmodrome, Russian Federation",1975-02-12,03:30:00,Kosmos-3M (11K65M),Sfera 13,Retired,,Success
RVSN USSR,"41/1, Plesetsk Cosmodrome, Russian Federation",1975-02-12,14:30:00,Voskhod,Zenit-4MK 36,Retired,,Success
US Air Force,"Launch Complex 36A, Cape Canaveral SFS, FL, USA",1975-02-20,23:35:00,Atlas SLV-3D Centaur,INTELSAT IV F6,Retired,,Failure
Institute of Space and Astronautical Science,"Mu Center, Uchinoura Space Center, Japan",1975-02-24,05:25:00,Mu-3C,Taiyo,Retired,,Success
RVSN USSR,"31/6, Baikonur Cosmodrome, Republic of Kazakhstan",1975-02-26,09:00:00,Voskhod,Zenit-4MK 37,Retired,,Success
RVSN USSR,"132/2, Plesetsk Cosmodrome, Russian Federation",1975-02-28,14:01:59,Kosmos-3M (11K65M),Strela-1M 81-88,Retired,,Success
US Air Force,"Space Launch Complex 4W, Vandenberg SFB, CA, USA",1975-03-10,04:41:00,Titan 34B,Jumpseat 4,Retired,25.81,Success
RVSN USSR,"31/6, Baikonur Cosmodrome, Republic of Kazakhstan",1975-03-12,08:55:00,Voskhod,Zenit-4MK 38,Retired,,Success
RVSN USSR,"43/3 (43L), Plesetsk Cosmodrome, Russian Federation",1975-03-21,06:50:00,Soyuz U,Zenit-4MT 8,Retired,,Success
RVSN USSR,"41/1, Plesetsk Cosmodrome, Russian Federation",1975-03-26,08:50:00,Voskhod,Zenit-2M 55,Retired,,Success
RVSN USSR,"31/6, Baikonur Cosmodrome, Republic of Kazakhstan",1975-03-27,08:00:00,Voskhod,Zenit-4MK 39,Retired,,Success
RVSN USSR,"132/1 (132L), Plesetsk Cosmodrome, Russian Federation",1975-03-27,14:30:00,Kosmos-3M (11K65M),DS-U2-IK 6,Retired,,Success
RVSN USSR,"41/1, Plesetsk Cosmodrome, Russian Federation",1975-04-01,12:30:00,Vostok 8A92M,Meteor-1 21 (31L),Retired,,Success
RVSN USSR,"90/20, Baikonur Cosmodrome, Republic of Kazakhstan",1975-04-02,11:00:00,Tsiklon-2,US-A 9,Retired,12,Success
RVSN USSR,"1/5, Baikonur Cosmodrome, Republic of Kazakhstan",1975-04-05,11:04:54,Soyuz,Soyuz 7K-T No.39 (Soyuz 18a / Soyuz 18-1),Active,,Failure
RVSN USSR,"90/20, Baikonur Cosmodrome, Republic of Kazakhstan",1975-04-07,11:00:00,Tsiklon-2,US-A 10,Retired,12,Success
RVSN USSR,"133/3 (133L), Plesetsk Cosmodrome, Russian Federation",1975-04-08,18:29:56,Kosmos 11K63,DS-P1-Yu 76,Retired,,Success
US Air Force,"Space Launch Complex 2W, Vandenberg SFB, CA, USA",1975-04-09,23:58:02,Delta 1410,Geos 3,Retired,,Success
RVSN USSR,"132/1 (132L), Plesetsk Cosmodrome, Russian Federation",1975-04-11,07:57:14,Kosmos-3M (11K65M),Parus 2,Retired,,Success
US Air Force,"Space Launch Complex 3W, Vandenberg SFB, CA, USA",1975-04-13,00:51:00,SM-65F Atlas,P72-2,Retired,,Failure
RVSN USSR,"41/1, Plesetsk Cosmodrome, Russian Federation",1975-04-14,17:52:59,Molniya-M 2BL,Molniya-3 12L,Retired,,Success
RVSN USSR,"31/6, Baikonur Cosmodrome, Republic of Kazakhstan",1975-04-16,08:00:01,Soyuz U,Zenit-4MK 40,Retired,,Success
RVSN USSR,"41/1, Plesetsk Cosmodrome, Russian Federation",1975-04-18,10:00:00,Voskhod,Zenit-2M 56,Retired,,Success
US Air Force,"Space Launch Complex 4W, Vandenberg SFB, CA, USA",1975-04-18,16:45:00,Titan 24B,KH-8 44,Retired,,Success
RVSN USSR,"107/2, Kapustin Yar, Russian Federation",1975-04-19,07:58:55,Kosmos-3M (11K65M),Aryabhata,Retired,,Success
RVSN USSR,"132/1 (132L), Plesetsk Cosmodrome, Russian Federation",1975-04-22,21:10:37,Kosmos-3M (11K65M),Zaliv 19,Retired,,Success
RVSN USSR,"43/3 (43L), Plesetsk Cosmodrome, Russian Federation",1975-04-24,08:04:59,Voskhod,Zenit-4MK 41,Retired,,Success
RVSN USSR,"41/1, Plesetsk Cosmodrome, Russian Federation",1975-04-29,10:23:59,Molniya-M 2BL,Molniya-1 29,Retired,,Success
NASA,"San Marco platform, Broglio Space Center, Kenya",1975-05-07,22:45:01,Scout F-1,SAS 3,Retired,,Success
US Air Force,"Space Launch Complex 17B, Cape Canaveral SFS, FL, USA",1975-05-07,23:35:26,Delta 2914,Anik A3,Retired,,Success
National Center of Space Research,"Diamant Launch Area, Guiana Space Centre, French Guiana",1975-05-17,10:32:00,Diamant BP4,Castor & Pollux,Retired,,Success
US Air Force,"Space Launch Complex 40, Cape Canaveral SFS, FL, USA",1975-05-20,14:03:48,Titan IIIC,DSCS-2 5 & 6,Retired,,Success
RVSN USSR,"31/6, Baikonur Cosmodrome, Republic of Kazakhstan",1975-05-21,06:59:32,Voskhod,Zenit-2M 57,Retired,,Success
US Air Force,"Launch Complex 36A, Cape Canaveral SFS, FL, USA",1975-05-22,22:04:00,Atlas SLV-3D Centaur,INTELSAT IV F1,Retired,,Success
US Air Force,"Space Launch Complex 10W, Vandenberg SFB, CA, USA",1975-05-24,03:22:41,Thor Burner 2A,DMSP-5C F2,Retired,,Success
RVSN USSR,"1/5, Baikonur Cosmodrome, Republic of Kazakhstan",1975-05-24,14:58:10,Soyuz,Soyuz 18,Active,,Success
RVSN USSR,"132/1 (132L), Plesetsk Cosmodrome, Russian Federation",1975-05-28,00:25:01,Kosmos-3M (11K65M),Strela-1M 89-96,Retired,,Success
RVSN USSR,"31/6, Baikonur Cosmodrome, Republic of Kazakhstan",1975-05-28,07:29:59,Voskhod,Zenit-4MK 42,Retired,,Success
RVSN USSR,"43/3 (43L), Plesetsk Cosmodrome, Russian Federation",1975-05-30,06:45:00,Voskhod,Zenit-2M/NKh 1,Retired,,Success
RVSN USSR,"107/2, Kapustin Yar, Russian Federation",1975-06-03,09:00:00,Kosmos-3M (11K65M),DS-U3-IK 5,Retired,,Failure
RVSN USSR,"43/3 (43L), Plesetsk Cosmodrome, Russian Federation",1975-06-03,13:20:48,Voskhod,Zenit-4MK 43,Retired,,Success
RVSN USSR,"41/1, Plesetsk Cosmodrome, Russian Federation",1975-06-05,01:37:59,Molniya-M 2BL,Molniya-1K 30,Retired,,Success
RVSN USSR,"81/24 (81P), Baikonur Cosmodrome, Republic of Kazakhstan",1975-06-08,02:38:00,Proton / UR-500 K/D,Venera-9,Retired,,Success
US Air Force,"Space Launch Complex 4E, Vandenberg SFB, CA, USA",1975-06-08,18:30:00,Titan IIID,KH-9 10,Retired,,Success
US Air Force,"Space Launch Complex 2W, Vandenberg SFB, CA, USA",1975-06-12,08:12:01,Delta 2910,Nimbus 6,Retired,,Success
RVSN USSR,"43/3 (43L), Plesetsk Cosmodrome, Russian Federation",1975-06-12,12:30:27,Soyuz U,Zenit-4MK 44,Retired,,Success
RVSN USSR,"81/24 (81P), Baikonur Cosmodrome, Republic of Kazakhstan",1975-06-14,03:00:31,Proton / UR-500 K/D,Venera-10,Retired,,Success
US Air Force,"Space Launch Complex 13, Cape Canaveral SFS, FL, USA",1975-06-18,09:00:00,Atlas SLV-3A Agena D,Canyon 6,Retired,,Success
RVSN USSR,"41/1, Plesetsk Cosmodrome, Russian Federation",1975-06-20,06:54:00,Vostok 8A92M,Tselina-D 7,Retired,,Success
US Air Force,"Space Launch Complex 17B, Cape Canaveral SFS, FL, USA",1975-06-21,11:43:00,Delta 1910,OSO 8,Retired,,Success
RVSN USSR,"133/3 (133L), Plesetsk Cosmodrome, Russian Federation",1975-06-24,12:04:58,Kosmos 11K63,DS-P1-Yu 77,Retired,,Success
RVSN USSR,"43/3 (43L), Plesetsk Cosmodrome, Russian Federation",1975-06-25,12:59:58,Voskhod,Zenit-4MK 45,Retired,,Success
RVSN USSR,"41/1, Plesetsk Cosmodrome, Russian Federation",1975-06-27,13:00:00,Voskhod,Zenit-2M 58,Retired,,Success
RVSN USSR,"41/1, Plesetsk Cosmodrome, Russian Federation",1975-07-03,13:40:00,Voskhod,Zenit-4MK 46,Retired,,Success
RVSN USSR,"132/1 (132L), Plesetsk Cosmodrome, Russian Federation",1975-07-04,00:56:07,Kosmos-3M (11K65M),Tselina-O 27,Retired,,Success
RVSN USSR,"41/1, Plesetsk Cosmodrome, Russian Federation",1975-07-08,05:05:00,Molniya-M 2BL,Molniya-2 13,Retired,,Success
RVSN USSR,"41/1, Plesetsk Cosmodrome, Russian Federation",1975-07-11,04:15:00,Vostok 8A92M,Meteor-2 1,Retired,,Success
RVSN USSR,"1/5, Baikonur Cosmodrome, Republic of Kazakhstan",1975-07-15,12:20:00,Soyuz U,Soyuz 19,Retired,,Success
NASA,"Launch Complex 39B, Kennedy Space Center, FL, USA",1975-07-15,19:50:00,Saturn IB,Apollo-Soyuz Test Project,Retired,,Success
RVSN USSR,"133/3 (133L), Plesetsk Cosmodrome, Russian Federation",1975-07-17,09:10:01,Kosmos 11K63,DS-P1-I 16,Retired,,Success
RVSN USSR,"43/3 (43L), Plesetsk Cosmodrome, Russian Federation",1975-07-23,13:00:00,Voskhod,Zenit-2M 59,Retired,,Success
RVSN USSR,"132/1 (132L), Plesetsk Cosmodrome, Russian Federation",1975-07-24,19:00:01,Kosmos-3M (11K65M),Taifun-1 3,Retired,,Success
Seventh Ministry of Machine Building Industry,"Launch Area 2B, Jiuquan Satellite Launch Center, People's Republic of China",1975-07-26,13:30:00,Feng Bao 1,JSSW 1,Retired,,Success
RVSN USSR,"43/3 (43L), Plesetsk Cosmodrome, Russian Federation",1975-07-31,13:00:00,Voskhod,Zenit-4MK 47,Retired,,Success
US Air Force,"Space Launch Complex 2W, Vandenberg SFB, CA, USA",1975-08-09,01:50:00,Delta 2913,COS-B,Retired,,Success
RVSN USSR,"31/6, Baikonur Cosmodrome, Republic of Kazakhstan",1975-08-13,07:21:04,Voskhod,Zenit-4MK 48,Retired,,Success
RVSN USSR,"132/1 (132L), Plesetsk Cosmodrome, Russian Federation",1975-08-14,13:29:21,Kosmos-3M (11K65M),Parus 3,Retired,,Success
Lockheed,"Space Launch Complex 41, Cape Canaveral SFS, FL, USA",1975-08-20,21:22:00,Titan IIIE,Viking 1,Retired,,Success
RVSN USSR,"41/1, Plesetsk Cosmodrome, Russian Federation",1975-08-22,02:10:59,Vostok 8A92M,Tselina-D 8,Retired,,Success
US Air Force,"Space Launch Complex 17A, Cape Canaveral SFS, FL, USA",1975-08-27,01:42:00,Delta 2914,Symphonie 2,Retired,,Success
RVSN USSR,"41/1, Plesetsk Cosmodrome, Russian Federation",1975-08-27,14:45:00,Voskhod,Zenit-4MK 49,Retired,,Success
RVSN USSR,"41/1, Plesetsk Cosmodrome, Russian Federation",1975-09-02,13:09:00,Molniya-M 2BL,Molniya-1 31,Retired,,Success
RVSN USSR,"43/3 (43L), Plesetsk Cosmodrome, Russian Federation",1975-09-05,14:49:59,Soyuz U,Yantar-2K 3,Retired,,Success
RVSN USSR,"41/1, Plesetsk Cosmodrome, Russian Federation",1975-09-09,00:19:06,Molniya-M 2BL,Molniya-2 14,Retired,,Success
National Space Development Agency of Japan,"Osaki Launch Complex, Tanegashima Space Center, Japan",1975-09-09,05:30:00,N-I,Kiku-1,Retired,,Success
Lockheed,"Space Launch Complex 41, Cape Canaveral SFS, FL, USA",1975-09-09,18:39:00,Titan IIIE,Viking 2,Retired,,Success
RVSN USSR,"43/3 (43L), Plesetsk Cosmodrome, Russian Federation",1975-09-12,05:30:00,Soyuz U,Zenit-4MT 9,Retired,,Success
RVSN USSR,"31/6, Baikonur Cosmodrome, Republic of Kazakhstan",1975-09-16,09:00:00,Voskhod,Zenit-4MK 50,Retired,,Success
RVSN USSR,"132/1 (132L), Plesetsk Cosmodrome, Russian Federation",1975-09-17,07:10:00,Kosmos-3M (11K65M),Strela-1M 97-104,Retired,,Success
RVSN USSR,"41/1, Plesetsk Cosmodrome, Russian Federation",1975-09-18,00:12:00,Vostok 8A92M,Meteor-1 22 (28L),Retired,,Success
RVSN USSR,"41/1, Plesetsk Cosmodrome, Russian Federation",1975-09-23,09:59:59,Voskhod,Zenit-2M 60,Retired,,Success
RVSN USSR,"132/1 (132L), Plesetsk Cosmodrome, Russian Federation",1975-09-24,12:00:00,Kosmos-3M (11K65M),Sfera 14,Retired,,Success
RVSN USSR,"43/3 (43L), Plesetsk Cosmodrome, Russian Federation",1975-09-25,09:49:59,Soyuz U,Zenit-4MKT 1,Retired,,Success
US Air Force,"Launch Complex 36B, Cape Canaveral SFS, FL, USA",1975-09-26,00:17:00,Atlas SLV-3D Centaur,Intelsat-4A 1,Retired,,Success
National Center of Space Research,"Diamant Launch Area, Guiana Space Centre, French Guiana",1975-09-27,08:37:00,Diamant BP4,Aura,Retired,,Success
RVSN USSR,"1/5, Baikonur Cosmodrome, Republic of Kazakhstan",1975-09-29,04:15:00,Soyuz U,,Retired,,Success
RVSN USSR,"132/1 (132L), Plesetsk Cosmodrome, Russian Federation",1975-09-30,18:37:59,Kosmos-3M (11K65M),Strela-2M 10,Retired,,Success
RVSN USSR,"31/6, Baikonur Cosmodrome, Republic of Kazakhstan",1975-10-01,08:30:00,Voskhod,Zenit-4MK 51,Retired,,Success
US Air Force,"Space Launch Complex 2W, Vandenberg SFB, CA, USA",1975-10-06,09:00:50,Delta 2910,AE-D,Retired,,Success
RVSN USSR,"81/23 (81L), Baikonur Cosmodrome, Republic of Kazakhstan",1975-10-08,00:30:00,Proton-K/DM,US-KS 1,Retired,,Success
US Air Force,"Space Launch Complex 4W, Vandenberg SFB, CA, USA",1975-10-09,19:15:00,Titan 24B,KH-8 45,Retired,,Success
US Air Force,"Space Launch Complex 5, Vandenberg SFB, CA, USA",1975-10-12,06:39:36,Scout D-1,TIP 2,Retired,,Success
RVSN USSR,"81/23 (81L), Baikonur Cosmodrome, Republic of Kazakhstan",1975-10-16,04:04:56,Proton-K/D-1,Luna-24a,Retired,,Failure
US Air Force,"Space Launch Complex 17B, Cape Canaveral SFS, FL, USA",1975-10-16,22:40:00,Delta 2914,GOES 1,Retired,,Success
RVSN USSR,"41/1, Plesetsk Cosmodrome, Russian Federation",1975-10-17,14:29:59,Voskhod,Zenit-2M 61,Retired,,Success
RVSN USSR,"90, Baikonur Cosmodrome, Republic of Kazakhstan",1975-10-29,11:00:00,Tsiklon-2,US-P 2,Retired,12,Success
RVSN USSR,"132/1 (132L), Plesetsk Cosmodrome, Russian Federation",1975-11-04,10:12:53,Kosmos-3M (11K65M),Parus 4,Retired,,Success
RVSN USSR,"43/3 (43L), Plesetsk Cosmodrome, Russian Federation",1975-11-04,15:19:58,Voskhod,Zenit-4MK 52,Retired,,Success
RVSN USSR,"43/3 (43L), Plesetsk Cosmodrome, Russian Federation",1975-11-14,19:13:58,Molniya-M 2BL,Molniya-3 13L,Retired,,Success
RVSN USSR,"1/5, Baikonur Cosmodrome, Republic of Kazakhstan",1975-11-17,14:36:37,Soyuz U,,Retired,,Success
US Air Force,"Space Launch Complex 17B, Cape Canaveral SFS, FL, USA",1975-11-20,02:06:48,Delta 2910,AE-E,Retired,,Success
RVSN USSR,"31/6, Baikonur Cosmodrome, Republic of Kazakhstan",1975-11-21,09:20:00,Voskhod,Zenit-2M 62,Retired,,Success
RVSN USSR,"132/1 (132L), Plesetsk Cosmodrome, Russian Federation",1975-11-21,17:11:00,Kosmos-3M (11K65M),Tselina-O 28,Retired,,Success
RVSN USSR,"43/3 (43L), Plesetsk Cosmodrome, Russian Federation",1975-11-25,17:00:00,Soyuz U,Bion 3,Retired,,Success
Seventh Ministry of Machine Building Industry,"Launch Area 2B, Jiuquan Satellite Launch Center, People's Republic of China",1975-11-26,03:27:52,Long March 2A,FSW-0 1,Retired,,Success
RVSN USSR,"132/1 (132L), Plesetsk Cosmodrome, Russian Federation",1975-11-28,00:10:08,Kosmos-3M (11K65M),Strela-2M 11,Retired,,Success
RVSN USSR,"43/3 (43L), Plesetsk Cosmodrome, Russian Federation",1975-12-03,10:00:00,Voskhod,Zenit-2M 63,Retired,,Success
US Air Force,"Space Launch Complex 4E, Vandenberg SFB, CA, USA",1975-12-04,20:30:00,Titan IIID,KH-9 11,Retired,,Success
NASA,"Space Launch Complex 5, Vandenberg SFB, CA, USA",1975-12-06,03:35:01,Scout F-1,DAD-A & B,Retired,,Failure
RVSN USSR,"132/1 (132L), Plesetsk Cosmodrome, Russian Federation",1975-12-11,17:00:01,Kosmos-3M (11K65M),DS-U2-IK 7,Retired,,Success
RVSN USSR,"90, Baikonur Cosmodrome, Republic of Kazakhstan",1975-12-12,12:45:00,Tsiklon-2,US-A 11,Retired,12,Success
US Air Force,"Space Launch Complex 17A, Cape Canaveral SFS, FL, USA",1975-12-13,01:56:14,Delta 3914,Satcom 1,Retired,,Success
US Air Force,"Space Launch Complex 40, Cape Canaveral SFS, FL, USA",1975-12-14,05:15:00,Titan IIIC,DSP 5,Retired,,Success
Seventh Ministry of Machine Building Industry,"Launch Area 2B, Jiuquan Satellite Launch Center, People's Republic of China",1975-12-16,09:21:00,Feng Bao 1,JSSW 2,Retired,,Success
RVSN USSR,"31/6, Baikonur Cosmodrome, Republic of Kazakhstan",1975-12-16,09:50:00,Voskhod,Zenit-4MK 53,Retired,,Success
RVSN USSR,"43/3 (43L), Plesetsk Cosmodrome, Russian Federation",1975-12-17,11:06:01,Molniya-M 2BL,Molniya-2 15,Retired,,Success
RVSN USSR,"132/1 (132L), Plesetsk Cosmodrome, Russian Federation",1975-12-19,14:00:00,Kosmos-3M (11K65M),DS-P1-M 7,Retired,,Failure
RVSN USSR,"31/6, Baikonur Cosmodrome, Republic of Kazakhstan",1975-12-22,02:08:00,Molniya-M 2BL,Prognoz-4,Retired,,Success
RVSN USSR,"81/24 (81P), Baikonur Cosmodrome, Republic of Kazakhstan",1975-12-22,13:00:00,Proton-K/DM,Raduga 1,Retired,,Success
RVSN USSR,"41/1, Plesetsk Cosmodrome, Russian Federation",1975-12-25,19:00:00,Vostok 8A92M,Meteor-1 23 (38L),Retired,,Success
RVSN USSR,"43/3 (43L), Plesetsk Cosmodrome, Russian Federation",1975-12-27,10:22:02,Molniya-M 2BL,Molniya-3 15L,Retired,,Success
RVSN USSR,"132/1 (132L), Plesetsk Cosmodrome, Russian Federation",1976-01-06,04:52:02,Kosmos-3M (11K65M),Tselina-O 29,Retired,,Success
RVSN USSR,"43/3 (43L), Plesetsk Cosmodrome, Russian Federation",1976-01-07,15:34:58,Voskhod,Zenit-4MK 54,Retired,,Success
Lockheed,"Space Launch Complex 41, Cape Canaveral SFS, FL, USA",1976-01-15,05:34:00,Titan IIIE,Helios-B,Retired,,Success
US Air Force,"Space Launch Complex 17B, Cape Canaveral SFS, FL, USA",1976-01-17,23:27:54,Delta 2914,Hermes,Retired,,Success
RVSN USSR,"132/1 (132L), Plesetsk Cosmodrome, Russian Federation",1976-01-20,17:07:41,Kosmos-3M (11K65M),Parus 5,Retired,,Success
RVSN USSR,"1/5, Baikonur Cosmodrome, Republic of Kazakhstan",1976-01-22,11:38:00,Molniya-M 2BL,Molniya-1K 32,Retired,,Success
RVSN USSR,"132/1 (132L), Plesetsk Cosmodrome, Russian Federation",1976-01-22,22:26:01,Kosmos-3M (11K65M),Tselina-O 30,Retired,,Success
RVSN USSR,"132/1 (132L), Plesetsk Cosmodrome, Russian Federation",1976-01-28,10:39:01,Kosmos-3M (11K65M),Strela-1M 105-112,Retired,,Success
RVSN USSR,"31/6, Baikonur Cosmodrome, Republic of Kazakhstan",1976-01-29,08:30:00,Voskhod,Zenit-2M 64,Retired,,Success
US Air Force,"Launch Complex 36B, Cape Canaveral SFS, FL, USA",1976-01-29,23:56:00,Atlas SLV-3D Centaur,Intelsat-4A 2,Retired,,Success
RVSN USSR,"132/1 (132L), Plesetsk Cosmodrome, Russian Federation",1976-02-03,08:16:00,Kosmos-3M (11K65M),Zaliv 20,Retired,,Success
Institute of Space and Astronautical Science,"Mu Center, Uchinoura Space Center, Japan",1976-02-04,06:00:00,Mu-3C,CORSA,Retired,,Failure
RVSN USSR,"133/3 (133L), Plesetsk Cosmodrome, Russian Federation",1976-02-05,14:30:03,Kosmos 11K63,DS-P1-I 17,Retired,,Success
RVSN USSR,"31/6, Baikonur Cosmodrome, Republic of Kazakhstan",1976-02-11,08:50:00,Voskhod,Zenit-4MK 55,Retired,,Success
RVSN USSR,"132/2, Plesetsk Cosmodrome, Russian Federation",1976-02-12,13:00:01,Kosmos-3M (11K65M),DS-P1-M 8,Retired,,Success
RVSN USSR,"90, Baikonur Cosmodrome, Republic of Kazakhstan",1976-02-16,08:29:00,Tsiklon-2,IS-A 1,Retired,12,Success
US Air Force,"Space Launch Complex 10W, Vandenberg SFB, CA, USA",1976-02-19,07:52:52,Thor Burner 2A,DMSP-5C F3,Retired,,Success
US Air Force,"Space Launch Complex 17B, Cape Canaveral SFS, FL, USA",1976-02-19,22:32:00,Delta 2914,Marisat 1,Retired,,Success
RVSN USSR,"43/3 (43L), Plesetsk Cosmodrome, Russian Federation",1976-02-20,14:01:02,Soyuz U,Yantar-2K 4,Retired,,Success
National Space Development Agency of Japan,"Osaki Launch Complex, Tanegashima Space Center, Japan",1976-02-29,03:30:00,N-I,Ume 1,Retired,,Success
RVSN USSR,"31/6, Baikonur Cosmodrome, Republic of Kazakhstan",1976-03-10,08:00:00,Soyuz U,Zenit-4MK 56,Retired,,Success
RVSN USSR,"41/1, Plesetsk Cosmodrome, Russian Federation",1976-03-11,19:45:00,Molniya-M 2BL,Molniya-1K 33,Retired,,Success
RVSN USSR,"132/1 (132L), Plesetsk Cosmodrome, Russian Federation",1976-03-12,13:30:00,Kosmos-3M (11K65M),Taifun-1 4,Retired,,Success
US Air Force,"Space Launch Complex 40, Cape Canaveral SFS, FL, USA",1976-03-15,01:25:40,Titan IIIC,"LES 8, 9 & Solrad 11A, 11B",Retired,,Success
RVSN USSR,"41/1, Plesetsk Cosmodrome, Russian Federation",1976-03-16,17:22:00,Vostok 8A92M,Tselina-D 9,Retired,,Success
RVSN USSR,"31/6, Baikonur Cosmodrome, Republic of Kazakhstan",1976-03-18,09:15:00,Soyuz U,Zenit-2M 65,Retired,,Success
RVSN USSR,"1/5, Baikonur Cosmodrome, Republic of Kazakhstan",1976-03-19,19:31:00,Molniya-M 2BL,Molniya-1K 34,Retired,,Success
US Air Force,"Space Launch Complex 4W, Vandenberg SFB, CA, USA",1976-03-22,18:14:00,Titan 24B,KH-8 46,Retired,,Success
RVSN USSR,"43/3 (43L), Plesetsk Cosmodrome, Russian Federation",1976-03-26,15:00:00,Voskhod,Zenit-4MK 57,Retired,,Success
US Air Force,"Space Launch Complex 17A, Cape Canaveral SFS, FL, USA",1976-03-26,22:47:00,Delta 3914,Satcom 2,Retired,,Success
RVSN USSR,"41/1, Plesetsk Cosmodrome, Russian Federation",1976-03-31,12:50:03,Soyuz 11A511M,Zenit-4MT 10,Retired,,Success
RVSN USSR,"132/1 (132L), Plesetsk Cosmodrome, Russian Federation",1976-04-06,04:14:00,Kosmos-3M (11K65M),Tselina-O 31,Retired,,Success
RVSN USSR,"41/1, Plesetsk Cosmodrome, Russian Federation",1976-04-07,13:05:00,Vostok 8A92M,Meteor-1 24 (37L),Retired,,Success
RVSN USSR,"43/3 (43L), Plesetsk Cosmodrome, Russian Federation",1976-04-09,08:30:00,Voskhod,Zenit-2M 66,Retired,,Success
RVSN USSR,"90, Baikonur Cosmodrome, Republic of Kazakhstan",1976-04-13,17:15:37,Tsiklon-2,IS-A 2,Retired,12,Success
US Air Force,"Space Launch Complex 17B, Cape Canaveral SFS, FL, USA",1976-04-22,20:46:00,Delta 2914,NATO 3A,Retired,,Success
RVSN USSR,"43/3 (43L), Plesetsk Cosmodrome, Russian Federation",1976-04-28,09:30:00,Voskhod,Zenit-4MK 58,Retired,,Success
RVSN USSR,"132/1 (132L), Plesetsk Cosmodrome, Russian Federation",1976-04-28,13:30:00,Kosmos-3M (11K65M),Taifun-2 1,Retired,,Success
US Air Force,"Space Launch Complex 3W, Vandenberg SFB, CA, USA",1976-04-30,19:12:00,Atlas F MSD,"Parcae 1A,B,C & MSD 1",Retired,,Success
US Air Force,"Space Launch Complex 2W, Vandenberg SFB, CA, USA",1976-05-04,08:00:00,Delta 2913,Lageos 1,Retired,,Success
RVSN USSR,"31/6, Baikonur Cosmodrome, Republic of Kazakhstan",1976-05-05,07:50:00,Voskhod,Zenit-4MK 59,Retired,,Success
RVSN USSR,"41/1, Plesetsk Cosmodrome, Russian Federation",1976-05-12,17:57:00,Molniya-M 2BL,Molniya-3 16L,Retired,,Success
US Air Force,"Launch Complex 36A, Cape Canaveral SFS, FL, USA",1976-05-13,22:28:00,Atlas SLV-3D Centaur,Comstar 1A,Retired,,Success
RVSN USSR,"43/3 (43L), Plesetsk Cosmodrome, Russian Federation",1976-05-15,13:30:00,Vostok 8A92M,Meteor-Priroda 2-1,Retired,,Success
RVSN USSR,"133/3 (133L), Plesetsk Cosmodrome, Russian Federation",1976-05-18,10:59:57,Kosmos 11K63,DS-P1-Yu 78,Retired,,Success
RVSN USSR,"31/6, Baikonur Cosmodrome, Republic of Kazakhstan",1976-05-20,09:00:00,Voskhod,Zenit-2M 67,Retired,,Success
RVSN USSR,"43/3 (43L), Plesetsk Cosmodrome, Russian Federation",1976-05-21,07:00:00,Soyuz U,Zenit-4MKT 2,Retired,,Success
US Air Force,"Space Launch Complex 5, Vandenberg SFB, CA, USA",1976-05-22,07:42:16,Scout B-1,Wideband,Retired,,Success
RVSN USSR,"43/3 (43L), Plesetsk Cosmodrome, Russian Federation",1976-05-26,09:00:00,Voskhod,Zenit-4MK 60,Retired,,Success
RVSN USSR,"132/1 (132L), Plesetsk Cosmodrome, Russian Federation",1976-05-28,15:00:01,Kosmos-3M (11K65M),Taifun-1 5,Retired,,Success
US Air Force,"Space Launch Complex 4W, Vandenberg SFB, CA, USA",1976-06-02,20:56:00,Titan 34B,Quasar 1,Retired,25.81,Success
RVSN USSR,"132/2, Plesetsk Cosmodrome, Russian Federation",1976-06-02,22:30:15,Kosmos-3M (11K65M),Zaliv 21,Retired,,Success
RVSN USSR,"31/6, Baikonur Cosmodrome, Republic of Kazakhstan",1976-06-08,07:00:00,Voskhod,Zenit-4MK 61,Retired,,Success
US Air Force,"Space Launch Complex 17A, Cape Canaveral SFS, FL, USA",1976-06-10,00:09:00,Delta 2914,Marisat 2,Retired,,Success
RVSN USSR,"132/2, Plesetsk Cosmodrome, Russian Federation",1976-06-15,13:19:01,Kosmos-3M (11K65M),Strela-1M 113-120,Retired,,Success
RVSN USSR,"43/3 (43L), Plesetsk Cosmodrome, Russian Federation",1976-06-16,13:09:58,Voskhod,Zenit-4MK 62,Retired,,Success
NASA,"Launch Area 3A, Wallops Flight Facility, Virginia, USA",1976-06-18,11:41:00,Scout D-1,GP-A,Retired,,Success
RVSN USSR,"132/1 (132L), Plesetsk Cosmodrome, Russian Federation",1976-06-19,16:00:01,Kosmos-3M (11K65M),AUOS-Z-T-IK 1,Retired,,Success
RVSN USSR,"81/23 (81L), Baikonur Cosmodrome, Republic of Kazakhstan",1976-06-22,18:04:00,Proton-K,Salyut-5,Retired,,Success
RVSN USSR,"43/3 (43L), Plesetsk Cosmodrome, Russian Federation",1976-06-24,07:10:01,Soyuz U,Zenit-2M 68,Retired,,Success
US Air Force,"Space Launch Complex 40, Cape Canaveral SFS, FL, USA",1976-06-26,03:00:01,Titan IIIC,DSP 6,Retired,,Success
RVSN USSR,"31/6, Baikonur Cosmodrome, Republic of Kazakhstan",1976-06-29,07:20:00,Voskhod,Zenit-4MK 63,Retired,,Success
RVSN USSR,"132/2, Plesetsk Cosmodrome, Russian Federation",1976-06-29,08:12:00,Kosmos-3M (11K65M),Strela-2M 12,Retired,,Success
RVSN USSR,"43/4 (43R), Plesetsk Cosmodrome, Russian Federation",1976-07-01,08:05:38,Molniya-M 2BL,Molniya-2,Retired,,Failure
RVSN USSR,"90, Baikonur Cosmodrome, Republic of Kazakhstan",1976-07-02,10:30:00,Tsiklon-2,US-P 3,Retired,12,Success
RVSN USSR,"1/5, Baikonur Cosmodrome, Republic of Kazakhstan",1976-07-06,12:08:45,Soyuz,Soyuz 21,Active,,Success
US Air Force,"Space Launch Complex 4E, Vandenberg SFB, CA, USA",1976-07-08,18:30:00,Titan IIID,KH-9 12,Retired,,Success
RVSN USSR,"132/1 (132L), Plesetsk Cosmodrome, Russian Federation",1976-07-08,21:08:00,Kosmos-3M (11K65M),DS-P1-M 9,Retired,,Success
US Air Force,"Space Launch Complex 17A, Cape Canaveral SFS, FL, USA",1976-07-08,23:31:00,Delta 2914,Palapa A1,Retired,,Success
RVSN USSR,"43/4 (43R), Plesetsk Cosmodrome, Russian Federation",1976-07-14,09:00:00,Soyuz U,Zenit-2M 69,Retired,,Success
RVSN USSR,"132/1 (132L), Plesetsk Cosmodrome, Russian Federation",1976-07-15,13:11:00,Kosmos-3M (11K65M),Strela-2M 13,Retired,,Success
RVSN USSR,"132/1 (132L), Plesetsk Cosmodrome, Russian Federation",1976-07-21,10:20:00,Kosmos-3M (11K65M),Sfera 15,Retired,,Success
RVSN USSR,"90, Baikonur Cosmodrome, Republic of Kazakhstan",1976-07-21,15:14:00,Tsiklon-2,IS-A 3,Retired,12,Success
RVSN USSR,"43/3 (43L), Plesetsk Cosmodrome, Russian Federation",1976-07-22,15:40:01,Soyuz U,Yantar-2K 5,Retired,,Success
US Air Force,"Launch Complex 36B, Cape Canaveral SFS, FL, USA",1976-07-22,22:04:00,Atlas SLV-3D Centaur,Comstar 1B,Retired,,Success
RVSN USSR,"1/5, Baikonur Cosmodrome, Republic of Kazakhstan",1976-07-23,15:49:00,Molniya-M 2BL,Molniya-1K 35,Retired,,Success
RVSN USSR,"132/2, Plesetsk Cosmodrome, Russian Federation",1976-07-27,05:21:00,Kosmos-3M (11K65M),Tselina-O 32,Retired,,Success
RVSN USSR,"107/2, Kapustin Yar, Russian Federation",1976-07-27,12:00:02,Kosmos-3M (11K65M),DS-U3-IK 6,Retired,,Success
US Air Force,"Space Launch Complex 2W, Vandenberg SFB, CA, USA",1976-07-29,17:07:00,Delta 2310,NOAA 5,Retired,,Success
RVSN USSR,"132/1 (132L), Plesetsk Cosmodrome, Russian Federation",1976-07-29,20:02:44,Kosmos-3M (11K65M),Zaliv 22,Retired,,Success
RVSN USSR,"43/4 (43R), Plesetsk Cosmodrome, Russian Federation",1976-08-04,13:40:00,Soyuz U,Zenit-4MK 64,Retired,,Success
US Air Force,"Space Launch Complex 4W, Vandenberg SFB, CA, USA",1976-08-06,22:21:00,Titan 34B,Quasar 2,Retired,25.81,Success
RVSN USSR,"81/23 (81L), Baikonur Cosmodrome, Republic of Kazakhstan",1976-08-09,15:04:12,Proton-K/D-1,Luna-24,Retired,,Success
RVSN USSR,"43/3 (43L), Plesetsk Cosmodrome, Russian Federation",1976-08-12,13:30:00,Soyuz U,Zenit-2M 70,Retired,,Success
RVSN USSR,"133/3 (133L), Plesetsk Cosmodrome, Russian Federation",1976-08-18,09:30:01,Kosmos 11K63,DS-P1-I 18,Retired,,Success
RVSN USSR,"133/3 (133L), Plesetsk Cosmodrome, Russian Federation",1976-08-26,10:59:57,Kosmos 11K63,DS-P1-Yu 79,Retired,,Success
RVSN USSR,"43/4 (43R), Plesetsk Cosmodrome, Russian Federation",1976-08-27,14:34:58,Vostok 8A92M,Tselina-D 10,Retired,,Success
RVSN USSR,"31/6, Baikonur Cosmodrome, Republic of Kazakhstan",1976-08-28,09:00:00,Soyuz U,Zenit-4MK 65,Retired,,Success
Seventh Ministry of Machine Building Industry,"Launch Area 2B, Jiuquan Satellite Launch Center, People's Republic of China",1976-08-30,11:45:00,Feng Bao 1,JSSW 3,Retired,,Success
RVSN USSR,"43/3 (43L), Plesetsk Cosmodrome, Russian Federation",1976-09-01,03:23:00,Molniya-M 2BL,Molniya-2,Retired,,Failure
US Air Force,"Space Launch Complex 5, Vandenberg SFB, CA, USA",1976-09-01,21:14:02,Scout D-1,TIP 3,Retired,,Success
RVSN USSR,"43/4 (43R), Plesetsk Cosmodrome, Russian Federation",1976-09-03,09:20:00,Soyuz U,Zenit-4MK 66,Retired,,Success
US Air Force,"Space Launch Complex 10W, Vandenberg SFB, CA, USA",1976-09-11,08:00:55,Thor DSV-2U,DMSP-5D1 F1,Retired,,Success
RVSN USSR,"81/24 (81P), Baikonur Cosmodrome, Republic of Kazakhstan",1976-09-11,18:24:00,Proton-K/DM,Raduga 2,Retired,,Success
RVSN USSR,"1/5, Baikonur Cosmodrome, Republic of Kazakhstan",1976-09-15,09:48:30,Soyuz U,Soyuz 22,Retired,,Success
US Air Force,"Space Launch Complex 4W, Vandenberg SFB, CA, USA",1976-09-15,18:50:00,Titan 24B,KH-8 47,Retired,,Success
RVSN USSR,"43/3 (43L), Plesetsk Cosmodrome, Russian Federation",1976-09-21,11:40:00,Soyuz U,Zenit-4MT 11,Retired,,Success
RVSN USSR,"31/6, Baikonur Cosmodrome, Republic of Kazakhstan",1976-09-22,09:30:00,Soyuz U,Zenit-2M 71,Retired,,Success
RVSN USSR,"43/3 (43L), Plesetsk Cosmodrome, Russian Federation",1976-09-24,15:00:00,Soyuz U,Zenit-4MK 67,Retired,,Success
RVSN USSR,"132/2, Plesetsk Cosmodrome, Russian Federation",1976-09-29,07:04:01,Kosmos-3M (11K65M),Strela-2M 14,Retired,,Success
RVSN USSR,"43/4 (43R), Plesetsk Cosmodrome, Russian Federation",1976-10-04,11:00:00,Soyuz U,Zenit-4MKT 3,Retired,,Failure
RVSN USSR,"31/6, Baikonur Cosmodrome, Republic of Kazakhstan",1976-10-10,09:35:00,Soyuz U,Zenit-4MK 68,Retired,,Success
RVSN USSR,"1/5, Baikonur Cosmodrome, Republic of Kazakhstan",1976-10-14,17:39:18,Soyuz,Soyuz 23,Active,,Success
US Air Force,"Space Launch Complex 17A, Cape Canaveral SFS, FL, USA",1976-10-14,22:44:00,Delta 2914,Marisat 3,Retired,,Success
RVSN USSR,"43/3 (43L), Plesetsk Cosmodrome, Russian Federation",1976-10-15,22:59:38,Vostok 8A92M,Meteor-1 26 (35L),Retired,,Success
RVSN USSR,"90, Baikonur Cosmodrome, Republic of Kazakhstan",1976-10-17,18:06:43,Tsiklon-2,US-A 12,Retired,12,Success
RVSN USSR,"90, Baikonur Cosmodrome, Republic of Kazakhstan",1976-10-21,16:53:00,Tsiklon-2,US-A 13,Retired,12,Success
RVSN USSR,"43/4 (43R), Plesetsk Cosmodrome, Russian Federation",1976-10-22,09:11:59,Molniya-M 2BL,US-K 5,Retired,,Success
RVSN USSR,"43/4 (43R), Plesetsk Cosmodrome, Russian Federation",1976-10-25,14:30:00,Soyuz U,Zenit-4MK 69,Retired,,Success
RVSN USSR,"81/24 (81P), Baikonur Cosmodrome, Republic of Kazakhstan",1976-10-26,14:50:00,Proton-K/DM,Ekran,Retired,,Success
RVSN USSR,"132/2, Plesetsk Cosmodrome, Russian Federation",1976-10-29,12:39:44,Kosmos-3M (11K65M),Parus 6,Retired,,Success
RVSN USSR,"43/4 (43R), Plesetsk Cosmodrome, Russian Federation",1976-11-01,11:20:00,Soyuz U,Zenit-2M 72,Retired,,Success
Seventh Ministry of Machine Building Industry,"Launch Area 2B, Jiuquan Satellite Launch Center, People's Republic of China",1976-11-10,09:05:00,Feng Bao 1,JSSW 4,Retired,,Failure
RVSN USSR,"31/6, Baikonur Cosmodrome, Republic of Kazakhstan",1976-11-11,10:45:00,Soyuz U,Zenit-4MK 70,Retired,,Success
RVSN USSR,"43/4 (43R), Plesetsk Cosmodrome, Russian Federation",1976-11-23,16:27:00,Soyuz U,Zenit-6U 1,Retired,,Success
RVSN USSR,"31/6, Baikonur Cosmodrome, Republic of Kazakhstan",1976-11-25,03:59:00,Molniya-M 2BL,Prognoz-5,Retired,,Success
RVSN USSR,"90, Baikonur Cosmodrome, Republic of Kazakhstan",1976-11-26,14:30:00,Tsiklon-2,US-P 4,Retired,12,Success
RVSN USSR,"1/5, Baikonur Cosmodrome, Republic of Kazakhstan",1976-11-29,16:00:00,Soyuz U,,Retired,,Success
RVSN USSR,"132/2, Plesetsk Cosmodrome, Russian Federation",1976-12-02,00:17:00,Kosmos-3M (11K65M),Tselina-O 33,Retired,,Success
RVSN USSR,"43/4 (43R), Plesetsk Cosmodrome, Russian Federation",1976-12-02,02:44:57,Molniya-M 2BL,Molniya-2 16,Retired,,Success
Seventh Ministry of Machine Building Industry,"Launch Area 2B, Jiuquan Satellite Launch Center, People's Republic of China",1976-12-07,04:38:00,Long March 2A,FSW-0 2,Retired,,Success
RVSN USSR,"132/1 (132L), Plesetsk Cosmodrome, Russian Federation",1976-12-07,10:23:00,Kosmos-3M (11K65M),Strela-1M 121-128,Retired,,Success
RVSN USSR,"43/4 (43R), Plesetsk Cosmodrome, Russian Federation",1976-12-09,10:00:00,Soyuz U,Zenit-2M 73,Retired,,Success
RVSN USSR,"132/2, Plesetsk Cosmodrome, Russian Federation",1976-12-09,20:00:00,Kosmos-3M (11K65M),DS-P1-M 10,Retired,,Success
RVSN USSR,"81/24 (81P), Baikonur Cosmodrome, Republic of Kazakhstan",1976-12-15,01:30:00,Proton-K,TKS-VA 1 & 2,Retired,,Success
RVSN USSR,"132/1 (132L), Plesetsk Cosmodrome, Russian Federation",1976-12-15,13:59:59,Kosmos-3M (11K65M),Tsikada 1,Retired,,Success
RVSN USSR,"31/6, Baikonur Cosmodrome, Republic of Kazakhstan",1976-12-17,09:30:00,Soyuz U,Zenit-4MK 71,Retired,,Success
RVSN USSR,"132/2, Plesetsk Cosmodrome, Russian Federation",1976-12-17,12:00:00,Kosmos-3M (11K65M),Taifun-2 2,Retired,,Success
US Air Force,"Space Launch Complex 4E, Vandenberg SFB, CA, USA",1976-12-19,18:19:00,Titan IIID,KH-11 1,Retired,,Success
RVSN USSR,"90, Baikonur Cosmodrome, Republic of Kazakhstan",1976-12-27,12:05:00,Tsiklon-2,IS-A 4,Retired,12,Success
RVSN USSR,"43/4 (43R), Plesetsk Cosmodrome, Russian Federation",1976-12-28,06:38:00,Molniya-M 2BL,Molniya-3 17L,Retired,,Success
RVSN USSR,"132/1 (132L), Plesetsk Cosmodrome, Russian Federation",1976-12-28,07:49:56,Kosmos-3M (11K65M),Parus 7,Retired,,Success
RVSN USSR,"31/6, Baikonur Cosmodrome, Republic of Kazakhstan",1977-01-06,09:40:00,Soyuz U,Zenit-4MK 72,Retired,,Success
RVSN USSR,"43/3 (43L), Plesetsk Cosmodrome, Russian Federation",1977-01-06,23:17:00,Vostok 8A92M,Meteor-2 2,Retired,,Success
RVSN USSR,"31/6, Baikonur Cosmodrome, Republic of Kazakhstan",1977-01-20,08:30:00,Soyuz U,Zenit-2M 74,Retired,,Success
RVSN USSR,"132/1 (132L), Plesetsk Cosmodrome, Russian Federation",1977-01-20,20:05:00,Kosmos-3M (11K65M),Zaliv 23,Retired,,Success
US Air Force,"Space Launch Complex 17A, Cape Canaveral SFS, FL, USA",1977-01-28,00:50:00,Delta 2914,NATO 3B,Retired,,Success
RVSN USSR,"132/2, Plesetsk Cosmodrome, Russian Federation",1977-02-02,12:30:00,Kosmos-3M (11K65M),Taifun-1 6,Retired,,Success
US Air Force,"Space Launch Complex 40, Cape Canaveral SFS, FL, USA",1977-02-06,06:00:01,Titan IIIC,DSP 7,Retired,,Success
RVSN USSR,"1/5, Baikonur Cosmodrome, Republic of Kazakhstan",1977-02-07,16:11:50,Soyuz U,Soyuz 24,Retired,,Success
RVSN USSR,"43/3 (43L), Plesetsk Cosmodrome, Russian Federation",1977-02-09,11:30:00,Soyuz U,Zenit-4MK 73,Retired,,Success
RVSN USSR,"43/4 (43R), Plesetsk Cosmodrome, Russian Federation",1977-02-11,14:57:00,Molniya-M 2BL,Molniya-2 17,Retired,,Success
RVSN USSR,"132/2, Plesetsk Cosmodrome, Russian Federation",1977-02-15,11:00:00,Kosmos-3M (11K65M),DS-U2-IK GVM,Retired,,Success
Institute of Space and Astronautical Science,"Mu Center, Uchinoura Space Center, Japan",1977-02-19,05:15:00,Mu-3H,Tansei-3,Retired,,Success
RVSN USSR,"132/1 (132L), Plesetsk Cosmodrome, Russian Federation",1977-02-21,17:20:00,Kosmos-3M (11K65M),Parus 8,Retired,,Success
RVSN USSR,"31/6, Baikonur Cosmodrome, Republic of Kazakhstan",1977-02-22,09:19:00,Soyuz U,Zenit-4MK 74,Retired,,Failure
National Space Development Agency of Japan,"Osaki Launch Complex, Tanegashima Space Center, Japan",1977-02-23,08:50:00,N-I,Kiku 2,Retired,,Success
RVSN USSR,"43/4 (43R), Plesetsk Cosmodrome, Russian Federation",1977-02-26,21:18:00,Vostok 8A92M,Tselina-D 11,Retired,,Success
RVSN USSR,"43/4 (43R), Plesetsk Cosmodrome, Russian Federation",1977-03-03,10:30:00,Soyuz U,Zenit-6U 2,Retired,,Success
RVSN USSR,"43/3 (43L), Plesetsk Cosmodrome, Russian Federation",1977-03-10,11:00:00,Soyuz U,Zenit-4MK 75,Retired,,Success
US Air Force,"Space Launch Complex 17A, Cape Canaveral SFS, FL, USA",1977-03-10,23:16:00,Delta 2914,Palapa A2,Retired,,Success
US Air Force,"Space Launch Complex 4W, Vandenberg SFB, CA, USA",1977-03-13,18:41:10,Titan 24B,KH-8 48,Retired,,Success
RVSN USSR,"43/3 (43L), Plesetsk Cosmodrome, Russian Federation",1977-03-17,08:30:00,Soyuz U,Zenit-2M 75,Retired,,Success
RVSN USSR,"43/4 (43R), Plesetsk Cosmodrome, Russian Federation",1977-03-24,11:51:00,Molniya-M 2BL,Molniya-1K 36,Retired,,Success
RVSN USSR,"132/2, Plesetsk Cosmodrome, Russian Federation",1977-03-24,22:11:00,Kosmos-3M (11K65M),Tselina-O 34,Retired,,Success
RVSN USSR,"132/2, Plesetsk Cosmodrome, Russian Federation",1977-03-29,23:00:00,Kosmos-3M (11K65M),Oval,Retired,,Success
RVSN USSR,"43/3 (43L), Plesetsk Cosmodrome, Russian Federation",1977-04-05,02:05:00,Vostok 8A92M,Meteor-1 27 (39L),Retired,,Success
RVSN USSR,"133/3 (133L), Plesetsk Cosmodrome, Russian Federation",1977-04-05,10:30:00,Kosmos 11K63,DS-P1-I 19,Retired,,Success
RVSN USSR,"43/4 (43R), Plesetsk Cosmodrome, Russian Federation",1977-04-07,08:59:00,Soyuz U,Zenit-4MK 76,Retired,,Success
RVSN USSR,"43/3 (43L), Plesetsk Cosmodrome, Russian Federation",1977-04-11,01:38:00,Molniya-M 2BL,US-K 6,Retired,,Success
RVSN USSR,"31/6, Baikonur Cosmodrome, Republic of Kazakhstan",1977-04-20,09:00:00,Soyuz U,Zenit-2M 76,Retired,,Success
US Air Force,"Space Launch Complex 17B, Cape Canaveral SFS, FL, USA",1977-04-20,10:15:00,Delta 2914,Geos 1,Retired,,Failure
RVSN USSR,"43/3 (43L), Plesetsk Cosmodrome, Russian Federation",1977-04-26,14:45:00,Soyuz U,Yantar-2K 6,Retired,,Success
RVSN USSR,"107/1, Kapustin Yar, Russian Federation",1977-04-27,03:30:00,Kosmos-3M (11K65M),ER763-4,Retired,,Success
RVSN USSR,"43/4 (43R), Plesetsk Cosmodrome, Russian Federation",1977-04-28,09:10:00,Molniya-M 2BL,Molniya-3 19L,Retired,,Success
RVSN USSR,"43/3 (43L), Plesetsk Cosmodrome, Russian Federation",1977-05-05,14:00:00,Soyuz U,Zenit-4MK 77,Retired,,Success
US Air Force,"Space Launch Complex 40, Cape Canaveral SFS, FL, USA",1977-05-12,14:26:58,Titan IIIC,DSCS-2 7 & 8,Retired,,Success
RVSN USSR,"31/6, Baikonur Cosmodrome, Republic of Kazakhstan",1977-05-17,10:10:00,Soyuz U,Zenit-4MK 78,Retired,,Success
RVSN USSR,"132/2, Plesetsk Cosmodrome, Russian Federation",1977-05-19,16:30:01,Kosmos-3M (11K65M),DS-P1-M 11,Retired,,Success
RVSN USSR,"90, Baikonur Cosmodrome, Republic of Kazakhstan",1977-05-23,12:14:51,Tsiklon-2,IS-A 5,Retired,12,Success
US Air Force,"Space Launch Complex 13, Cape Canaveral SFS, FL, USA",1977-05-23,18:13:00,Atlas SLV-3A Agena D,Canyon 7,Retired,,Success
RVSN USSR,"132/2, Plesetsk Cosmodrome, Russian Federation",1977-05-25,11:00:00,Kosmos-3M (11K65M),Sfera 16,Retired,,Success
RVSN USSR,"43/4 (43R), Plesetsk Cosmodrome, Russian Federation",1977-05-26,07:00:00,Soyuz U,Zenit-4MKT 4,Retired,,Success
US Air Force,"Launch Complex 36A, Cape Canaveral SFS, FL, USA",1977-05-26,21:47:01,Atlas SLV-3D Centaur,Intelsat-4A 4,Retired,,Success
RVSN USSR,"132/1 (132L), Plesetsk Cosmodrome, Russian Federation",1977-05-30,22:30:00,Kosmos-3M (11K65M),Taifun-2 3,Retired,,Success
RVSN USSR,"31/6, Baikonur Cosmodrome, Republic of Kazakhstan",1977-05-31,07:30:00,Soyuz U,Zenit-2M 77,Retired,,Success
US Air Force,"Space Launch Complex 10W, Vandenberg SFB, CA, USA",1977-06-05,02:59:02,Thor DSV-2U,DMSP-5D1 F2,Retired,,Success
RVSN USSR,"43/4 (43R), Plesetsk Cosmodrome, Russian Federation",1977-06-08,14:00:00,Soyuz U,Zenit-4MK 79,Retired,,Success
RVSN USSR,"43/3 (43L), Plesetsk Cosmodrome, Russian Federation",1977-06-10,08:00:00,Soyuz U,Zenit-4MT 12,Retired,,Success
RVSN USSR,"43/4 (43R), Plesetsk Cosmodrome, Russian Federation",1977-06-16,01:58:00,Molniya-M 2BL,US-K 7,Retired,,Success
US Air Force,"Space Launch Complex 17B, Cape Canaveral SFS, FL, USA",1977-06-16,10:51:00,Delta 2914,GOES 2,Retired,,Success
RVSN USSR,"107/1, Kapustin Yar, Russian Federation",1977-06-17,03:30:00,Kosmos-3M (11K65M),Signe 3,Retired,,Success
RVSN USSR,"90, Baikonur Cosmodrome, Republic of Kazakhstan",1977-06-17,07:23:10,Tsiklon-2,IS-A 6,Retired,12,Success
RVSN USSR,"133/3 (133L), Plesetsk Cosmodrome, Russian Federation",1977-06-18,10:30:00,Kosmos 11K63,DS-P1-I 20,Retired,,Success
RVSN USSR,"31/6, Baikonur Cosmodrome, Republic of Kazakhstan",1977-06-22,08:00:00,Soyuz U,Zenit-4MK 80,Retired,,Success
US Air Force,"Space Launch Complex 3W, Vandenberg SFB, CA, USA",1977-06-23,08:17:00,Atlas F/SVS,NTS 2,Retired,,Success
RVSN USSR,"1/5, Baikonur Cosmodrome, Republic of Kazakhstan",1977-06-24,05:41:00,Molniya-M 2BL,Molniya-1K 37,Retired,,Success
RVSN USSR,"32/2, Plesetsk Cosmodrome, Russian Federation",1977-06-24,10:30:00,Tsiklon-3,EPN 03.0380 1,Retired,15,Success
US Air Force,"Space Launch Complex 4E, Vandenberg SFB, CA, USA",1977-06-27,18:30:00,Titan IIID,KH-9 13,Retired,,Success
RVSN USSR,"31/6, Baikonur Cosmodrome, Republic of Kazakhstan",1977-06-29,18:34:00,Vostok 8A92M,Meteor-Priroda 2-2,Retired,,Success
RVSN USSR,"43/4 (43R), Plesetsk Cosmodrome, Russian Federation",1977-06-30,14:00:00,Soyuz U,Zenit-2M 78,Retired,,Success
RVSN USSR,"132/1 (132L), Plesetsk Cosmodrome, Russian Federation",1977-07-01,11:52:00,Kosmos-3M (11K65M),Strela-2M 15,Retired,,Success
RVSN USSR,"132/2, Plesetsk Cosmodrome, Russian Federation",1977-07-04,22:20:00,Kosmos-3M (11K65M),Tselina-O 35,Retired,,Success
RVSN USSR,"43/4 (43R), Plesetsk Cosmodrome, Russian Federation",1977-07-07,07:25:00,Vostok 8A92M,Tselina-D 12,Retired,,Success
RVSN USSR,"132/1 (132L), Plesetsk Cosmodrome, Russian Federation",1977-07-08,17:30:00,Kosmos-3M (11K65M),Tsikada 2,Retired,,Success
RVSN USSR,"43/4 (43R), Plesetsk Cosmodrome, Russian Federation",1977-07-12,09:00:00,Soyuz U,Zenit-4MKM 1,Retired,,Success
RVSN USSR,"132/1 (132L), Plesetsk Cosmodrome, Russian Federation",1977-07-13,05:02:00,Kosmos-3M (11K65M),Parus 9,Retired,,Success
US Air Force,"Space Launch Complex 17B, Cape Canaveral SFS, FL, USA",1977-07-14,10:39:00,Delta 2914,Himawari,Retired,,Success
RVSN USSR,"81/24 (81P), Baikonur Cosmodrome, Republic of Kazakhstan",1977-07-17,09:00:00,Proton-K,TKS 1,Retired,,Success
RVSN USSR,"132/2, Plesetsk Cosmodrome, Russian Federation",1977-07-19,08:40:00,Kosmos-3M (11K65M),Taifun-1 7,Retired,,Success
RVSN USSR,"43/4 (43R), Plesetsk Cosmodrome, Russian Federation",1977-07-20,04:44:00,Molniya-M 2BL,US-K 8,Retired,,Success
RVSN USSR,"31/6, Baikonur Cosmodrome, Republic of Kazakhstan",1977-07-20,07:35:00,Soyuz U,Zenit-4MKM 2,Retired,,Success
RVSN USSR,"132/1 (132L), Plesetsk Cosmodrome, Russian Federation",1977-07-22,10:00:00,Kosmos-3M (11K65M),Taifun-1 8,Retired,,Success
RVSN USSR,"200/40, Baikonur Cosmodrome, Republic of Kazakhstan",1977-07-23,21:15:00,Proton-K/DM,Raduga 3,Retired,,Success
RVSN USSR,"43/4 (43R), Plesetsk Cosmodrome, Russian Federation",1977-07-27,18:07:00,Soyuz U,Zenit-6U 3,Retired,,Success
RVSN USSR,"43/4 (43R), Plesetsk Cosmodrome, Russian Federation",1977-07-29,08:00:00,Soyuz U,Zenit-2M 79,Retired,,Success
RVSN USSR,"43/3 (43L), Plesetsk Cosmodrome, Russian Federation",1977-08-03,14:01:00,Soyuz U,Bion 4,Retired,,Success
RVSN USSR,"81/24 (81P), Baikonur Cosmodrome, Republic of Kazakhstan",1977-08-04,22:00:00,Proton-K,TKS-VA 3 & 4,Retired,,Failure
RVSN USSR,"31/6, Baikonur Cosmodrome, Republic of Kazakhstan",1977-08-10,10:40:00,Soyuz U,Zenit-4MKM 3,Retired,,Failure
US Air Force,"Launch Complex 36B, Cape Canaveral SFS, FL, USA",1977-08-12,06:29:31,Atlas SLV-3D Centaur,HEAO 1,Retired,,Success
Lockheed,"Space Launch Complex 41, Cape Canaveral SFS, FL, USA",1977-08-20,14:29:44,Titan IIIE,Voyager 2,Retired,,Success
RVSN USSR,"90, Baikonur Cosmodrome, Republic of Kazakhstan",1977-08-24,07:07:00,Tsiklon-2,US-P 5,Retired,12,Success
RVSN USSR,"43/4 (43R), Plesetsk Cosmodrome, Russian Federation",1977-08-24,14:29:59,Soyuz U,Zenit-4MKM 4,Retired,,Success
RVSN USSR,"132/1 (132L), Plesetsk Cosmodrome, Russian Federation",1977-08-24,18:20:00,Kosmos-3M (11K65M),Strela-1M 129-136,Retired,,Success
US Air Force,"Space Launch Complex 17B, Cape Canaveral SFS, FL, USA",1977-08-25,23:49:59,Delta 2313,Sirio 1,Retired,,Success
RVSN USSR,"43/3 (43L), Plesetsk Cosmodrome, Russian Federation",1977-08-27,10:09:00,Soyuz U,Zenit-2M 80,Retired,,Success
RVSN USSR,"43/3 (43L), Plesetsk Cosmodrome, Russian Federation",1977-08-30,18:06:00,Molniya-M 2BL,Molniya-1K 38,Retired,,Success
RVSN USSR,"43/4 (43R), Plesetsk Cosmodrome, Russian Federation",1977-09-02,09:00:00,Soyuz U,Zenit-4MKT 5,Retired,,Success
Lockheed,"Space Launch Complex 41, Cape Canaveral SFS, FL, USA",1977-09-05,12:56:01,Titan IIIE,Voyager 1,Retired,,Success
RVSN USSR,"43/3 (43L), Plesetsk Cosmodrome, Russian Federation",1977-09-06,17:30:00,Soyuz U,Yantar-2K 7,Retired,,Success
RVSN USSR,"43/3 (43L), Plesetsk Cosmodrome, Russian Federation",1977-09-13,15:10:00,Soyuz U,Zenit-2M 81,Retired,,Success
RVSN USSR,"132/1 (132L), Plesetsk Cosmodrome, Russian Federation",1977-09-13,19:59:00,Kosmos-3M (11K65M),Parus 10,Retired,,Success
US Air Force,"Space Launch Complex 17A, Cape Canaveral SFS, FL, USA",1977-09-13,23:31:00,Delta 3914,OTS 1,Retired,,Failure
RVSN USSR,"90, Baikonur Cosmodrome, Republic of Kazakhstan",1977-09-16,14:25:00,Tsiklon-2,US-A 14,Retired,12,Success
RVSN USSR,"43/3 (43L), Plesetsk Cosmodrome, Russian Federation",1977-09-16,14:30:00,Soyuz U,Zenit-4MKM 5,Retired,,Success
RVSN USSR,"90, Baikonur Cosmodrome, Republic of Kazakhstan",1977-09-18,13:48:00,Tsiklon-2,US-A 15,Retired,12,Success
RVSN USSR,"43/4 (43R), Plesetsk Cosmodrome, Russian Federation",1977-09-20,01:00:59,Vostok 8A92M,Tselina-D 13,Retired,,Success
RVSN USSR,"200/40, Baikonur Cosmodrome, Republic of Kazakhstan",1977-09-20,17:28:00,Proton-K/DM,Ekran,Retired,,Success
RVSN USSR,"31/6, Baikonur Cosmodrome, Republic of Kazakhstan",1977-09-22,00:51:00,Molniya-M 2BL,Prognoz-6,Retired,,Success
US Air Force,"Space Launch Complex 4W, Vandenberg SFB, CA, USA",1977-09-23,18:34:00,Titan 24B,KH-8 49,Retired,,Success
RVSN USSR,"32/2, Plesetsk Cosmodrome, Russian Federation",1977-09-24,10:15:00,Tsiklon-3,EPN 03.0380 2,Retired,15,Success
RVSN USSR,"132/1 (132L), Plesetsk Cosmodrome, Russian Federation",1977-09-24,16:30:00,Kosmos-3M (11K65M),AUOS-Z-R-E-IK 1,Retired,,Success
RVSN USSR,"81/24 (81P), Baikonur Cosmodrome, Republic of Kazakhstan",1977-09-29,06:50:00,Proton-K,Salyut-6,Retired,,Success
US Air Force,"Launch Complex 36A, Cape Canaveral SFS, FL, USA",1977-09-30,01:02:59,Atlas SLV-3D Centaur,Intelsat-4A 5,Retired,,Failure
RVSN USSR,"31/6, Baikonur Cosmodrome, Republic of Kazakhstan",1977-09-30,09:46:00,Soyuz U,Zenit-4MKM 6,Retired,,Success
RVSN USSR,"1/5, Baikonur Cosmodrome, Republic of Kazakhstan",1977-10-09,02:40:35,Soyuz U,Soyuz 25,Retired,,Success
RVSN USSR,"43/4 (43R), Plesetsk Cosmodrome, Russian Federation",1977-10-11,15:14:00,Soyuz U,Zenit-6U 4,Retired,,Success
RVSN USSR,"132/1 (132L), Plesetsk Cosmodrome, Russian Federation",1977-10-21,10:05:00,Kosmos-3M (11K65M),DS-P1-M 12,Retired,,Success
US Air Force,"Space Launch Complex 17B, Cape Canaveral SFS, FL, USA",1977-10-22,13:53:00,Delta 2914,ISEE 1 & 2,Retired,,Success
RVSN USSR,"132/1 (132L), Plesetsk Cosmodrome, Russian Federation",1977-10-25,05:25:00,Kosmos-3M (11K65M),Tselina-O 36,Retired,,Success
RVSN USSR,"90, Baikonur Cosmodrome, Republic of Kazakhstan",1977-10-26,05:14:00,Tsiklon-2,IS-A 7,Retired,12,Success
RVSN USSR,"43/3 (43L), Plesetsk Cosmodrome, Russian Federation",1977-10-28,01:37:00,Molniya-M 2BL,Molniya-3 18L,Retired,,Success
US Air Force,"Space Launch Complex 5, Vandenberg SFB, CA, USA",1977-10-28,04:52:04,Scout D-1,Transat O-11,Retired,,Success
RVSN USSR,"132/1 (132L), Plesetsk Cosmodrome, Russian Federation",1977-10-28,16:00:00,Kosmos-3M (11K65M),Zaliv 24,Retired,,Success
US Air Force,"Space Launch Complex 17A, Cape Canaveral SFS, FL, USA",1977-11-23,01:35:00,Delta 2914,Meteosat 1,Retired,,Success
RVSN USSR,"132/1 (132L), Plesetsk Cosmodrome, Russian Federation",1977-11-24,14:30:00,Kosmos-3M (11K65M),Sfera 17,Retired,,Success
RVSN USSR,"132/1 (132L), Plesetsk Cosmodrome, Russian Federation",1977-11-29,07:05:00,Kosmos-3M (11K65M),Tsikada 3,Retired,,Failure
RVSN USSR,"43/4 (43R), Plesetsk Cosmodrome, Russian Federation",1977-12-04,12:00:00,Soyuz U,Zenit-4MKM 7,Retired,,Success
RVSN USSR,"132/2, Plesetsk Cosmodrome, Russian Federation",1977-12-08,11:00:00,Kosmos-3M (11K65M),Taifun-2 4,Retired,,Success
US Air Force,"Space Launch Complex 3W, Vandenberg SFB, CA, USA",1977-12-08,17:45:00,Atlas F MSD,"Parcae 2A,B,C & MSD 2",Retired,,Success
RVSN USSR,"1/5, Baikonur Cosmodrome, Republic of Kazakhstan",1977-12-10,01:18:40,Soyuz U,Soyuz 26,Retired,,Success
US Air Force,"Space Launch Complex 13, Cape Canaveral SFS, FL, USA",1977-12-11,22:45:01,Atlas SLV-3A Agena D,Aquacade 3,Retired,,Success
RVSN USSR,"31/6, Baikonur Cosmodrome, Republic of Kazakhstan",1977-12-12,09:40:00,Soyuz U,Zenit-2M 82,Retired,,Success
RVSN USSR,"132/1 (132L), Plesetsk Cosmodrome, Russian Federation",1977-12-13,15:53:00,Kosmos-3M (11K65M),DS-P1-M 13,Retired,,Success
RVSN USSR,"43/4 (43R), Plesetsk Cosmodrome, Russian Federation",1977-12-14,09:30:00,Vostok 8A92M,Meteor-2 3,Retired,,Success
US Air Force,"Space Launch Complex 17B, Cape Canaveral SFS, FL, USA",1977-12-15,00:47:03,Delta 2914,Sakura,Retired,,Success
RVSN USSR,"132/1 (132L), Plesetsk Cosmodrome, Russian Federation",1977-12-16,04:25:00,Kosmos-3M (11K65M),Strela-2M 16,Retired,,Success
RVSN USSR,"43/4 (43R), Plesetsk Cosmodrome, Russian Federation",1977-12-20,15:50:00,Soyuz U,Zenit-4MKM 8,Retired,,Success
RVSN USSR,"90, Baikonur Cosmodrome, Republic of Kazakhstan",1977-12-21,10:35:00,Tsiklon-2,IS-A 8,Retired,12,Success
RVSN USSR,"132/1 (132L), Plesetsk Cosmodrome, Russian Federation",1977-12-23,16:24:00,Kosmos-3M (11K65M),Parus 11,Retired,,Success
RVSN USSR,"32/2, Plesetsk Cosmodrome, Russian Federation",1977-12-27,08:00:00,Tsiklon-3,EPN 03.0380 3,Retired,15,Success
RVSN USSR,"31/6, Baikonur Cosmodrome, Republic of Kazakhstan",1977-12-27,09:20:00,Soyuz U,Zenit-2M 83,Retired,,Success
RVSN USSR,"43/3 (43L), Plesetsk Cosmodrome, Russian Federation",1978-01-06,15:50:00,Soyuz U,Zenit-4MKM 9,Retired,,Success
US Air Force,"Launch Complex 36B, Cape Canaveral SFS, FL, USA",1978-01-07,00:15:00,Atlas SLV-3D Centaur,Intelsat-4A 3,Retired,,Success
RVSN USSR,"1/5, Baikonur Cosmodrome, Republic of Kazakhstan",1978-01-10,12:26:00,Soyuz U,Soyuz 27,Retired,,Success
RVSN USSR,"43/4 (43R), Plesetsk Cosmodrome, Russian Federation",1978-01-10,13:23:00,Vostok 8A92M,Tselina-D 14,Retired,,Success
RVSN USSR,"132/2, Plesetsk Cosmodrome, Russian Federation",1978-01-10,20:51:00,Kosmos-3M (11K65M),Strela-1M 137-144,Retired,,Success
RVSN USSR,"43/3 (43L), Plesetsk Cosmodrome, Russian Federation",1978-01-13,15:15:00,Soyuz U,Zenit-2M 84,Retired,,Success
RVSN USSR,"132/1 (132L), Plesetsk Cosmodrome, Russian Federation",1978-01-17,03:26:00,Kosmos-3M (11K65M),Parus 12,Retired,,Success
RVSN USSR,"31/6, Baikonur Cosmodrome, Republic of Kazakhstan",1978-01-20,08:24:40,Soyuz U,,Retired,,Success
RVSN USSR,"43/3 (43L), Plesetsk Cosmodrome, Russian Federation",1978-01-24,06:51:00,Molniya-M 2BL,Molniya-3 20L,Retired,,Success
RVSN USSR,"31/6, Baikonur Cosmodrome, Republic of Kazakhstan",1978-01-24,09:50:00,Soyuz U,Zenit-4MKM 10,Retired,,Success
Seventh Ministry of Machine Building Industry,"Launch Area 2B, Jiuquan Satellite Launch Center, People's Republic of China",1978-01-26,05:00:00,Long March 2A,FSW-0 3,Retired,,Success
US Air Force,"Space Launch Complex 17A, Cape Canaveral SFS, FL, USA",1978-01-26,17:36:00,Delta 2914,IUE,Retired,,Success
RVSN USSR,"43/4 (43R), Plesetsk Cosmodrome, Russian Federation",1978-01-31,14:50:00,Soyuz U,Zenit-4MKM 11,Retired,,Success
Institute of Space and Astronautical Science,"Mu Center, Uchinoura Space Center, Japan",1978-02-04,07:00:00,Mu-3H,Kyokko,Retired,,Success
RVSN USSR,"43/3 (43L), Plesetsk Cosmodrome, Russian Federation",1978-02-08,12:15:00,Soyuz U,Zenit-4MT 13,Retired,,Success
US Air Force,"Launch Complex 36A, Cape Canaveral SFS, FL, USA",1978-02-09,21:17:01,Atlas SLV-3D Centaur,FLTSATCOM 1,Retired,,Success
RVSN USSR,"31/6, Baikonur Cosmodrome, Republic of Kazakhstan",1978-02-14,09:30:00,Soyuz U,Zenit-4MKM 12,Retired,,Success
National Space Development Agency of Japan,"Osaki Launch Complex, Tanegashima Space Center, Japan",1978-02-16,04:00:00,N-I,Ume 2,Retired,,Success
RVSN USSR,"132/2, Plesetsk Cosmodrome, Russian Federation",1978-02-17,16:33:00,Kosmos-3M (11K65M),Strela-2M 17,Retired,,Success
US Air Force,"Space Launch Complex 3E, Vandenberg SFB, CA, USA",1978-02-22,23:44:00,Atlas F/SVS,Navstar 1,Retired,,Success
US Air Force,"Space Launch Complex 4W, Vandenberg SFB, CA, USA",1978-02-25,05:00:00,Titan 34B,Jumpseat 5,Retired,25.81,Success
RVSN USSR,"132/2, Plesetsk Cosmodrome, Russian Federation",1978-02-28,06:43:00,Kosmos-3M (11K65M),Parus 13,Retired,,Success
RVSN USSR,"1/5, Baikonur Cosmodrome, Republic of Kazakhstan",1978-03-02,15:28:10,Soyuz U,Soyuz 28,Retired,,Success
RVSN USSR,"43/3 (43L), Plesetsk Cosmodrome, Russian Federation",1978-03-02,22:07:00,Molniya-M 2BL,Molniya-1K 39,Retired,,Success
RVSN USSR,"31/6, Baikonur Cosmodrome, Republic of Kazakhstan",1978-03-04,07:40:00,Soyuz U,Zenit-2M 85,Retired,,Success
US Air Force,"Space Launch Complex 2W, Vandenberg SFB, CA, USA",1978-03-05,17:54:00,Delta 2910,Landsat 3,Retired,,Success
RVSN USSR,"43/3 (43L), Plesetsk Cosmodrome, Russian Federation",1978-03-10,10:42:00,Soyuz U,Zenit-4MKM 13,Retired,,Success
RVSN USSR,"132/2, Plesetsk Cosmodrome, Russian Federation",1978-03-15,15:57:00,Kosmos-3M (11K65M),Zaliv 25,Retired,,Success
US Air Force,"Space Launch Complex 4E, Vandenberg SFB, CA, USA",1978-03-16,18:40:00,Titan IIID,KH-9 14,Retired,,Success
RVSN USSR,"43/3 (43L), Plesetsk Cosmodrome, Russian Federation",1978-03-17,10:50:00,Soyuz U,Zenit-2M 86,Retired,,Success
US Air Force,"Space Launch Complex 40, Cape Canaveral SFS, FL, USA",1978-03-25,18:09:00,Titan IIIC,DSCS-2 9 & 10,Retired,,Failure
RVSN USSR,"132/1 (132L), Plesetsk Cosmodrome, Russian Federation",1978-03-28,01:30:00,Kosmos-3M (11K65M),Parus 14,Retired,,Success
RVSN USSR,"81/24 (81P), Baikonur Cosmodrome, Republic of Kazakhstan",1978-03-30,00:00:00,Proton-K,TKS-VA 5 & 6,Retired,,Success
RVSN USSR,"31/6, Baikonur Cosmodrome, Republic of Kazakhstan",1978-03-30,07:50:00,Soyuz U,Zenit-4MKM 14,Retired,,Success
RVSN USSR,"132/1 (132L), Plesetsk Cosmodrome, Russian Federation",1978-03-31,14:01:00,Kosmos-3M (11K65M),Tsikada 4,Retired,,Success
US Air Force,"Launch Complex 36B, Cape Canaveral SFS, FL, USA",1978-03-31,23:36:01,Atlas SLV-3D Centaur,Intelsat-4A 6,Retired,,Success
RVSN USSR,"1/5, Baikonur Cosmodrome, Republic of Kazakhstan",1978-04-04,15:00:00,Soyuz U,,Retired,,Success
RVSN USSR,"31/6, Baikonur Cosmodrome, Republic of Kazakhstan",1978-04-06,09:10:00,Soyuz U,Zenit-2M 87,Retired,,Success
US Air Force,"Space Launch Complex 13, Cape Canaveral SFS, FL, USA",1978-04-07,00:45:01,Atlas SLV-3A Agena D,Aquacade 4,Retired,,Success
US Air Force,"Space Launch Complex 17B, Cape Canaveral SFS, FL, USA",1978-04-07,22:01:00,Delta 2914,Yuri 1,Retired,,Success
RVSN USSR,"43/4 (43R), Plesetsk Cosmodrome, Russian Federation",1978-04-20,15:30:00,Soyuz U,Zenit-4MKM 15,Retired,,Success
NASA,"Space Launch Complex 5, Vandenberg SFB, CA, USA",1978-04-26,10:20:00,Scout D-1,HCMM,Retired,,Success
US Air Force,"Space Launch Complex 10W, Vandenberg SFB, CA, USA",1978-05-01,03:05:04,Thor DSV-2U,DMSP-5D1 F3,Retired,,Success
RVSN USSR,"43/3 (43L), Plesetsk Cosmodrome, Russian Federation",1978-05-05,15:30:00,Soyuz U,Zenit-2M 88,Retired,,Success
US Air Force,"Space Launch Complex 17A, Cape Canaveral SFS, FL, USA",1978-05-11,22:59:00,Delta 3914,OTS 2,Retired,,Success
RVSN USSR,"43/4 (43R), Plesetsk Cosmodrome, Russian Federation",1978-05-12,04:07:00,Vostok 8A92M,Tselina-D 15,Retired,,Success
RVSN USSR,"132/1 (132L), Plesetsk Cosmodrome, Russian Federation",1978-05-12,11:00:00,Kosmos-3M (11K65M),Taifun-1 9,Retired,,Success
US Air Force,"Space Launch Complex 3E, Vandenberg SFB, CA, USA",1978-05-13,10:34:00,Atlas F/SVS,Navstar 2,Retired,,Success
RVSN USSR,"43/3 (43L), Plesetsk Cosmodrome, Russian Federation",1978-05-16,10:40:00,Soyuz U,Zenit-4MKM 16,Retired,,Success
RVSN USSR,"132/1 (132L), Plesetsk Cosmodrome, Russian Federation",1978-05-17,14:39:00,Kosmos-3M (11K65M),Tselina-O 37,Retired,,Success
RVSN USSR,"90, Baikonur Cosmodrome, Republic of Kazakhstan",1978-05-19,00:21:00,Tsiklon-2,IS-A 9,Retired,12,Success
US Air Force,"Launch Complex 36A, Cape Canaveral SFS, FL, USA",1978-05-20,13:13:00,Atlas SLV-3D Centaur,Pioneer Venus Orbiter,Retired,,Success
RVSN USSR,"43/4 (43R), Plesetsk Cosmodrome, Russian Federation",1978-05-23,07:30:00,Soyuz U,Zenit-4MKT 6,Retired,,Success
RVSN USSR,"132/1 (132L), Plesetsk Cosmodrome, Russian Federation",1978-05-23,16:57:00,Kosmos-3M (11K65M),Parus 15,Retired,,Success
RVSN USSR,"43/3 (43L), Plesetsk Cosmodrome, Russian Federation",1978-05-25,14:30:00,Soyuz U,Zenit-2M 89,Retired,,Success
RVSN USSR,"200/40, Baikonur Cosmodrome, Republic of Kazakhstan",1978-05-27,01:25:00,Proton-K/DM,Ekran,Retired,,Failure
RVSN USSR,"43/3 (43L), Plesetsk Cosmodrome, Russian Federation",1978-06-02,12:12:00,Molniya-M 2BL,Molniya-1K 40,Retired,,Success
RVSN USSR,"132/1 (132L), Plesetsk Cosmodrome, Russian Federation",1978-06-07,22:00:00,Kosmos-3M (11K65M),Strela-1M 145-152,Retired,,Success
RVSN USSR,"31/6, Baikonur Cosmodrome, Republic of Kazakhstan",1978-06-10,08:35:00,Soyuz U,Zenit-4MKM 17,Retired,,Success
US Air Force,"Space Launch Complex 40, Cape Canaveral SFS, FL, USA",1978-06-10,19:08:00,Titan IIIC,Chalet 8,Retired,,Success
RVSN USSR,"43/3 (43L), Plesetsk Cosmodrome, Russian Federation",1978-06-12,10:30:00,Soyuz U,Zenit-4MKM 18,Retired,,Success
US Air Force,"Space Launch Complex 4E, Vandenberg SFB, CA, USA",1978-06-14,18:23:00,Titan IIID,KH-11 2,Retired,,Success
RVSN USSR,"1/5, Baikonur Cosmodrome, Republic of Kazakhstan",1978-06-15,20:16:45,Soyuz U,Soyuz 29,Retired,,Success
US Air Force,"Space Launch Complex 17B, Cape Canaveral SFS, FL, USA",1978-06-16,10:49:00,Delta 2914,GOES 3,Retired,,Success
RVSN USSR,"132/1 (132L), Plesetsk Cosmodrome, Russian Federation",1978-06-21,09:27:00,Kosmos-3M (11K65M),Strela-2M 18,Retired,,Success
US Air Force,"Space Launch Complex 3W, Vandenberg SFB, CA, USA",1978-06-27,01:12:44,Atlas F/Agena D,Seasat 1,Retired,,Success
RVSN USSR,"1/5, Baikonur Cosmodrome, Republic of Kazakhstan",1978-06-27,15:27:21,Soyuz U,Soyuz 30,Retired,,Success
RVSN USSR,"43/3 (43L), Plesetsk Cosmodrome, Russian Federation",1978-06-28,02:58:00,Molniya-M 2BL,US-K 9,Retired,,Success
RVSN USSR,"32/2, Plesetsk Cosmodrome, Russian Federation",1978-06-28,17:35:00,Tsiklon-3,EPN 03.0380 4,Retired,15,Success
US Air Force,"Launch Complex 36B, Cape Canaveral SFS, FL, USA",1978-06-29,22:24:59,Atlas SLV-3D Centaur,Comstar 1C,Retired,,Success
RVSN USSR,"31/6, Baikonur Cosmodrome, Republic of Kazakhstan",1978-07-02,09:30:00,Soyuz U,Energiya 2,Retired,,Success
RVSN USSR,"31/6, Baikonur Cosmodrome, Republic of Kazakhstan",1978-07-07,11:26:16,Soyuz U,,Retired,,Success
US Air Force,"Space Launch Complex 17A, Cape Canaveral SFS, FL, USA",1978-07-14,10:43:00,Delta 2914,Geos 2,Retired,,Success
RVSN USSR,"43/4 (43R), Plesetsk Cosmodrome, Russian Federation",1978-07-14,15:00:00,Molniya-M 2BL,Molniya-1K 41,Retired,,Success
RVSN USSR,"200/40, Baikonur Cosmodrome, Republic of Kazakhstan",1978-07-18,21:59:00,Proton-K/DM,Raduga 4,Retired,,Success
RVSN USSR,"132/2, Plesetsk Cosmodrome, Russian Federation",1978-07-27,04:49:00,Kosmos-3M (11K65M),Zaliv 26,Retired,,Success
US Air Force,"Space Launch Complex 4W, Vandenberg SFB, CA, USA",1978-08-05,05:00:00,Titan 34B,Quasar 3,Retired,25.81,Success
RVSN USSR,"43/3 (43L), Plesetsk Cosmodrome, Russian Federation",1978-08-05,15:00:00,Soyuz U,Yantar-2K 8,Retired,,Success
RVSN USSR,"31/6, Baikonur Cosmodrome, Republic of Kazakhstan",1978-08-07,22:31:22,Soyuz U,,Retired,,Success
US Air Force,"Launch Complex 36A, Cape Canaveral SFS, FL, USA",1978-08-08,07:33:00,Atlas SLV-3D Centaur,Pioneer Venus Multiprobe,Retired,,Success
US Air Force,"Space Launch Complex 17B, Cape Canaveral SFS, FL, USA",1978-08-12,15:12:00,Delta 2914,ISEE 3,Retired,,Success
RVSN USSR,"200/40, Baikonur Cosmodrome, Republic of Kazakhstan",1978-08-17,20:02:00,Proton-K/DM,Ekran,Retired,,Failure
RVSN USSR,"43/4 (43R), Plesetsk Cosmodrome, Russian Federation",1978-08-22,23:47:00,Molniya-M 2BL,Molniya-1K 42,Retired,,Success
RVSN USSR,"1/5, Baikonur Cosmodrome, Republic of Kazakhstan",1978-08-26,14:51:30,Soyuz U,Soyuz 31,Retired,,Success
RVSN USSR,"43/4 (43R), Plesetsk Cosmodrome, Russian Federation",1978-08-29,15:00:00,Soyuz U,Zenit-4MKM 19,Retired,,Success
RVSN USSR,"43/4 (43R), Plesetsk Cosmodrome, Russian Federation",1978-09-06,03:04:00,Molniya-M 2BL,US-K 10,Retired,,Success
RVSN USSR,"81/23 (81L), Baikonur Cosmodrome, Republic of Kazakhstan",1978-09-09,03:25:39,Proton-K/D-1,Venera-11,Retired,,Success
RVSN USSR,"41/1, Plesetsk Cosmodrome, Russian Federation",1978-09-09,15:00:00,Soyuz U,Zenit-4MKM 20,Retired,,Success
RVSN USSR,"81/24 (81P), Baikonur Cosmodrome, Republic of Kazakhstan",1978-09-14,02:25:13,Proton-K/D-1,Venera-12,Retired,,Success
Institute of Space and Astronautical Science,"Mu Center, Uchinoura Space Center, Japan",1978-09-16,05:00:00,Mu-3H,Jikiken,Retired,,Success
RVSN USSR,"43/3 (43L), Plesetsk Cosmodrome, Russian Federation",1978-09-19,08:05:00,Soyuz U,Zenit-2M 90,Retired,,Success
RVSN USSR,"43/3 (43L), Plesetsk Cosmodrome, Russian Federation",1978-10-03,11:00:00,Soyuz U,Zenit-4MKT 7,Retired,,Success
RVSN USSR,"1/5, Baikonur Cosmodrome, Republic of Kazakhstan",1978-10-03,23:09:30,Soyuz U,,Retired,,Success
RVSN USSR,"132/1 (132L), Plesetsk Cosmodrome, Russian Federation",1978-10-04,03:49:00,Kosmos-3M (11K65M),Strela-1M 153-160,Retired,,Success
RVSN USSR,"43/3 (43L), Plesetsk Cosmodrome, Russian Federation",1978-10-06,15:30:00,Soyuz U,Zenit-4MKM 21,Retired,,Success
US Air Force,"Space Launch Complex 3E, Vandenberg SFB, CA, USA",1978-10-07,00:28:00,Atlas F/SVS,Navstar 3,Retired,,Success
RVSN USSR,"43/4 (43R), Plesetsk Cosmodrome, Russian Federation",1978-10-10,19:44:00,Vostok 8A92M,Tselina-D 16,Retired,,Success
RVSN USSR,"43/3 (43L), Plesetsk Cosmodrome, Russian Federation",1978-10-13,05:19:00,Molniya-M 2BL,Molniya-3 22L,Retired,,Success
US Air Force,"Space Launch Complex 3W, Vandenberg SFB, CA, USA",1978-10-13,11:23:00,SM-65F Atlas,Tiros-N,Retired,,Success
RVSN USSR,"43/4 (43R), Plesetsk Cosmodrome, Russian Federation",1978-10-17,15:00:00,Soyuz U,Zenit-2M 91,Retired,,Success
RVSN USSR,"200/40, Baikonur Cosmodrome, Republic of Kazakhstan",1978-10-17,16:04:00,Proton-K/DM,Ekran,Retired,,Failure
US Air Force,"Space Launch Complex 2W, Vandenberg SFB, CA, USA",1978-10-24,08:14:01,Delta 2910,Nimbus 7,Retired,,Success
RVSN USSR,"132/1 (132L), Plesetsk Cosmodrome, Russian Federation",1978-10-24,19:00:00,Kosmos-3M (11K65M),AUOS-Z-M-IK 1,Retired,,Success
RVSN USSR,"32/2, Plesetsk Cosmodrome, Russian Federation",1978-10-26,07:00:00,Tsiklon-3,Meteor-2-GVM,Retired,15,Success
RVSN USSR,"1/5, Baikonur Cosmodrome, Republic of Kazakhstan",1978-10-30,05:23:00,Molniya-M 2BL,Prognoz-7,Retired,,Success
RVSN USSR,"41/1, Plesetsk Cosmodrome, Russian Federation",1978-11-01,12:00:00,Soyuz U,Zenit-4MT 14,Retired,,Success
US Air Force,"Launch Complex 36B, Cape Canaveral SFS, FL, USA",1978-11-13,05:24:00,Atlas SLV-3D Centaur,Einstein Observatory,Retired,,Success
RVSN USSR,"41/1, Plesetsk Cosmodrome, Russian Federation",1978-11-15,11:45:00,Soyuz U,Zenit-4MKM 22,Retired,,Success
RVSN USSR,"132/2, Plesetsk Cosmodrome, Russian Federation",1978-11-16,21:45:00,Kosmos-3M (11K65M),Strela-2M 19,Retired,,Success
US Air Force,"Space Launch Complex 17B, Cape Canaveral SFS, FL, USA",1978-11-19,00:46:00,Delta 2914,NATO 3C,Retired,,Success
RVSN USSR,"43/4 (43R), Plesetsk Cosmodrome, Russian Federation",1978-11-21,12:00:00,Soyuz U,Zenit-4MKM 23,Retired,,Success
RVSN USSR,"43/4 (43R), Plesetsk Cosmodrome, Russian Federation",1978-11-28,16:20:00,Soyuz U,Zenit-6U 5,Retired,,Success
RVSN USSR,"132/2, Plesetsk Cosmodrome, Russian Federation",1978-12-05,18:12:00,Kosmos-3M (11K65M),Strela-1M 161-168,Retired,,Success
RVSN USSR,"41/1, Plesetsk Cosmodrome, Russian Federation",1978-12-07,15:30:00,Soyuz U,Zenit-4MKM 24,Retired,,Success
RVSN USSR,"31/6, Baikonur Cosmodrome, Republic of Kazakhstan",1978-12-08,09:30:00,Soyuz U,Zenit-2M 92,Retired,,Success
US Air Force,"Space Launch Complex 3E, Vandenberg SFB, CA, USA",1978-12-11,03:59:00,Atlas F/SVS,Navstar 4,Retired,,Success
US Air Force,"Space Launch Complex 40, Cape Canaveral SFS, FL, USA",1978-12-14,00:40:02,Titan IIIC,DSCS-2 11 & 12,Retired,,Success
RVSN USSR,"43/4 (43R), Plesetsk Cosmodrome, Russian Federation",1978-12-14,15:20:00,Soyuz U,Zenit-2M 93,Retired,,Success
RVSN USSR,"132/2, Plesetsk Cosmodrome, Russian Federation",1978-12-15,13:19:00,Kosmos-3M (11K65M),Tselina-O 38,Retired,,Success
US Air Force,"Space Launch Complex 17A, Cape Canaveral SFS, FL, USA",1978-12-16,00:21:00,Delta 3914,Anik B,Retired,,Success
RVSN USSR,"43/4 (43R), Plesetsk Cosmodrome, Russian Federation",1978-12-19,01:35:00,Vostok 8A92M,Tselina-D 17,Retired,,Success
RVSN USSR,"200/40, Baikonur Cosmodrome, Republic of Kazakhstan",1978-12-19,12:15:00,Proton-K/DM,Gorizont 1,Retired,,Success
RVSN USSR,"132/1 (132L), Plesetsk Cosmodrome, Russian Federation",1978-12-20,20:43:00,Kosmos-3M (11K65M),Parus 16,Retired,,Failure
RVSN USSR,"107/1, Kapustin Yar, Russian Federation",1978-12-22,22:00:00,Kosmos-3M (11K65M),Taifun-2 5,Retired,,Success
RVSN USSR,"43/3 (43L), Plesetsk Cosmodrome, Russian Federation",1978-12-23,08:39:00,Vostok 8A92M,Astrofizika,Retired,,Success
RVSN USSR,"132/2, Plesetsk Cosmodrome, Russian Federation",1978-12-26,13:30:00,Kosmos-3M (11K65M),Sfera 18,Retired,,Success
RVSN USSR,"43/4 (43R), Plesetsk Cosmodrome, Russian Federation",1978-12-26,15:30:00,Soyuz U,Zenit-4MKM 25,Retired,,Success
RVSN USSR,"41/1, Plesetsk Cosmodrome, Russian Federation",1978-12-28,16:30:00,Soyuz U,Zenit-4MT 15,Retired,,Success
RVSN USSR,"43/3 (43L), Plesetsk Cosmodrome, Russian Federation",1979-01-11,15:00:00,Soyuz U,Zenit-2M 94,Retired,,Success
RVSN USSR,"43/4 (43R), Plesetsk Cosmodrome, Russian Federation",1979-01-13,15:30:00,Soyuz U,Zenit-4MKM 26,Retired,,Success
RVSN USSR,"132/1 (132L), Plesetsk Cosmodrome, Russian Federation",1979-01-16,17:37:00,Kosmos-3M (11K65M),Parus 17,Retired,,Success
RVSN USSR,"43/4 (43R), Plesetsk Cosmodrome, Russian Federation",1979-01-18,15:42:00,Molniya-M 2BL,Molniya-3 23L,Retired,,Success
RVSN USSR,"31/6, Baikonur Cosmodrome, Republic of Kazakhstan",1979-01-25,05:43:00,Vostok 8A92M,Meteor-Priroda 2-3,Retired,,Success
RVSN USSR,"43/4 (43R), Plesetsk Cosmodrome, Russian Federation",1979-01-30,15:15:00,Soyuz U,Zenit-4MKM 27,Retired,,Success
US Air Force,"Space Launch Complex 17B, Cape Canaveral SFS, FL, USA",1979-01-30,21:42:00,Delta 2914,SCATHA,Retired,,Success
RVSN USSR,"31/6, Baikonur Cosmodrome, Republic of Kazakhstan",1979-01-31,09:00:00,Soyuz U,,Retired,,Success
National Space Development Agency of Japan,"Osaki Launch Complex, Tanegashima Space Center, Japan",1979-02-06,08:46:00,N-I,Ayame,Retired,,Failure
RVSN USSR,"132/2, Plesetsk Cosmodrome, Russian Federation",1979-02-08,10:00:00,Kosmos-3M (11K65M),Taifun-1 10,Retired,,Success
RVSN USSR,"32/2, Plesetsk Cosmodrome, Russian Federation",1979-02-12,13:00:00,Tsiklon-3,Okean-E 1,Retired,15,Success
RVSN USSR,"43/4 (43R), Plesetsk Cosmodrome, Russian Federation",1979-02-13,21:41:00,Vostok 8A92M,Tselina-D 18,Retired,,Success
RVSN USSR,"41/1, Plesetsk Cosmodrome, Russian Federation",1979-02-16,15:00:00,Soyuz U,Zenit-2M 95,Retired,,Failure
NASA,"Launch Area 3A, Wallops Flight Facility, Virginia, USA",1979-02-18,16:18:00,Scout D-1,SAGE,Retired,,Success
Institute of Space and Astronautical Science,"Mu Center, Uchinoura Space Center, Japan",1979-02-21,05:00:00,Mu-3C,Hakucho,Retired,,Success
RVSN USSR,"200/40, Baikonur Cosmodrome, Republic of Kazakhstan",1979-02-21,07:49:00,Proton-K/DM,Ekran,Retired,,Success
RVSN USSR,"41/1, Plesetsk Cosmodrome, Russian Federation",1979-02-22,12:10:00,Soyuz U,Zenit-4MKM 28,Retired,,Success
US Air Force,"Space Launch Complex 3W, Vandenberg SFB, CA, USA",1979-02-24,08:20:00,Atlas F/OIS,Solwind,Retired,,Success
RVSN USSR,"1/5, Baikonur Cosmodrome, Republic of Kazakhstan",1979-02-25,11:53:49,Soyuz U,Soyuz 32,Retired,,Success
RVSN USSR,"43/3 (43L), Plesetsk Cosmodrome, Russian Federation",1979-02-27,15:00:00,Soyuz U,Yantar-2K 9,Retired,,Success
RVSN USSR,"132/2, Plesetsk Cosmodrome, Russian Federation",1979-02-27,17:00:00,Kosmos-3M (11K65M),AUOS-Z-I-IK 1,Retired,,Success
RVSN USSR,"43/4 (43R), Plesetsk Cosmodrome, Russian Federation",1979-03-01,18:45:00,Vostok 8A92M,Meteor-2 4,Retired,,Success
RVSN USSR,"31/6, Baikonur Cosmodrome, Republic of Kazakhstan",1979-03-12,05:47:28,Soyuz U,,Retired,,Success
RVSN USSR,"41/1, Plesetsk Cosmodrome, Russian Federation",1979-03-14,10:50:00,Soyuz U,Zenit-4MKM 29,Retired,,Success
RVSN USSR,"132/2, Plesetsk Cosmodrome, Russian Federation",1979-03-15,02:58:00,Kosmos-3M (11K65M),Strela-1M 169-176,Retired,,Success
US Air Force,"Space Launch Complex 4E, Vandenberg SFB, CA, USA",1979-03-16,18:30:00,Titan IIID,KH-9 15,Retired,,Success
RVSN USSR,"132/2, Plesetsk Cosmodrome, Russian Federation",1979-03-21,04:13:00,Kosmos-3M (11K65M),Parus 18,Retired,,Success
RVSN USSR,"41/1, Plesetsk Cosmodrome, Russian Federation",1979-03-31,10:45:00,Soyuz U,Zenit-2M 96,Retired,,Success
RVSN USSR,"132/1 (132L), Plesetsk Cosmodrome, Russian Federation",1979-04-07,06:20:00,Kosmos-3M (11K65M),Parus 19,Retired,,Success
RVSN USSR,"1/5, Baikonur Cosmodrome, Republic of Kazakhstan",1979-04-10,17:34:34,Soyuz U,Soyuz 33,Retired,,Success
RVSN USSR,"132/1 (132L), Plesetsk Cosmodrome, Russian Federation",1979-04-11,21:51:00,Kosmos-3M (11K65M),Tsikada 5,Retired,,Success
RVSN USSR,"41/1, Plesetsk Cosmodrome, Russian Federation",1979-04-12,00:28:00,Molniya-M 2BL,Molniya-1K 43,Retired,,Success
RVSN USSR,"43/3 (43L), Plesetsk Cosmodrome, Russian Federation",1979-04-14,05:27:00,Vostok 8A92M,Tselina-D 19,Retired,,Success
RVSN USSR,"90, Baikonur Cosmodrome, Republic of Kazakhstan",1979-04-18,12:00:00,Tsiklon-2,US-P 6,Retired,12,Success
RVSN USSR,"43/3 (43L), Plesetsk Cosmodrome, Russian Federation",1979-04-20,11:30:00,Soyuz U,Zenit-6U 6,Retired,,Success
RVSN USSR,"200/40, Baikonur Cosmodrome, Republic of Kazakhstan",1979-04-25,03:44:00,Proton-K/DM,Raduga 5,Retired,,Success
RVSN USSR,"90, Baikonur Cosmodrome, Republic of Kazakhstan",1979-04-25,10:00:00,Tsiklon-2,US-P 7,Retired,12,Success
RVSN USSR,"43/3 (43L), Plesetsk Cosmodrome, Russian Federation",1979-04-27,17:15:00,Soyuz U,Yantar-4K1 1,Retired,,Success
US Air Force,"Launch Complex 36A, Cape Canaveral SFS, FL, USA",1979-05-04,18:57:00,Atlas SLV-3D Centaur,FLTSATCOM 2,Retired,,Success
RVSN USSR,"31/6, Baikonur Cosmodrome, Republic of Kazakhstan",1979-05-13,04:17:10,Soyuz U,,Retired,,Success
RVSN USSR,"41/1, Plesetsk Cosmodrome, Russian Federation",1979-05-15,11:40:00,Soyuz U,Zenit-4MKM 30,Retired,,Success
RVSN USSR,"43/4 (43R), Plesetsk Cosmodrome, Russian Federation",1979-05-17,07:10:00,Soyuz U,Zenit-4MKT 8,Retired,,Success
RVSN USSR,"81/24 (81P), Baikonur Cosmodrome, Republic of Kazakhstan",1979-05-22,23:00:00,Proton-K,TKS-VA 9 & 10,Retired,,Success
RVSN USSR,"41/1, Plesetsk Cosmodrome, Russian Federation",1979-05-25,07:00:00,Soyuz U,Zenit-2M/NKh 2,Retired,,Success
US Air Force,"Space Launch Complex 4W, Vandenberg SFB, CA, USA",1979-05-28,18:30:00,Titan 24B,KH-8 50,Retired,,Success
RVSN USSR,"43/3 (43L), Plesetsk Cosmodrome, Russian Federation",1979-05-31,16:30:00,Soyuz U,Zenit-6U 7,Retired,,Success
RVSN USSR,"132/1 (132L), Plesetsk Cosmodrome, Russian Federation",1979-05-31,17:58:00,Kosmos-3M (11K65M),Parus 20,Retired,,Success
Science and Engineering Research Council,"Launch Area 3A, Wallops Flight Facility, Virginia, USA",1979-06-02,23:26:00,Scout D-1,Ariel 6,Retired,,Success
RVSN USSR,"43/4 (43R), Plesetsk Cosmodrome, Russian Federation",1979-06-05,23:28:00,Molniya-M 2BL,Molniya-3 21L,Retired,,Success
RVSN USSR,"31/6, Baikonur Cosmodrome, Republic of Kazakhstan",1979-06-06,18:12:41,Soyuz U,Soyuz-34,Retired,,Success
US Air Force,"Space Launch Complex 10W, Vandenberg SFB, CA, USA",1979-06-06,18:22:12,Thor DSV-2U,DMSP-5D1 F4,Retired,,Success
RVSN USSR,"107/1, Kapustin Yar, Russian Federation",1979-06-07,10:30:00,Kosmos-3M (11K65M),Bhaskara 1,Retired,,Success
RVSN USSR,"41/1, Plesetsk Cosmodrome, Russian Federation",1979-06-08,07:10:00,Soyuz U,Zenit-4MKT 9,Retired,,Success
US Air Force,"Space Launch Complex 40, Cape Canaveral SFS, FL, USA",1979-06-10,13:39:00,Titan IIIC,DSP 8,Retired,,Success
RVSN USSR,"43/4 (43R), Plesetsk Cosmodrome, Russian Federation",1979-06-12,07:00:00,Soyuz U,Zenit-2M/NKh 3,Retired,,Success
RVSN USSR,"43/3 (43L), Plesetsk Cosmodrome, Russian Federation",1979-06-15,10:50:00,Soyuz U,Zenit-6U 8,Retired,,Success
RVSN USSR,"43/4 (43R), Plesetsk Cosmodrome, Russian Federation",1979-06-22,07:00:00,Soyuz U,Zenit-4MKT 10,Retired,,Success
US Air Force,"Space Launch Complex 3W, Vandenberg SFB, CA, USA",1979-06-27,15:51:59,SM-65F Atlas,NOAA 6,Retired,,Success
RVSN USSR,"41/1, Plesetsk Cosmodrome, Russian Federation",1979-06-27,18:11:23,Molniya-M 2BL,US-K 11,Retired,,Success
RVSN USSR,"31/6, Baikonur Cosmodrome, Republic of Kazakhstan",1979-06-28,09:25:11,Soyuz U,,Retired,,Success
RVSN USSR,"132/1 (132L), Plesetsk Cosmodrome, Russian Federation",1979-06-28,20:09:00,Kosmos-3M (11K65M),Strela-2M 20,Retired,,Success
RVSN USSR,"43/3 (43L), Plesetsk Cosmodrome, Russian Federation",1979-06-29,16:00:00,Soyuz U,Zenit-6U 9,Retired,,Success
RVSN USSR,"200/40, Baikonur Cosmodrome, Republic of Kazakhstan",1979-07-05,23:19:00,Proton-K/DM,Gorizont 2,Retired,,Success
RVSN USSR,"107/1, Kapustin Yar, Russian Federation",1979-07-06,08:20:00,Kosmos-3M (11K65M),Taifun-2 6,Retired,,Success
RVSN USSR,"31/6, Baikonur Cosmodrome, Republic of Kazakhstan",1979-07-10,09:00:00,Soyuz U,Zenit-4MKM 31,Retired,,Success
RVSN USSR,"132/1 (132L), Plesetsk Cosmodrome, Russian Federation",1979-07-11,15:41:00,Kosmos-3M (11K65M),Tselina-O 39,Retired,,Success
RVSN USSR,"43/4 (43R), Plesetsk Cosmodrome, Russian Federation",1979-07-13,08:25:00,Soyuz U,Zenit-4MKT 11,Retired,,Success
RVSN USSR,"43/4 (43R), Plesetsk Cosmodrome, Russian Federation",1979-07-20,11:58:00,Vostok 8A92M,Tselina-D 20,Retired,,Success
RVSN USSR,"43/3 (43L), Plesetsk Cosmodrome, Russian Federation",1979-07-25,15:20:00,Soyuz U,Zenit-4MKM 32,Retired,,Success
RVSN USSR,"43/4 (43R), Plesetsk Cosmodrome, Russian Federation",1979-07-27,07:30:00,Soyuz U,Zenit-2M/NKh 4,Retired,,Success
Seventh Ministry of Machine Building Industry,"Launch Area 2B, Jiuquan Satellite Launch Center, People's Republic of China",1979-07-27,21:28:00,Feng Bao 1,Shi Jian 2,Retired,,Failure
RVSN USSR,"43/3 (43L), Plesetsk Cosmodrome, Russian Federation",1979-07-31,03:56:00,Molniya-M 2BL,Molniya-1K 44,Retired,,Success
RVSN USSR,"43/3 (43L), Plesetsk Cosmodrome, Russian Federation",1979-08-03,10:45:00,Soyuz U,Zenit-4MT 16,Retired,,Success
US Air Force,"Space Launch Complex 17A, Cape Canaveral SFS, FL, USA",1979-08-10,00:20:00,Delta 2914,Westar 3,Retired,,Success
ISRO,"SLV-3 Launch Pad, Satish Dhawan Space Centre, India",1979-08-10,02:28:00,SLV-3,Rohini 1A,Retired,,Failure
RVSN USSR,"31/6, Baikonur Cosmodrome, Republic of Kazakhstan",1979-08-11,09:15:00,Soyuz U,Zenit-4MKM 33,Retired,,Success
RVSN USSR,"43/3 (43L), Plesetsk Cosmodrome, Russian Federation",1979-08-14,15:30:00,Soyuz U,Yantar-2K 10,Retired,,Success
RVSN USSR,"43/4 (43R), Plesetsk Cosmodrome, Russian Federation",1979-08-17,07:45:00,Soyuz U,Zenit-2M/NKh 5,Retired,,Success
RVSN USSR,"41/1, Plesetsk Cosmodrome, Russian Federation",1979-08-21,11:10:00,Soyuz U,Zenit-4MKT 12,Retired,,Success
RVSN USSR,"43/4 (43R), Plesetsk Cosmodrome, Russian Federation",1979-08-28,00:17:04,Molniya-M 2BL,US-K 12,Retired,,Success
RVSN USSR,"132/1 (132L), Plesetsk Cosmodrome, Russian Federation",1979-08-28,00:55:00,Kosmos-3M (11K65M),Strela-2M 21,Retired,,Success
RVSN USSR,"43/4 (43R), Plesetsk Cosmodrome, Russian Federation",1979-08-31,11:30:00,Soyuz U,Zenit-6U 10,Retired,,Success
RVSN USSR,"41/1, Plesetsk Cosmodrome, Russian Federation",1979-09-05,10:20:00,Soyuz U,Resurs-F1 17F41 11L,Retired,,Success
RVSN USSR,"43/4 (43R), Plesetsk Cosmodrome, Russian Federation",1979-09-14,15:30:00,Soyuz U,Zenit-4MKM 34,Retired,,Success
US Air Force,"Launch Complex 36B, Cape Canaveral SFS, FL, USA",1979-09-20,05:28:00,Atlas SLV-3D Centaur,HEAO 3,Retired,,Success
RVSN USSR,"41/1, Plesetsk Cosmodrome, Russian Federation",1979-09-25,15:30:00,Soyuz U,Bion 5,Retired,,Success
RVSN USSR,"132/2, Plesetsk Cosmodrome, Russian Federation",1979-09-25,21:00:00,Kosmos-3M (11K65M),Strela-1M 177-184,Retired,,Success
RVSN USSR,"43/3 (43L), Plesetsk Cosmodrome, Russian Federation",1979-09-28,12:20:00,Soyuz U,Zenit-6U 11,Retired,,Success
US Air Force,"Space Launch Complex 40, Cape Canaveral SFS, FL, USA",1979-10-01,11:22:00,Titan IIIC,Vortex 9,Retired,,Success
RVSN USSR,"200/40, Baikonur Cosmodrome, Republic of Kazakhstan",1979-10-03,17:12:00,Proton-K/DM,Ekran,Retired,,Success
RVSN USSR,"41/1, Plesetsk Cosmodrome, Russian Federation",1979-10-05,11:30:00,Soyuz U,Zenit-4MT 17,Retired,,Success
RVSN USSR,"132/2, Plesetsk Cosmodrome, Russian Federation",1979-10-11,16:36:00,Kosmos-3M (11K65M),Strela-2M 22,Retired,,Success
RVSN USSR,"43/3 (43L), Plesetsk Cosmodrome, Russian Federation",1979-10-12,12:30:00,Soyuz U,Zenit-6U 12,Retired,,Failure
RVSN USSR,"132/2, Plesetsk Cosmodrome, Russian Federation",1979-10-16,12:17:00,Kosmos-3M (11K65M),Parus 21,Retired,,Success
RVSN USSR,"41/1, Plesetsk Cosmodrome, Russian Federation",1979-10-20,07:03:00,Molniya-M 2BL,Molniya-1K 45,Retired,,Success
RVSN USSR,"43/3 (43L), Plesetsk Cosmodrome, Russian Federation",1979-10-22,12:30:00,Soyuz U,Zenit-6U 13,Retired,,Success
RVSN USSR,"43/4 (43R), Plesetsk Cosmodrome, Russian Federation",1979-10-26,18:12:00,Vostok 8A92M,Tselina-D 21,Retired,,Success
NASA,"Space Launch Complex 5, Vandenberg SFB, CA, USA",1979-10-30,14:16:00,Scout G-1,Magsat,Retired,8.66,Success
RVSN USSR,"43/4 (43R), Plesetsk Cosmodrome, Russian Federation",1979-10-31,09:25:00,Vostok 8A92M,Meteor-2 5,Retired,,Success
RVSN USSR,"132/2, Plesetsk Cosmodrome, Russian Federation",1979-11-01,08:05:00,Kosmos-3M (11K65M),AUOS-Z-R-P-IK 1,Retired,,Success
RVSN USSR,"43/3 (43L), Plesetsk Cosmodrome, Russian Federation",1979-11-02,16:00:00,Soyuz U,Yantar-2K 11,Retired,,Success
US Air Force,"Space Launch Complex 40, Cape Canaveral SFS, FL, USA",1979-11-21,02:09:36,Titan IIIC,DSCS-2 13 & 14,Retired,,Success
RVSN USSR,"43/4 (43R), Plesetsk Cosmodrome, Russian Federation",1979-11-27,09:55:00,Vostok 8A92M,Tselina-D 22,Retired,,Success
RVSN USSR,"132/2, Plesetsk Cosmodrome, Russian Federation",1979-12-05,09:00:00,Kosmos-3M (11K65M),Taifun-1B 1,Retired,,Success
US Air Force,"Space Launch Complex 17A, Cape Canaveral SFS, FL, USA",1979-12-07,01:35:00,Delta 3914,Satcom 3,Retired,,Success
RVSN USSR,"43/3 (43L), Plesetsk Cosmodrome, Russian Federation",1979-12-12,12:30:00,Soyuz U,Zenit-6U 14,Retired,,Success
RVSN USSR,"31/6, Baikonur Cosmodrome, Republic of Kazakhstan",1979-12-16,12:29:50,Soyuz U,Soyuz T-1,Retired,,Success
ESA,"Ariane Launch Area 1 (ELV), Guiana Space Centre, French Guiana",1979-12-24,17:14:38,Ariane 1,CAT 1,Retired,,Success
RVSN USSR,"200/40, Baikonur Cosmodrome, Republic of Kazakhstan",1979-12-28,11:51:00,Proton-K/DM,Gorizont 3,Retired,,Success
RVSN USSR,"43/3 (43L), Plesetsk Cosmodrome, Russian Federation",1979-12-28,13:00:00,Soyuz U,Zenit-4MKM 35,Retired,,Success
RVSN USSR,"43/3 (43L), Plesetsk Cosmodrome, Russian Federation",1980-01-09,12:15:00,Soyuz U,Zenit-6U 15,Retired,,Success
RVSN USSR,"41/1, Plesetsk Cosmodrome, Russian Federation",1980-01-11,12:28:00,Molniya-M 2BL,Molniya-1K 46,Retired,,Success
RVSN USSR,"132/2, Plesetsk Cosmodrome, Russian Federation",1980-01-14,19:49:00,Kosmos-3M (11K65M),Parus 22,Retired,,Success
US Air Force,"Launch Complex 36A, Cape Canaveral SFS, FL, USA",1980-01-18,01:26:00,Atlas SLV-3D Centaur,FLTSATCOM 3,Retired,,Success
RVSN USSR,"32/1, Plesetsk Cosmodrome, Russian Federation",1980-01-23,07:00:00,Tsiklon-3,Okean-E 2,Retired,15,Success
RVSN USSR,"43/3 (43L), Plesetsk Cosmodrome, Russian Federation",1980-01-24,15:45:00,Soyuz U,Yantar-2K 12,Retired,,Success
RVSN USSR,"132/2, Plesetsk Cosmodrome, Russian Federation",1980-01-25,20:36:00,Kosmos-3M (11K65M),Parus 23,Retired,,Success
RVSN USSR,"43/4 (43R), Plesetsk Cosmodrome, Russian Federation",1980-01-30,12:51:00,Vostok 8A92M,Tselina-D 23,Retired,,Success
RVSN USSR,"43/4 (43R), Plesetsk Cosmodrome, Russian Federation",1980-02-07,11:00:00,Soyuz U,Zenit-6U 16,Retired,,Success
US Air Force,"Space Launch Complex 4E, Vandenberg SFB, CA, USA",1980-02-07,21:10:00,Titan IIID,KH-11 3,Retired,,Success
US Air Force,"Space Launch Complex 3E, Vandenberg SFB, CA, USA",1980-02-09,23:08:00,Atlas F/SVS,Navstar 5,Retired,,Success
RVSN USSR,"132/2, Plesetsk Cosmodrome, Russian Federation",1980-02-11,23:32:00,Kosmos-3M (11K65M),Strela-1M 185-192,Retired,,Success
RVSN USSR,"43/4 (43R), Plesetsk Cosmodrome, Russian Federation",1980-02-12,00:52:37,Molniya-M 2BL,US-K 13,Retired,,Failure
US Air Force,"Space Launch Complex 17A, Cape Canaveral SFS, FL, USA",1980-02-14,15:57:00,Delta 3910,Solar Maximum Mission,Retired,,Success
Institute of Space and Astronautical Science,"Mu Center, Uchinoura Space Center, Japan",1980-02-17,00:40:00,Mu-3S,Tansei-4,Retired,,Success
RVSN USSR,"200/39 (200L), Baikonur Cosmodrome, Republic of Kazakhstan",1980-02-20,08:05:00,Proton-K/DM,Raduga 6,Retired,,Success
RVSN USSR,"43/4 (43R), Plesetsk Cosmodrome, Russian Federation",1980-02-21,12:00:00,Soyuz U,Zenit-4MKM 36,Retired,,Success
National Space Development Agency of Japan,"Osaki Launch Complex, Tanegashima Space Center, Japan",1980-02-22,08:35:00,N-I,Ayame 2,Retired,,Success
US Air Force,"Space Launch Complex 3W, Vandenberg SFB, CA, USA",1980-03-03,09:27:00,Atlas F MSD,"Parcae 3A,B,C & MSD 3",Retired,,Success
RVSN USSR,"43/4 (43R), Plesetsk Cosmodrome, Russian Federation",1980-03-04,10:30:00,Soyuz U,Zenit-6U 17,Retired,,Success
RVSN USSR,"90, Baikonur Cosmodrome, Republic of Kazakhstan",1980-03-14,10:40:00,Tsiklon-2,US-P 8,Retired,12,Success
RVSN USSR,"132/1 (132L), Plesetsk Cosmodrome, Russian Federation",1980-03-17,21:37:00,Kosmos-3M (11K65M),Tsikada 6,Retired,,Success
RVSN USSR,"132/1 (132L), Plesetsk Cosmodrome, Russian Federation",1980-03-27,07:30:00,Kosmos-3M (11K65M),Taifun-1 11,Retired,,Success
RVSN USSR,"31/6, Baikonur Cosmodrome, Republic of Kazakhstan",1980-03-27,18:53:31,Soyuz U,,Retired,,Success
RVSN USSR,"1/5, Baikonur Cosmodrome, Republic of Kazakhstan",1980-04-01,08:00:00,Soyuz U,Zenit-4MKM 37,Retired,,Success
RVSN USSR,"132/2, Plesetsk Cosmodrome, Russian Federation",1980-04-03,07:40:00,Kosmos-3M (11K65M),DS-P1-M 14,Retired,,Success
RVSN USSR,"1/5, Baikonur Cosmodrome, Republic of Kazakhstan",1980-04-09,13:38:22,Soyuz U,Soyuz 35,Retired,,Success
RVSN USSR,"41/1, Plesetsk Cosmodrome, Russian Federation",1980-04-12,20:17:57,Molniya-M 2BL,US-K 14,Retired,,Success
RVSN USSR,"1/5, Baikonur Cosmodrome, Republic of Kazakhstan",1980-04-17,08:30:00,Soyuz U,Zenit-4MKM 38,Retired,,Success
RVSN USSR,"90, Baikonur Cosmodrome, Republic of Kazakhstan",1980-04-18,00:51:00,Tsiklon-2,IS-A 10,Retired,12,Success
RVSN USSR,"41/1, Plesetsk Cosmodrome, Russian Federation",1980-04-18,17:31:00,Molniya-M 2BL,Molniya-3 26L,Retired,,Failure
US Air Force,"Space Launch Complex 3E, Vandenberg SFB, CA, USA",1980-04-26,10:00:00,Atlas F/SVS,Navstar 6,Retired,,Success
RVSN USSR,"1/5, Baikonur Cosmodrome, Republic of Kazakhstan",1980-04-27,06:24:11,Soyuz U,,Retired,,Success
RVSN USSR,"90, Baikonur Cosmodrome, Republic of Kazakhstan",1980-04-29,11:40:00,Tsiklon-2,US-A 16,Retired,12,Success
RVSN USSR,"43/3 (43L), Plesetsk Cosmodrome, Russian Federation",1980-04-29,13:30:00,Soyuz U,Yantar-4K1 2,Retired,,Success
RVSN USSR,"41/1, Plesetsk Cosmodrome, Russian Federation",1980-05-07,13:00:00,Soyuz U,Zenit-6U 18,Retired,,Success
RVSN USSR,"132/1 (132L), Plesetsk Cosmodrome, Russian Federation",1980-05-14,13:00:00,Kosmos-3M (11K65M),Taifun-1B 2,Retired,,Success
RVSN USSR,"43/3 (43L), Plesetsk Cosmodrome, Russian Federation",1980-05-15,05:35:00,Soyuz U,Zenit-4MT 18,Retired,,Success
RVSN USSR,"132/2, Plesetsk Cosmodrome, Russian Federation",1980-05-20,09:21:00,Kosmos-3M (11K65M),Parus 24,Retired,,Success
RVSN USSR,"43/3 (43L), Plesetsk Cosmodrome, Russian Federation",1980-05-23,07:10:00,Soyuz U,Zenit-4MKT 13,Retired,,Success
Arianespace,"Ariane Launch Area 1 (ELV), Guiana Space Centre, French Guiana",1980-05-23,14:29:39,Ariane 1,Firewheel,Retired,,Failure
RVSN USSR,"31/6, Baikonur Cosmodrome, Republic of Kazakhstan",1980-05-26,18:20:39,Soyuz U,Soyuz 36,Retired,,Success
RVSN USSR,"41/1, Plesetsk Cosmodrome, Russian Federation",1980-05-28,12:00:00,Soyuz U,Zenit-6U 19,Retired,,Success
US Air Force,"Space Launch Complex 3W, Vandenberg SFB, CA, USA",1980-05-29,10:53:00,SM-65F Atlas,NOAA B,Retired,,Success
RVSN USSR,"43/3 (43L), Plesetsk Cosmodrome, Russian Federation",1980-06-04,07:34:00,Vostok 8A92M,Tselina-D 25,Retired,,Success
RVSN USSR,"1/5, Baikonur Cosmodrome, Republic of Kazakhstan",1980-06-05,14:19:30,Soyuz U,Soyuz T-2,Retired,,Success
RVSN USSR,"41/1, Plesetsk Cosmodrome, Russian Federation",1980-06-06,07:00:00,Soyuz U,Resurs-F1 17F41 12L,Retired,,Success
RVSN USSR,"132/1 (132L), Plesetsk Cosmodrome, Russian Federation",1980-06-06,11:00:00,Kosmos-3M (11K65M),Taifun-2 7,Retired,,Success
RVSN USSR,"41/1, Plesetsk Cosmodrome, Russian Federation",1980-06-12,12:30:00,Soyuz U,Zenit-6U 20,Retired,,Success
RVSN USSR,"200/39 (200L), Baikonur Cosmodrome, Republic of Kazakhstan",1980-06-14,00:49:50,Proton-K/DM,Gorizont 4,Retired,,Success
RVSN USSR,"43/3 (43L), Plesetsk Cosmodrome, Russian Federation",1980-06-14,20:51:34,Molniya-M 2BL,US-K 15,Retired,,Success
RVSN USSR,"31/6, Baikonur Cosmodrome, Republic of Kazakhstan",1980-06-18,06:14:12,Vostok 8A92M,Meteor-Priroda 3-1,Retired,,Success
US Air Force,"Space Launch Complex 4E, Vandenberg SFB, CA, USA",1980-06-18,18:30:00,Titan IIID,KH-9 16,Retired,,Success
RVSN USSR,"41/1, Plesetsk Cosmodrome, Russian Federation",1980-06-21,18:34:00,Molniya-M 2BL,Molniya-1K 47,Retired,,Success
RVSN USSR,"41/1, Plesetsk Cosmodrome, Russian Federation",1980-06-26,12:20:00,Soyuz U,Zenit-6U 21,Retired,,Success
RVSN USSR,"1/5, Baikonur Cosmodrome, Republic of Kazakhstan",1980-06-29,04:40:42,Soyuz U,,Retired,,Success
RVSN USSR,"132/2, Plesetsk Cosmodrome, Russian Federation",1980-07-01,07:12:00,Kosmos-3M (11K65M),Strela-2M 23,Retired,,Success
RVSN USSR,"41/1, Plesetsk Cosmodrome, Russian Federation",1980-07-02,00:53:41,Molniya-M 2BL,US-K 16,Retired,,Success
RVSN USSR,"132/2, Plesetsk Cosmodrome, Russian Federation",1980-07-09,00:42:00,Kosmos-3M (11K65M),Strela-1M 193-200,Retired,,Success
RVSN USSR,"41/1, Plesetsk Cosmodrome, Russian Federation",1980-07-09,12:40:00,Soyuz U,Zenit-6U 22,Retired,,Success
RVSN USSR,"200/40, Baikonur Cosmodrome, Republic of Kazakhstan",1980-07-14,22:35:00,Proton-K/DM,Ekran,Retired,,Success
US Air Force,"Space Launch Complex 10W, Vandenberg SFB, CA, USA",1980-07-15,02:22:11,Thor DSV-2U,DMSP-5D1 F5,Retired,,Failure
RVSN USSR,"43/3 (43L), Plesetsk Cosmodrome, Russian Federation",1980-07-15,07:30:00,Soyuz U,Zenit-4MKT 14,Retired,,Success
ISRO,"SLV-3 Launch Pad, Satish Dhawan Space Centre, India",1980-07-18,02:33:45,SLV-3,Rohini 1B,Retired,,Success
RVSN USSR,"43/3 (43L), Plesetsk Cosmodrome, Russian Federation",1980-07-18,10:37:00,Molniya-M 2BL,Molniya-3 27L,Retired,,Success
RVSN USSR,"1/5, Baikonur Cosmodrome, Republic of Kazakhstan",1980-07-23,18:33:03,Soyuz U,Soyuz 37,Retired,,Success
RVSN USSR,"43/3 (43L), Plesetsk Cosmodrome, Russian Federation",1980-07-24,12:40:00,Soyuz U,Zenit-6U 23,Retired,,Success
RVSN USSR,"43/3 (43L), Plesetsk Cosmodrome, Russian Federation",1980-07-31,07:45:00,Soyuz U,Resurs-F1 17F41 13L,Retired,,Success
RVSN USSR,"107/1, Kapustin Yar, Russian Federation",1980-07-31,10:20:00,Kosmos-3M (11K65M),Taifun-2 8,Retired,,Success
RVSN USSR,"43/3 (43L), Plesetsk Cosmodrome, Russian Federation",1980-08-12,11:50:00,Soyuz U,Zenit-6U 24,Retired,,Success
RVSN USSR,"43/3 (43L), Plesetsk Cosmodrome, Russian Federation",1980-08-15,05:34:00,Vostok 8A92M,Tselina-D 26,Retired,,Success
RVSN USSR,"41/1, Plesetsk Cosmodrome, Russian Federation",1980-08-22,10:00:00,Soyuz U,Zenit-4MKT 15,Retired,,Success
RVSN USSR,"41/1, Plesetsk Cosmodrome, Russian Federation",1980-08-26,15:30:00,Soyuz U,Yantar-2K 13,Retired,,Success
RVSN USSR,"41/1, Plesetsk Cosmodrome, Russian Federation",1980-09-03,10:20:00,Soyuz U,Resurs-F1 17F41 14L,Retired,,Success
RVSN USSR,"43/3 (43L), Plesetsk Cosmodrome, Russian Federation",1980-09-09,11:00:00,Vostok 8A92M,Meteor-2 6,Retired,,Success
US Air Force,"Space Launch Complex 17A, Cape Canaveral SFS, FL, USA",1980-09-09,22:27:00,Delta 3914,GOES 4,Retired,,Success
RVSN USSR,"1/5, Baikonur Cosmodrome, Republic of Kazakhstan",1980-09-18,19:11:03,Soyuz U,Soyuz 38,Retired,,Success
RVSN USSR,"41/1, Plesetsk Cosmodrome, Russian Federation",1980-09-19,10:10:00,Soyuz U,Zenit-6U 25,Retired,,Success
RVSN USSR,"41/1, Plesetsk Cosmodrome, Russian Federation",1980-09-23,10:30:00,Soyuz U,Zenit-4MT 19,Retired,,Success
RVSN USSR,"41/1, Plesetsk Cosmodrome, Russian Federation",1980-09-26,10:10:00,Soyuz U,Zenit-4MKT 16,Retired,,Success
RVSN USSR,"1/5, Baikonur Cosmodrome, Republic of Kazakhstan",1980-09-28,15:09:55,Soyuz U,,Retired,,Success
RVSN USSR,"41/1, Plesetsk Cosmodrome, Russian Federation",1980-10-03,12:00:00,Soyuz U,Zenit-6U 26,Retired,,Success
RVSN USSR,"200/39 (200L), Baikonur Cosmodrome, Republic of Kazakhstan",1980-10-05,17:10:00,Proton-K/DM,Raduga 7,Retired,,Success
RVSN USSR,"41/1, Plesetsk Cosmodrome, Russian Federation",1980-10-10,13:10:00,Soyuz U,Zenit-4MKM 39,Retired,,Success
RVSN USSR,"132/1 (132L), Plesetsk Cosmodrome, Russian Federation",1980-10-14,20:41:00,Kosmos-3M (11K65M),Tselina-O 40,Retired,,Success
RVSN USSR,"41/1, Plesetsk Cosmodrome, Russian Federation",1980-10-16,12:20:00,Soyuz U,Zenit-6U 27,Retired,,Success
RVSN USSR,"41/1, Plesetsk Cosmodrome, Russian Federation",1980-10-24,10:53:29,Molniya-M 2BL,US-K 17,Retired,,Success
RVSN USSR,"31/6, Baikonur Cosmodrome, Republic of Kazakhstan",1980-10-30,10:00:00,Soyuz U,Yantar-4K1 3,Retired,,Success
US Air Force,"Launch Complex 36A, Cape Canaveral SFS, FL, USA",1980-10-31,03:54:00,Atlas SLV-3D Centaur,FLTSATCOM 4,Retired,,Success
RVSN USSR,"41/1, Plesetsk Cosmodrome, Russian Federation",1980-10-31,12:00:00,Soyuz U,Zenit-6U 28,Retired,,Success
RVSN USSR,"90, Baikonur Cosmodrome, Republic of Kazakhstan",1980-11-04,15:04:00,Tsiklon-2,US-P 9,Retired,12,Success
RVSN USSR,"41/1, Plesetsk Cosmodrome, Russian Federation",1980-11-12,12:30:00,Soyuz U,Zenit-6U 29,Retired,,Success
US Air Force,"Space Launch Complex 17A, Cape Canaveral SFS, FL, USA",1980-11-15,22:49:00,Delta 3910/PAM,SBS 1,Retired,,Success
RVSN USSR,"41/1, Plesetsk Cosmodrome, Russian Federation",1980-11-16,04:18:00,Molniya-M 2BL,Molniya-1K 48,Retired,,Success
RVSN USSR,"43/3 (43L), Plesetsk Cosmodrome, Russian Federation",1980-11-21,11:53:00,Vostok 8A92M,Tselina-D 27,Retired,,Success
RVSN USSR,"1/5, Baikonur Cosmodrome, Republic of Kazakhstan",1980-11-27,14:18:28,Soyuz U,Soyuz T-3,Retired,,Success
RVSN USSR,"41/1, Plesetsk Cosmodrome, Russian Federation",1980-11-27,21:37:10,Molniya-M 2BL,US-K 18,Retired,,Success
RVSN USSR,"43/3 (43L), Plesetsk Cosmodrome, Russian Federation",1980-12-01,12:15:00,Soyuz U,Zenit-6U 30,Retired,,Success
RVSN USSR,"132/1 (132L), Plesetsk Cosmodrome, Russian Federation",1980-12-05,04:23:00,Kosmos-3M (11K65M),Parus 25,Retired,,Success
US Air Force,"Launch Complex 36B, Cape Canaveral SFS, FL, USA",1980-12-06,23:31:00,Atlas SLV-3D Centaur,Intelsat 502,Retired,,Success
US Air Force,"Space Launch Complex 3W, Vandenberg SFB, CA, USA",1980-12-09,07:18:00,Atlas E MSD,"Parcae 4A,B,C & MSD 4",Retired,,Failure
RVSN USSR,"132/1 (132L), Plesetsk Cosmodrome, Russian Federation",1980-12-10,20:53:00,Kosmos-3M (11K65M),Tsikada 7,Retired,,Success
US Air Force,"Space Launch Complex 4W, Vandenberg SFB, CA, USA",1980-12-13,16:04:00,Titan 34B,Quasar 4,Retired,25.81,Success
RVSN USSR,"43/3 (43L), Plesetsk Cosmodrome, Russian Federation",1980-12-16,12:15:00,Soyuz U,Zenit-6U 31,Retired,,Success
RVSN USSR,"132/1 (132L), Plesetsk Cosmodrome, Russian Federation",1980-12-23,22:48:00,Kosmos-3M (11K65M),Strela-1M 201-208,Retired,,Success
RVSN USSR,"31/6, Baikonur Cosmodrome, Republic of Kazakhstan",1980-12-25,04:02:00,Molniya-M 2BL,Prognoz-8,Retired,,Success
RVSN USSR,"200/40, Baikonur Cosmodrome, Republic of Kazakhstan",1980-12-26,11:49:00,Proton-K/DM,Ekran,Retired,,Success
RVSN USSR,"41/1, Plesetsk Cosmodrome, Russian Federation",1980-12-26,16:10:00,Soyuz U,Yantar-2K 14,Retired,,Success
RVSN USSR,"41/1, Plesetsk Cosmodrome, Russian Federation",1981-01-06,12:15:00,Soyuz U,Zenit-6U 32,Retired,,Success
RVSN USSR,"41/1, Plesetsk Cosmodrome, Russian Federation",1981-01-09,14:57:00,Molniya-M 2BL,Molniya-3 25L,Retired,,Success
RVSN USSR,"132/1 (132L), Plesetsk Cosmodrome, Russian Federation",1981-01-16,09:00:00,Kosmos-3M (11K65M),Taifun-1 12,Retired,,Success
RVSN USSR,"41/1, Plesetsk Cosmodrome, Russian Federation",1981-01-16,12:00:00,Soyuz U,Zenit-4MT 20,Retired,,Success
RVSN USSR,"31/6, Baikonur Cosmodrome, Republic of Kazakhstan",1981-01-20,11:00:00,Soyuz U,Yantar-2K 15,Retired,,Success
RVSN USSR,"132/1 (132L), Plesetsk Cosmodrome, Russian Federation",1981-01-21,08:29:00,Kosmos-3M (11K65M),DS-P1-M 15,Retired,,Success
RVSN USSR,"32/1, Plesetsk Cosmodrome, Russian Federation",1981-01-23,11:20:00,Tsiklon-3,Geo-IK 1,Retired,15,Failure
RVSN USSR,"1/5, Baikonur Cosmodrome, Republic of Kazakhstan",1981-01-24,14:18:02,Soyuz U,,Retired,,Success
RVSN USSR,"43/3 (43L), Plesetsk Cosmodrome, Russian Federation",1981-01-27,14:58:00,Vostok 8A92M,Tselina-D 28,Retired,,Success
RVSN USSR,"43/3 (43L), Plesetsk Cosmodrome, Russian Federation",1981-01-30,16:27:00,Molniya-M 2BL,Molniya-1K 49,Retired,,Success
RVSN USSR,"90, Baikonur Cosmodrome, Republic of Kazakhstan",1981-02-02,02:19:00,Tsiklon-2,IS-A 11,Retired,12,Success
RVSN USSR,"132/1 (132L), Plesetsk Cosmodrome, Russian Federation",1981-02-06,08:00:00,Kosmos-3M (11K65M),AUOS-Z-R-P-IK 2,Retired,,Success
National Space Development Agency of Japan,"Osaki Launch Complex, Tanegashima Space Center, Japan",1981-02-11,08:30:00,N-2,Kiku-3,Retired,,Success
RVSN USSR,"132/1 (132L), Plesetsk Cosmodrome, Russian Federation",1981-02-12,18:21:00,Kosmos-3M (11K65M),Parus 26,Retired,,Success
RVSN USSR,"43/3 (43L), Plesetsk Cosmodrome, Russian Federation",1981-02-13,11:15:00,Soyuz U,Zenit-6U 33,Retired,,Success
RVSN USSR,"31/6, Baikonur Cosmodrome, Republic of Kazakhstan",1981-02-18,09:00:00,Soyuz U,Yantar-1KFT 1,Retired,,Success
RVSN USSR,"16/2, Plesetsk Cosmodrome, Russian Federation",1981-02-19,10:00:26,Molniya-M 2BL,US-K 19,Retired,,Success
Institute of Space and Astronautical Science,"Mu Center, Uchinoura Space Center, Japan",1981-02-21,00:30:00,Mu-3S,Hinotori,Retired,,Success
Convair,"Launch Complex 36A, Cape Canaveral SFS, FL, USA",1981-02-21,23:23:00,Atlas SLV-3D Centaur,Comstar 1D,Retired,,Success
US Air Force,"Space Launch Complex 4W, Vandenberg SFB, CA, USA",1981-02-28,19:10:00,Titan 24B,KH-8 51,Retired,,Success
RVSN USSR,"41/1, Plesetsk Cosmodrome, Russian Federation",1981-03-05,15:00:00,Soyuz U,Yantar-2K 16,Retired,,Success
RVSN USSR,"90, Baikonur Cosmodrome, Republic of Kazakhstan",1981-03-05,18:09:00,Tsiklon-2,US-A 17,Retired,12,Success
RVSN USSR,"132/2, Plesetsk Cosmodrome, Russian Federation",1981-03-06,11:31:00,Kosmos-3M (11K65M),Strela-1M 209-216,Retired,,Success
RVSN USSR,"1/5, Baikonur Cosmodrome, Republic of Kazakhstan",1981-03-12,19:00:11,Soyuz U,Soyuz T-4,Retired,,Success
RVSN USSR,"90, Baikonur Cosmodrome, Republic of Kazakhstan",1981-03-14,16:55:00,Tsiklon-2,IS-A 12,Retired,12,Success
US Air Force,"Space Launch Complex 40, Cape Canaveral SFS, FL, USA",1981-03-16,19:24:00,Titan IIIC,DSP 9,Retired,,Success
RVSN USSR,"31/6, Baikonur Cosmodrome, Republic of Kazakhstan",1981-03-17,08:40:00,Soyuz U,Zenit-6U 34,Retired,,Success
RVSN USSR,"200/40, Baikonur Cosmodrome, Republic of Kazakhstan",1981-03-18,04:40:00,Proton-K/DM,Raduga 8,Retired,,Success
RVSN USSR,"90, Baikonur Cosmodrome, Republic of Kazakhstan",1981-03-20,23:45:00,Tsiklon-2,US-P 10,Retired,12,Success
RVSN USSR,"1/5, Baikonur Cosmodrome, Republic of Kazakhstan",1981-03-22,14:58:55,Soyuz U,Soyuz 39,Retired,,Success
RVSN USSR,"41/1, Plesetsk Cosmodrome, Russian Federation",1981-03-24,03:31:00,Molniya-M 2BL,Molniya-3 24L,Retired,,Success
RVSN USSR,"31/6, Baikonur Cosmodrome, Republic of Kazakhstan",1981-03-28,09:30:00,Soyuz U,Yantar-2K 17,Retired,,Failure
RVSN USSR,"41/1, Plesetsk Cosmodrome, Russian Federation",1981-03-31,09:39:49,Molniya-M 2BL,US-K 20,Retired,,Success
RVSN USSR,"43/3 (43L), Plesetsk Cosmodrome, Russian Federation",1981-04-07,10:51:00,Soyuz U,Zenit-6U 35,Retired,,Success
RVSN USSR,"132/1 (132L), Plesetsk Cosmodrome, Russian Federation",1981-04-09,12:00:00,Kosmos-3M (11K65M),Taifun-1 13,Retired,,Success
NASA,"Launch Complex 39A, Kennedy Space Center, FL, USA",1981-04-12,12:00:04,Space Shuttle,STS-1,Retired,450,Success
RVSN USSR,"31/6, Baikonur Cosmodrome, Republic of Kazakhstan",1981-04-15,10:30:00,Soyuz U,Zenit-6U 36,Retired,,Success
RVSN USSR,"41/1, Plesetsk Cosmodrome, Russian Federation",1981-04-16,11:30:00,Soyuz U,Zenit-6U 37,Retired,,Success
RVSN USSR,"90, Baikonur Cosmodrome, Republic of Kazakhstan",1981-04-21,03:45:00,Tsiklon-2,US-A 18,Retired,12,Success
US Air Force,"Space Launch Complex 4W, Vandenberg SFB, CA, USA",1981-04-24,21:32:00,Titan 34B,Jumpseat 6,Retired,25.81,Success
RVSN USSR,"200/39 (200L), Baikonur Cosmodrome, Republic of Kazakhstan",1981-04-25,02:01:00,Proton-K,TKS 2,Retired,,Success
RVSN USSR,"31/6, Baikonur Cosmodrome, Republic of Kazakhstan",1981-04-28,09:00:00,Soyuz U,Zenit-6U 38,Retired,,Success
RVSN USSR,"132/1 (132L), Plesetsk Cosmodrome, Russian Federation",1981-05-07,13:21:00,Kosmos-3M (11K65M),Strela-2M 24,Retired,,Success
RVSN USSR,"1/5, Baikonur Cosmodrome, Republic of Kazakhstan",1981-05-14,17:16:38,Soyuz U,Soyuz 40,Retired,,Success
RVSN USSR,"43/3 (43L), Plesetsk Cosmodrome, Russian Federation",1981-05-14,21:45:00,Vostok 8A92M,Meteor-2 7,Retired,,Success
US Air Force,"Space Launch Complex 5, Vandenberg SFB, CA, USA",1981-05-15,06:07:17,Scout G-1,Nova 1,Retired,8.66,Success
RVSN USSR,"31/6, Baikonur Cosmodrome, Republic of Kazakhstan",1981-05-18,11:50:00,Soyuz U,Yantar-2K 18,Retired,,Success
RVSN USSR,"43/3 (43L), Plesetsk Cosmodrome, Russian Federation",1981-05-19,03:49:00,Vostok 8A92M,Tselina-D 29,Retired,,Success
RVSN USSR,"31/6, Baikonur Cosmodrome, Republic of Kazakhstan",1981-05-21,09:10:00,Soyuz U,Zenit-6U 39,Retired,,Success
RVSN USSR,"41/1, Plesetsk Cosmodrome, Russian Federation",1981-05-22,07:10:00,Soyuz U,Zenit-4MKT 17,Retired,,Success
US Air Force,"Space Launch Complex 17A, Cape Canaveral SFS, FL, USA",1981-05-22,22:29:00,Delta 3914,GOES 5,Retired,,Success
US Air Force,"Launch Complex 36B, Cape Canaveral SFS, FL, USA",1981-05-23,22:42:00,Atlas SLV-3D Centaur,Intelsat 501,Retired,,Success
ISRO,"SLV-3 Launch Pad, Satish Dhawan Space Centre, India",1981-05-31,03:33:46,SLV-3,Rohini RS-D-1,Retired,,Success
RVSN USSR,"41/1, Plesetsk Cosmodrome, Russian Federation",1981-06-03,14:00:00,Soyuz U,Yantar-2K 19,Retired,,Success
RVSN USSR,"132/2, Plesetsk Cosmodrome, Russian Federation",1981-06-04,15:41:00,Kosmos-3M (11K65M),Parus 27,Retired,,Success
RVSN USSR,"41/1, Plesetsk Cosmodrome, Russian Federation",1981-06-09,03:33:00,Molniya-M 2BL,Molniya-3 30L,Retired,,Success
RVSN USSR,"43/3 (43L), Plesetsk Cosmodrome, Russian Federation",1981-06-16,07:00:00,Soyuz U,Zenit-4MKT 18,Retired,,Success
RVSN USSR,"31/6, Baikonur Cosmodrome, Republic of Kazakhstan",1981-06-17,09:30:00,Soyuz U,Zenit-6U 40,Retired,,Success
Arianespace,"Ariane Launch Area 1 (ELV), Guiana Space Centre, French Guiana",1981-06-19,12:32:59,Ariane 1,Meteosat 2,Retired,,Success
RVSN USSR,"43/3 (43L), Plesetsk Cosmodrome, Russian Federation",1981-06-19,19:37:04,Molniya-M 2BL,US-K 21,Retired,,Success
US Air Force,"Space Launch Complex 3W, Vandenberg SFB, CA, USA",1981-06-23,10:52:59,SM-65F Atlas,NOAA 7,Retired,,Success
RVSN USSR,"43/3 (43L), Plesetsk Cosmodrome, Russian Federation",1981-06-24,17:47:00,Molniya-M 2BL,Molniya-1K 50,Retired,,Success
RVSN USSR,"200/40, Baikonur Cosmodrome, Republic of Kazakhstan",1981-06-25,23:55:00,Proton-K/DM,Ekran,Retired,,Success
RVSN USSR,"31/6, Baikonur Cosmodrome, Republic of Kazakhstan",1981-07-01,09:30:00,Soyuz U,Zenit-6U 41,Retired,,Success
RVSN USSR,"43/3 (43L), Plesetsk Cosmodrome, Russian Federation",1981-07-02,07:10:00,Soyuz U,Resurs-F1 17F41 15L,Retired,,Success
RVSN USSR,"43/3 (43L), Plesetsk Cosmodrome, Russian Federation",1981-07-07,12:30:00,Soyuz U,Zenit-6U 42,Retired,,Success
RVSN USSR,"31/6, Baikonur Cosmodrome, Republic of Kazakhstan",1981-07-10,05:14:00,Vostok 8A92M,Meteor-Priroda 2-4,Retired,,Success
RVSN USSR,"31/6, Baikonur Cosmodrome, Republic of Kazakhstan",1981-07-15,13:00:00,Soyuz U,Yantar-2K 20,Retired,,Success
RVSN USSR,"41/1, Plesetsk Cosmodrome, Russian Federation",1981-07-17,08:00:00,Soyuz U,Zenit-6U 43,Retired,,Success
RVSN USSR,"41/1, Plesetsk Cosmodrome, Russian Federation",1981-07-29,11:55:00,Soyuz U,Zenit-6U 44,Retired,,Success
RVSN USSR,"200/39 (200L), Baikonur Cosmodrome, Republic of Kazakhstan",1981-07-30,21:38:00,Proton-K/DM,Raduga 9,Retired,,Success
US Air Force,"Space Launch Complex 2W, Vandenberg SFB, CA, USA",1981-08-03,09:56:00,Delta 3913,Dynamics Explorer 1 & 2,Retired,,Success
RVSN USSR,"16/2, Plesetsk Cosmodrome, Russian Federation",1981-08-04,00:12:58,Molniya-M 2BL,US-K 22,Retired,,Success
RVSN USSR,"90, Baikonur Cosmodrome, Republic of Kazakhstan",1981-08-04,08:28:00,Tsiklon-2,US-P 11,Retired,12,Success
US Air Force,"Launch Complex 36A, Cape Canaveral SFS, FL, USA",1981-08-06,08:16:00,Atlas SLV-3D Centaur,FLTSATCOM 5,Retired,,Success
RVSN USSR,"132/2, Plesetsk Cosmodrome, Russian Federation",1981-08-06,11:49:00,Kosmos-3M (11K65M),Strela-1M 217-224,Retired,,Success
RVSN USSR,"43/3 (43L), Plesetsk Cosmodrome, Russian Federation",1981-08-07,13:35:00,Vostok 8A92M,Bulgaria 1300,Retired,,Success
National Space Development Agency of Japan,"Osaki Launch Complex, Tanegashima Space Center, Japan",1981-08-10,20:03:00,N-2,Himawari 2,Retired,,Success
RVSN USSR,"132/2, Plesetsk Cosmodrome, Russian Federation",1981-08-12,05:46:00,Kosmos-3M (11K65M),Parus 28,Retired,,Success
RVSN USSR,"41/1, Plesetsk Cosmodrome, Russian Federation",1981-08-13,16:20:00,Soyuz U,Yantar-2K 21,Retired,,Success
RVSN USSR,"41/1, Plesetsk Cosmodrome, Russian Federation",1981-08-18,09:30:00,Soyuz U,Zenit-6U 45,Retired,,Success
RVSN USSR,"31/6, Baikonur Cosmodrome, Republic of Kazakhstan",1981-08-21,10:20:00,Soyuz U,Yantar-4K2 1,Retired,,Success
RVSN USSR,"90, Baikonur Cosmodrome, Republic of Kazakhstan",1981-08-24,16:37:00,Tsiklon-2,US-A 19,Retired,12,Success
RVSN USSR,"32/1, Plesetsk Cosmodrome, Russian Federation",1981-08-24,21:40:00,Tsiklon-3,Tselina-D 30,Retired,15,Success
RVSN USSR,"41/1, Plesetsk Cosmodrome, Russian Federation",1981-08-27,10:30:00,Soyuz U,Resurs-F1 17F41 16L,Retired,,Success
RVSN USSR,"132/1 (132L), Plesetsk Cosmodrome, Russian Federation",1981-08-28,16:18:00,Kosmos-3M (11K65M),Strela-2M 25,Retired,,Success
US Air Force,"Space Launch Complex 4E, Vandenberg SFB, CA, USA",1981-09-03,18:29:00,Titan IIID,KH-11 4,Retired,,Success
RVSN USSR,"31/6, Baikonur Cosmodrome, Republic of Kazakhstan",1981-09-04,08:00:00,Soyuz U,Zenit-6U 46,Retired,,Success
RVSN USSR,"132/1 (132L), Plesetsk Cosmodrome, Russian Federation",1981-09-04,11:06:00,Kosmos-3M (11K65M),Tsikada 8,Retired,,Success
RVSN USSR,"43/3 (43L), Plesetsk Cosmodrome, Russian Federation",1981-09-11,08:43:10,Molniya-M 2BL,Molniya-3 28L,Retired,,Success
RVSN USSR,"90, Baikonur Cosmodrome, Republic of Kazakhstan",1981-09-14,20:31:00,Tsiklon-2,US-P 12,Retired,12,Success
RVSN USSR,"43/3 (43L), Plesetsk Cosmodrome, Russian Federation",1981-09-15,11:30:00,Soyuz U,Zenit-6U 47,Retired,,Success
RVSN USSR,"132/1 (132L), Plesetsk Cosmodrome, Russian Federation",1981-09-18,03:34:00,Kosmos-3M (11K65M),Parus 29,Retired,,Success
RVSN USSR,"43/3 (43L), Plesetsk Cosmodrome, Russian Federation",1981-09-18,09:30:00,Soyuz U,Zenit-4MT 21,Retired,,Success
Seventh Ministry of Machine Building Industry,"Launch Area 2B, Jiuquan Satellite Launch Center, People's Republic of China",1981-09-19,21:28:40,Feng Bao 1,"Shi Jian 2, 2A, 2B",Retired,,Success
RVSN USSR,"32/1, Plesetsk Cosmodrome, Russian Federation",1981-09-21,13:10:00,Tsiklon-3,Aureole 3,Retired,15,Success
RVSN USSR,"132/2, Plesetsk Cosmodrome, Russian Federation",1981-09-23,08:00:00,Kosmos-3M (11K65M),Taifun-1 14,Retired,,Success
US Air Force,"Space Launch Complex 17A, Cape Canaveral SFS, FL, USA",1981-09-24,23:09:00,Delta 3910/PAM,SBS 2,Retired,,Success
RVSN USSR,"132/2, Plesetsk Cosmodrome, Russian Federation",1981-09-28,21:00:00,Kosmos-3M (11K65M),Taifun-2 9,Retired,,Success
RVSN USSR,"32/1, Plesetsk Cosmodrome, Russian Federation",1981-09-30,08:00:00,Tsiklon-3,Geo-IK 2,Retired,15,Success
RVSN USSR,"31/6, Baikonur Cosmodrome, Republic of Kazakhstan",1981-10-01,09:00:00,Soyuz U,Zenit-6U 48,Retired,,Success
US Air Force,"Space Launch Complex 2W, Vandenberg SFB, CA, USA",1981-10-06,11:27:00,Delta 2310,Solar Mesosphere Explorer,Retired,,Success
RVSN USSR,"41/1, Plesetsk Cosmodrome, Russian Federation",1981-10-09,10:40:00,Soyuz U,Zenit-4MKT 19,Retired,,Success
RVSN USSR,"200/39 (200L), Baikonur Cosmodrome, Republic of Kazakhstan",1981-10-09,16:59:00,Proton-K/DM,Raduga 10,Retired,,Success
RVSN USSR,"43/3 (43L), Plesetsk Cosmodrome, Russian Federation",1981-10-13,23:01:00,Vostok 8A92M,Tselina-D 31,Retired,,Success
RVSN USSR,"31/6, Baikonur Cosmodrome, Republic of Kazakhstan",1981-10-15,09:15:00,Soyuz U,Zenit-6U 49,Retired,,Success
RVSN USSR,"41/1, Plesetsk Cosmodrome, Russian Federation",1981-10-17,05:59:00,Molniya-M 2BL,Molniya-3 31L,Retired,,Success
RVSN USSR,"200/40, Baikonur Cosmodrome, Republic of Kazakhstan",1981-10-30,06:04:22,Proton-K/D-1,Venera-13,Retired,,Success
US Air Force,"Space Launch Complex 40, Cape Canaveral SFS, FL, USA",1981-10-31,09:22:00,Titan IIIC,Vortex 10,Retired,,Success
RVSN USSR,"16/2, Plesetsk Cosmodrome, Russian Federation",1981-10-31,22:53:31,Molniya-M 2BL,US-K 23,Retired,,Success
RVSN USSR,"41/1, Plesetsk Cosmodrome, Russian Federation",1981-11-03,13:00:00,Soyuz U,Yantar-2K 22,Retired,,Success
RVSN USSR,"200/39 (200L), Baikonur Cosmodrome, Republic of Kazakhstan",1981-11-04,05:31:16,Proton-K/D-1,Venera-14,Retired,,Success
Rockwell International,"Launch Complex 39A, Kennedy Space Center, FL, USA",1981-11-12,15:10:00,Space Shuttle,STS-2,Retired,450,Success
RVSN USSR,"31/6, Baikonur Cosmodrome, Republic of Kazakhstan",1981-11-13,09:30:00,Soyuz U,Zenit-6U 50,Retired,,Success
RVSN USSR,"41/1, Plesetsk Cosmodrome, Russian Federation",1981-11-17,15:25:00,Molniya-M 2BL,Molniya-1K 51,Retired,,Success
US Air Force,"Space Launch Complex 17A, Cape Canaveral SFS, FL, USA",1981-11-20,01:37:00,Delta 3910/PAM,Satcom 3R,Retired,,Success
RVSN USSR,"107/2, Kapustin Yar, Russian Federation",1981-11-20,08:30:00,Kosmos-3M (11K65M),Bhaskara 2,Retired,,Success
RVSN USSR,"132/2, Plesetsk Cosmodrome, Russian Federation",1981-11-28,18:08:00,Kosmos-3M (11K65M),Strela-1M 225-232,Retired,,Success
RVSN USSR,"32/1, Plesetsk Cosmodrome, Russian Federation",1981-12-03,11:47:00,Tsiklon-3,Tselina-D 32,Retired,15,Success
RVSN USSR,"31/6, Baikonur Cosmodrome, Republic of Kazakhstan",1981-12-04,09:50:00,Soyuz U,Zenit-6U 51,Retired,,Success
US Air Force,"Launch Complex 36A, Cape Canaveral SFS, FL, USA",1981-12-15,23:35:00,Atlas SLV-3D Centaur,Intelsat 503,Retired,,Success
RVSN USSR,"132/2, Plesetsk Cosmodrome, Russian Federation",1981-12-17,11:00:00,Kosmos-3M (11K65M),Radio Sputnik 3 to 8,Retired,,Success
US Air Force,"Space Launch Complex 3E, Vandenberg SFB, CA, USA",1981-12-19,01:10:00,Atlas E/SVS,Navstar 7,Retired,,Failure
RVSN USSR,"31/6, Baikonur Cosmodrome, Republic of Kazakhstan",1981-12-19,11:50:00,Soyuz U,Yantar-2K 23,Retired,,Success
Arianespace,"Ariane Launch Area 1 (ELV), Guiana Space Centre, French Guiana",1981-12-20,01:29:00,Ariane 1,Marecs 1,Retired,,Success
RVSN USSR,"1/5, Baikonur Cosmodrome, Republic of Kazakhstan",1981-12-23,13:15:00,Molniya-M 2BL,Molniya-1K 52,Retired,,Success
RVSN USSR,"132/2, Plesetsk Cosmodrome, Russian Federation",1982-01-07,15:38:00,Kosmos-3M (11K65M),Strela-2M 26,Retired,,Success
RVSN USSR,"41/1, Plesetsk Cosmodrome, Russian Federation",1982-01-12,12:30:00,Soyuz U,Zenit-4MT 22,Retired,,Success
RVSN USSR,"132/2, Plesetsk Cosmodrome, Russian Federation",1982-01-14,07:51:00,Kosmos-3M (11K65M),Parus 30,Retired,,Success
US Air Force,"Space Launch Complex 17A, Cape Canaveral SFS, FL, USA",1982-01-16,01:55:00,Delta 3910/PAM,Satcom 4,Retired,,Success
RVSN USSR,"16/2, Plesetsk Cosmodrome, Russian Federation",1982-01-20,11:30:00,Soyuz U,Zenit-6U 52,Retired,,Success
US Air Force,"Space Launch Complex 4W, Vandenberg SFB, CA, USA",1982-01-21,19:30:01,Titan 24B,KH-8 52,Retired,,Success
RVSN USSR,"132/1 (132L), Plesetsk Cosmodrome, Russian Federation",1982-01-29,11:00:00,Kosmos-3M (11K65M),Taifun-2 10,Retired,,Success
RVSN USSR,"31/6, Baikonur Cosmodrome, Republic of Kazakhstan",1982-01-30,11:30:00,Soyuz U,Yantar-2K 24,Retired,,Success
RVSN USSR,"200/40, Baikonur Cosmodrome, Republic of Kazakhstan",1982-02-05,09:12:00,Proton-K/DM,Ekran,Retired,,Success
RVSN USSR,"90, Baikonur Cosmodrome, Republic of Kazakhstan",1982-02-11,01:11:00,Tsiklon-2,US-P 13,Retired,12,Success
RVSN USSR,"41/1, Plesetsk Cosmodrome, Russian Federation",1982-02-16,11:10:00,Soyuz U,Zenit-6U 53,Retired,,Success
RVSN USSR,"132/2, Plesetsk Cosmodrome, Russian Federation",1982-02-17,21:56:00,Kosmos-3M (11K65M),Tsikada 9,Retired,,Success
RVSN USSR,"16/2, Plesetsk Cosmodrome, Russian Federation",1982-02-19,01:42:00,Vostok 8A92M,Tselina-D 33,Retired,,Success
US Air Force,"Space Launch Complex 17A, Cape Canaveral SFS, FL, USA",1982-02-26,00:04:44,Delta 3910/PAM,Westar 4,Retired,,Success
RVSN USSR,"41/1, Plesetsk Cosmodrome, Russian Federation",1982-02-26,20:10:00,Molniya-M 2BL,Molniya-1K 53,Retired,,Success
RVSN USSR,"16/2, Plesetsk Cosmodrome, Russian Federation",1982-03-03,05:44:38,Molniya-M 2BL,US-K 24,Retired,,Success
RVSN USSR,"107/1, Kapustin Yar, Russian Federation",1982-03-04,16:41:00,Kosmos-3M (11K65M),Taifun-2 11,Retired,,Failure
US Air Force,"Launch Complex 36B, Cape Canaveral SFS, FL, USA",1982-03-05,00:23:00,Atlas SLV-3D Centaur,Intelsat 504,Retired,,Success
RVSN USSR,"41/1, Plesetsk Cosmodrome, Russian Federation",1982-03-05,10:50:00,Soyuz U,Zenit-6U 54,Retired,,Success
US Air Force,"Space Launch Complex 40, Cape Canaveral SFS, FL, USA",1982-03-06,19:25:00,Titan IIIC,DSP 10,Retired,,Success
RVSN USSR,"200/39 (200L), Baikonur Cosmodrome, Republic of Kazakhstan",1982-03-15,04:39:00,Proton-K/DM,Gorizont 5,Retired,,Success
RVSN USSR,"41/1, Plesetsk Cosmodrome, Russian Federation",1982-03-17,10:30:00,Soyuz U,Zenit-6U 55,Retired,,Success
Rockwell International,"Launch Complex 39A, Kennedy Space Center, FL, USA",1982-03-22,16:00:00,Space Shuttle,STS-3,Retired,450,Success
RVSN USSR,"41/1, Plesetsk Cosmodrome, Russian Federation",1982-03-24,00:12:00,Molniya-M 2BL,Molniya-3 29L,Retired,,Success
RVSN USSR,"132/1 (132L), Plesetsk Cosmodrome, Russian Federation",1982-03-24,19:47:00,Kosmos-3M (11K65M),Parus 31,Retired,,Success
RVSN USSR,"32/1, Plesetsk Cosmodrome, Russian Federation",1982-03-25,09:50:00,Tsiklon-3,Meteor-2 8,Retired,15,Success
RVSN USSR,"132/2, Plesetsk Cosmodrome, Russian Federation",1982-03-31,09:00:00,Kosmos-3M (11K65M),Tselina-O 41,Retired,,Success
RVSN USSR,"16/2, Plesetsk Cosmodrome, Russian Federation",1982-03-31,16:27:00,Vostok 8A92M,Tselina-D 34,Retired,,Success
RVSN USSR,"31/6, Baikonur Cosmodrome, Republic of Kazakhstan",1982-04-02,10:15:00,Soyuz U,Yantar-4K2 2,Retired,,Success
RVSN USSR,"16/2, Plesetsk Cosmodrome, Russian Federation",1982-04-07,13:41:47,Molniya-M 2BL,US-K 25,Retired,,Success
RVSN USSR,"132/2, Plesetsk Cosmodrome, Russian Federation",1982-04-08,00:15:00,Kosmos-3M (11K65M),Parus 32,Retired,,Success
US Air Force,"Space Launch Complex 17A, Cape Canaveral SFS, FL, USA",1982-04-10,06:47:00,Delta 3910/PAM,Insat 1A,Retired,,Success
RVSN USSR,"41/1, Plesetsk Cosmodrome, Russian Federation",1982-04-15,14:30:00,Soyuz U,Yantar-2K 25,Retired,,Success
RVSN USSR,"200/40, Baikonur Cosmodrome, Republic of Kazakhstan",1982-04-19,19:45:00,Proton-K,Salyut-7,Retired,,Success
RVSN USSR,"107/1, Kapustin Yar, Russian Federation",1982-04-21,01:40:00,Kosmos-3M (11K65M),Taifun-2 12,Retired,,Success
RVSN USSR,"31/6, Baikonur Cosmodrome, Republic of Kazakhstan",1982-04-21,09:15:00,Soyuz U,Zenit-6U 56,Retired,,Success
RVSN USSR,"41/1, Plesetsk Cosmodrome, Russian Federation",1982-04-23,09:40:00,Soyuz U,Zenit-4MKT 20,Retired,,Success
RVSN USSR,"132/1 (132L), Plesetsk Cosmodrome, Russian Federation",1982-04-28,02:52:00,Kosmos-3M (11K65M),Strela-2M 27,Retired,,Success
RVSN USSR,"90, Baikonur Cosmodrome, Republic of Kazakhstan",1982-04-29,09:55:00,Tsiklon-2,US-P 14,Retired,12,Success
RVSN USSR,"16/2, Plesetsk Cosmodrome, Russian Federation",1982-05-05,08:01:00,Vostok 8A92M,Tselina-D 35,Retired,,Success
RVSN USSR,"132/2, Plesetsk Cosmodrome, Russian Federation",1982-05-06,18:07:00,Kosmos-3M (11K65M),Strela-1M 233-240,Retired,,Success
US Air Force,"Space Launch Complex 4E, Vandenberg SFB, CA, USA",1982-05-11,18:35:00,Titan IIID,KH-9 17,Retired,,Success
RVSN USSR,"1/5, Baikonur Cosmodrome, Republic of Kazakhstan",1982-05-13,09:58:05,Soyuz U,Soyuz T-5,Retired,,Success
RVSN USSR,"90, Baikonur Cosmodrome, Republic of Kazakhstan",1982-05-14,19:39:00,Tsiklon-2,US-A 20,Retired,12,Success
RVSN USSR,"41/1, Plesetsk Cosmodrome, Russian Federation",1982-05-15,14:20:00,Soyuz U,Zenit-6U 57,Retired,,Failure
RVSN USSR,"200/39 (200L), Baikonur Cosmodrome, Republic of Kazakhstan",1982-05-17,23:50:00,Proton-K/DM,Potok 1,Retired,,Success
RVSN USSR,"41/1, Plesetsk Cosmodrome, Russian Federation",1982-05-20,13:08:31,Molniya-M 2BL,US-K 26,Retired,,Success
RVSN USSR,"31/6, Baikonur Cosmodrome, Republic of Kazakhstan",1982-05-21,12:40:00,Soyuz U,Zenit-6U 58,Retired,,Success
RVSN USSR,"1/5, Baikonur Cosmodrome, Republic of Kazakhstan",1982-05-23,05:56:41,Soyuz U,,Retired,,Success
RVSN USSR,"43/3 (43L), Plesetsk Cosmodrome, Russian Federation",1982-05-25,09:00:00,Soyuz U,Resurs-F1 17F41 17L,Retired,,Success
RVSN USSR,"31/6, Baikonur Cosmodrome, Republic of Kazakhstan",1982-05-28,09:10:00,Soyuz U,Yantar-1KFT 2,Retired,,Success
RVSN USSR,"43/3 (43L), Plesetsk Cosmodrome, Russian Federation",1982-05-28,22:02:59,Molniya-M 2BL,Molniya-1K 54,Retired,,Success
RVSN USSR,"132/1 (132L), Plesetsk Cosmodrome, Russian Federation",1982-06-01,04:37:00,Kosmos-3M (11K65M),Strela-2M 28,Retired,,Success
RVSN USSR,"90, Baikonur Cosmodrome, Republic of Kazakhstan",1982-06-01,13:58:00,Tsiklon-2,US-A 21,Retired,12,Success
RVSN USSR,"31/6, Baikonur Cosmodrome, Republic of Kazakhstan",1982-06-02,12:50:00,Soyuz U,Zenit-6U 59,Retired,,Success
RVSN USSR,"107/1, Kapustin Yar, Russian Federation",1982-06-03,21:30:00,K65M-RB,BOR-4 404,Retired,,Success
RVSN USSR,"132/2, Plesetsk Cosmodrome, Russian Federation",1982-06-06,17:10:00,Kosmos-3M (11K65M),DS-P1-M 16,Retired,,Success
RVSN USSR,"43/3 (43L), Plesetsk Cosmodrome, Russian Federation",1982-06-08,07:45:00,Soyuz U,Resurs-F1 17F41 18L,Retired,,Success
RVSN USSR,"31/6, Baikonur Cosmodrome, Republic of Kazakhstan",1982-06-08,12:00:00,Soyuz U,Yantar-4K1 4,Retired,,Success
US Air Force,"Space Launch Complex 17A, Cape Canaveral SFS, FL, USA",1982-06-09,00:24:00,Delta 3910/PAM,Westar 5,Retired,,Success
RVSN USSR,"32/1, Plesetsk Cosmodrome, Russian Federation",1982-06-10,17:37:00,Tsiklon-3,Tselina-D 36,Retired,15,Success
RVSN USSR,"31/6, Baikonur Cosmodrome, Republic of Kazakhstan",1982-06-12,09:00:00,Soyuz U,Zenit-6U 60,Retired,,Failure
RVSN USSR,"90, Baikonur Cosmodrome, Republic of Kazakhstan",1982-06-18,11:04:00,Tsiklon-2,IS-A 13,Retired,12,Success
RVSN USSR,"132/2, Plesetsk Cosmodrome, Russian Federation",1982-06-18,11:58:00,Kosmos-3M (11K65M),Parus 33,Retired,,Failure
RVSN USSR,"31/6, Baikonur Cosmodrome, Republic of Kazakhstan",1982-06-18,13:00:00,Soyuz U,Zenit-6U 61,Retired,,Success
RVSN USSR,"1/5, Baikonur Cosmodrome, Republic of Kazakhstan",1982-06-24,16:29:48,Soyuz U,Soyuz T-6,Retired,,Success
RVSN USSR,"43/3 (43L), Plesetsk Cosmodrome, Russian Federation",1982-06-25,02:28:02,Molniya-M 2BL,US-K 27,Retired,,Success
Rockwell International,"Launch Complex 39A, Kennedy Space Center, FL, USA",1982-06-27,15:00:00,Space Shuttle,STS-4,Retired,450,Success
RVSN USSR,"132/1 (132L), Plesetsk Cosmodrome, Russian Federation",1982-06-29,21:45:41,Kosmos-3M (11K65M),Nadezhda 1,Retired,,Success
RVSN USSR,"41/1, Plesetsk Cosmodrome, Russian Federation",1982-06-30,15:00:00,Soyuz U,Yantar-2K 26,Retired,,Success
RVSN USSR,"41/1, Plesetsk Cosmodrome, Russian Federation",1982-07-06,07:50:00,Soyuz U,Zenit-6U 62,Retired,,Success
RVSN USSR,"132/1 (132L), Plesetsk Cosmodrome, Russian Federation",1982-07-07,09:47:00,Kosmos-3M (11K65M),Parus 34,Retired,,Success
RVSN USSR,"1/5, Baikonur Cosmodrome, Republic of Kazakhstan",1982-07-10,09:57:44,Soyuz U,,Retired,,Success
RVSN USSR,"43/3 (43L), Plesetsk Cosmodrome, Russian Federation",1982-07-13,08:00:00,Soyuz U,Zenit-4MKT 21,Retired,,Success
US Air Force,"Space Launch Complex 2W, Vandenberg SFB, CA, USA",1982-07-16,17:59:00,Delta 3920,Landsat 4,Retired,,Success
RVSN USSR,"132/2, Plesetsk Cosmodrome, Russian Federation",1982-07-21,06:31:00,Kosmos-3M (11K65M),Strela-1M 241-248,Retired,,Success
RVSN USSR,"1/5, Baikonur Cosmodrome, Republic of Kazakhstan",1982-07-21,09:40:02,Molniya-M 2BL,Molniya-1K 55,Retired,,Success
RVSN USSR,"200/40, Baikonur Cosmodrome, Republic of Kazakhstan",1982-07-22,22:11:00,Proton-K/DM,Ekran,Retired,,Failure
RVSN USSR,"16/2, Plesetsk Cosmodrome, Russian Federation",1982-07-27,12:30:00,Soyuz U,Zenit-6U 63,Retired,,Success
RVSN USSR,"107/1, Kapustin Yar, Russian Federation",1982-07-29,19:40:00,Kosmos-3M (11K65M),Taifun-2 13,Retired,,Success
RVSN USSR,"43/3 (43L), Plesetsk Cosmodrome, Russian Federation",1982-08-03,11:30:00,Soyuz U,Zenit-4MT 23,Retired,,Success
RVSN USSR,"31/6, Baikonur Cosmodrome, Republic of Kazakhstan",1982-08-04,11:30:00,Soyuz U,Yantar-4K1 5,Retired,,Success
RVSN USSR,"16/2, Plesetsk Cosmodrome, Russian Federation",1982-08-05,06:56:00,Vostok 8A92M,Tselina-D 37,Retired,,Success
RVSN USSR,"1/5, Baikonur Cosmodrome, Republic of Kazakhstan",1982-08-19,17:11:52,Soyuz U,Soyuz T-7,Retired,,Success
RVSN USSR,"41/1, Plesetsk Cosmodrome, Russian Federation",1982-08-20,09:50:00,Soyuz U,Resurs-F1 17F41 19L,Retired,,Success
US Air Force,"Space Launch Complex 17B, Cape Canaveral SFS, FL, USA",1982-08-26,23:10:00,Delta 3920/PAM,Anik D1,Retired,,Success
RVSN USSR,"41/1, Plesetsk Cosmodrome, Russian Federation",1982-08-27,00:02:00,Molniya-M 2BL,Molniya-3 33L,Retired,,Success
RVSN USSR,"90, Baikonur Cosmodrome, Republic of Kazakhstan",1982-08-30,10:06:00,Tsiklon-2,US-A 22,Retired,12,Success
RVSN USSR,"132/2, Plesetsk Cosmodrome, Russian Federation",1982-08-30,19:55:00,Kosmos-3M (11K65M),Strela-2M 29,Retired,,Failure
RVSN USSR,"31/6, Baikonur Cosmodrome, Republic of Kazakhstan",1982-09-01,09:00:00,Soyuz U,Zenit-6U 64,Retired,,Success
RVSN USSR,"43/3 (43L), Plesetsk Cosmodrome, Russian Federation",1982-09-01,11:40:00,Soyuz U,Zenit-6U 65,Retired,,Success
National Space Development Agency of Japan,"Osaki Launch Complex, Tanegashima Space Center, Japan",1982-09-03,05:00:00,N-I,Kiku-4,Retired,,Success
RVSN USSR,"90, Baikonur Cosmodrome, Republic of Kazakhstan",1982-09-04,17:50:00,Tsiklon-2,US-P 15,Retired,12,Success
RVSN USSR,"41/1, Plesetsk Cosmodrome, Russian Federation",1982-09-08,10:20:00,Soyuz U,Zenit-4MKT 22,Retired,,Success
Arianespace,"Ariane Launch Area 1 (ELV), Guiana Space Centre, French Guiana",1982-09-09,02:12:00,Ariane 1,Marecs B & Sirio 2,Retired,,Failure
Ministry of Space Industry,"Launch Area 2B, Jiuquan Satellite Launch Center, People's Republic of China",1982-09-09,07:19:00,Long March 2C,FSW-0 4,Active,,Success
RVSN USSR,"41/1, Plesetsk Cosmodrome, Russian Federation",1982-09-15,15:30:00,Soyuz U,Yantar-2K 27,Retired,,Success
RVSN USSR,"32/2, Plesetsk Cosmodrome, Russian Federation",1982-09-16,04:55:00,Tsiklon-3,Tselina-D 38,Retired,15,Success
RVSN USSR,"200/40, Baikonur Cosmodrome, Republic of Kazakhstan",1982-09-16,18:31:00,Proton-K/DM,Ekran,Retired,,Success
RVSN USSR,"1/5, Baikonur Cosmodrome, Republic of Kazakhstan",1982-09-18,04:58:54,Soyuz U,,Retired,,Success
RVSN USSR,"16/2, Plesetsk Cosmodrome, Russian Federation",1982-09-22,06:23:11,Molniya-M 2BL,US-K 28,Retired,,Success
RVSN USSR,"32/1, Plesetsk Cosmodrome, Russian Federation",1982-09-24,09:15:00,Tsiklon-3,Geo-IK 3,Retired,15,Success
US Air Force,"Launch Complex 36B, Cape Canaveral SFS, FL, USA",1982-09-28,23:17:00,Atlas SLV-3D Centaur,Intelsat 505,Retired,,Success
RVSN USSR,"16/2, Plesetsk Cosmodrome, Russian Federation",1982-09-30,11:50:00,Soyuz U,Zenit-6U 66,Retired,,Success
RVSN USSR,"90, Baikonur Cosmodrome, Republic of Kazakhstan",1982-10-02,00:01:00,Tsiklon-2,US-A 23,Retired,12,Success
RVSN USSR,"200/39 (200L), Baikonur Cosmodrome, Republic of Kazakhstan",1982-10-12,14:56:59,Proton K/DM-2,Uragan 1,Retired,,Success
RVSN USSR,"31/6, Baikonur Cosmodrome, Republic of Kazakhstan",1982-10-14,09:10:00,Soyuz U,Zenit-6U 67,Retired,,Success
RVSN USSR,"132/1 (132L), Plesetsk Cosmodrome, Russian Federation",1982-10-19,05:58:00,Kosmos-3M (11K65M),Parus 35,Retired,,Success
RVSN USSR,"200/40, Baikonur Cosmodrome, Republic of Kazakhstan",1982-10-20,16:26:00,Proton-K/DM,Gorizont 6,Retired,,Success
RVSN USSR,"107/1, Kapustin Yar, Russian Federation",1982-10-21,14:00:00,Kosmos-3M (11K65M),Taifun-1B 3,Retired,,Success
US Air Force,"Space Launch Complex 17B, Cape Canaveral SFS, FL, USA",1982-10-28,01:27:49,Delta 3924,Satcom 5,Retired,,Success
US Air Force,"Space Launch Complex 40, Cape Canaveral SFS, FL, USA",1982-10-30,04:05:01,Titan 34D IUS,DSCS-2 16,Retired,,Success
RVSN USSR,"1/5, Baikonur Cosmodrome, Republic of Kazakhstan",1982-10-31,11:20:36,Soyuz U,,Retired,,Success
RVSN USSR,"31/6, Baikonur Cosmodrome, Republic of Kazakhstan",1982-11-02,09:30:00,Soyuz U,Zenit-6U 68,Retired,,Success
RVSN USSR,"132/1 (132L), Plesetsk Cosmodrome, Russian Federation",1982-11-11,06:14:00,Kosmos-3M (11K65M),Strela-2M 30,Retired,,Success
Rockwell International,"Launch Complex 39A, Kennedy Space Center, FL, USA",1982-11-11,12:19:00,Space Shuttle,STS-5,Retired,450,Success
US Air Force,"Space Launch Complex 4E, Vandenberg SFB, CA, USA",1982-11-17,21:18:00,Titan IIID,KH-11 5,Retired,,Success
RVSN USSR,"31/6, Baikonur Cosmodrome, Republic of Kazakhstan",1982-11-18,09:25:00,Soyuz U,Zenit-6U 69,Retired,,Success
RVSN USSR,"132/1 (132L), Plesetsk Cosmodrome, Russian Federation",1982-11-24,11:00:00,Kosmos-3M (11K65M),Strela-1M 249-256,Retired,,Failure
RVSN USSR,"200/39 (200L), Baikonur Cosmodrome, Republic of Kazakhstan",1982-11-26,14:13:00,Proton-K/DM,Raduga 11,Retired,,Success
RVSN USSR,"43/3 (43L), Plesetsk Cosmodrome, Russian Federation",1982-12-03,12:00:00,Soyuz U,Zenit-6U 70,Retired,,Success
RVSN USSR,"1/5, Baikonur Cosmodrome, Republic of Kazakhstan",1982-12-08,13:46:00,Molniya-M 2BL,Molniya-1K 60L,Retired,,Failure
RVSN USSR,"43/3 (43L), Plesetsk Cosmodrome, Russian Federation",1982-12-14,22:30:00,Vostok 8A92M,Meteor-2 9,Retired,,Success
RVSN USSR,"31/6, Baikonur Cosmodrome, Republic of Kazakhstan",1982-12-16,10:00:00,Soyuz U,Yantar-4K1 6,Retired,,Success
US Air Force,"Space Launch Complex 3W, Vandenberg SFB, CA, USA",1982-12-21,02:38:00,SM-65E Atlas,DMSP-5D2 F6,Retired,,Success
RVSN USSR,"1/5, Baikonur Cosmodrome, Republic of Kazakhstan",1982-12-23,09:10:00,Soyuz-U2,Zenit-6U 71,Retired,,Success
RVSN USSR,"200/39 (200L), Baikonur Cosmodrome, Republic of Kazakhstan",1982-12-24,12:00:00,Proton-K/DM,Raduga 22L,Retired,,Failure
RVSN USSR,"31/6, Baikonur Cosmodrome, Republic of Kazakhstan",1982-12-28,12:00:00,Soyuz U,Yantar-4KS1 1,Retired,,Success
RVSN USSR,"132/1 (132L), Plesetsk Cosmodrome, Russian Federation",1982-12-29,12:00:02,Kosmos-3M (11K65M),Taifun-1B 4,Retired,,Success
RVSN USSR,"132/2, Plesetsk Cosmodrome, Russian Federation",1983-01-12,14:02:00,Kosmos-3M (11K65M),Parus 36,Retired,,Success
RVSN USSR,"132/1 (132L), Plesetsk Cosmodrome, Russian Federation",1983-01-19,02:25:00,Kosmos-3M (11K65M),Strela-1M 257-264,Retired,,Success
RVSN USSR,"16/2, Plesetsk Cosmodrome, Russian Federation",1983-01-20,17:26:00,Vostok 8A92M,Tselina-D 39,Retired,,Success
RVSN USSR,"132/2, Plesetsk Cosmodrome, Russian Federation",1983-01-25,12:00:00,Kosmos-3M (11K65M),Taifun-2 14,Retired,,Failure
US Air Force,"Space Launch Complex 2W, Vandenberg SFB, CA, USA",1983-01-26,02:17:00,Delta 3910,IRAS,Retired,,Success
RVSN USSR,"31/6, Baikonur Cosmodrome, Republic of Kazakhstan",1983-01-27,08:30:00,Soyuz U,Zenit-6U 72,Retired,,Success
National Space Development Agency of Japan,"Osaki Launch Complex, Tanegashima Space Center, Japan",1983-02-04,08:37:00,N-2,Sakura 2A,Retired,,Success
RVSN USSR,"31/6, Baikonur Cosmodrome, Republic of Kazakhstan",1983-02-06,11:31:00,Soyuz U,Yantar-2K 28,Retired,,Success
US Air Force,"Space Launch Complex 3E, Vandenberg SFB, CA, USA",1983-02-09,13:47:00,Atlas H,"Parcae 5A,B,C & MSD 5",Retired,,Success
RVSN USSR,"41/1, Plesetsk Cosmodrome, Russian Federation",1983-02-10,07:15:00,Soyuz U,Resurs-F1 17F41 20L,Retired,,Success
RVSN USSR,"16/2, Plesetsk Cosmodrome, Russian Federation",1983-02-16,10:03:00,Vostok 8A92M,Tselina-D 40,Retired,,Success
Institute of Space and Astronautical Science,"Mu Center, Uchinoura Space Center, Japan",1983-02-20,05:10:00,Mu-3S,Tenma,Retired,,Success
RVSN USSR,"41/1, Plesetsk Cosmodrome, Russian Federation",1983-02-25,12:45:00,Soyuz U,Yantar-4K1 7,Retired,,Success
RVSN USSR,"200/39 (200L), Baikonur Cosmodrome, Republic of Kazakhstan",1983-03-02,09:37:08,Proton-K,TKS 3,Retired,,Success
RVSN USSR,"41/1, Plesetsk Cosmodrome, Russian Federation",1983-03-02,10:50:00,Soyuz U,Zenit-6U 73,Retired,,Success
RVSN USSR,"41/1, Plesetsk Cosmodrome, Russian Federation",1983-03-11,15:29:00,Molniya-M 2BL,Molniya-3 34L,Retired,,Success
RVSN USSR,"200/40, Baikonur Cosmodrome, Republic of Kazakhstan",1983-03-12,14:00:00,Proton-K/DM,Ekran,Retired,,Success
RVSN USSR,"107/1, Kapustin Yar, Russian Federation",1983-03-15,22:30:00,K65M-RB,BOR-4 403,Retired,,Success
RVSN USSR,"1/5, Baikonur Cosmodrome, Republic of Kazakhstan",1983-03-16,08:50:00,Soyuz-U2,Zenit-6U 74,Retired,,Success
RVSN USSR,"41/1, Plesetsk Cosmodrome, Russian Federation",1983-03-16,18:14:00,Molniya-M 2BL,Molniya-1K 56,Retired,,Success
RVSN USSR,"200/39 (200L), Baikonur Cosmodrome, Republic of Kazakhstan",1983-03-23,12:45:06,Proton-K/D-1,Astron,Retired,,Success
RVSN USSR,"132/2, Plesetsk Cosmodrome, Russian Federation",1983-03-24,20:55:50,Kosmos-3M (11K65M),Nadezhda 2,Retired,,Success
US Air Force,"Space Launch Complex 3W, Vandenberg SFB, CA, USA",1983-03-28,15:52:00,SM-65E Atlas,NOAA 8,Retired,,Success
RVSN USSR,"132/1 (132L), Plesetsk Cosmodrome, Russian Federation",1983-03-30,01:10:00,Kosmos-3M (11K65M),Parus 37,Retired,,Success
RVSN USSR,"16/2, Plesetsk Cosmodrome, Russian Federation",1983-03-31,10:50:00,Soyuz U,Zenit-6U 75,Retired,,Success
RVSN USSR,"1/5, Baikonur Cosmodrome, Republic of Kazakhstan",1983-04-02,02:02:00,Molniya-M 2BL,Molniya-1T 57,Retired,,Success
Rockwell International,"Launch Complex 39A, Kennedy Space Center, FL, USA",1983-04-04,18:30:00,Space Shuttle,STS-6,Retired,450,Success
RVSN USSR,"132/2, Plesetsk Cosmodrome, Russian Federation",1983-04-06,12:00:00,Kosmos-3M (11K65M),Taifun-1 15,Retired,,Success
RVSN USSR,"200/40, Baikonur Cosmodrome, Republic of Kazakhstan",1983-04-08,04:45:00,Proton-K/DM,Raduga 12,Retired,,Success
RVSN USSR,"43/4 (43R), Plesetsk Cosmodrome, Russian Federation",1983-04-08,08:30:00,Soyuz U,Zenit-6U 76,Retired,,Success
US Air Force,"Space Launch Complex 17B, Cape Canaveral SFS, FL, USA",1983-04-11,22:39:00,Delta 3924,Satcom 1R,Retired,,Success
RVSN USSR,"132/2, Plesetsk Cosmodrome, Russian Federation",1983-04-12,18:20:00,Kosmos-3M (11K65M),Strela-2M 31,Retired,,Success
US Air Force,"Space Launch Complex 4W, Vandenberg SFB, CA, USA",1983-04-15,18:45:00,Titan 24B,KH-8 53,Retired,,Success
ISRO,"SLV-3 Launch Pad, Satish Dhawan Space Centre, India",1983-04-17,05:35:45,SLV-3,Rohini RS-D-2,Retired,,Success
RVSN USSR,"132/2, Plesetsk Cosmodrome, Russian Federation",1983-04-19,12:00:00,Kosmos-3M (11K65M),Taifun-2 15,Retired,,Success
RVSN USSR,"1/5, Baikonur Cosmodrome, Republic of Kazakhstan",1983-04-20,13:10:54,Soyuz U,Soyuz T-8,Retired,,Success
RVSN USSR,"41/1, Plesetsk Cosmodrome, Russian Federation",1983-04-22,14:30:00,Soyuz U,Yantar-2K 29,Retired,,Success
RVSN USSR,"32/2, Plesetsk Cosmodrome, Russian Federation",1983-04-23,14:30:00,Tsiklon-3,Tselina-D 41,Retired,15,Success
RVSN USSR,"16/2, Plesetsk Cosmodrome, Russian Federation",1983-04-25,19:33:43,Molniya-M 2BL,US-K 29,Retired,,Success
RVSN USSR,"31/6, Baikonur Cosmodrome, Republic of Kazakhstan",1983-04-26,10:00:00,Soyuz U,Yantar-4K1 8,Retired,,Success
RVSN USSR,"41/1, Plesetsk Cosmodrome, Russian Federation",1983-04-28,08:30:00,Soyuz U,Zenit-4MKT 23,Retired,,Success
US Air Force,"Space Launch Complex 17A, Cape Canaveral SFS, FL, USA",1983-04-28,22:26:00,Delta 3914,GOES 6,Retired,,Success
RVSN USSR,"132/2, Plesetsk Cosmodrome, Russian Federation",1983-05-06,03:00:00,Kosmos-3M (11K65M),Parus 38,Retired,,Success
RVSN USSR,"31/6, Baikonur Cosmodrome, Republic of Kazakhstan",1983-05-06,09:10:00,Soyuz U,Zenit-6U 77,Retired,,Success
RVSN USSR,"90, Baikonur Cosmodrome, Republic of Kazakhstan",1983-05-07,10:30:00,Tsiklon-2,US-P 16,Retired,12,Success
RVSN USSR,"41/1, Plesetsk Cosmodrome, Russian Federation",1983-05-17,08:00:00,Soyuz U,Resurs-F1 17F41 21L,Retired,,Success
RVSN USSR,"132/1 (132L), Plesetsk Cosmodrome, Russian Federation",1983-05-19,12:00:00,Kosmos-3M (11K65M),Taifun-1B 5,Retired,,Success
US Air Force,"Launch Complex 36A, Cape Canaveral SFS, FL, USA",1983-05-19,22:26:00,Atlas SLV-3D Centaur,Intelsat 506,Retired,,Success
RVSN USSR,"132/1 (132L), Plesetsk Cosmodrome, Russian Federation",1983-05-24,02:59:00,Kosmos-3M (11K65M),Parus 39,Retired,,Success
RVSN USSR,"107/1, Kapustin Yar, Russian Federation",1983-05-26,05:00:00,Kosmos-3M (11K65M),Taifun-2 16,Retired,,Success
RVSN USSR,"31/6, Baikonur Cosmodrome, Republic of Kazakhstan",1983-05-26,12:00:00,Soyuz U,Yantar-4K1 9,Retired,,Success
US Air Force,"Space Launch Complex 2W, Vandenberg SFB, CA, USA",1983-05-26,15:18:00,Delta 3914,Exosat,Retired,,Success
RVSN USSR,"43/4 (43R), Plesetsk Cosmodrome, Russian Federation",1983-05-31,11:40:00,Soyuz U,Zenit-6U 78,Retired,,Success
RVSN USSR,"200/39 (200L), Baikonur Cosmodrome, Republic of Kazakhstan",1983-06-02,02:38:40,Proton-K/D-1,Venera-15,Retired,,Success
RVSN USSR,"200/40, Baikonur Cosmodrome, Republic of Kazakhstan",1983-06-07,02:32:51,Proton-K/D-1,Venera-16,Retired,,Success
RVSN USSR,"41/1, Plesetsk Cosmodrome, Russian Federation",1983-06-07,07:50:00,Soyuz U,Resurs-F1 17F41 22L,Retired,,Success
US Air Force,"Space Launch Complex 3E, Vandenberg SFB, CA, USA",1983-06-09,23:23:00,Atlas H,"Parcae 6A,B,C & MSD 6",Retired,,Success
RVSN USSR,"43/4 (43R), Plesetsk Cosmodrome, Russian Federation",1983-06-14,12:15:00,Soyuz U,Zenit-6U 79,Retired,,Success
Arianespace,"Ariane Launch Area 1 (ELV), Guiana Space Centre, French Guiana",1983-06-16,11:59:03,Ariane 1,ECS 1,Retired,,Success
Rockwell International,"Launch Complex 39A, Kennedy Space Center, FL, USA",1983-06-18,11:33:00,Space Shuttle,STS-7,Retired,450,Success
US Air Force,"Space Launch Complex 4E, Vandenberg SFB, CA, USA",1983-06-20,18:45:00,Titan 34D,KH-9 18,Retired,150,Success
RVSN USSR,"32/2, Plesetsk Cosmodrome, Russian Federation",1983-06-22,23:58:00,Tsiklon-3,Tselina-D 42,Retired,15,Success
RVSN USSR,"1/5, Baikonur Cosmodrome, Republic of Kazakhstan",1983-06-27,09:12:18,Soyuz U,Soyuz T-9,Retired,,Success
US Air Force,"Space Launch Complex 5, Vandenberg SFB, CA, USA",1983-06-27,15:37:09,Scout D-1,HILAT,Retired,,Success
RVSN USSR,"41/1, Plesetsk Cosmodrome, Russian Federation",1983-06-28,15:00:00,Soyuz U,Yantar-2K 30,Retired,,Success
US Air Force,"Space Launch Complex 17B, Cape Canaveral SFS, FL, USA",1983-06-28,23:08:00,Delta 3920/PAM,Galaxy 1,Retired,,Success
RVSN USSR,"200/39 (200L), Baikonur Cosmodrome, Republic of Kazakhstan",1983-06-30,23:56:00,Proton-K/DM,Gorizont 7,Retired,,Success
RVSN USSR,"31/6, Baikonur Cosmodrome, Republic of Kazakhstan",1983-07-01,12:17:00,Molniya-M 2BL,Prognoz-9,Retired,,Success
RVSN USSR,"41/1, Plesetsk Cosmodrome, Russian Federation",1983-07-05,07:50:00,Soyuz U,Zenit-6U 80,Retired,,Success
RVSN USSR,"132/2, Plesetsk Cosmodrome, Russian Federation",1983-07-06,00:31:00,Kosmos-3M (11K65M),Strela-1M 265-272,Retired,,Success
RVSN USSR,"43/3 (43L), Plesetsk Cosmodrome, Russian Federation",1983-07-08,19:21:00,Molniya-M 2BL,US-K 30,Retired,,Success
RVSN USSR,"1/5, Baikonur Cosmodrome, Republic of Kazakhstan",1983-07-13,09:40:00,Soyuz U,Zenit-6U 81,Retired,,Success
US Air Force,"Space Launch Complex 3W, Vandenberg SFB, CA, USA",1983-07-14,10:21:00,Atlas E/SGS-2,GPS 8,Retired,,Success
RVSN USSR,"1/5, Baikonur Cosmodrome, Republic of Kazakhstan",1983-07-19,15:14:00,Molniya-M 2BL,Molniya-1K 58,Retired,,Success
RVSN USSR,"43/4 (43R), Plesetsk Cosmodrome, Russian Federation",1983-07-20,08:00:00,Soyuz U,Resurs-F1 17F41 23L,Retired,,Success
RVSN USSR,"31/6, Baikonur Cosmodrome, Republic of Kazakhstan",1983-07-24,05:50:37,Vostok 8A92M,Resurs-OE 1,Retired,,Success
RVSN USSR,"16/2, Plesetsk Cosmodrome, Russian Federation",1983-07-26,12:00:00,Soyuz U,Zenit-6U 82,Retired,,Success
US Air Force,"Space Launch Complex 17A, Cape Canaveral SFS, FL, USA",1983-07-28,22:49:00,Delta 3920/PAM,Telstar 301,Retired,,Success
US Air Force,"Space Launch Complex 4W, Vandenberg SFB, CA, USA",1983-07-31,15:41:00,Titan 34B,Jumpseat 7,Retired,25.81,Success
RVSN USSR,"132/2, Plesetsk Cosmodrome, Russian Federation",1983-08-03,12:40:00,Kosmos-3M (11K65M),Strela-2M 32,Retired,,Success
RVSN USSR,"43/4 (43R), Plesetsk Cosmodrome, Russian Federation",1983-08-05,09:20:00,Soyuz U,Resurs-F1 17F41 25L,Retired,,Success
National Space Development Agency of Japan,"Osaki Launch Complex, Tanegashima Space Center, Japan",1983-08-05,20:29:00,N-2,Sakura 2B,Retired,,Success
RVSN USSR,"43/4 (43R), Plesetsk Cosmodrome, Russian Federation",1983-08-09,11:20:00,Soyuz U,Zenit-6U 83,Retired,,Success
RVSN USSR,"1/5, Baikonur Cosmodrome, Republic of Kazakhstan",1983-08-10,13:00:00,Soyuz U,Yantar-4K1 10,Retired,,Success
RVSN USSR,"200/39 (200L), Baikonur Cosmodrome, Republic of Kazakhstan",1983-08-10,18:24:26,Proton K/DM-2,Uragan 2 &3,Retired,,Success
RVSN USSR,"1/5, Baikonur Cosmodrome, Republic of Kazakhstan",1983-08-17,12:08:23,Soyuz U,,Retired,,Success
Ministry of Space Industry,"Launch Area 2B, Jiuquan Satellite Launch Center, People's Republic of China",1983-08-19,06:00:00,Long March 2C,FSW-0 5,Active,,Success
RVSN USSR,"43/4 (43R), Plesetsk Cosmodrome, Russian Federation",1983-08-23,11:05:00,Soyuz U,Zenit-6U 84,Retired,,Success
RVSN USSR,"200/40, Baikonur Cosmodrome, Republic of Kazakhstan",1983-08-25,20:02:00,Proton-K/DM,Raduga 13,Retired,,Success
Rockwell International,"Launch Complex 39A, Kennedy Space Center, FL, USA",1983-08-30,06:32:00,Space Shuttle,STS-8,Retired,450,Success
RVSN USSR,"41/1, Plesetsk Cosmodrome, Russian Federation",1983-08-30,22:49:00,Molniya-M 2BL,Molniya-3 32L,Retired,,Success
RVSN USSR,"107/1, Kapustin Yar, Russian Federation",1983-08-31,06:30:00,Kosmos-3M (11K65M),Taifun-2 17,Retired,,Success
RVSN USSR,"43/4 (43R), Plesetsk Cosmodrome, Russian Federation",1983-09-03,10:15:00,Soyuz U,Zenit-4MKT 24,Retired,,Success
RVSN USSR,"16/2, Plesetsk Cosmodrome, Russian Federation",1983-09-07,13:24:00,Soyuz U,Yantar-4K1 11,Retired,,Success
US Air Force,"Space Launch Complex 17B, Cape Canaveral SFS, FL, USA",1983-09-08,22:52:00,Delta 3924,Satcom 2R,Retired,,Success
RVSN USSR,"43/4 (43R), Plesetsk Cosmodrome, Russian Federation",1983-09-09,11:00:00,Soyuz U,Zenit-6U 85,Retired,,Success
RVSN USSR,"41/1, Plesetsk Cosmodrome, Russian Federation",1983-09-14,10:25:00,Soyuz U,Resurs-F1 17F41 24L,Retired,,Success
RVSN USSR,"41/1, Plesetsk Cosmodrome, Russian Federation",1983-09-17,11:15:00,Soyuz U,Zenit-6U 86,Retired,,Success
US Air Force,"Space Launch Complex 17A, Cape Canaveral SFS, FL, USA",1983-09-22,22:16:00,Delta 3920/PAM,Galaxy 2,Retired,,Success
RVSN USSR,"1/5, Baikonur Cosmodrome, Republic of Kazakhstan",1983-09-26,19:37:49,Soyuz U,Soyuz 7K-ST No.16L (Soyuz T-10a / T-10-1),Retired,,Failure
RVSN USSR,"32/1, Plesetsk Cosmodrome, Russian Federation",1983-09-28,07:59:00,Tsiklon-3,Okean-OE 1,Retired,15,Success
RVSN USSR,"200/40, Baikonur Cosmodrome, Republic of Kazakhstan",1983-09-29,17:37:00,Proton-K/DM,Ekran,Retired,,Success
RVSN USSR,"132/1 (132L), Plesetsk Cosmodrome, Russian Federation",1983-09-30,11:00:00,Kosmos-3M (11K65M),Taifun-2 18,Retired,,Success
RVSN USSR,"132/1 (132L), Plesetsk Cosmodrome, Russian Federation",1983-10-05,12:00:00,Kosmos-3M (11K65M),Taifun-1B 6,Retired,,Success
RVSN USSR,"132/1 (132L), Plesetsk Cosmodrome, Russian Federation",1983-10-12,00:20:00,Kosmos-3M (11K65M),Strela-2M 33,Retired,,Success
RVSN USSR,"31/6, Baikonur Cosmodrome, Republic of Kazakhstan",1983-10-14,10:00:00,Soyuz U,Yantar-4K2 3,Retired,,Success
Arianespace,"Ariane Launch Area 1 (ELV), Guiana Space Centre, French Guiana",1983-10-19,00:45:36,Ariane 1,Intelsat 507,Retired,,Success
RVSN USSR,"31/6, Baikonur Cosmodrome, Republic of Kazakhstan",1983-10-20,09:59:05,Soyuz U,,Retired,,Success
RVSN USSR,"16/2, Plesetsk Cosmodrome, Russian Federation",1983-10-21,12:10:00,Soyuz U,Zenit-6U 87,Retired,,Success
RVSN USSR,"132/1 (132L), Plesetsk Cosmodrome, Russian Federation",1983-10-26,17:20:00,Kosmos-3M (11K65M),Tsikada 10,Retired,,Success
RVSN USSR,"16/2, Plesetsk Cosmodrome, Russian Federation",1983-10-28,09:00:00,Vostok 8A92M,Meteor-2 10,Retired,,Success
RVSN USSR,"90, Baikonur Cosmodrome, Republic of Kazakhstan",1983-10-29,08:30:00,Tsiklon-2,US-P 17,Retired,12,Success
RVSN USSR,"132/2, Plesetsk Cosmodrome, Russian Federation",1983-11-11,12:30:00,Kosmos-3M (11K65M),Taifun-1 16,Retired,,Success
RVSN USSR,"16/2, Plesetsk Cosmodrome, Russian Federation",1983-11-17,12:15:00,Soyuz U,Zenit-6U 88,Retired,,Success
US Air Force,"Space Launch Complex 3W, Vandenberg SFB, CA, USA",1983-11-18,06:32:00,SM-65E Atlas,DMSP-5D2 F7,Retired,,Success
RVSN USSR,"41/1, Plesetsk Cosmodrome, Russian Federation",1983-11-23,16:45:00,Molniya-M 2BL,Molniya-1K 59,Retired,,Success
RVSN USSR,"32/2, Plesetsk Cosmodrome, Russian Federation",1983-11-24,12:33:00,Tsiklon-3,Geo-IK 4,Retired,15,Success
Rockwell International,"Launch Complex 39A, Kennedy Space Center, FL, USA",1983-11-28,16:00:00,Space Shuttle,STS-9,Retired,450,Success
RVSN USSR,"41/1, Plesetsk Cosmodrome, Russian Federation",1983-11-30,13:45:00,Soyuz U,Yantar-4K1 12,Retired,,Success
RVSN USSR,"200/39 (200L), Baikonur Cosmodrome, Republic of Kazakhstan",1983-11-30,13:51:00,Proton-K/DM,Gorizont 8,Retired,,Success
RVSN USSR,"41/1, Plesetsk Cosmodrome, Russian Federation",1983-12-07,12:10:00,Soyuz U,Zenit-6U 89,Retired,,Success
RVSN USSR,"132/2, Plesetsk Cosmodrome, Russian Federation",1983-12-08,06:13:00,Kosmos-3M (11K65M),Parus 40,Retired,,Success
RVSN USSR,"41/1, Plesetsk Cosmodrome, Russian Federation",1983-12-14,07:00:00,Soyuz U,Bion 6,Retired,,Success
RVSN USSR,"32/2, Plesetsk Cosmodrome, Russian Federation",1983-12-15,12:25:00,Tsiklon-3,Tselina-D 43,Retired,15,Success
RVSN USSR,"41/1, Plesetsk Cosmodrome, Russian Federation",1983-12-21,06:07:59,Molniya-M 2BL,Molniya-3 35L,Retired,,Success
RVSN USSR,"31/6, Baikonur Cosmodrome, Republic of Kazakhstan",1983-12-27,09:30:00,Soyuz U,Yantar-1KFT 3,Retired,,Success
RVSN USSR,"107, Kapustin Yar, Russian Federation",1983-12-27,10:00:00,K65M-RB,BOR-4 406,Retired,,Success
RVSN USSR,"16/2, Plesetsk Cosmodrome, Russian Federation",1983-12-28,03:48:05,Molniya-M 2BL,US-K 31,Retired,,Success
RVSN USSR,"200/40, Baikonur Cosmodrome, Republic of Kazakhstan",1983-12-29,00:52:24,Proton K/DM-2,Uragan 4 & 5,Retired,,Success
RVSN USSR,"132/2, Plesetsk Cosmodrome, Russian Federation",1984-01-05,20:09:00,Kosmos-3M (11K65M),Strela-1M 273-280,Retired,,Success
RVSN USSR,"43/4 (43R), Plesetsk Cosmodrome, Russian Federation",1984-01-11,12:20:00,Soyuz U,Zenit-6U 90,Retired,,Success
RVSN USSR,"132/2, Plesetsk Cosmodrome, Russian Federation",1984-01-11,18:08:00,Kosmos-3M (11K65M),Parus 41,Retired,,Success
RVSN USSR,"41/1, Plesetsk Cosmodrome, Russian Federation",1984-01-13,14:40:00,Soyuz U,Yantar-4K2 4,Retired,,Success
National Space Development Agency of Japan,"Osaki Launch Complex, Tanegashima Space Center, Japan",1984-01-23,07:58:00,N-2,Yuri 2A,Retired,,Success
RVSN USSR,"31/6, Baikonur Cosmodrome, Republic of Kazakhstan",1984-01-26,08:50:00,Soyuz-U2,Zenit-6U 91,Retired,,Success
RVSN USSR,"132/2, Plesetsk Cosmodrome, Russian Federation",1984-01-26,12:00:00,Kosmos-3M (11K65M),Taifun-1 17,Retired,,Success
Ministry of Space Industry,"Launch Complex 3 (LC-3/LA-1), Xichang Satellite Launch Center, People's Republic of China",1984-01-29,12:25:00,Long March 3,DFH-2 1,Retired,,Partial Failure
US Air Force,"Space Launch Complex 40, Cape Canaveral SFS, FL, USA",1984-01-31,03:08:01,Titan 34D Transtage,Vortex 11,Retired,,Success
RVSN USSR,"132/1 (132L), Plesetsk Cosmodrome, Russian Federation",1984-02-02,17:38:00,Kosmos-3M (11K65M),Parus 42,Retired,,Success
Lockheed Space Operations Company,"Launch Complex 39A, Kennedy Space Center, FL, USA",1984-02-03,13:00:00,Space Shuttle,STS-41-B,Retired,450,Success
US Air Force,"Space Launch Complex 3E, Vandenberg SFB, CA, USA",1984-02-05,18:44:00,Atlas H,"Parcae 7A,B,C & MSD 7",Retired,,Success
RVSN USSR,"32/2, Plesetsk Cosmodrome, Russian Federation",1984-02-08,09:23:00,Tsiklon-3,Tselina-D 44,Retired,15,Success
RVSN USSR,"31/6, Baikonur Cosmodrome, Republic of Kazakhstan",1984-02-08,12:07:26,Soyuz U,Soyuz T-10,Retired,,Success
Institute of Space and Astronautical Science,"Mu Center, Uchinoura Space Center, Japan",1984-02-14,08:00:00,Mu-3S,Ohzora,Retired,,Success
RVSN USSR,"200/39 (200L), Baikonur Cosmodrome, Republic of Kazakhstan",1984-02-15,08:46:00,Proton-K/DM,Raduga 14,Retired,,Success
RVSN USSR,"41/1, Plesetsk Cosmodrome, Russian Federation",1984-02-16,08:15:00,Soyuz U,Resurs-F1 17F41 27L,Retired,,Success
RVSN USSR,"31/6, Baikonur Cosmodrome, Republic of Kazakhstan",1984-02-21,06:46:05,Soyuz U,,Retired,,Success
RVSN USSR,"132/1 (132L), Plesetsk Cosmodrome, Russian Federation",1984-02-21,15:36:00,Kosmos-3M (11K65M),Strela-2M 34,Retired,,Success
RVSN USSR,"16/2, Plesetsk Cosmodrome, Russian Federation",1984-02-28,13:59:59,Soyuz U,Yantar-4K2 5,Retired,,Success
US Air Force,"Space Launch Complex 2W, Vandenberg SFB, CA, USA",1984-03-01,17:59:00,Delta 3920,Landsat 5,Retired,,Success
RVSN USSR,"200/40, Baikonur Cosmodrome, Republic of Kazakhstan",1984-03-02,03:54:00,Proton-K/DM,Potok 2,Retired,,Success
Arianespace,"Ariane Launch Area 1 (ELV), Guiana Space Centre, French Guiana",1984-03-05,00:50:03,Ariane 1,Intelsat 508,Retired,,Success
RVSN USSR,"16/2, Plesetsk Cosmodrome, Russian Federation",1984-03-06,17:10:18,Molniya-M 2BL,US-K 32,Retired,,Success
RVSN USSR,"31/6, Baikonur Cosmodrome, Republic of Kazakhstan",1984-03-07,08:00:00,Soyuz-U2,Zenit-6U 92,Retired,,Success
RVSN USSR,"41/1, Plesetsk Cosmodrome, Russian Federation",1984-03-10,17:00:00,Soyuz U,Efir 1,Retired,,Success
RVSN USSR,"32/2, Plesetsk Cosmodrome, Russian Federation",1984-03-15,17:05:00,Tsiklon-3,Tselina-D 45,Retired,15,Success
RVSN USSR,"200/39 (200L), Baikonur Cosmodrome, Republic of Kazakhstan",1984-03-16,14:00:00,Proton-K/DM,Ekran,Retired,,Success
RVSN USSR,"41/1, Plesetsk Cosmodrome, Russian Federation",1984-03-16,23:29:59,Molniya-M 2BL,Molniya-1T 60,Retired,,Success
RVSN USSR,"43/4 (43R), Plesetsk Cosmodrome, Russian Federation",1984-03-21,11:05:00,Soyuz-U-PVB,Zenit-6U 93,Retired,,Success
RVSN USSR,"200/40, Baikonur Cosmodrome, Republic of Kazakhstan",1984-03-29,05:52:56,Proton-K/DM,US-KS 2,Retired,,Success
RVSN USSR,"31/6, Baikonur Cosmodrome, Republic of Kazakhstan",1984-04-03,13:08:42,Soyuz U,Soyuz T-11,Retired,,Success
RVSN USSR,"16/2, Plesetsk Cosmodrome, Russian Federation",1984-04-04,01:40:04,Molniya-M 2BL,US-K 33,Retired,,Success
Lockheed Space Operations Company,"Launch Complex 39A, Kennedy Space Center, FL, USA",1984-04-06,13:58:00,Space Shuttle,STS-41-C,Retired,450,Success
Ministry of Space Industry,"Launch Complex 3 (LC-3/LA-1), Xichang Satellite Launch Center, People's Republic of China",1984-04-08,11:20:00,Long March 3,DFH-2 2,Retired,,Success
RVSN USSR,"41/1, Plesetsk Cosmodrome, Russian Federation",1984-04-10,14:00:00,Soyuz U,Yantar-4K2 6,Retired,,Success
US Air Force,"Space Launch Complex 40, Cape Canaveral SFS, FL, USA",1984-04-14,16:52:02,Titan 34D Transtage,DSP 11,Retired,,Success
RVSN USSR,"31/6, Baikonur Cosmodrome, Republic of Kazakhstan",1984-04-15,08:12:53,Soyuz-U2,,Retired,,Success
US Air Force,"Space Launch Complex 4W, Vandenberg SFB, CA, USA",1984-04-17,18:45:00,Titan 24B,KH-8 54,Retired,,Success
RVSN USSR,"16/2, Plesetsk Cosmodrome, Russian Federation",1984-04-19,11:40:00,Soyuz U,Zenit-6U 94,Retired,,Success
RVSN USSR,"200/39 (200L), Baikonur Cosmodrome, Republic of Kazakhstan",1984-04-22,04:21:00,Proton-K/DM,Gorizont 9,Retired,,Success
RVSN USSR,"31/6, Baikonur Cosmodrome, Republic of Kazakhstan",1984-05-07,22:47:15,Soyuz U,,Retired,,Success
RVSN USSR,"132/2, Plesetsk Cosmodrome, Russian Federation",1984-05-11,06:19:00,Kosmos-3M (11K65M),Parus 43,Retired,,Success
RVSN USSR,"41/1, Plesetsk Cosmodrome, Russian Federation",1984-05-11,13:00:00,Soyuz U,Zenit-6U 95,Retired,,Success
RVSN USSR,"31/6, Baikonur Cosmodrome, Republic of Kazakhstan",1984-05-14,14:00:00,Soyuz U,Yantar-4KS1 2,Retired,,Success
RVSN USSR,"132/1 (132L), Plesetsk Cosmodrome, Russian Federation",1984-05-17,14:43:26,Kosmos-3M (11K65M),Tsikada 11,Retired,,Success
RVSN USSR,"200/40, Baikonur Cosmodrome, Republic of Kazakhstan",1984-05-19,15:10:42,Proton K/DM-2,Uragan 6 & 7,Retired,,Success
RVSN USSR,"43/4 (43R), Plesetsk Cosmodrome, Russian Federation",1984-05-22,08:30:00,Soyuz U,Zenit-4MKT 25,Retired,,Success
Arianespace,"Ariane Launch Area 1 (ELV), Guiana Space Centre, French Guiana",1984-05-23,01:33:29,Ariane 1,Spacenet 1,Retired,,Success
RVSN USSR,"16/2, Plesetsk Cosmodrome, Russian Federation",1984-05-25,11:30:00,Soyuz U,Yantar-4K2 7,Retired,,Success
RVSN USSR,"31/6, Baikonur Cosmodrome, Republic of Kazakhstan",1984-05-28,14:12:52,Soyuz U,,Retired,,Success
RVSN USSR,"132/2, Plesetsk Cosmodrome, Russian Federation",1984-05-28,21:52:00,Kosmos-3M (11K65M),Strela-1M 281-288,Retired,,Success
RVSN USSR,"90, Baikonur Cosmodrome, Republic of Kazakhstan",1984-05-30,18:46:00,Tsiklon-2,US-P 18,Retired,12,Success
RVSN USSR,"43/4 (43R), Plesetsk Cosmodrome, Russian Federation",1984-06-01,13:50:00,Soyuz U,Zenit-6U 96,Retired,,Success
RVSN USSR,"16/2, Plesetsk Cosmodrome, Russian Federation",1984-06-06,15:33:32,Molniya-M 2BL,US-K 34,Retired,,Success
RVSN USSR,"132/1 (132L), Plesetsk Cosmodrome, Russian Federation",1984-06-08,11:28:00,Kosmos-3M (11K65M),Strela-2M 35,Retired,,Success
US Air Force,"Launch Complex 36B, Cape Canaveral SFS, FL, USA",1984-06-09,23:03:00,Atlas G Centaur,Intelsat 509,Retired,,Success
RVSN USSR,"1/5, Baikonur Cosmodrome, Republic of Kazakhstan",1984-06-11,08:40:00,Soyuz U,Zenit-8 1,Retired,,Success
US Air Force,"Space Launch Complex 3W, Vandenberg SFB, CA, USA",1984-06-13,11:37:00,Atlas E/SGS-2,GPS 9,Retired,,Success
RVSN USSR,"41/1, Plesetsk Cosmodrome, Russian Federation",1984-06-15,08:20:00,Soyuz U,Resurs-F1 17F41 26L,Retired,,Success
RVSN USSR,"16/2, Plesetsk Cosmodrome, Russian Federation",1984-06-19,10:55:00,Soyuz U,Zenit-6U 97,Retired,,Success
RVSN USSR,"132/2, Plesetsk Cosmodrome, Russian Federation",1984-06-21,19:40:03,Kosmos-3M (11K65M),Nadezhda 3,Retired,,Success
RVSN USSR,"200/39 (200L), Baikonur Cosmodrome, Republic of Kazakhstan",1984-06-22,00:20:00,Proton-K/DM,Raduga 15,Retired,,Success
RVSN USSR,"41/1, Plesetsk Cosmodrome, Russian Federation",1984-06-22,07:40:00,Soyuz U,Resurs-F1 17F41 48L,Retired,,Success
US Air Force,"Space Launch Complex 4E, Vandenberg SFB, CA, USA",1984-06-25,18:47:00,Titan 34D,KH-9 19,Retired,150,Success
RVSN USSR,"41/1, Plesetsk Cosmodrome, Russian Federation",1984-06-26,15:35:00,Soyuz U,Yantar-4K2 8,Retired,,Success
RVSN USSR,"132/2, Plesetsk Cosmodrome, Russian Federation",1984-06-27,04:59:00,Kosmos-3M (11K65M),Parus 44,Retired,,Success
RVSN USSR,"107/1, Kapustin Yar, Russian Federation",1984-06-28,13:10:00,Kosmos-3M (11K65M),Taifun-1B 7,Retired,,Success
RVSN USSR,"90, Baikonur Cosmodrome, Republic of Kazakhstan",1984-06-29,00:21:00,Tsiklon-2,US-A 24,Retired,12,Success
RVSN USSR,"43/4 (43R), Plesetsk Cosmodrome, Russian Federation",1984-06-29,15:00:00,Soyuz U,Zenit-8 2,Retired,,Success
RVSN USSR,"43/4 (43R), Plesetsk Cosmodrome, Russian Federation",1984-07-03,21:30:42,Molniya-M 2BL,US-K 35,Retired,,Success
RVSN USSR,"32/2, Plesetsk Cosmodrome, Russian Federation",1984-07-05,03:35:00,Tsiklon-3,Meteor-2 11,Retired,15,Success
RVSN USSR,"31/6, Baikonur Cosmodrome, Republic of Kazakhstan",1984-07-17,17:40:54,Soyuz-U2,Soyuz T-12,Retired,,Success
RVSN USSR,"43/4 (43R), Plesetsk Cosmodrome, Russian Federation",1984-07-19,08:30:00,Soyuz U,Resurs-F1 17F41 49L,Retired,,Success
RVSN USSR,"16/2, Plesetsk Cosmodrome, Russian Federation",1984-07-24,12:40:00,Soyuz U,Zenit-8 3,Retired,,Success
RVSN USSR,"41/1, Plesetsk Cosmodrome, Russian Federation",1984-07-27,08:59:59,Soyuz U,Zenit-8 4,Retired,,Success
RVSN USSR,"1/5, Baikonur Cosmodrome, Republic of Kazakhstan",1984-07-31,12:29:54,Soyuz U,Yantar-4K2 9,Retired,,Success
RVSN USSR,"200/40, Baikonur Cosmodrome, Republic of Kazakhstan",1984-08-01,21:37:00,Proton-K/DM,Gorizont 10,Retired,,Success
RVSN USSR,"16/2, Plesetsk Cosmodrome, Russian Federation",1984-08-02,08:38:16,Molniya-M 2BL,US-K 36,Retired,,Success
National Space Development Agency of Japan,"Osaki Launch Complex, Tanegashima Space Center, Japan",1984-08-02,20:30:00,N-2,Himawari 3,Retired,,Success
Arianespace,"Ariane Launch Area 1 (ELV), Guiana Space Centre, French Guiana",1984-08-04,13:32:54,Ariane 3,ECS 2 & Télécom 1A,Retired,,Success
RVSN USSR,"41/1, Plesetsk Cosmodrome, Russian Federation",1984-08-06,14:00:00,Soyuz U,Zenit-8 5,Retired,,Success
RVSN USSR,"90, Baikonur Cosmodrome, Republic of Kazakhstan",1984-08-07,22:50:34,Tsiklon-2,US-P 19,Retired,12,Success
RVSN USSR,"32/2, Plesetsk Cosmodrome, Russian Federation",1984-08-08,12:08:00,Tsiklon-3,Geo-IK 5,Retired,15,Success
RVSN USSR,"41/1, Plesetsk Cosmodrome, Russian Federation",1984-08-10,00:03:58,Molniya-M 2BL,Molniya-1T 61,Retired,,Success
RVSN USSR,"1/5, Baikonur Cosmodrome, Republic of Kazakhstan",1984-08-14,06:28:15,Soyuz U,,Retired,,Success
RVSN USSR,"41/1, Plesetsk Cosmodrome, Russian Federation",1984-08-16,09:50:00,Soyuz U,Resurs-F1 17F41 50L,Retired,,Success
US Air Force,"Space Launch Complex 17A, Cape Canaveral SFS, FL, USA",1984-08-16,14:48:00,Delta 3924,Charge Composition Explorer,Retired,,Success
RVSN USSR,"43/4 (43R), Plesetsk Cosmodrome, Russian Federation",1984-08-24,08:26:59,Molniya-M 2BL,Molniya-1K 62,Retired,,Success
RVSN USSR,"200/39 (200L), Baikonur Cosmodrome, Republic of Kazakhstan",1984-08-24,19:50:00,Proton-K/DM,Ekran,Retired,,Success
US Air Force,"Space Launch Complex 4W, Vandenberg SFB, CA, USA",1984-08-28,18:03:00,Titan 34B,Quasar 5,Retired,25.81,Success
RVSN USSR,"43/4 (43R), Plesetsk Cosmodrome, Russian Federation",1984-08-30,10:10:00,Soyuz U,Resurs-F1 17F41 51L,Retired,,Success
Lockheed Space Operations Company,"Launch Complex 39A, Kennedy Space Center, FL, USA",1984-08-30,12:41:50,Space Shuttle,STS-41-D,Retired,450,Success
RVSN USSR,"16/2, Plesetsk Cosmodrome, Russian Federation",1984-09-04,10:20:00,Soyuz U,Zenit-8 6,Retired,,Success
RVSN USSR,"200/40, Baikonur Cosmodrome, Republic of Kazakhstan",1984-09-04,15:49:53,Proton K/DM-2,Uragan 8 & 9,Retired,,Success
RVSN USSR,"16/2, Plesetsk Cosmodrome, Russian Federation",1984-09-07,19:12:58,Molniya-M 2BL,US-K 37,Retired,,Success
US Air Force,"Space Launch Complex 3W, Vandenberg SFB, CA, USA",1984-09-08,21:41:00,Atlas E/SGS-2,GPS 10,Retired,,Success
Ministry of Space Industry,"Launch Area 2B, Jiuquan Satellite Launch Center, People's Republic of China",1984-09-12,05:44:00,Long March 2C,FSW-0 6,Active,,Success
RVSN USSR,"43/4 (43R), Plesetsk Cosmodrome, Russian Federation",1984-09-13,10:25:00,Soyuz U,Zenit-4MKT 26,Retired,,Success
RVSN USSR,"132/1 (132L), Plesetsk Cosmodrome, Russian Federation",1984-09-13,15:54:08,Kosmos-3M (11K65M),Parus 45,Retired,,Success
US Air Force,"Space Launch Complex 17B, Cape Canaveral SFS, FL, USA",1984-09-21,22:18:00,Delta 3920/PAM,Galaxy 3,Retired,,Success
RVSN USSR,"43/4 (43R), Plesetsk Cosmodrome, Russian Federation",1984-09-25,14:30:00,Soyuz U,Yantar-4K2 10,Retired,,Success
RVSN USSR,"1/5, Baikonur Cosmodrome, Republic of Kazakhstan",1984-09-27,08:10:00,Soyuz U,Zenit-8 7,Retired,,Success
RVSN USSR,"132/2, Plesetsk Cosmodrome, Russian Federation",1984-09-27,09:30:00,Kosmos-3M (11K65M),Taifun-2 19,Retired,,Success
RVSN USSR,"32/2, Plesetsk Cosmodrome, Russian Federation",1984-09-28,06:00:00,Tsiklon-3,Okean-OE 2,Retired,15,Success
RVSN USSR,"200/39 (200L), Baikonur Cosmodrome, Republic of Kazakhstan",1984-09-28,14:00:00,Proton K/DM-2,Tselina-2 1,Retired,,Success
RVSN USSR,"16/2, Plesetsk Cosmodrome, Russian Federation",1984-10-04,19:49:13,Molniya-M 2BL,US-K 38,Retired,,Success
Lockheed Space Operations Company,"Launch Complex 39A, Kennedy Space Center, FL, USA",1984-10-05,11:03:00,Space Shuttle,STS-41-G,Retired,450,Success
RVSN USSR,"132/2, Plesetsk Cosmodrome, Russian Federation",1984-10-11,14:43:00,Kosmos-3M (11K65M),Parus 46,Retired,,Success
US Air Force,"Space Launch Complex 5, Vandenberg SFB, CA, USA",1984-10-12,01:43:34,Scout G-1,Nova 3,Retired,8.66,Success
RVSN USSR,"32/2, Plesetsk Cosmodrome, Russian Federation",1984-10-18,17:46:00,Tsiklon-3,Tselina-D 46,Retired,15,Success
RVSN USSR,"90, Baikonur Cosmodrome, Republic of Kazakhstan",1984-10-31,12:29:00,Tsiklon-2,US-A 25,Retired,12,Success
Lockheed Space Operations Company,"Launch Complex 39A, Kennedy Space Center, FL, USA",1984-11-08,12:15:00,Space Shuttle,STS-51-A,Retired,450,Success
Arianespace,"Ariane Launch Area 1 (ELV), Guiana Space Centre, French Guiana",1984-11-10,01:14:18,Ariane 3,Spacenet 2 & Marecs 2,Retired,,Success
US Air Force,"Space Launch Complex 17A, Cape Canaveral SFS, FL, USA",1984-11-14,00:34:00,Delta 3914,NATO 3D,Retired,,Success
RVSN USSR,"1/5, Baikonur Cosmodrome, Republic of Kazakhstan",1984-11-14,07:40:00,Soyuz U,Yantar-1KFT 4,Retired,,Success
RVSN USSR,"43/4 (43R), Plesetsk Cosmodrome, Russian Federation",1984-11-14,12:20:00,Soyuz U,Zenit-8 8,Retired,,Success
RVSN USSR,"132/1 (132L), Plesetsk Cosmodrome, Russian Federation",1984-11-15,06:40:00,Kosmos-3M (11K65M),Parus 47,Retired,,Success
RVSN USSR,"1/5, Baikonur Cosmodrome, Republic of Kazakhstan",1984-11-21,10:30:00,Soyuz U,Yantar-4K2 11,Retired,,Success
RVSN USSR,"32/1, Plesetsk Cosmodrome, Russian Federation",1984-11-27,14:22:00,Tsiklon-3,Meteor-3 1a,Retired,15,Failure
RVSN USSR,"43/4 (43R), Plesetsk Cosmodrome, Russian Federation",1984-11-29,14:00:00,Soyuz-U-PVB,Zenit-8 9,Retired,,Success
US Air Force,"Space Launch Complex 4E, Vandenberg SFB, CA, USA",1984-12-04,18:03:00,Titan 34D,KH-11 6,Retired,150,Success
US Air Force,"Space Launch Complex 3W, Vandenberg SFB, CA, USA",1984-12-12,10:42:00,SM-65E Atlas,NOAA 9,Retired,,Success
RVSN USSR,"41/1, Plesetsk Cosmodrome, Russian Federation",1984-12-14,20:40:59,Molniya-M 2BL,Molniya-1T 63,Retired,,Success
RVSN USSR,"200/39 (200L), Baikonur Cosmodrome, Republic of Kazakhstan",1984-12-15,09:16:24,Proton-K/D-1,Vega-1,Retired,,Success
RVSN USSR,"107/1, Kapustin Yar, Russian Federation",1984-12-19,03:55:00,K65M-RB,BOR-4 407,Retired,,Success
RVSN USSR,"132/2, Plesetsk Cosmodrome, Russian Federation",1984-12-20,13:00:00,Kosmos-3M (11K65M),Taifun-1B 8,Retired,,Success
RVSN USSR,"200/40, Baikonur Cosmodrome, Republic of Kazakhstan",1984-12-21,09:13:52,Proton-K/D-1,Vega-2,Retired,,Success
US Air Force,"Space Launch Complex 40, Cape Canaveral SFS, FL, USA",1984-12-22,00:02:03,Titan 34D Transtage,DSP F12,Retired,,Success
Institute of Space and Astronautical Science,"Mu Center, Uchinoura Space Center, Japan",1985-01-07,19:26:00,Mu-3S-II,Sakigake,Retired,,Success
RVSN USSR,"31/6, Baikonur Cosmodrome, Republic of Kazakhstan",1985-01-09,10:45:00,Soyuz U,Yantar-4K2 12,Retired,,Success
RVSN USSR,"32/1, Plesetsk Cosmodrome, Russian Federation",1985-01-15,14:50:59,Tsiklon-3,Strela-3 1 to 6,Retired,15,Success
RVSN USSR,"43/4 (43R), Plesetsk Cosmodrome, Russian Federation",1985-01-16,06:22:30,Molniya-M 2BL,Molniya-3 36L,Retired,,Success
RVSN USSR,"1/5, Baikonur Cosmodrome, Republic of Kazakhstan",1985-01-16,08:19:00,Soyuz U,Zenit-8 10,Retired,,Success
RVSN USSR,"132/1 (132L), Plesetsk Cosmodrome, Russian Federation",1985-01-17,17:46:00,Kosmos-3M (11K65M),Strela-2M 36,Retired,,Success
RVSN USSR,"200/39 (200L), Baikonur Cosmodrome, Republic of Kazakhstan",1985-01-18,10:25:00,Proton-K/DM,Gorizont 11,Retired,,Success
RVSN USSR,"90, Baikonur Cosmodrome, Republic of Kazakhstan",1985-01-23,19:58:00,Tsiklon-2,US-P 20,Retired,12,Success
RVSN USSR,"32/2, Plesetsk Cosmodrome, Russian Federation",1985-01-24,16:45:00,Tsiklon-3,Tselina-D 47,Retired,15,Success
Lockheed Space Operations Company,"Launch Complex 39A, Kennedy Space Center, FL, USA",1985-01-24,19:50:00,Space Shuttle,STS-51-C,Retired,450,Success
RVSN USSR,"132/2, Plesetsk Cosmodrome, Russian Federation",1985-02-01,19:36:26,Kosmos-3M (11K65M),Parus 48,Retired,,Success
RVSN USSR,"16/2, Plesetsk Cosmodrome, Russian Federation",1985-02-06,11:00:00,Soyuz U,Zenit-8 11,Retired,,Success
RVSN USSR,"32/1, Plesetsk Cosmodrome, Russian Federation",1985-02-06,21:45:00,Tsiklon-3,Meteor-2 12,Retired,15,Success
US Air Force,"Space Launch Complex 4W, Vandenberg SFB, CA, USA",1985-02-08,06:10:00,Titan 34B,Quasar 6,Retired,25.81,Success
Arianespace,"Ariane Launch Area 1 (ELV), Guiana Space Centre, French Guiana",1985-02-08,23:22:00,Ariane 3,Arabsat 1A & Brasilsat A1,Retired,,Success
RVSN USSR,"200/39 (200L), Baikonur Cosmodrome, Republic of Kazakhstan",1985-02-21,07:56:48,Proton-K/DM,US-KS 3,Retired,,Success
RVSN USSR,"31/6, Baikonur Cosmodrome, Republic of Kazakhstan",1985-02-27,11:10:00,Soyuz U,Yantar-4K2 13 (Kosmos 1630),Retired,,Success
RVSN USSR,"132/1 (132L), Plesetsk Cosmodrome, Russian Federation",1985-02-27,12:56:00,Kosmos-3M (11K65M),Taifun-1 18,Retired,,Success
RVSN USSR,"41/1, Plesetsk Cosmodrome, Russian Federation",1985-03-01,10:40:00,Soyuz U,Zenit-8 12,Retired,,Success
RVSN USSR,"32/2, Plesetsk Cosmodrome, Russian Federation",1985-03-05,15:39:00,Tsiklon-3,Tselina-D 48,Retired,15,Success
US Air Force,"Space Launch Complex 3W, Vandenberg SFB, CA, USA",1985-03-13,02:00:00,Atlas E/OIS,Geosat 1,Retired,,Success
RVSN USSR,"132/2, Plesetsk Cosmodrome, Russian Federation",1985-03-14,01:09:00,Kosmos-3M (11K65M),Parus 49,Retired,,Success
RVSN USSR,"132/2, Plesetsk Cosmodrome, Russian Federation",1985-03-21,00:08:00,Kosmos-3M (11K65M),Strela-1M 289-296,Retired,,Success
RVSN USSR,"200/40, Baikonur Cosmodrome, Republic of Kazakhstan",1985-03-22,05:00:00,Proton-K/DM,Ekran,Retired,,Success
US Air Force,"Launch Complex 36B, Cape Canaveral SFS, FL, USA",1985-03-22,23:55:00,Atlas G Centaur,Intelsat 510,Retired,,Success
RVSN USSR,"1/5, Baikonur Cosmodrome, Republic of Kazakhstan",1985-03-25,10:00:00,Soyuz U,Yantar-4KS1 3,Retired,,Success
RVSN USSR,"31/6, Baikonur Cosmodrome, Republic of Kazakhstan",1985-04-03,08:40:00,Soyuz U,Zenit-8 13,Retired,,Success
Lockheed Space Operations Company,"Launch Complex 39A, Kennedy Space Center, FL, USA",1985-04-12,13:59:05,Space Shuttle,STS-51-D,Retired,450,Success
RVSN USSR,"45/1, Baikonur Cosmodrome, Republic of Kazakhstan",1985-04-13,08:00:00,Zenit-2,GVM Tselina-2,Retired,,Failure
RVSN USSR,"41/1, Plesetsk Cosmodrome, Russian Federation",1985-04-16,17:15:00,Soyuz U,Foton 1,Retired,,Success
RVSN USSR,"90, Baikonur Cosmodrome, Republic of Kazakhstan",1985-04-18,21:40:43,Tsiklon-2,US-P 21,Retired,12,Success
RVSN USSR,"41/1, Plesetsk Cosmodrome, Russian Federation",1985-04-19,14:00:00,Soyuz U,Yantar-4K2 14,Retired,,Success
RVSN USSR,"43/4 (43R), Plesetsk Cosmodrome, Russian Federation",1985-04-25,09:30:00,Soyuz U,Zenit-8 14,Retired,,Success
RVSN USSR,"31/6, Baikonur Cosmodrome, Republic of Kazakhstan",1985-04-26,05:48:00,Molniya-M 2BL,Prognoz-10-IK,Retired,,Success
Lockheed Space Operations Company,"Launch Complex 39A, Kennedy Space Center, FL, USA",1985-04-29,16:02:18,Space Shuttle,STS-51-B,Retired,450,Success
Arianespace,"Ariane Launch Area 1 (ELV), Guiana Space Centre, French Guiana",1985-05-08,01:15:38,Ariane 3,Gstar 1 & Télécom 1B,Retired,,Success
RVSN USSR,"43/4 (43R), Plesetsk Cosmodrome, Russian Federation",1985-05-15,12:40:00,Soyuz U,Zenit-8 15,Retired,,Success
RVSN USSR,"200/39 (200L), Baikonur Cosmodrome, Republic of Kazakhstan",1985-05-17,22:28:41,Proton K/DM-2,Uragan 10 & 11,Retired,,Success
RVSN USSR,"41/1, Plesetsk Cosmodrome, Russian Federation",1985-05-22,08:35:00,Soyuz U,Resurs-F1 17F41 52L,Retired,,Success
RVSN USSR,"31/6, Baikonur Cosmodrome, Republic of Kazakhstan",1985-05-23,12:40:00,Soyuz U,Yantar-4K2 15,Retired,,Success
RVSN USSR,"43/4 (43R), Plesetsk Cosmodrome, Russian Federation",1985-05-29,07:40:44,Molniya-M 2BL,Molniya-3 39L,Retired,,Success
RVSN USSR,"132/1 (132L), Plesetsk Cosmodrome, Russian Federation",1985-05-30,01:14:50,Kosmos-3M (11K65M),Tsikada 12,Retired,,Success
RVSN USSR,"200/40, Baikonur Cosmodrome, Republic of Kazakhstan",1985-05-30,14:59:00,Proton K/DM-2,Tselina-2 2,Retired,,Success
RVSN USSR,"1/5, Baikonur Cosmodrome, Republic of Kazakhstan",1985-06-06,06:39:52,Soyuz-U2,Soyuz T-13,Retired,,Success
RVSN USSR,"43/4 (43R), Plesetsk Cosmodrome, Russian Federation",1985-06-07,07:45:00,Soyuz-U-PVB,Resurs-F1 17F41 54L,Retired,,Success
RVSN USSR,"41/1, Plesetsk Cosmodrome, Russian Federation",1985-06-11,14:26:57,Molniya-M 2BL,US-K 39,Retired,,Success
RVSN USSR,"16/2, Plesetsk Cosmodrome, Russian Federation",1985-06-13,12:20:00,Soyuz U,Zenit-8 16,Retired,,Success
RVSN USSR,"32/1, Plesetsk Cosmodrome, Russian Federation",1985-06-14,10:36:00,Tsiklon-3,Geo-IK 6,Retired,15,Success
Lockheed Space Operations Company,"Launch Complex 39A, Kennedy Space Center, FL, USA",1985-06-17,11:33:00,Space Shuttle,STS-51-G,Retired,450,Success
RVSN USSR,"16/2, Plesetsk Cosmodrome, Russian Federation",1985-06-18,00:40:26,Molniya-M 2BL,US-K 40,Retired,,Success
RVSN USSR,"132/2, Plesetsk Cosmodrome, Russian Federation",1985-06-19,11:30:00,Kosmos-3M (11K65M),Taifun-2 20,Retired,,Success
RVSN USSR,"1/5, Baikonur Cosmodrome, Republic of Kazakhstan",1985-06-21,00:39:41,Soyuz U,,Retired,,Success
RVSN USSR,"41/1, Plesetsk Cosmodrome, Russian Federation",1985-06-21,07:45:00,Soyuz U,Resurs-F1 17F41 55L,Retired,,Success
RVSN USSR,"45/1, Baikonur Cosmodrome, Republic of Kazakhstan",1985-06-21,08:29:32,Zenit-2,GVM Tselina-2,Retired,,Failure
RVSN USSR,"43/4 (43R), Plesetsk Cosmodrome, Russian Federation",1985-06-26,12:35:00,Soyuz U,Zenit-8 17,Retired,,Success
US Air Force,"Launch Complex 36B, Cape Canaveral SFS, FL, USA",1985-06-30,00:44:00,Atlas G Centaur,Intelsat 511,Retired,,Success
Arianespace,"Ariane Launch Area 1 (ELV), Guiana Space Centre, French Guiana",1985-07-02,11:23:13,Ariane 1,Giotto,Retired,,Success
RVSN USSR,"16/2, Plesetsk Cosmodrome, Russian Federation",1985-07-03,12:10:00,Soyuz U,Zenit-8 18,Retired,,Success
RVSN USSR,"32/2, Plesetsk Cosmodrome, Russian Federation",1985-07-08,23:40:00,Tsiklon-3,Tselina-D 49,Retired,15,Success
RVSN USSR,"41/1, Plesetsk Cosmodrome, Russian Federation",1985-07-10,03:15:00,Soyuz U,Bion 7,Retired,,Success
RVSN USSR,"31/6, Baikonur Cosmodrome, Republic of Kazakhstan",1985-07-15,06:30:00,Soyuz U,Zenit-8 19,Retired,,Success
RVSN USSR,"43/4 (43R), Plesetsk Cosmodrome, Russian Federation",1985-07-17,01:05:00,Molniya-M 2BL,Molniya-3 37L,Retired,,Success
RVSN USSR,"1/5, Baikonur Cosmodrome, Republic of Kazakhstan",1985-07-19,13:05:08,Soyuz U,,Retired,,Success
Lockheed Space Operations Company,"Launch Complex 39A, Kennedy Space Center, FL, USA",1985-07-29,21:00:00,Space Shuttle,STS-51-F,Retired,450,Success
RVSN USSR,"90, Baikonur Cosmodrome, Republic of Kazakhstan",1985-08-01,05:36:00,Tsiklon-2,US-A 26,Retired,12,Success
RVSN USSR,"16/2, Plesetsk Cosmodrome, Russian Federation",1985-08-02,11:40:00,Soyuz U,Zenit-8 20,Retired,,Success
US Air Force,"Space Launch Complex 5, Vandenberg SFB, CA, USA",1985-08-03,03:31:20,Scout G-1,"Transit-O 24,30",Retired,8.66,Success
RVSN USSR,"43/4 (43R), Plesetsk Cosmodrome, Russian Federation",1985-08-07,09:50:00,Soyuz U,Resurs-F1 17F41 57L,Retired,,Success
RVSN USSR,"1/5, Baikonur Cosmodrome, Republic of Kazakhstan",1985-08-08,10:19:00,Soyuz U,Yantar-1KFT 5,Retired,,Success
RVSN USSR,"32/1, Plesetsk Cosmodrome, Russian Federation",1985-08-08,11:49:00,Tsiklon-3,Tselina-D 50,Retired,15,Success
RVSN USSR,"200/39 (200L), Baikonur Cosmodrome, Republic of Kazakhstan",1985-08-08,21:01:00,Proton-K/DM,Raduga 16,Retired,,Success
RVSN USSR,"16/2, Plesetsk Cosmodrome, Russian Federation",1985-08-12,15:09:03,Molniya-M 2BL,US-K 41,Retired,,Success
RVSN USSR,"41/1, Plesetsk Cosmodrome, Russian Federation",1985-08-16,15:10:00,Soyuz U,Yantar-4K2 16,Retired,,Success
Institute of Space and Astronautical Science,"Mu Center, Uchinoura Space Center, Japan",1985-08-18,23:33:00,Mu-3S-II,Suisei,Retired,,Success
RVSN USSR,"41/1, Plesetsk Cosmodrome, Russian Federation",1985-08-22,19:28:00,Molniya-M 2BL,Molniya-1T 64,Retired,,Success
RVSN USSR,"90, Baikonur Cosmodrome, Republic of Kazakhstan",1985-08-23,22:33:00,Tsiklon-2,US-A 27,Retired,12,Success
Lockheed Space Operations Company,"Launch Complex 39A, Kennedy Space Center, FL, USA",1985-08-27,10:58:01,Space Shuttle,STS-51-I,Retired,450,Success
US Air Force,"Space Launch Complex 4E, Vandenberg SFB, CA, USA",1985-08-28,21:20:00,Titan 34D,KH-11 7,Retired,150,Failure
RVSN USSR,"41/1, Plesetsk Cosmodrome, Russian Federation",1985-08-29,10:15:00,Soyuz U,Resurs-F1 17F41 53L,Retired,,Success
RVSN USSR,"31/6, Baikonur Cosmodrome, Republic of Kazakhstan",1985-08-29,11:33:00,Soyuz U,Yantar-4K2 17,Retired,,Success
RVSN USSR,"132/1 (132L), Plesetsk Cosmodrome, Russian Federation",1985-09-04,07:05:00,Kosmos-3M (11K65M),Strela-2M 37,Retired,,Success
RVSN USSR,"41/1, Plesetsk Cosmodrome, Russian Federation",1985-09-06,10:45:00,Soyuz U,Zenit-4MKT 27,Retired,,Success
Arianespace,"Ariane Launch Area 1 (ELV), Guiana Space Centre, French Guiana",1985-09-12,23:26:00,Ariane 3,ECS 3 & Spacenet 3,Retired,,Failure
RVSN USSR,"1/5, Baikonur Cosmodrome, Republic of Kazakhstan",1985-09-17,12:38:52,Soyuz-U2,Soyuz T-14,Retired,,Success
RVSN USSR,"90, Baikonur Cosmodrome, Republic of Kazakhstan",1985-09-19,01:32:00,Tsiklon-2,US-P 22,Retired,12,Success
RVSN USSR,"41/1, Plesetsk Cosmodrome, Russian Federation",1985-09-19,10:10:00,Soyuz U,Zenit-8 21,Retired,,Success
RVSN USSR,"43/4 (43R), Plesetsk Cosmodrome, Russian Federation",1985-09-24,01:18:10,Molniya-M 2BL,US-K 42,Retired,,Success
RVSN USSR,"16/2, Plesetsk Cosmodrome, Russian Federation",1985-09-26,11:15:00,Soyuz U,Zenit-8 22,Retired,,Success
RVSN USSR,"200/39 (200L), Baikonur Cosmodrome, Republic of Kazakhstan",1985-09-27,08:41:42,Proton-K,TKS-M,Retired,,Success
US Air Force,"Launch Complex 36B, Cape Canaveral SFS, FL, USA",1985-09-28,23:17:00,Atlas G Centaur,Intelsat 512,Retired,,Success
RVSN USSR,"16/2, Plesetsk Cosmodrome, Russian Federation",1985-09-30,19:23:20,Molniya-M 2BL,US-K 43,Retired,,Success
RVSN USSR,"107/1, Kapustin Yar, Russian Federation",1985-10-02,09:00:00,Kosmos-3M (11K65M),Taifun-2 21,Retired,,Success
RVSN USSR,"31/6, Baikonur Cosmodrome, Republic of Kazakhstan",1985-10-03,05:48:00,Vostok 8A92M,Resurs-O1 1,Retired,,Success
RVSN USSR,"43/4 (43R), Plesetsk Cosmodrome, Russian Federation",1985-10-03,07:33:00,Molniya-M 2BL,Molniya-3 38L,Retired,,Success
Lockheed Space Operations Company,"Launch Complex 39A, Kennedy Space Center, FL, USA",1985-10-03,15:15:30,Space Shuttle,STS-51-J,Retired,450,Success
US Air Force,"Space Launch Complex 3W, Vandenberg SFB, CA, USA",1985-10-09,02:53:00,Atlas E/SGS-2,GPS 11,Retired,,Success
RVSN USSR,"32/1, Plesetsk Cosmodrome, Russian Federation",1985-10-09,21:35:00,Tsiklon-3,Strela-3 7 to 12,Retired,15,Success
RVSN USSR,"31/6, Baikonur Cosmodrome, Republic of Kazakhstan",1985-10-16,09:25:00,Soyuz U,Zenit-8 23,Retired,,Success
Ministry of Space Industry,"Launch Area 2B, Jiuquan Satellite Launch Center, People's Republic of China",1985-10-21,05:04:00,Long March 2C,FSW-0 7,Active,,Success
RVSN USSR,"45/1, Baikonur Cosmodrome, Republic of Kazakhstan",1985-10-22,07:00:00,Zenit-2,GVM Tselina-2,Retired,,Success
RVSN USSR,"43/4 (43R), Plesetsk Cosmodrome, Russian Federation",1985-10-22,20:24:07,Molniya-M 2BL,US-K 44,Retired,,Success
RVSN USSR,"1/5, Baikonur Cosmodrome, Republic of Kazakhstan",1985-10-23,00:42:07,Molniya-M 2BL,Molniya-1T 65,Retired,,Success
RVSN USSR,"133/3 (133L), Plesetsk Cosmodrome, Russian Federation",1985-10-23,17:24:00,Kosmos-3M (11K65M),Parus 50,Retired,,Failure
RVSN USSR,"32/1, Plesetsk Cosmodrome, Russian Federation",1985-10-24,02:30:00,Tsiklon-3,Meteor-3 1,Retired,15,Success
RVSN USSR,"16/2, Plesetsk Cosmodrome, Russian Federation",1985-10-25,14:40:00,Soyuz U,Yantar-4K2 18,Retired,,Success
RVSN USSR,"200/40, Baikonur Cosmodrome, Republic of Kazakhstan",1985-10-25,15:45:00,Proton K/DM-2,Luch #1,Retired,,Success
RVSN USSR,"43/4 (43R), Plesetsk Cosmodrome, Russian Federation",1985-10-28,17:24:58,Molniya-M 2BL,Molniya-1T 66,Retired,,Success
Lockheed Space Operations Company,"Launch Complex 39A, Kennedy Space Center, FL, USA",1985-10-30,17:00:00,Space Shuttle,STS-61-A,Retired,450,Success
RVSN USSR,"41/1, Plesetsk Cosmodrome, Russian Federation",1985-11-09,08:25:27,Molniya-M 2BL,US-K 45,Retired,,Success
RVSN USSR,"16/2, Plesetsk Cosmodrome, Russian Federation",1985-11-13,12:25:00,Soyuz U,Zenit-8 24,Retired,,Success
RVSN USSR,"200/39 (200L), Baikonur Cosmodrome, Republic of Kazakhstan",1985-11-15,14:29:00,Proton-K/DM,Raduga 17,Retired,,Success
RVSN USSR,"32/2, Plesetsk Cosmodrome, Russian Federation",1985-11-22,22:20:00,Tsiklon-3,Tselina-D 51,Retired,15,Success
Lockheed Space Operations Company,"Launch Complex 39A, Kennedy Space Center, FL, USA",1985-11-27,00:29:00,Space Shuttle,STS-61-B,Retired,450,Success
RVSN USSR,"133/3 (133L), Plesetsk Cosmodrome, Russian Federation",1985-11-28,13:12:41,Kosmos-3M (11K65M),Parus 51,Retired,,Success
RVSN USSR,"16/2, Plesetsk Cosmodrome, Russian Federation",1985-12-03,12:15:00,Soyuz U,Zenit-8 25,Retired,,Success
RVSN USSR,"16/2, Plesetsk Cosmodrome, Russian Federation",1985-12-11,14:40:00,Soyuz U,Yantar-4K2 19,Retired,,Success
RVSN USSR,"32/1, Plesetsk Cosmodrome, Russian Federation",1985-12-12,15:51:00,Tsiklon-3,Tselina-D 52,Retired,15,Success
US Air Force,"Launch Area 3A, Wallops Flight Facility, Virginia, USA",1985-12-13,02:35:00,Scout G-1,ITV 1 & 2,Retired,8.66,Success
RVSN USSR,"43/4 (43R), Plesetsk Cosmodrome, Russian Federation",1985-12-13,07:45:00,Soyuz U,Resurs-F1 17F41 56L,Retired,,Success
RVSN USSR,"132/1 (132L), Plesetsk Cosmodrome, Russian Federation",1985-12-19,08:46:55,Kosmos-3M (11K65M),Parus 52,Retired,,Success
RVSN USSR,"43/4 (43R), Plesetsk Cosmodrome, Russian Federation",1985-12-24,18:56:00,Molniya-M 2BL,Molniya-3 40L,Retired,,Success
RVSN USSR,"200/39 (200L), Baikonur Cosmodrome, Republic of Kazakhstan",1985-12-24,21:43:28,Proton K/DM-2,Uragan 12 & 13,Retired,,Success
RVSN USSR,"32/1, Plesetsk Cosmodrome, Russian Federation",1985-12-26,01:50:00,Tsiklon-3,Meteor-2 13,Retired,15,Success
RVSN USSR,"41/1, Plesetsk Cosmodrome, Russian Federation",1985-12-27,17:06:00,Soyuz U,Efir 2,Retired,,Success
RVSN USSR,"45/1, Baikonur Cosmodrome, Republic of Kazakhstan",1985-12-28,09:16:30,Zenit-2,Tselina-2 3,Retired,,Success
RVSN USSR,"43/4 (43R), Plesetsk Cosmodrome, Russian Federation",1986-01-08,11:25:00,Soyuz U,Zenit-8 26,Retired,,Success
RVSN USSR,"132/2, Plesetsk Cosmodrome, Russian Federation",1986-01-09,02:48:00,Kosmos-3M (11K65M),Strela-1M 297-304,Retired,,Success
Lockheed Space Operations Company,"Launch Complex 39A, Kennedy Space Center, FL, USA",1986-01-12,11:55:00,Space Shuttle,STS-61-C,Retired,450,Success
RVSN USSR,"41/1, Plesetsk Cosmodrome, Russian Federation",1986-01-15,14:20:00,Soyuz U,Yantar-4K2 20,Retired,,Success
RVSN USSR,"132/1 (132L), Plesetsk Cosmodrome, Russian Federation",1986-01-16,11:38:19,Kosmos-3M (11K65M),Parus 53,Retired,,Success
RVSN USSR,"32/1, Plesetsk Cosmodrome, Russian Federation",1986-01-17,07:21:09,Tsiklon-3,Tselina-D 53,Retired,15,Success
RVSN USSR,"200/40, Baikonur Cosmodrome, Republic of Kazakhstan",1986-01-17,10:20:00,Proton-K/DM,Raduga 18,Retired,,Success
RVSN USSR,"132/1 (132L), Plesetsk Cosmodrome, Russian Federation",1986-01-23,18:52:58,Kosmos-3M (11K65M),Tsikada 13,Retired,,Success
RVSN USSR,"1/5, Baikonur Cosmodrome, Republic of Kazakhstan",1986-01-28,08:35:00,Soyuz U,Zenit-8 27,Retired,,Success
Lockheed Space Operations Company,"Launch Complex 39B, Kennedy Space Center, FL, USA",1986-01-28,16:38:00,Space Shuttle,STS-51-L,Retired,450,Failure
Ministry of Space Industry,"Launch Complex 3 (LC-3/LA-1), Xichang Satellite Launch Center, People's Republic of China",1986-02-01,12:37:00,Long March 3,DFH-2A 1,Retired,,Success
RVSN USSR,"16/2, Plesetsk Cosmodrome, Russian Federation",1986-02-01,18:11:56,Molniya-M 2BL,US-K 46,Retired,,Success
RVSN USSR,"41/1, Plesetsk Cosmodrome, Russian Federation",1986-02-04,11:15:00,Soyuz U,Zenit-8 28,Retired,,Success
RVSN USSR,"1/5, Baikonur Cosmodrome, Republic of Kazakhstan",1986-02-07,08:45:00,Soyuz U,Yantar-4KS1 4,Retired,,Success
US Air Force,"Space Launch Complex 3E, Vandenberg SFB, CA, USA",1986-02-09,10:06:00,Atlas H,"Parcae 8A,B,C & MSD 8",Retired,,Success
RVSN USSR,"32/2, Plesetsk Cosmodrome, Russian Federation",1986-02-11,06:56:00,Tsiklon-3,Geo-IK 7,Retired,15,Success
National Space Development Agency of Japan,"Osaki Launch Complex, Tanegashima Space Center, Japan",1986-02-12,07:55:00,N-2,Yuri 2B,Retired,,Success
RVSN USSR,"200/39 (200L), Baikonur Cosmodrome, Republic of Kazakhstan",1986-02-19,21:28:23,Proton-K,Mir,Retired,,Success
RVSN USSR,"32/1, Plesetsk Cosmodrome, Russian Federation",1986-02-19,23:04:00,Tsiklon-3,Tselina-D 54,Retired,15,Success
Arianespace,"Ariane Launch Area 1 (ELV), Guiana Space Centre, French Guiana",1986-02-22,01:44:35,Ariane 1,SPOT 1 & Viking,Retired,,Success
RVSN USSR,"43/4 (43R), Plesetsk Cosmodrome, Russian Federation",1986-02-26,13:39:59,Soyuz U,Yantar-4K2 21,Retired,,Success
RVSN USSR,"90, Baikonur Cosmodrome, Republic of Kazakhstan",1986-02-27,01:44:00,Tsiklon-2,US-P 23,Retired,12,Success
RVSN USSR,"1/5, Baikonur Cosmodrome, Republic of Kazakhstan",1986-03-13,12:33:09,Soyuz-U2,Soyuz T-15,Retired,,Success
RVSN USSR,"1/5, Baikonur Cosmodrome, Republic of Kazakhstan",1986-03-19,10:08:25,Soyuz-U2,,Retired,,Success
RVSN USSR,"90, Baikonur Cosmodrome, Republic of Kazakhstan",1986-03-21,10:05:00,Tsiklon-2,US-A 28,Retired,12,Success
RVSN USSR,"90, Baikonur Cosmodrome, Republic of Kazakhstan",1986-03-25,19:26:00,Tsiklon-2,US-P 24,Retired,12,Success
RVSN USSR,"31/6, Baikonur Cosmodrome, Republic of Kazakhstan",1986-03-26,10:30:00,Soyuz U,Zenit-8 29,Retired,,Failure
Arianespace,"Ariane Launch Area 2, Guiana Space Centre, French Guiana",1986-03-28,23:30:00,Ariane 3,Gstar 2 & Brasilsat A2,Retired,,Success
RVSN USSR,"200/40, Baikonur Cosmodrome, Republic of Kazakhstan",1986-04-04,03:45:00,Proton-K/DM,Potok 3,Retired,,Success
RVSN USSR,"31/6, Baikonur Cosmodrome, Republic of Kazakhstan",1986-04-09,08:00:00,Soyuz U,Yantar-4K2 22,Retired,,Success
RVSN USSR,"16/2, Plesetsk Cosmodrome, Russian Federation",1986-04-15,11:40:00,Soyuz U,Zenit-8 30,Retired,,Success
RVSN USSR,"132/1 (132L), Plesetsk Cosmodrome, Russian Federation",1986-04-17,21:02:00,Kosmos-3M (11K65M),Strela-2M 38,Retired,,Success
US Air Force,"Space Launch Complex 4E, Vandenberg SFB, CA, USA",1986-04-18,18:45:01,Titan 34D,KH-9 20,Retired,150,Failure
RVSN USSR,"41/1, Plesetsk Cosmodrome, Russian Federation",1986-04-18,19:50:02,Molniya-M 2BL,Molniya-3 43L,Retired,,Success
RVSN USSR,"1/5, Baikonur Cosmodrome, Republic of Kazakhstan",1986-04-23,19:40:05,Soyuz-U2,,Retired,,Success
US Air Force,"Space Launch Complex 17A, Cape Canaveral SFS, FL, USA",1986-05-03,22:18:00,Delta 3914,GOES G,Retired,,Failure
RVSN USSR,"16/2, Plesetsk Cosmodrome, Russian Federation",1986-05-14,12:40:00,Soyuz U,Zenit-8 31,Retired,,Success
RVSN USSR,"32/1, Plesetsk Cosmodrome, Russian Federation",1986-05-15,04:26:00,Tsiklon-3,Tselina-D 55,Retired,15,Success
RVSN USSR,"1/5, Baikonur Cosmodrome, Republic of Kazakhstan",1986-05-21,08:21:51,Soyuz-U2,,Retired,,Success
RVSN USSR,"41/1, Plesetsk Cosmodrome, Russian Federation",1986-05-21,16:30:00,Soyuz U,Foton 2,Retired,,Success
RVSN USSR,"132/1 (132L), Plesetsk Cosmodrome, Russian Federation",1986-05-23,12:54:22,Kosmos-3M (11K65M),Parus 54,Retired,,Success
RVSN USSR,"200/39 (200L), Baikonur Cosmodrome, Republic of Kazakhstan",1986-05-24,01:42:00,Proton-K/DM,Ekran,Retired,,Success
RVSN USSR,"32/1, Plesetsk Cosmodrome, Russian Federation",1986-05-27,09:30:00,Tsiklon-3,Meteor-2 14,Retired,15,Success
RVSN USSR,"43/4 (43R), Plesetsk Cosmodrome, Russian Federation",1986-05-28,07:50:01,Soyuz U,Resurs-F1 17F41 58L,Retired,,Success
RVSN USSR,"31/6, Baikonur Cosmodrome, Republic of Kazakhstan",1986-05-29,09:20:00,Soyuz U,Zenit-8 32,Retired,,Success
Arianespace,"Ariane Launch Area 1 (ELV), Guiana Space Centre, French Guiana",1986-05-31,00:53:03,Ariane 2,Intelsat 514,Retired,,Failure
RVSN USSR,"132/1 (132L), Plesetsk Cosmodrome, Russian Federation",1986-06-06,03:57:00,Kosmos-3M (11K65M),Strela-1M 305-312,Retired,,Success
RVSN USSR,"31/6, Baikonur Cosmodrome, Republic of Kazakhstan",1986-06-06,12:40:00,Soyuz U,Yantar-4K2 23,Retired,,Success
RVSN USSR,"200/40, Baikonur Cosmodrome, Republic of Kazakhstan",1986-06-10,00:49:00,Proton-K/DM,Gorizont 12,Retired,,Success
RVSN USSR,"43/4 (43R), Plesetsk Cosmodrome, Russian Federation",1986-06-11,07:44:59,Soyuz U,Zenit-8 33,Retired,,Success
RVSN USSR,"32/1, Plesetsk Cosmodrome, Russian Federation",1986-06-12,04:43:00,Tsiklon-3,Tselina-D 56,Retired,15,Success
RVSN USSR,"132/1 (132L), Plesetsk Cosmodrome, Russian Federation",1986-06-18,20:03:49,Kosmos-3M (11K65M),Parus 55,Retired,,Success
RVSN USSR,"1/5, Baikonur Cosmodrome, Republic of Kazakhstan",1986-06-19,10:30:00,Soyuz U,Zenit-8 34,Retired,,Success
RVSN USSR,"41/1, Plesetsk Cosmodrome, Russian Federation",1986-06-19,21:09:00,Molniya-M 2BL,Molniya-3 44L,Retired,,Success
RVSN USSR,"43/4 (43R), Plesetsk Cosmodrome, Russian Federation",1986-07-05,01:16:46,Molniya-M 2BL,US-K 47,Retired,,Success
RVSN USSR,"16/2, Plesetsk Cosmodrome, Russian Federation",1986-07-10,08:00:00,Soyuz U,Resurs-F1 17F40 59L 1,Retired,,Success
RVSN USSR,"133/3 (133L), Plesetsk Cosmodrome, Russian Federation",1986-07-16,04:21:00,Kosmos-3M (11K65M),Strela-2M 39,Retired,,Success
RVSN USSR,"31/6, Baikonur Cosmodrome, Republic of Kazakhstan",1986-07-17,12:30:00,Soyuz U,Yantar-4K2 24,Retired,,Success
RVSN USSR,"16/2, Plesetsk Cosmodrome, Russian Federation",1986-07-24,12:30:01,Soyuz U,Zenit-8 35,Retired,,Success
RVSN USSR,"32/2, Plesetsk Cosmodrome, Russian Federation",1986-07-28,21:07:59,Tsiklon-3,Okean-O1 1,Retired,15,Success
RVSN USSR,"45/1, Baikonur Cosmodrome, Republic of Kazakhstan",1986-07-30,08:30:00,Zenit-2,GVM Tselina-2,Retired,,Success
RVSN USSR,"43/4 (43R), Plesetsk Cosmodrome, Russian Federation",1986-07-30,15:06:00,Molniya-M 2BL,Molniya-1T 67,Retired,,Success
RVSN USSR,"16/2, Plesetsk Cosmodrome, Russian Federation",1986-08-02,09:20:00,Soyuz U,Resurs-F1 17F40 60L 2,Retired,,Success
RVSN USSR,"90, Baikonur Cosmodrome, Republic of Kazakhstan",1986-08-04,05:08:00,Tsiklon-2,US-P 25,Retired,12,Success
RVSN USSR,"1/5, Baikonur Cosmodrome, Republic of Kazakhstan",1986-08-06,13:30:00,Soyuz U,Yantar-4KS1 5,Retired,,Success
MHI,"Osaki Launch Complex, Tanegashima Space Center, Japan",1986-08-12,20:45:00,H-I,Ajisai,Retired,,Success
RVSN USSR,"90, Baikonur Cosmodrome, Republic of Kazakhstan",1986-08-20,12:58:00,Tsiklon-2,US-A 29,Retired,12,Success
RVSN USSR,"43/4 (43R), Plesetsk Cosmodrome, Russian Federation",1986-08-21,11:05:00,Soyuz U,Zenit-8 36,Retired,,Success
RVSN USSR,"31/6, Baikonur Cosmodrome, Republic of Kazakhstan",1986-08-27,11:40:00,Soyuz U,Yantar-4K2 25,Retired,,Success
RVSN USSR,"16/2, Plesetsk Cosmodrome, Russian Federation",1986-08-28,08:02:43,Molniya-M 2BL,US-K 48,Retired,,Success
RVSN USSR,"31/6, Baikonur Cosmodrome, Republic of Kazakhstan",1986-09-03,07:59:59,Soyuz U,Zenit-8 37 (Kosmos 1775),Retired,,Success
RVSN USSR,"132/1 (132L), Plesetsk Cosmodrome, Russian Federation",1986-09-03,09:00:00,Kosmos-3M (11K65M),Taifun-2 22,Retired,,Success
RVSN USSR,"43/4 (43R), Plesetsk Cosmodrome, Russian Federation",1986-09-05,09:12:59,Molniya-M 2BL,Molniya-1T 68,Retired,,Success
US Air Force,"Space Launch Complex 17B, Cape Canaveral SFS, FL, USA",1986-09-05,15:08:01,Delta 3920,VSE & VSE Target,Retired,,Success
RVSN USSR,"133/3 (133L), Plesetsk Cosmodrome, Russian Federation",1986-09-10,01:45:00,Kosmos-3M (11K65M),Strela-2M 40,Retired,,Success
RVSN USSR,"200/40, Baikonur Cosmodrome, Republic of Kazakhstan",1986-09-16,11:38:09,Proton K/DM-2,Uragan 14 to 16,Retired,,Success
RVSN USSR,"31/6, Baikonur Cosmodrome, Republic of Kazakhstan",1986-09-17,07:59:00,Soyuz U,Zenit-8 38,Retired,,Success
US Air Force,"Space Launch Complex 3W, Vandenberg SFB, CA, USA",1986-09-17,15:52:00,SM-65E Atlas,NOAA 10,Retired,,Success
RVSN USSR,"32/1, Plesetsk Cosmodrome, Russian Federation",1986-09-30,18:34:00,Tsiklon-3,Tselina-D 57,Retired,15,Success
RVSN USSR,"41/1, Plesetsk Cosmodrome, Russian Federation",1986-10-03,13:05:41,Molniya-M 2BL,US-K 49,Retired,,Failure
Ministry of Space Industry,"Launch Area 2B, Jiuquan Satellite Launch Center, People's Republic of China",1986-10-06,05:40:00,Long March 2C,FSW-0 8,Active,,Success
RVSN USSR,"1/5, Baikonur Cosmodrome, Republic of Kazakhstan",1986-10-06,07:40:00,Soyuz U,Yantar-1KFT 6,Retired,,Success
RVSN USSR,"32/2, Plesetsk Cosmodrome, Russian Federation",1986-10-15,05:24:08,Tsiklon-3,Strela-3 13 to 18,Retired,15,Failure
RVSN USSR,"41/1, Plesetsk Cosmodrome, Russian Federation",1986-10-15,09:29:18,Molniya-M 2BL,US-K 50 (Kosmos 1785),Retired,,Success
RVSN USSR,"43/4 (43R), Plesetsk Cosmodrome, Russian Federation",1986-10-20,08:49:00,Molniya-M 2BL,Molniya-3 41L,Retired,,Success
RVSN USSR,"45/1, Baikonur Cosmodrome, Republic of Kazakhstan",1986-10-22,08:00:00,Zenit-2,Taifun-1B 9,Retired,,Success
RVSN USSR,"1/5, Baikonur Cosmodrome, Republic of Kazakhstan",1986-10-22,09:00:00,Soyuz U,Zenit-8 39,Retired,,Success
RVSN USSR,"200/40, Baikonur Cosmodrome, Republic of Kazakhstan",1986-10-25,15:43:00,Proton-K/DM,Raduga 19,Retired,,Success
RVSN USSR,"133/3 (133L), Plesetsk Cosmodrome, Russian Federation",1986-10-27,12:40:00,Kosmos-3M (11K65M),Taifun-1 19,Retired,,Success
RVSN USSR,"16/2, Plesetsk Cosmodrome, Russian Federation",1986-10-31,08:00:00,Soyuz U,Resurs-F1 17F40 61L 3,Retired,,Success
RVSN USSR,"16/2, Plesetsk Cosmodrome, Russian Federation",1986-11-04,11:50:00,Soyuz U,Zenit-8 40,Retired,,Success
RVSN USSR,"132/2, Plesetsk Cosmodrome, Russian Federation",1986-11-13,06:10:25,Kosmos-3M (11K65M),Tsikada 14,Retired,,Success
RVSN USSR,"31/6, Baikonur Cosmodrome, Republic of Kazakhstan",1986-11-13,10:59:59,Soyuz U,Yantar-4K2 26,Retired,,Success
US Air Force,"Space Launch Complex 5, Vandenberg SFB, CA, USA",1986-11-14,00:23:00,Scout G-1,Polar Bear,Retired,8.66,Success
RVSN USSR,"41/1, Plesetsk Cosmodrome, Russian Federation",1986-11-15,21:35:00,Molniya-M 2BL,Molniya-1T 69,Retired,,Success
RVSN USSR,"200/39 (200L), Baikonur Cosmodrome, Republic of Kazakhstan",1986-11-18,14:08:03,Proton-K/DM,Gorizont 13,Retired,,Success
RVSN USSR,"16/2, Plesetsk Cosmodrome, Russian Federation",1986-11-20,12:09:20,Molniya-M 2BL,US-K 51,Retired,,Success
RVSN USSR,"132/2, Plesetsk Cosmodrome, Russian Federation",1986-11-21,02:00:00,Kosmos-3M (11K65M),Strela-1M 313-320,Retired,,Success
RVSN USSR,"132/2, Plesetsk Cosmodrome, Russian Federation",1986-11-24,21:43:13,Kosmos-3M (11K65M),Parus 56,Retired,,Success
RVSN USSR,"200/40, Baikonur Cosmodrome, Republic of Kazakhstan",1986-11-29,08:00:00,Proton-K,Almaz-T 1,Retired,,Failure
RVSN USSR,"32/1, Plesetsk Cosmodrome, Russian Federation",1986-12-02,07:00:00,Tsiklon-3,Geo-IK 8,Retired,15,Success
RVSN USSR,"1/5, Baikonur Cosmodrome, Republic of Kazakhstan",1986-12-04,10:10:00,Soyuz U,Zenit-8 41,Retired,,Success
US Air Force,"Launch Complex 36B, Cape Canaveral SFS, FL, USA",1986-12-05,02:30:01,Atlas G Centaur,FLTSATCOM F7,Retired,,Success
RVSN USSR,"32/2, Plesetsk Cosmodrome, Russian Federation",1986-12-10,07:30:00,Tsiklon-3,Tselina-R 1,Retired,15,Success
RVSN USSR,"43/4 (43R), Plesetsk Cosmodrome, Russian Federation",1986-12-12,18:35:36,Molniya-M 2BL,US-K 52,Retired,,Success
RVSN USSR,"41/1, Plesetsk Cosmodrome, Russian Federation",1986-12-16,14:00:00,Soyuz U,Yantar-4K2 27,Retired,,Success
RVSN USSR,"132/1 (132L), Plesetsk Cosmodrome, Russian Federation",1986-12-17,17:02:32,Kosmos-3M (11K65M),Parus 57,Retired,,Success
RVSN USSR,"32/2, Plesetsk Cosmodrome, Russian Federation",1986-12-18,08:00:00,Tsiklon-3,Ionozond-E,Retired,15,Success
RVSN USSR,"1/5, Baikonur Cosmodrome, Republic of Kazakhstan",1986-12-26,11:00:00,Soyuz U,Yantar-4KS1 6,Retired,,Success
RVSN USSR,"43/3 (43L), Plesetsk Cosmodrome, Russian Federation",1986-12-26,15:25:59,Molniya-M 2BL,Molniya-1T 70,Retired,,Success
RVSN USSR,"32/2, Plesetsk Cosmodrome, Russian Federation",1987-01-05,01:20:00,Tsiklon-3,Meteor-2 15,Retired,15,Success
RVSN USSR,"31/6, Baikonur Cosmodrome, Republic of Kazakhstan",1987-01-09,12:38:04,Soyuz U,Yantar-4K2 28,Retired,,Success
RVSN USSR,"32/2, Plesetsk Cosmodrome, Russian Federation",1987-01-14,09:05:00,Tsiklon-3,Tselina-D 58,Retired,15,Success
RVSN USSR,"43/3 (43L), Plesetsk Cosmodrome, Russian Federation",1987-01-15,11:20:00,Soyuz U,Zenit-8 42,Retired,,Success
RVSN USSR,"1/5, Baikonur Cosmodrome, Republic of Kazakhstan",1987-01-16,06:06:23,Soyuz-U2,,Retired,,Success
RVSN USSR,"132/2, Plesetsk Cosmodrome, Russian Federation",1987-01-21,09:10:00,Kosmos-3M (11K65M),Strela-2M 41,Retired,,Success
RVSN USSR,"107/1, Kapustin Yar, Russian Federation",1987-01-22,07:00:00,Kosmos-3M (11K65M),Taifun-2 23,Retired,,Success
RVSN USSR,"41/1, Plesetsk Cosmodrome, Russian Federation",1987-01-22,16:06:00,Molniya-M 2BL,Molniya-3 42L,Retired,,Success
RVSN USSR,"132/2, Plesetsk Cosmodrome, Russian Federation",1987-01-29,06:14:57,Kosmos-3M (11K65M),Tsikada 15,Retired,,Success
RVSN USSR,"200/40, Baikonur Cosmodrome, Republic of Kazakhstan",1987-01-30,09:19:00,Proton K/DM-2,Ekran-M 11L,Retired,,Failure
RVSN USSR,"90, Baikonur Cosmodrome, Republic of Kazakhstan",1987-02-01,23:30:00,Tsiklon-2,Plasma-A 1,Retired,12,Success
Institute of Space and Astronautical Science,"Mu Center, Uchinoura Space Center, Japan",1987-02-05,06:30:00,Mu-3S-II,Ginga,Retired,,Success
RVSN USSR,"1/5, Baikonur Cosmodrome, Republic of Kazakhstan",1987-02-05,21:38:16,Soyuz-U2,Soyuz TM-2,Retired,,Success
RVSN USSR,"43/4 (43R), Plesetsk Cosmodrome, Russian Federation",1987-02-07,10:30:00,Soyuz U,Zenit-8 43,Retired,,Success
US Air Force,"Space Launch Complex 4W, Vandenberg SFB, CA, USA",1987-02-12,06:40:00,Titan 34B,Quasar 7,Retired,25.81,Success
RVSN USSR,"45/1, Baikonur Cosmodrome, Republic of Kazakhstan",1987-02-14,08:30:00,Zenit-2,GVM Tselina-2,Retired,,Success
RVSN USSR,"132/2, Plesetsk Cosmodrome, Russian Federation",1987-02-18,13:53:20,Kosmos-3M (11K65M),Parus 58,Retired,,Success
National Space Development Agency of Japan,"Osaki Launch Complex, Tanegashima Space Center, Japan",1987-02-19,01:23:00,N-2,Momo 1a,Retired,,Success
RVSN USSR,"16/2, Plesetsk Cosmodrome, Russian Federation",1987-02-19,10:15:00,Soyuz U,Zenit-8 44,Retired,,Success
RVSN USSR,"32/2, Plesetsk Cosmodrome, Russian Federation",1987-02-20,04:43:00,Tsiklon-3,Geo-IK 9,Retired,15,Success
RVSN USSR,"41/1, Plesetsk Cosmodrome, Russian Federation",1987-02-26,13:30:00,Soyuz U,Yantar-4K2 29,Retired,,Success
US Air Force,"Space Launch Complex 17A, Cape Canaveral SFS, FL, USA",1987-02-26,23:05:00,Delta 3924,GOES 7,Retired,,Success
RVSN USSR,"1/5, Baikonur Cosmodrome, Republic of Kazakhstan",1987-03-03,11:14:05,Soyuz-U2,,Retired,,Success
RVSN USSR,"32/2, Plesetsk Cosmodrome, Russian Federation",1987-03-03,15:03:00,Tsiklon-3,Tselina-D 59,Retired,15,Success
RVSN USSR,"16/2, Plesetsk Cosmodrome, Russian Federation",1987-03-11,10:25:00,Soyuz U,Zenit-8 45,Retired,,Success
RVSN USSR,"32/2, Plesetsk Cosmodrome, Russian Federation",1987-03-13,13:11:56,Tsiklon-3,Strela-3 19 to 24,Retired,15,Success
RVSN USSR,"45/1, Baikonur Cosmodrome, Republic of Kazakhstan",1987-03-18,08:30:00,Zenit-2,GVM Tselina-2,Retired,,Success
RVSN USSR,"200/40, Baikonur Cosmodrome, Republic of Kazakhstan",1987-03-19,03:54:00,Proton-K/DM,Raduga 20,Retired,,Success
US Air Force,"Space Launch Complex 17B, Cape Canaveral SFS, FL, USA",1987-03-20,22:22:00,Delta 3920/PAM,Palapa B2P,Retired,,Success
ISRO,"SLV-3 Launch Pad, Satish Dhawan Space Centre, India",1987-03-24,06:39:00,ASLV,SROSS-A,Retired,,Failure
US Air Force,"Launch Complex 36B, Cape Canaveral SFS, FL, USA",1987-03-26,21:22:00,Atlas G Centaur,FLTSATCOM F6,Retired,,Failure
RVSN USSR,"200/39 (200L), Baikonur Cosmodrome, Republic of Kazakhstan",1987-03-31,00:06:16,Proton-K,Kvant,Retired,,Success
RVSN USSR,"90, Baikonur Cosmodrome, Republic of Kazakhstan",1987-04-08,03:51:21,Tsiklon-2,US-P 26,Retired,12,Success
RVSN USSR,"1/5, Baikonur Cosmodrome, Republic of Kazakhstan",1987-04-09,11:44:00,Soyuz U,Yantar-4K2 30,Retired,,Success
RVSN USSR,"1/5, Baikonur Cosmodrome, Republic of Kazakhstan",1987-04-16,06:18:00,Soyuz U,Yantar-4KS1 7,Retired,,Success
RVSN USSR,"1/5, Baikonur Cosmodrome, Republic of Kazakhstan",1987-04-21,15:14:17,Soyuz-U2,,Retired,,Success
RVSN USSR,"43/3 (43L), Plesetsk Cosmodrome, Russian Federation",1987-04-22,09:10:01,Soyuz U,Zenit-8 46,Retired,,Success
RVSN USSR,"200/40, Baikonur Cosmodrome, Republic of Kazakhstan",1987-04-24,12:42:54,Proton K/DM-2,Uragan 17 to 19,Retired,,Failure
RVSN USSR,"41/1, Plesetsk Cosmodrome, Russian Federation",1987-04-24,16:59:59,Soyuz U,Foton 3,Retired,,Success
RVSN USSR,"32/2, Plesetsk Cosmodrome, Russian Federation",1987-04-27,00:00:00,Tsiklon-3,Tselina-D 60,Retired,15,Success
RVSN USSR,"31/6, Baikonur Cosmodrome, Republic of Kazakhstan",1987-05-05,09:15:00,Soyuz U,Zenit-8 47,Retired,,Success
RVSN USSR,"200/39 (200L), Baikonur Cosmodrome, Republic of Kazakhstan",1987-05-11,14:45:00,Proton-K/DM,Gorizont 14,Retired,,Success
RVSN USSR,"45/1, Baikonur Cosmodrome, Republic of Kazakhstan",1987-05-13,05:40:00,Zenit-2,Tselina-2 4,Retired,,Success
RVSN USSR,"31/6, Baikonur Cosmodrome, Republic of Kazakhstan",1987-05-13,06:00:00,Soyuz U,Zenit-8 48,Retired,,Success
US Air Force,"Space Launch Complex 3E, Vandenberg SFB, CA, USA",1987-05-15,15:45:00,Atlas H,"Parcae 9A,B,C & MSD 9",Retired,,Success
RVSN USSR,"250, Baikonur Cosmodrome, Republic of Kazakhstan",1987-05-15,17:30:01,Energiya,Polyus,Retired,,Failure
RVSN USSR,"1/5, Baikonur Cosmodrome, Republic of Kazakhstan",1987-05-19,04:02:10,Soyuz-U2,,Retired,,Success
RVSN USSR,"43/4 (43R), Plesetsk Cosmodrome, Russian Federation",1987-05-21,07:44:59,Soyuz U,Resurs-F1 17F40 104L 4,Retired,,Success
RVSN USSR,"16/2, Plesetsk Cosmodrome, Russian Federation",1987-05-26,13:39:59,Soyuz U,Yantar-4K2 31,Retired,,Success
RVSN USSR,"43/4 (43R), Plesetsk Cosmodrome, Russian Federation",1987-05-28,12:45:00,Soyuz U,Zenit-8 49,Retired,,Success
RVSN USSR,"16/2, Plesetsk Cosmodrome, Russian Federation",1987-06-04,18:50:23,Molniya-M 2BL,US-K 53,Retired,,Success
RVSN USSR,"132/1 (132L), Plesetsk Cosmodrome, Russian Federation",1987-06-09,14:45:00,Kosmos-3M (11K65M),Strela-2M 42,Retired,,Success
RVSN USSR,"43/4 (43R), Plesetsk Cosmodrome, Russian Federation",1987-06-12,07:40:28,Molniya-M 2BL,US-K 54,Retired,,Success
RVSN USSR,"132/1 (132L), Plesetsk Cosmodrome, Russian Federation",1987-06-16,17:51:00,Kosmos-3M (11K65M),Strela-1M 321-328,Retired,,Success
RVSN USSR,"43/3 (43L), Plesetsk Cosmodrome, Russian Federation",1987-06-18,07:24:59,Soyuz U,Resurs-F1 17F40 105L 5,Retired,,Failure
RVSN USSR,"90, Baikonur Cosmodrome, Republic of Kazakhstan",1987-06-18,21:33:00,Tsiklon-2,US-A 30,Retired,12,Success
US Air Force,"Space Launch Complex 3W, Vandenberg SFB, CA, USA",1987-06-20,02:34:00,SM-65E Atlas,DMSP-5D2 F8,Retired,,Success
RVSN USSR,"132/1 (132L), Plesetsk Cosmodrome, Russian Federation",1987-06-23,07:37:58,Kosmos-3M (11K65M),Tsikada 16,Retired,,Success
RVSN USSR,"32/2, Plesetsk Cosmodrome, Russian Federation",1987-07-01,19:35:00,Tsiklon-3,Tselina-D 61,Retired,15,Success
RVSN USSR,"41/1, Plesetsk Cosmodrome, Russian Federation",1987-07-04,12:25:00,Soyuz U,Zenit-8 50,Retired,,Success
RVSN USSR,"132/2, Plesetsk Cosmodrome, Russian Federation",1987-07-06,21:59:27,Kosmos-3M (11K65M),Parus 59,Retired,,Success
RVSN USSR,"1/5, Baikonur Cosmodrome, Republic of Kazakhstan",1987-07-08,10:59:00,Soyuz U,Yantar-1KFT 7,Retired,,Success
RVSN USSR,"16/2, Plesetsk Cosmodrome, Russian Federation",1987-07-09,16:10:00,Soyuz U,Yantar-4K2 32,Retired,,Success
RVSN USSR,"90, Baikonur Cosmodrome, Republic of Kazakhstan",1987-07-10,15:35:00,Tsiklon-2,Plasma-A 2,Retired,12,Success
RVSN USSR,"132/2, Plesetsk Cosmodrome, Russian Federation",1987-07-14,14:00:01,Kosmos-3M (11K65M),Taifun-1B 10,Retired,,Success
RVSN USSR,"32/2, Plesetsk Cosmodrome, Russian Federation",1987-07-16,04:25:00,Tsiklon-3,Okean-O1 2,Retired,15,Success
RVSN USSR,"1/5, Baikonur Cosmodrome, Republic of Kazakhstan",1987-07-22,01:59:17,Soyuz-U2,Soyuz TM-3,Retired,,Success
RVSN USSR,"200/40, Baikonur Cosmodrome, Republic of Kazakhstan",1987-07-25,09:00:00,Proton-K,Almaz-T 2,Retired,,Success
RVSN USSR,"45/1, Baikonur Cosmodrome, Republic of Kazakhstan",1987-08-01,03:59:59,Zenit-2,GVM Tselina-2,Retired,,Success
RVSN USSR,"1/5, Baikonur Cosmodrome, Republic of Kazakhstan",1987-08-03,20:44:11,Soyuz-U2,,Retired,,Success
Ministry of Space Industry,"Launch Area 2B, Jiuquan Satellite Launch Center, People's Republic of China",1987-08-05,06:39:00,Long March 2C,FSW-0 9,Active,,Success
RVSN USSR,"32/1, Plesetsk Cosmodrome, Russian Federation",1987-08-18,02:27:00,Tsiklon-3,Meteor-2 16,Retired,15,Success
RVSN USSR,"43/4 (43R), Plesetsk Cosmodrome, Russian Federation",1987-08-19,06:59:59,Soyuz U,Zenit-8 51,Retired,,Success
MHI,"Osaki Launch Complex, Tanegashima Space Center, Japan",1987-08-27,09:20:00,H-I,Kiku 5,Retired,,Success
RVSN USSR,"45/1, Baikonur Cosmodrome, Republic of Kazakhstan",1987-08-28,08:20:00,Zenit-2,GVM Tselina-2,Retired,,Success
RVSN USSR,"43/4 (43R), Plesetsk Cosmodrome, Russian Federation",1987-09-03,10:24:59,Soyuz U,Zenit-8 52,Retired,,Success
RVSN USSR,"200/39 (200L), Baikonur Cosmodrome, Republic of Kazakhstan",1987-09-03,19:26:00,Proton-K/DM,Ekran,Retired,,Success
RVSN USSR,"32/1, Plesetsk Cosmodrome, Russian Federation",1987-09-07,23:50:09,Tsiklon-3,Strela-3 25 to 30,Retired,15,Success
Ministry of Space Industry,"Launch Area 2B, Jiuquan Satellite Launch Center, People's Republic of China",1987-09-09,07:15:00,Long March 2C,FSW-1 1,Active,,Success
RVSN USSR,"1/5, Baikonur Cosmodrome, Republic of Kazakhstan",1987-09-11,02:06:00,Soyuz U,Yantar-4KS1 8,Retired,,Success
RVSN USSR,"43/4 (43R), Plesetsk Cosmodrome, Russian Federation",1987-09-15,10:30:00,Soyuz U,Resurs-F1 17F40 107L 6,Retired,,Success
Arianespace,"Ariane Launch Area 1 (ELV), Guiana Space Centre, French Guiana",1987-09-16,00:45:28,Ariane 3,Aussat A3 & ECS 4,Retired,,Success
RVSN USSR,"200/40, Baikonur Cosmodrome, Republic of Kazakhstan",1987-09-16,02:53:31,Proton K/DM-2,Uragan 20 to 22,Retired,,Success
US Air Force,"Space Launch Complex 5, Vandenberg SFB, CA, USA",1987-09-16,19:22:00,Scout G-1,"Transit-O 27,29",Retired,8.66,Success
RVSN USSR,"41/1, Plesetsk Cosmodrome, Russian Federation",1987-09-17,14:59:59,Soyuz U,Yantar-4K2 33,Retired,,Success
RVSN USSR,"1/5, Baikonur Cosmodrome, Republic of Kazakhstan",1987-09-23,23:43:54,Soyuz-U2,,Retired,,Success
RVSN USSR,"41/1, Plesetsk Cosmodrome, Russian Federation",1987-09-29,12:49:59,Soyuz U,Bion 8,Retired,,Success
RVSN USSR,"200/39 (200L), Baikonur Cosmodrome, Republic of Kazakhstan",1987-10-01,17:09:00,Proton K/DM-2,Potok 4,Retired,,Success
RVSN USSR,"1/5, Baikonur Cosmodrome, Republic of Kazakhstan",1987-10-09,08:30:00,Soyuz U,Zenit-8 53,Retired,,Success
RVSN USSR,"90, Baikonur Cosmodrome, Republic of Kazakhstan",1987-10-10,21:48:30,Tsiklon-2,US-P 27,Retired,12,Success
RVSN USSR,"133/3 (133L), Plesetsk Cosmodrome, Russian Federation",1987-10-14,12:35:33,Kosmos-3M (11K65M),Parus 60,Retired,,Success
RVSN USSR,"32/1, Plesetsk Cosmodrome, Russian Federation",1987-10-20,09:09:00,Tsiklon-3,Tselina-D 62,Retired,15,Success
RVSN USSR,"16/2, Plesetsk Cosmodrome, Russian Federation",1987-10-22,14:24:57,Soyuz U,Yantar-4K2 34,Retired,,Success
US Air Force,"Space Launch Complex 4E, Vandenberg SFB, CA, USA",1987-10-26,21:32:00,Titan 34D,KH-11 8,Retired,150,Success
RVSN USSR,"200/40, Baikonur Cosmodrome, Republic of Kazakhstan",1987-10-28,15:15:00,Proton K/DM-2,US-KS 4,Retired,,Success
RVSN USSR,"131, Baikonur Cosmodrome, Republic of Kazakhstan",1987-11-11,09:04:00,Soyuz U,Zenit-8 54,Retired,,Success
RVSN USSR,"1/5, Baikonur Cosmodrome, Republic of Kazakhstan",1987-11-14,09:29:00,Soyuz U,Yantar-1KFT 8,Retired,,Success
RVSN USSR,"1/5, Baikonur Cosmodrome, Republic of Kazakhstan",1987-11-20,23:47:12,Soyuz-U2,,Retired,,Success
Arianespace,"Ariane Launch Area 2, Guiana Space Centre, French Guiana",1987-11-21,02:19:00,Ariane 2,TV-Sat 1,Retired,,Success
RVSN USSR,"200/39 (200L), Baikonur Cosmodrome, Republic of Kazakhstan",1987-11-26,13:28:00,Proton K/DM-2,Luch #2,Retired,,Success
US Air Force,"Space Launch Complex 40, Cape Canaveral SFS, FL, USA",1987-11-29,03:27:20,Titan 34D Transtage,DSP F13,Retired,,Success
RVSN USSR,"133/3 (133L), Plesetsk Cosmodrome, Russian Federation",1987-12-01,14:15:45,Kosmos-3M (11K65M),Strela-2M 43,Retired,,Success
RVSN USSR,"31/6, Baikonur Cosmodrome, Republic of Kazakhstan",1987-12-07,08:50:00,Soyuz U,Zenit-8 55,Retired,,Success
RVSN USSR,"200/40, Baikonur Cosmodrome, Republic of Kazakhstan",1987-12-10,11:30:00,Proton K/DM-2,Raduga 21,Retired,,Success
RVSN USSR,"90, Baikonur Cosmodrome, Republic of Kazakhstan",1987-12-12,05:40:00,Tsiklon-2,US-A 31,Retired,12,Success
RVSN USSR,"31/6, Baikonur Cosmodrome, Republic of Kazakhstan",1987-12-14,11:29:59,Soyuz U,Yantar-4K2 35,Retired,,Success
RVSN USSR,"133/3 (133L), Plesetsk Cosmodrome, Russian Federation",1987-12-15,13:30:00,Kosmos-3M (11K65M),Taifun-1 20,Retired,,Success
RVSN USSR,"1/5, Baikonur Cosmodrome, Republic of Kazakhstan",1987-12-21,11:18:03,Soyuz-U2,Soyuz TM-4,Retired,,Success
RVSN USSR,"41/1, Plesetsk Cosmodrome, Russian Federation",1987-12-21,22:35:42,Molniya-M 2BL,US-K 55,Retired,,Success
RVSN USSR,"133/3 (133L), Plesetsk Cosmodrome, Russian Federation",1987-12-23,20:22:40,Kosmos-3M (11K65M),Parus 61,Retired,,Success
RVSN USSR,"31/6, Baikonur Cosmodrome, Republic of Kazakhstan",1987-12-25,08:44:59,Soyuz U,Zenit-8 56,Retired,,Success
RVSN USSR,"16/2, Plesetsk Cosmodrome, Russian Federation",1987-12-26,11:30:01,Soyuz U,Resurs-F2 1,Retired,,Success
RVSN USSR,"200/39 (200L), Baikonur Cosmodrome, Republic of Kazakhstan",1987-12-27,11:25:00,Proton K/DM-2,Ekran-M 1,Retired,,Success
RVSN USSR,"43/4 (43R), Plesetsk Cosmodrome, Russian Federation",1987-12-29,11:40:00,Soyuz U,Zenit-8 57,Retired,,Success
RVSN USSR,"32/2, Plesetsk Cosmodrome, Russian Federation",1988-01-06,07:41:00,Tsiklon-3,Tselina-D 63,Retired,15,Success
RVSN USSR,"32/1, Plesetsk Cosmodrome, Russian Federation",1988-01-15,03:49:21,Tsiklon-3,Strela-3 31 to 36,Retired,15,Success
RVSN USSR,"200/40, Baikonur Cosmodrome, Republic of Kazakhstan",1988-01-18,09:58:00,Proton K/DM-2,Gorizont 25L,Retired,,Failure
RVSN USSR,"1/5, Baikonur Cosmodrome, Republic of Kazakhstan",1988-01-20,22:51:54,Soyuz-U2,,Retired,,Success
RVSN USSR,"41/1, Plesetsk Cosmodrome, Russian Federation",1988-01-26,11:20:00,Soyuz U,Zenit-8 58,Retired,,Success
RVSN USSR,"32/1, Plesetsk Cosmodrome, Russian Federation",1988-01-30,10:59:59,Tsiklon-3,Meteor-2 17,Retired,15,Success
US Air Force,"Space Launch Complex 3W, Vandenberg SFB, CA, USA",1988-02-03,05:53:00,SM-65E Atlas,DMSP-5D2 F9,Retired,,Success
RVSN USSR,"31/6, Baikonur Cosmodrome, Republic of Kazakhstan",1988-02-03,12:14:56,Soyuz U,Yantar-4K2 36,Retired,,Success
US Air Force,"Space Launch Complex 17B, Cape Canaveral SFS, FL, USA",1988-02-08,22:07:00,Delta 3910,TVE,Retired,,Success
RVSN USSR,"200/39 (200L), Baikonur Cosmodrome, Republic of Kazakhstan",1988-02-17,00:23:22,Proton K/DM-2,Uragan 23 to 25,Retired,,Failure
RVSN USSR,"16/2, Plesetsk Cosmodrome, Russian Federation",1988-02-18,09:49:59,Soyuz U,Resurs-F1 17F40 108L 7,Retired,,Success
RVSN USSR,"1/5, Baikonur Cosmodrome, Republic of Kazakhstan",1988-02-19,08:00:00,Soyuz U,Zenit-8 59,Retired,,Success
MHI,"Osaki Launch Complex, Tanegashima Space Center, Japan",1988-02-19,10:05:00,H-I,Sakura 3A,Retired,,Success
RVSN USSR,"41/1, Plesetsk Cosmodrome, Russian Federation",1988-02-26,09:31:12,Molniya-M 2BL,US-K 56,Retired,,Success
Ministry of Space Industry,"Launch Complex 3 (LC-3/LA-1), Xichang Satellite Launch Center, People's Republic of China",1988-03-07,12:41:00,Long March 3,DFH-2A 2,Retired,,Success
RVSN USSR,"43/4 (43R), Plesetsk Cosmodrome, Russian Federation",1988-03-10,10:30:00,Soyuz U,Zenit-8 60,Retired,,Success
RVSN USSR,"132/1 (132L), Plesetsk Cosmodrome, Russian Federation",1988-03-11,00:18:00,Kosmos-3M (11K65M),Strela-1M 329-336,Retired,,Success
RVSN USSR,"1/5, Baikonur Cosmodrome, Republic of Kazakhstan",1988-03-11,06:38:07,Molniya-M 2BL,Molniya-1T 71,Retired,,Success
Arianespace,"Ariane Launch Area 1 (ELV), Guiana Space Centre, French Guiana",1988-03-11,23:28:00,Ariane 3,Spacenet 3R & Télécom 1C,Retired,,Success
RVSN USSR,"90, Baikonur Cosmodrome, Republic of Kazakhstan",1988-03-14,14:21:00,Tsiklon-2,US-A 32,Retired,12,Success
RVSN USSR,"32/2, Plesetsk Cosmodrome, Russian Federation",1988-03-15,18:50:00,Tsiklon-3,Tselina-D 64,Retired,15,Success
RVSN USSR,"31/6, Baikonur Cosmodrome, Republic of Kazakhstan",1988-03-17,06:43:00,Vostok 8A92M,IRS-1A,Retired,,Success
RVSN USSR,"43/4 (43R), Plesetsk Cosmodrome, Russian Federation",1988-03-17,20:55:59,Molniya-M 2BL,Molniya-1T 72,Retired,,Success
RVSN USSR,"132/1 (132L), Plesetsk Cosmodrome, Russian Federation",1988-03-22,14:07:23,Kosmos-3M (11K65M),Parus 62,Retired,,Success
RVSN USSR,"1/5, Baikonur Cosmodrome, Republic of Kazakhstan",1988-03-23,21:05:12,Soyuz-U2,,Retired,,Success
RVSN USSR,"16/2, Plesetsk Cosmodrome, Russian Federation",1988-03-24,14:10:00,Soyuz U,Yantar-4K2 37,Retired,,Success
NASA,"San Marco platform, Broglio Space Center, Kenya",1988-03-25,19:50:00,Scout G-1,San Marco 5,Retired,8.66,Success
RVSN USSR,"1/5, Baikonur Cosmodrome, Republic of Kazakhstan",1988-03-30,12:00:00,Soyuz U,Yantar-4KS1 9,Retired,,Success
RVSN USSR,"200/40, Baikonur Cosmodrome, Republic of Kazakhstan",1988-03-31,04:18:00,Proton-K/DM,Gorizont 15,Retired,,Success
RVSN USSR,"133/3 (133L), Plesetsk Cosmodrome, Russian Federation",1988-04-05,14:41:00,Kosmos-3M (11K65M),Strela-2M 44,Retired,,Success
RVSN USSR,"16/2, Plesetsk Cosmodrome, Russian Federation",1988-04-11,11:15:00,Soyuz U,Zenit-8 61,Retired,,Success
RVSN USSR,"41/1, Plesetsk Cosmodrome, Russian Federation",1988-04-14,17:00:00,Soyuz U,Foton 4,Retired,,Success
RVSN USSR,"31/6, Baikonur Cosmodrome, Republic of Kazakhstan",1988-04-20,05:48:12,Vostok 8A92M,Resurs-O1 2,Retired,,Success
US Air Force,"Space Launch Complex 5, Vandenberg SFB, CA, USA",1988-04-26,01:57:00,Scout G-1,"Transit-O 23,32",Retired,8.66,Success
RVSN USSR,"200/39 (200L), Baikonur Cosmodrome, Republic of Kazakhstan",1988-04-26,03:15:10,Proton K/DM-2,Geofizika,Retired,,Success
RVSN USSR,"31/6, Baikonur Cosmodrome, Republic of Kazakhstan",1988-04-27,09:10:00,Soyuz U,Zenit-8 62,Retired,,Success
RVSN USSR,"200/39 (200L), Baikonur Cosmodrome, Republic of Kazakhstan",1988-05-06,02:47:00,Proton-K/DM,Ekran,Retired,,Success
RVSN USSR,"43/4 (43R), Plesetsk Cosmodrome, Russian Federation",1988-05-12,14:39:59,Soyuz U,Yantar-4K2 38,Retired,,Success
RVSN USSR,"1/5, Baikonur Cosmodrome, Republic of Kazakhstan",1988-05-13,00:30:25,Soyuz-U2,,Retired,,Success
RVSN USSR,"45/1, Baikonur Cosmodrome, Republic of Kazakhstan",1988-05-15,09:20:00,Zenit-2,Tselina-2 5,Retired,,Success
Arianespace,"Ariane Launch Area 1 (ELV), Guiana Space Centre, French Guiana",1988-05-17,23:58:00,Ariane 2,Intelsat 513,Retired,,Success
RVSN USSR,"1/5, Baikonur Cosmodrome, Republic of Kazakhstan",1988-05-18,10:30:01,Soyuz U,Yantar-1KFT 9,Retired,,Success
RVSN USSR,"31/6, Baikonur Cosmodrome, Republic of Kazakhstan",1988-05-19,09:15:00,Soyuz U,Zenit-8 63,Retired,,Success
RVSN USSR,"200/39 (200L), Baikonur Cosmodrome, Republic of Kazakhstan",1988-05-21,17:57:00,Proton K/DM-2,Uragan 26 to 28,Retired,,Success
RVSN USSR,"43/4 (43R), Plesetsk Cosmodrome, Russian Federation",1988-05-26,15:27:00,Molniya-M 2BL,Molniya-3 49L,Retired,,Success
RVSN USSR,"90, Baikonur Cosmodrome, Republic of Kazakhstan",1988-05-28,02:49:00,Tsiklon-2,US-P 28,Retired,12,Success
RVSN USSR,"32/1, Plesetsk Cosmodrome, Russian Federation",1988-05-30,08:00:00,Tsiklon-3,Geo-IK 10,Retired,15,Success
RVSN USSR,"41/1, Plesetsk Cosmodrome, Russian Federation",1988-05-31,07:45:00,Soyuz U,Resurs-F1 17F43 28L 1,Retired,,Success
RVSN USSR,"1/5, Baikonur Cosmodrome, Republic of Kazakhstan",1988-06-07,14:03:13,Soyuz-U2,Soyuz TM-5,Retired,,Success
RVSN USSR,"1/5, Baikonur Cosmodrome, Republic of Kazakhstan",1988-06-11,10:00:00,Soyuz U,Zenit-8 64,Retired,,Success
RVSN USSR,"32/2, Plesetsk Cosmodrome, Russian Federation",1988-06-14,03:18:00,Tsiklon-3,Tselina-D 65,Retired,15,Success
Arianespace,"Ariane Launch Area 2, Guiana Space Centre, French Guiana",1988-06-15,11:19:01,Ariane 44LP,Meteosat 3,Retired,,Success
US Air Force,"Space Launch Complex 5, Vandenberg SFB, CA, USA",1988-06-16,06:54:00,Scout G-1,Nova 2,Retired,8.66,Success
RVSN USSR,"133/3 (133L), Plesetsk Cosmodrome, Russian Federation",1988-06-21,16:26:00,Kosmos-3M (11K65M),Strela-2M 45,Retired,,Success
RVSN USSR,"1/5, Baikonur Cosmodrome, Republic of Kazakhstan",1988-06-22,13:00:00,Soyuz U,Yantar-4K2 39,Retired,,Success
RVSN USSR,"41/1, Plesetsk Cosmodrome, Russian Federation",1988-06-23,07:45:00,Soyuz U,Zenit-8 65,Retired,,Success
RVSN USSR,"32/1, Plesetsk Cosmodrome, Russian Federation",1988-07-05,09:45:00,Tsiklon-3,Okean-O1 3,Retired,15,Success
RVSN USSR,"16/2, Plesetsk Cosmodrome, Russian Federation",1988-07-07,08:05:00,Soyuz U,Resurs-F1 17F43 29L 2,Retired,,Success
RVSN USSR,"200/39 (200L), Baikonur Cosmodrome, Republic of Kazakhstan",1988-07-07,17:38:04,Proton-K/D-2,Fobos-1,Retired,,Success
RVSN USSR,"1/5, Baikonur Cosmodrome, Republic of Kazakhstan",1988-07-09,13:25:00,Soyuz U,Yantar-4KS1 10,Retired,,Failure
RVSN USSR,"200/40, Baikonur Cosmodrome, Republic of Kazakhstan",1988-07-12,17:01:43,Proton-K/D-2,Fobos-2,Retired,,Success
ISRO,"SLV-3 Launch Pad, Satish Dhawan Space Centre, India",1988-07-13,09:18:00,ASLV,SROSS-B,Retired,,Failure
RVSN USSR,"132/1 (132L), Plesetsk Cosmodrome, Russian Federation",1988-07-14,11:40:00,Kosmos-3M (11K65M),Taifun-1 21,Retired,,Success
RVSN USSR,"1/5, Baikonur Cosmodrome, Republic of Kazakhstan",1988-07-18,21:13:09,Soyuz-U2,,Retired,,Success
RVSN USSR,"133/3 (133L), Plesetsk Cosmodrome, Russian Federation",1988-07-18,22:28:11,Kosmos-3M (11K65M),Parus 63,Retired,,Success
Arianespace,"Ariane Launch Area 1 (ELV), Guiana Space Centre, French Guiana",1988-07-21,23:12:00,Ariane 3,Insat 1C & ECS5,Retired,,Success
RVSN USSR,"32/2, Plesetsk Cosmodrome, Russian Federation",1988-07-26,05:01:00,Tsiklon-3,Meteor-3 2,Retired,15,Success
RVSN USSR,"43/4 (43R), Plesetsk Cosmodrome, Russian Federation",1988-07-27,09:05:00,Soyuz U,Resurs-F1 17F43 30L 3,Retired,,Failure
RVSN USSR,"132/1 (132L), Plesetsk Cosmodrome, Russian Federation",1988-07-28,11:20:00,Kosmos-3M (11K65M),Taifun-2 24,Retired,,Success
RVSN USSR,"200/39 (200L), Baikonur Cosmodrome, Republic of Kazakhstan",1988-08-01,21:04:00,Proton K/DM-2,Potok 5,Retired,,Success
Ministry of Aerospace Industry,"Launch Area 2B, Jiuquan Satellite Launch Center, People's Republic of China",1988-08-05,07:28:35,Long March 2C,FSW-1 2,Active,,Success
RVSN USSR,"1/5, Baikonur Cosmodrome, Republic of Kazakhstan",1988-08-08,09:25:00,Soyuz U,Zenit-8 66,Retired,,Success
RVSN USSR,"41/1, Plesetsk Cosmodrome, Russian Federation",1988-08-12,12:53:00,Molniya-M 2BL,Molniya-1T 73,Retired,,Success
RVSN USSR,"1/5, Baikonur Cosmodrome, Republic of Kazakhstan",1988-08-16,13:00:00,Soyuz U,Yantar-4K2 40,Retired,,Success
RVSN USSR,"200/40, Baikonur Cosmodrome, Republic of Kazakhstan",1988-08-18,19:52:00,Proton K/DM-2,Gorizont 16,Retired,,Success
RVSN USSR,"1/5, Baikonur Cosmodrome, Republic of Kazakhstan",1988-08-23,09:20:00,Soyuz U,Zenit-8 67,Retired,,Success
RVSN USSR,"41/1, Plesetsk Cosmodrome, Russian Federation",1988-08-23,11:15:00,Soyuz U,Resurs-F2 2,Retired,,Success
Italian Space Agency,"Space Launch Complex 5, Vandenberg SFB, CA, USA",1988-08-25,06:59:00,Scout G-1,"Transit-O 25,31",Retired,8.66,Success
RVSN USSR,"1/5, Baikonur Cosmodrome, Republic of Kazakhstan",1988-08-29,04:23:11,Soyuz-U2,Soyuz TM-6,Retired,,Success
RVSN USSR,"16/2, Plesetsk Cosmodrome, Russian Federation",1988-08-30,14:14:54,Molniya-M 2BL,US-K 57,Retired,,Success
US Air Force,"Space Launch Complex 40, Cape Canaveral SFS, FL, USA",1988-09-02,12:05:02,Titan 34D Transtage,Mercury 12,Retired,,Success
US Air Force,"Space Launch Complex 4W, Vandenberg SFB, CA, USA",1988-09-05,09:25:00,Titan II SLV,P-11 5103,Retired,,Success
RVSN USSR,"16/2, Plesetsk Cosmodrome, Russian Federation",1988-09-06,07:30:01,Soyuz U,Zenit-8 68,Retired,,Success
Ministry of Aerospace Industry,"Launch Complex 7, Taiyuan Satellite Launch Center, People's Republic of China",1988-09-06,20:30:19,Long March 4A,Feng Yun 1A,Retired,,Success
Arianespace,"Ariane Launch Area 2, Guiana Space Centre, French Guiana",1988-09-08,23:00:00,Ariane 3,GStar 3 & SBS 5,Retired,,Success
RVSN USSR,"41/1, Plesetsk Cosmodrome, Russian Federation",1988-09-09,10:40:00,Soyuz U,Resurs-F1 17F43 31L 4,Retired,,Success
RVSN USSR,"1/5, Baikonur Cosmodrome, Republic of Kazakhstan",1988-09-09,23:33:40,Soyuz-U2,,Retired,,Success
RVSN USSR,"41/1, Plesetsk Cosmodrome, Russian Federation",1988-09-15,15:00:00,Soyuz U,Yantar-4K2 41,Retired,,Success
RVSN USSR,"200/39 (200L), Baikonur Cosmodrome, Republic of Kazakhstan",1988-09-16,02:00:47,Proton K/DM-2,Uragan 29 to 31,Retired,,Success
MHI,"Osaki Launch Complex, Tanegashima Space Center, Japan",1988-09-16,09:59:00,H-I,Sakura 3B,Retired,,Success
ISA,"Shavit Launch Pad, Palmachim Airbase, State of Israel",1988-09-19,09:31:00,Shavit,Ofeq-1,Active,,Success
RVSN USSR,"16/2, Plesetsk Cosmodrome, Russian Federation",1988-09-22,10:20:00,Soyuz-U-PVB,Zenit-8 69,Retired,,Success
US Air Force,"Space Launch Complex 3W, Vandenberg SFB, CA, USA",1988-09-24,10:02:00,SM-65E Atlas,NOAA 11,Retired,,Success
RVSN USSR,"41/1, Plesetsk Cosmodrome, Russian Federation",1988-09-29,09:07:00,Molniya-M 2BL,Molniya-3 51L,Retired,,Success
Lockheed Space Operations Company,"Launch Complex 39B, Kennedy Space Center, FL, USA",1988-09-29,15:37:00,Space Shuttle,STS-26,Retired,450,Success
RVSN USSR,"41/1, Plesetsk Cosmodrome, Russian Federation",1988-10-03,22:23:39,Molniya-M 2BL,US-K 58,Retired,,Success
RVSN USSR,"32/1, Plesetsk Cosmodrome, Russian Federation",1988-10-11,08:02:00,Tsiklon-3,Tselina-D 66,Retired,15,Success
RVSN USSR,"16/2, Plesetsk Cosmodrome, Russian Federation",1988-10-13,11:19:59,Soyuz U,Zenit-8 70,Retired,,Success
RVSN USSR,"200/39 (200L), Baikonur Cosmodrome, Republic of Kazakhstan",1988-10-20,15:43:00,Proton K/DM-2,Raduga 22,Retired,,Success
RVSN USSR,"41/1, Plesetsk Cosmodrome, Russian Federation",1988-10-25,18:02:31,Molniya-M 2BL,US-K 59,Retired,,Success
RVSN USSR,"16/2, Plesetsk Cosmodrome, Russian Federation",1988-10-27,11:31:00,Soyuz U,Zenit-8 71,Retired,,Success
Arianespace,"Ariane Launch Area 1 (ELV), Guiana Space Centre, French Guiana",1988-10-28,02:17:00,Ariane 2,TDF 1,Retired,,Success
US Air Force,"Space Launch Complex 4E, Vandenberg SFB, CA, USA",1988-11-06,18:03:00,Titan 34D,KH-11 9,Retired,150,Success
RVSN USSR,"1/5, Baikonur Cosmodrome, Republic of Kazakhstan",1988-11-11,10:30:00,Soyuz U,Yantar-4KS1 11,Retired,,Failure
RVSN USSR,"110/37 (110L), Baikonur Cosmodrome, Republic of Kazakhstan",1988-11-15,03:00:01,Energiya/Buran,Buran OK-1K,Retired,,Success
RVSN USSR,"90, Baikonur Cosmodrome, Republic of Kazakhstan",1988-11-18,00:12:28,Tsiklon-2,US-P 29,Retired,12,Success
RVSN USSR,"45/1, Baikonur Cosmodrome, Republic of Kazakhstan",1988-11-23,14:50:58,Zenit-2,Tselina-2 6,Retired,,Success
RVSN USSR,"41/1, Plesetsk Cosmodrome, Russian Federation",1988-11-24,14:50:00,Soyuz U,Zenit-8 72,Retired,,Success
RVSN USSR,"1/5, Baikonur Cosmodrome, Republic of Kazakhstan",1988-11-26,15:49:34,Soyuz-U2,Soyuz TM-7,Retired,,Success
RVSN USSR,"1/5, Baikonur Cosmodrome, Republic of Kazakhstan",1988-11-30,09:00:00,Soyuz U,Zenit-8 73,Retired,,Success
Lockheed Space Operations Company,"Launch Complex 39B, Kennedy Space Center, FL, USA",1988-12-02,14:30:34,Space Shuttle,STS-27,Retired,450,Success
RVSN USSR,"43/3 (43L), Plesetsk Cosmodrome, Russian Federation",1988-12-08,14:50:00,Soyuz-U-PVB,Zenit-8 74,Retired,,Success
RVSN USSR,"200/40, Baikonur Cosmodrome, Republic of Kazakhstan",1988-12-10,11:54:00,Proton K/DM-2,Ekran-M 2,Retired,,Success
Arianespace,"Ariane Launch Area 2, Guiana Space Centre, French Guiana",1988-12-11,00:33:38,Ariane 44LP,Skynet 4B & Astra 1A,Retired,,Success
RVSN USSR,"16/2, Plesetsk Cosmodrome, Russian Federation",1988-12-16,19:00:00,Soyuz U,Yantar-4K2 42,Retired,,Success
Ministry of Aerospace Industry,"Launch Complex 3 (LC-3/LA-1), Xichang Satellite Launch Center, People's Republic of China",1988-12-22,12:40:00,Long March 3,DFH-2A 3,Retired,,Success
RVSN USSR,"43/3 (43L), Plesetsk Cosmodrome, Russian Federation",1988-12-22,14:15:59,Molniya-M 2BL,Molniya-3 52L,Retired,,Success
RVSN USSR,"32/1, Plesetsk Cosmodrome, Russian Federation",1988-12-23,07:20:00,Tsiklon-3,Koltso 1,Retired,15,Success
RVSN USSR,"1/5, Baikonur Cosmodrome, Republic of Kazakhstan",1988-12-25,04:11:37,Soyuz-U2,,Retired,,Success
RVSN USSR,"43/3 (43L), Plesetsk Cosmodrome, Russian Federation",1988-12-28,05:27:59,Molniya-M 2BL,Molniya-1T 74,Retired,,Success
RVSN USSR,"1/5, Baikonur Cosmodrome, Republic of Kazakhstan",1988-12-29,10:00:00,Soyuz U,Yantar-1KFT 10,Retired,,Success
RVSN USSR,"200/39 (200L), Baikonur Cosmodrome, Republic of Kazakhstan",1989-01-10,02:05:25,Proton K/DM-2,Uragan 32 & 33,Retired,,Success
RVSN USSR,"16/2, Plesetsk Cosmodrome, Russian Federation",1989-01-12,11:29:59,Soyuz U,Resurs-F2 3,Retired,,Success
RVSN USSR,"1/5, Baikonur Cosmodrome, Republic of Kazakhstan",1989-01-18,08:20:00,Soyuz U,Zenit-8 75,Retired,,Success
RVSN USSR,"200/40, Baikonur Cosmodrome, Republic of Kazakhstan",1989-01-26,09:16:00,Proton K/DM-2,Gorizont 17,Retired,,Success
RVSN USSR,"132/2, Plesetsk Cosmodrome, Russian Federation",1989-01-26,15:36:00,Kosmos-3M (11K65M),Strela-2M 46,Retired,,Success
Arianespace,"Ariane Launch Area 1 (ELV), Guiana Space Centre, French Guiana",1989-01-27,01:21:00,Ariane 2,Intelsat 515,Retired,,Success
RVSN USSR,"1/5, Baikonur Cosmodrome, Republic of Kazakhstan",1989-01-28,12:30:00,Soyuz U,Yantar-4K2 43,Retired,,Success
RVSN USSR,"1/5, Baikonur Cosmodrome, Republic of Kazakhstan",1989-02-10,08:53:52,Soyuz-U2,,Retired,,Success
RVSN USSR,"32/1, Plesetsk Cosmodrome, Russian Federation",1989-02-10,15:13:56,Tsiklon-3,Strela-3 37 to 42,Retired,15,Success
RVSN USSR,"41/1, Plesetsk Cosmodrome, Russian Federation",1989-02-10,16:55:00,Soyuz U,Zenit-8 76,Retired,,Success
RVSN USSR,"43/3 (43L), Plesetsk Cosmodrome, Russian Federation",1989-02-14,04:21:11,Molniya-M 2BL,US-K 60 (Kosmos 2001),Retired,,Success
RVSN USSR,"132/2, Plesetsk Cosmodrome, Russian Federation",1989-02-14,17:00:00,Kosmos-3M (11K65M),Duga-K 1,Retired,,Success
US Air Force,"Space Launch Complex 17A, Cape Canaveral SFS, FL, USA",1989-02-14,18:30:00,Delta II 6925,GPS-2 1,Retired,,Success
RVSN USSR,"1/5, Baikonur Cosmodrome, Republic of Kazakhstan",1989-02-15,11:00:00,Molniya-M 2BL,Molniya-1T 75,Retired,,Success
RVSN USSR,"43/3 (43L), Plesetsk Cosmodrome, Russian Federation",1989-02-17,14:59:59,Soyuz U,Zenit-8 77,Retired,,Success
Institute of Space and Astronautical Science,"Mu Center, Uchinoura Space Center, Japan",1989-02-21,23:30:00,Mu-3S-II,Akebono,Retired,,Success
RVSN USSR,"132/2, Plesetsk Cosmodrome, Russian Federation",1989-02-22,03:28:49,Kosmos-3M (11K65M),Parus 64,Retired,,Success
RVSN USSR,"32/2, Plesetsk Cosmodrome, Russian Federation",1989-02-28,04:05:00,Tsiklon-3,Meteor-2 18,Retired,15,Success
RVSN USSR,"43/3 (43L), Plesetsk Cosmodrome, Russian Federation",1989-03-02,18:59:59,Soyuz U,Yantar-4K2 44,Retired,,Success
Arianespace,"Ariane Launch Area 2, Guiana Space Centre, French Guiana",1989-03-06,23:29:00,Ariane 44LP,JCSAT 1 & Meteosat 4,Retired,,Success
Lockheed Space Operations Company,"Launch Complex 39B, Kennedy Space Center, FL, USA",1989-03-13,14:57:00,Space Shuttle,STS-29,Retired,450,Success
RVSN USSR,"16/2, Plesetsk Cosmodrome, Russian Federation",1989-03-16,14:59:59,Soyuz-U-PVB,Zenit-8 78,Retired,,Success
RVSN USSR,"1/5, Baikonur Cosmodrome, Republic of Kazakhstan",1989-03-16,18:54:15,Soyuz-U2,,Retired,,Success
RVSN USSR,"1/5, Baikonur Cosmodrome, Republic of Kazakhstan",1989-03-23,12:25:00,Soyuz U,Yantar-4KS1 12,Retired,,Success
RVSN USSR,"132/2, Plesetsk Cosmodrome, Russian Federation",1989-03-24,13:38:00,Kosmos-3M (11K65M),Strela-1M 337-344,Retired,,Success
US Air Force,"Space Launch Complex 17B, Cape Canaveral SFS, FL, USA",1989-03-24,21:50:49,Delta 3920-8,Delta Star,Retired,,Success
Arianespace,"Ariane Launch Area 1 (ELV), Guiana Space Centre, French Guiana",1989-04-02,02:28:00,Ariane 2,Tele-X,Retired,,Success
RVSN USSR,"132/2, Plesetsk Cosmodrome, Russian Federation",1989-04-04,18:36:52,Kosmos-3M (11K65M),Parus 65,Retired,,Success
RVSN USSR,"43/3 (43L), Plesetsk Cosmodrome, Russian Federation",1989-04-06,14:00:00,Soyuz-U-PVB,Zenit-8 79,Retired,,Success
RVSN USSR,"200/39 (200L), Baikonur Cosmodrome, Republic of Kazakhstan",1989-04-14,04:08:00,Proton K/DM-2,Raduga 23,Retired,,Success
RVSN USSR,"43/3 (43L), Plesetsk Cosmodrome, Russian Federation",1989-04-20,18:29:59,Soyuz U,Yantar-4K2 45,Retired,,Success
RVSN USSR,"41/1, Plesetsk Cosmodrome, Russian Federation",1989-04-26,17:00:00,Soyuz U,Foton 5,Retired,,Success
Lockheed Space Operations Company,"Launch Complex 39B, Kennedy Space Center, FL, USA",1989-05-04,18:46:59,Space Shuttle,STS-30,Retired,450,Success
RVSN USSR,"16/2, Plesetsk Cosmodrome, Russian Federation",1989-05-05,13:00:00,Soyuz-U-PVB,Zenit-8 80,Retired,,Success
US Air Force,"Space Launch Complex 40, Cape Canaveral SFS, FL, USA",1989-05-10,19:47:01,Titan 34D Transtage,Mercury 13,Retired,,Success
RVSN USSR,"1/5, Baikonur Cosmodrome, Republic of Kazakhstan",1989-05-17,13:00:00,Soyuz U,Yantar-4K2 46,Retired,,Success
RVSN USSR,"1/5, Baikonur Cosmodrome, Republic of Kazakhstan",1989-05-24,10:30:00,Soyuz U,Yantar-1KFT 11,Retired,,Success
RVSN USSR,"43/3 (43L), Plesetsk Cosmodrome, Russian Federation",1989-05-25,08:50:00,Soyuz-U-PVB,Resurs-F 1,Retired,,Success
RVSN USSR,"200/40, Baikonur Cosmodrome, Republic of Kazakhstan",1989-05-31,08:31:59,Proton K/DM-2,Uragan 34 & 35,Retired,,Success
RVSN USSR,"43/4 (43R), Plesetsk Cosmodrome, Russian Federation",1989-06-01,12:59:59,Soyuz U,Zenit-8 81,Retired,,Success
Arianespace,"Ariane Launch Area 2, Guiana Space Centre, French Guiana",1989-06-05,22:37:18,Ariane 44L,Superbird A & DFS-Kopernikus 1,Retired,,Success
RVSN USSR,"132/2, Plesetsk Cosmodrome, Russian Federation",1989-06-07,05:12:35,Kosmos-3M (11K65M),Parus 66,Retired,,Success
RVSN USSR,"43/3 (43L), Plesetsk Cosmodrome, Russian Federation",1989-06-08,17:09:59,Molniya-M 2BL,Molniya-3 45L,Retired,,Success
RVSN USSR,"32/2, Plesetsk Cosmodrome, Russian Federation",1989-06-09,10:10:00,Tsiklon-3,Okean-O1 4,Retired,15,Failure
US Air Force,"Space Launch Complex 17A, Cape Canaveral SFS, FL, USA",1989-06-10,22:30:00,Delta II 6925,GPS-2 2,Retired,,Success
RVSN USSR,"133/3 (133L), Plesetsk Cosmodrome, Russian Federation",1989-06-14,12:30:00,Kosmos-3M (11K65M),Taifun-1 22,Retired,,Success
US Air Force,"Space Launch Complex 41, Cape Canaveral SFS, FL, USA",1989-06-14,13:18:01,Titan 402A IUS,DSP 14,Retired,,Success
RVSN USSR,"1/5, Baikonur Cosmodrome, Republic of Kazakhstan",1989-06-16,09:30:00,Soyuz U,Zenit-8 82,Retired,,Success
RVSN USSR,"200/39 (200L), Baikonur Cosmodrome, Republic of Kazakhstan",1989-06-21,23:35:00,Proton K/DM-2,Raduga-1 1,Retired,,Success
RVSN USSR,"16/2, Plesetsk Cosmodrome, Russian Federation",1989-06-27,08:04:59,Soyuz U,Resurs-F 2,Retired,,Success
RVSN USSR,"133/3 (133L), Plesetsk Cosmodrome, Russian Federation",1989-07-04,15:21:36,Kosmos-3M (11K65M),Nadezhda 4,Retired,,Success
RVSN USSR,"43/4 (43R), Plesetsk Cosmodrome, Russian Federation",1989-07-05,08:00:00,Soyuz-U-PVB,Zenit-8 83,Retired,,Success
RVSN USSR,"200/40, Baikonur Cosmodrome, Republic of Kazakhstan",1989-07-05,22:45:00,Proton K/DM-2,Gorizont 18,Retired,,Success
Arianespace,"Ariane Launch Area 1 (ELV), Guiana Space Centre, French Guiana",1989-07-12,00:14:00,Ariane 3,Olympus,Retired,,Success
RVSN USSR,"41/1, Plesetsk Cosmodrome, Russian Federation",1989-07-12,15:00:00,Soyuz U,Yantar-4K2 47,Retired,,Success
RVSN USSR,"16/2, Plesetsk Cosmodrome, Russian Federation",1989-07-18,09:44:59,Soyuz U,Resurs-F 3,Retired,,Success
RVSN USSR,"1/5, Baikonur Cosmodrome, Republic of Kazakhstan",1989-07-18,12:10:00,Soyuz U,Orlets-1 1,Retired,,Success
RVSN USSR,"43/3 (43L), Plesetsk Cosmodrome, Russian Federation",1989-07-20,08:59:59,Soyuz U,Zenit-8 84,Retired,,Success
RVSN USSR,"90, Baikonur Cosmodrome, Republic of Kazakhstan",1989-07-24,00:00:59,Tsiklon-2,US-P 30,Retired,12,Success
RVSN USSR,"133/3 (133L), Plesetsk Cosmodrome, Russian Federation",1989-07-25,07:48:44,Kosmos-3M (11K65M),Parus 67,Retired,,Success
RVSN USSR,"16/2, Plesetsk Cosmodrome, Russian Federation",1989-08-02,11:29:59,Soyuz U,Zenit-8 85,Retired,,Success
Lockheed Space Operations Company,"Launch Complex 39B, Kennedy Space Center, FL, USA",1989-08-08,12:37:00,Space Shuttle,STS-28,Retired,450,Success
Arianespace,"Ariane Launch Area 2, Guiana Space Centre, French Guiana",1989-08-08,23:25:53,Ariane 44LP,TV-Sat 2,Retired,,Success
RVSN USSR,"43/4 (43R), Plesetsk Cosmodrome, Russian Federation",1989-08-15,10:29:59,Soyuz U,Resurs-F2 4,Retired,,Success
US Air Force,"Space Launch Complex 17A, Cape Canaveral SFS, FL, USA",1989-08-18,05:57:59,Delta II 6925,GPS-2 3,Retired,,Success
RVSN USSR,"41/1, Plesetsk Cosmodrome, Russian Federation",1989-08-22,12:59:59,Soyuz U,Zenit-8 86,Retired,,Success
RVSN USSR,"1/5, Baikonur Cosmodrome, Republic of Kazakhstan",1989-08-23,03:09:32,Soyuz-U2,,Retired,,Success
US Air Force,"Space Launch Complex 17B, Cape Canaveral SFS, FL, USA",1989-08-27,22:59:00,Delta 4925-8,Marcopolo 1,Retired,34.22,Success
RVSN USSR,"32/2, Plesetsk Cosmodrome, Russian Federation",1989-08-28,00:14:00,Tsiklon-3,Geo-IK 11,Retired,15,Success
US Air Force,"Space Launch Complex 40, Cape Canaveral SFS, FL, USA",1989-09-04,05:54:01,Titan 34D Transtage,DSCS-2 15,Retired,,Success
MHI,"Osaki Launch Complex, Tanegashima Space Center, Japan",1989-09-05,19:11:00,H-I,Himawari 4,Retired,,Success
RVSN USSR,"1/5, Baikonur Cosmodrome, Republic of Kazakhstan",1989-09-05,21:38:03,Soyuz-U2,Soyuz TM-8,Retired,,Success
US Air Force,"Space Launch Complex 4W, Vandenberg SFB, CA, USA",1989-09-06,01:48:00,Titan II SLV,P-11 5104,Retired,,Success
RVSN USSR,"43/3 (43L), Plesetsk Cosmodrome, Russian Federation",1989-09-06,10:49:59,Soyuz-U-PVB,Resurs-F 5,Retired,,Success
RVSN USSR,"32/1, Plesetsk Cosmodrome, Russian Federation",1989-09-14,09:49:06,Tsiklon-3,Strela-3 43 to 48,Retired,15,Success
RVSN USSR,"41/1, Plesetsk Cosmodrome, Russian Federation",1989-09-15,06:30:02,Soyuz U,Bion 9,Retired,,Success
RVSN USSR,"1/5, Baikonur Cosmodrome, Republic of Kazakhstan",1989-09-22,08:00:00,Soyuz U,Zenit-8 87,Retired,,Success
US Air Force,"Launch Complex 36B, Cape Canaveral SFS, FL, USA",1989-09-25,08:56:02,Atlas G Centaur,FLTSATCOM F8,Retired,,Success
RVSN USSR,"43/4 (43R), Plesetsk Cosmodrome, Russian Federation",1989-09-27,14:38:00,Molniya-M 2BL,Molniya-1T 76,Retired,,Success
RVSN USSR,"90, Baikonur Cosmodrome, Republic of Kazakhstan",1989-09-27,16:20:00,Tsiklon-2,US-P 31,Retired,12,Success
RVSN USSR,"32/2, Plesetsk Cosmodrome, Russian Federation",1989-09-28,00:04:59,Tsiklon-3,AUOS-Z-AV-IK 1,Retired,15,Success
RVSN USSR,"200/40, Baikonur Cosmodrome, Republic of Kazakhstan",1989-09-28,17:05:00,Proton K/DM-2,Gorizont 19,Retired,,Success
RVSN USSR,"43/3 (43L), Plesetsk Cosmodrome, Russian Federation",1989-10-03,14:59:59,Soyuz U,Yantar-4K2 48,Retired,,Success
RVSN USSR,"43/4 (43R), Plesetsk Cosmodrome, Russian Federation",1989-10-17,13:00:00,Soyuz U,Zenit-8 88,Retired,,Success
Lockheed Space Operations Company,"Launch Complex 39B, Kennedy Space Center, FL, USA",1989-10-18,16:53:40,Space Shuttle,STS-34 (Galileo),Retired,450,Success
US Air Force,"Space Launch Complex 17A, Cape Canaveral SFS, FL, USA",1989-10-21,09:31:01,Delta II 6925,GPS-2 4,Retired,,Success
RVSN USSR,"32/1, Plesetsk Cosmodrome, Russian Federation",1989-10-24,21:35:00,Tsiklon-3,Meteor-3 3,Retired,15,Success
Arianespace,"Ariane Launch Area 2, Guiana Space Centre, French Guiana",1989-10-27,23:05:00,Ariane 44L,Intelsat 602,Retired,,Success
RVSN USSR,"1/5, Baikonur Cosmodrome, Republic of Kazakhstan",1989-11-17,10:50:00,Soyuz U,Yantar-4KS1 13,Retired,,Success
US Air Force,"Space Launch Complex 2W, Vandenberg SFB, CA, USA",1989-11-18,14:34:00,Delta 5920-8,COBE,Retired,34.22,Success
Lockheed Space Operations Company,"Launch Complex 39B, Kennedy Space Center, FL, USA",1989-11-23,00:23:30,Space Shuttle,STS-33,Retired,450,Success
RVSN USSR,"16/2, Plesetsk Cosmodrome, Russian Federation",1989-11-23,20:35:44,Molniya-M 2BL,US-K 61,Retired,,Success
RVSN USSR,"90, Baikonur Cosmodrome, Republic of Kazakhstan",1989-11-24,23:22:00,Tsiklon-2,US-P 32,Retired,12,Failure
RVSN USSR,"200/39 (200L), Baikonur Cosmodrome, Republic of Kazakhstan",1989-11-26,13:01:41,Proton-K,Kvant-2,Retired,,Success
RVSN USSR,"43/3 (43L), Plesetsk Cosmodrome, Russian Federation",1989-11-28,10:02:00,Molniya-M 2BL,Molniya-3 46L,Retired,,Success
RVSN USSR,"16/2, Plesetsk Cosmodrome, Russian Federation",1989-11-30,15:00:01,Soyuz U,Yantar-4K2 49,Retired,,Success
RVSN USSR,"200/40, Baikonur Cosmodrome, Republic of Kazakhstan",1989-12-01,20:20:57,Proton-K/D-1,Granat,Retired,,Success
US Air Force,"Space Launch Complex 17B, Cape Canaveral SFS, FL, USA",1989-12-11,18:10:01,Delta II 6925,GPS-2 5,Retired,,Success
RVSN USSR,"81/23 (81L), Baikonur Cosmodrome, Republic of Kazakhstan",1989-12-15,11:30:00,Proton K/DM-2,Raduga 24,Retired,,Success
RVSN USSR,"1/5, Baikonur Cosmodrome, Republic of Kazakhstan",1989-12-20,03:30:50,Soyuz-U2,,Retired,,Success
RVSN USSR,"32/2, Plesetsk Cosmodrome, Russian Federation",1989-12-27,00:00:00,Tsiklon-3,Koltso 2,Retired,15,Success
RVSN USSR,"200/39 (200L), Baikonur Cosmodrome, Republic of Kazakhstan",1989-12-27,11:10:00,Proton K/DM-2,Luch #3,Retired,,Success
Martin Marietta,"Space Launch Complex 40, Cape Canaveral SFS, FL, USA",1990-01-01,00:07:00,Commercial Titan III,Skynet 4A & JCSat 2,Retired,,Success
Lockheed Space Operations Company,"Launch Complex 39A, Kennedy Space Center, FL, USA",1990-01-09,12:35:00,Space Shuttle,STS-32,Retired,450,Success
RVSN USSR,"43/3 (43L), Plesetsk Cosmodrome, Russian Federation",1990-01-17,14:45:00,Soyuz U,Zenit-8 89,Retired,,Success
RVSN USSR,"133/3 (133L), Plesetsk Cosmodrome, Russian Federation",1990-01-18,12:52:00,Kosmos-3M (11K65M),Strela-2M 47,Retired,,Success
Arianespace,"Ariane Launch Area 2, Guiana Space Centre, French Guiana",1990-01-22,01:35:27,Ariane 40,SPOT 2,Retired,,Success
RVSN USSR,"43/4 (43R), Plesetsk Cosmodrome, Russian Federation",1990-01-23,02:51:59,Molniya-M 2BL,Molniya-3 53L,Retired,,Success
Institute of Space and Astronautical Science,"Mu Center, Uchinoura Space Center, Japan",1990-01-24,11:46:00,Mu-3S-II,Hiten,Retired,,Success
US Air Force,"Space Launch Complex 17A, Cape Canaveral SFS, FL, USA",1990-01-24,22:55:01,Delta II 6925,GPS-2 6,Retired,,Success
RVSN USSR,"16/2, Plesetsk Cosmodrome, Russian Federation",1990-01-25,17:15:00,Soyuz U,Yantar-4K2 50,Retired,,Success
RVSN USSR,"32/1, Plesetsk Cosmodrome, Russian Federation",1990-01-30,11:20:00,Tsiklon-3,Tselina-R 2,Retired,15,Success
Ministry of Aerospace Industry,"Launch Complex 3 (LC-3/LA-1), Xichang Satellite Launch Center, People's Republic of China",1990-02-04,12:27:03,Long March 3,DFH-2A 4,Retired,,Success
RVSN USSR,"132/2, Plesetsk Cosmodrome, Russian Federation",1990-02-06,16:30:00,Kosmos-3M (11K65M),Duga-K 2,Retired,,Success
MHI,"Osaki Launch Complex, Tanegashima Space Center, Japan",1990-02-07,01:33:00,H-I,Momo 1b,Retired,,Success
RVSN USSR,"1/5, Baikonur Cosmodrome, Republic of Kazakhstan",1990-02-11,06:16:00,Soyuz-U2,Soyuz TM-9,Retired,,Success
US Air Force,"Space Launch Complex 17B, Cape Canaveral SFS, FL, USA",1990-02-14,16:15:01,Delta II 6920-8,LACE & RME,Retired,,Success
RVSN USSR,"81/23 (81L), Baikonur Cosmodrome, Republic of Kazakhstan",1990-02-15,07:52:00,Proton K/DM-2,Raduga 25,Retired,,Success
Arianespace,"Ariane Launch Area 2, Guiana Space Centre, French Guiana",1990-02-22,23:17:00,Ariane 44L,Superbird B & BS 2x,Retired,,Failure
RVSN USSR,"132/2, Plesetsk Cosmodrome, Russian Federation",1990-02-27,20:59:42,Kosmos-3M (11K65M),Nadezhda 5,Retired,,Success
RVSN USSR,"32/2, Plesetsk Cosmodrome, Russian Federation",1990-02-28,00:55:00,Tsiklon-3,Okean-O1 5,Retired,15,Success
Lockheed Space Operations Company,"Launch Complex 39A, Kennedy Space Center, FL, USA",1990-02-28,07:50:22,Space Shuttle,STS-36,Retired,450,Success
RVSN USSR,"1/5, Baikonur Cosmodrome, Republic of Kazakhstan",1990-02-28,23:10:57,Soyuz-U2,,Retired,,Success
Martin Marietta,"Space Launch Complex 40, Cape Canaveral SFS, FL, USA",1990-03-14,11:52:31,Commercial Titan III,Intelsat 603,Retired,,Success
RVSN USSR,"90, Baikonur Cosmodrome, Republic of Kazakhstan",1990-03-14,15:27:00,Tsiklon-2,US-P 33,Retired,12,Success
RVSN USSR,"133/3 (133L), Plesetsk Cosmodrome, Russian Federation",1990-03-20,00:25:22,Kosmos-3M (11K65M),Parus 68,Retired,,Success
RVSN USSR,"43/4 (43R), Plesetsk Cosmodrome, Russian Federation",1990-03-22,07:20:00,Soyuz U,Zenit-8 90,Retired,,Success
US Air Force,"Space Launch Complex 17A, Cape Canaveral SFS, FL, USA",1990-03-26,02:45:01,Delta II 6925,GPS-2 7,Retired,,Success
RVSN USSR,"43/3 (43L), Plesetsk Cosmodrome, Russian Federation",1990-03-27,16:40:08,Molniya-M 2BL,US-K 62,Retired,,Success
ISA,"Shavit Launch Pad, Palmachim Airbase, State of Israel",1990-04-03,12:02:00,Shavit,Ofeq-2,Active,,Success
RVSN USSR,"43/4 (43R), Plesetsk Cosmodrome, Russian Federation",1990-04-03,18:00:00,Soyuz U,Yantar-4K2 51,Retired,,Failure
Northrop,"Edwards Air Force Base, Air launch to orbit",1990-04-05,19:10:17,Pegasus,,Retired,40,Success
RVSN USSR,"133/3 (133L), Plesetsk Cosmodrome, Russian Federation",1990-04-06,03:13:00,Kosmos-3M (11K65M),Strela-1M 345-352,Retired,,Success
Ministry of Aerospace Industry,"Launch Complex 3 (LC-3/LA-1), Xichang Satellite Launch Center, People's Republic of China",1990-04-07,13:30:02,Long March 3,Asiasat 1,Retired,,Success
US Air Force,"Space Launch Complex 3W, Vandenberg SFB, CA, USA",1990-04-11,15:00:00,Atlas E Altair,"POGS & SSR, TEX, SCE",Retired,,Success
RVSN USSR,"43/3 (43L), Plesetsk Cosmodrome, Russian Federation",1990-04-11,17:00:00,Soyuz U,Foton 6,Retired,,Success
RVSN USSR,"1/5, Baikonur Cosmodrome, Republic of Kazakhstan",1990-04-13,18:53:16,Soyuz U,Yantar-4KS1 14,Retired,,Success
US Air Force,"Space Launch Complex 17B, Cape Canaveral SFS, FL, USA",1990-04-13,22:28:00,Delta II 6925-8,Palapa B2R,Retired,,Success
RVSN USSR,"43/4 (43R), Plesetsk Cosmodrome, Russian Federation",1990-04-17,08:00:00,Soyuz U,Zenit-8 91,Retired,,Success
RVSN USSR,"133/3 (133L), Plesetsk Cosmodrome, Russian Federation",1990-04-20,18:41:08,Kosmos-3M (11K65M),Parus 69,Retired,,Success
Lockheed Space Operations Company,"Launch Complex 39B, Kennedy Space Center, FL, USA",1990-04-24,12:33:51,Space Shuttle,STS-31 (Hubble),Retired,450,Success
RVSN USSR,"132/2, Plesetsk Cosmodrome, Russian Federation",1990-04-25,13:00:00,Kosmos-3M (11K65M),Taifun-2 25,Retired,,Success
RVSN USSR,"43/4 (43R), Plesetsk Cosmodrome, Russian Federation",1990-04-26,01:37:00,Molniya-M 2BL,Molniya-1T 77,Retired,,Success
RVSN USSR,"16/2, Plesetsk Cosmodrome, Russian Federation",1990-04-28,11:37:02,Molniya-M 2BL,US-K 63,Retired,,Success
RVSN USSR,"1/5, Baikonur Cosmodrome, Republic of Kazakhstan",1990-05-05,20:44:01,Soyuz-U2,,Retired,,Success
RVSN USSR,"16/2, Plesetsk Cosmodrome, Russian Federation",1990-05-07,18:39:59,Soyuz U,Yantar-4K2 52,Retired,,Success
US Air Force,"Space Launch Complex 5, Vandenberg SFB, CA, USA",1990-05-09,17:50:00,Scout G-1,MACSAT 1 & 2,Retired,8.66,Success
RVSN USSR,"1/5, Baikonur Cosmodrome, Republic of Kazakhstan",1990-05-15,09:55:00,Soyuz U,Yantar-1KFT 12,Retired,,Success
RVSN USSR,"200/40, Baikonur Cosmodrome, Republic of Kazakhstan",1990-05-19,08:32:33,Proton K/DM-2,Uragan 36 to 38,Retired,,Success
RVSN USSR,"45/2, Baikonur Cosmodrome, Republic of Kazakhstan",1990-05-22,05:14:02,Zenit-2,Tselina-2 7,Retired,,Success
RVSN USSR,"43/4 (43R), Plesetsk Cosmodrome, Russian Federation",1990-05-29,07:19:59,Soyuz U,Resurs-F 6,Retired,,Success
RVSN USSR,"200/39 (200L), Baikonur Cosmodrome, Republic of Kazakhstan",1990-05-31,10:33:20,Proton-K,Kristall,Retired,,Success
US Air Force,"Space Launch Complex 17A, Cape Canaveral SFS, FL, USA",1990-06-01,21:48:00,Delta II 6920-10,ROSAT,Retired,,Success
US Air Force,"Space Launch Complex 41, Cape Canaveral SFS, FL, USA",1990-06-08,05:21:41,Titan 405A,SLDCOM 1,Retired,,Success
US Air Force,"Space Launch Complex 17B, Cape Canaveral SFS, FL, USA",1990-06-12,05:52:00,Delta 4925-8,Insat 1D,Retired,34.22,Success
RVSN USSR,"43/3 (43L), Plesetsk Cosmodrome, Russian Federation",1990-06-13,01:07:00,Molniya-M 2BL,Molniya-3 47L,Retired,,Success
RVSN USSR,"16/2, Plesetsk Cosmodrome, Russian Federation",1990-06-19,08:45:00,Soyuz U,Zenit-8 92,Retired,,Success
RVSN USSR,"200/40, Baikonur Cosmodrome, Republic of Kazakhstan",1990-06-20,23:36:00,Proton-K/DM,Gorizont 20,Retired,,Success
RVSN USSR,"43/3 (43L), Plesetsk Cosmodrome, Russian Federation",1990-06-21,20:45:52,Molniya-M 2BL,US-K 64,Retired,,Failure
Martin Marietta,"Space Launch Complex 40, Cape Canaveral SFS, FL, USA",1990-06-23,11:19:00,Commercial Titan III,Intelsat 604,Retired,,Success
RVSN USSR,"32/1, Plesetsk Cosmodrome, Russian Federation",1990-06-27,22:30:00,Tsiklon-3,Meteor-2 19,Retired,15,Success
RVSN USSR,"16/2, Plesetsk Cosmodrome, Russian Federation",1990-07-03,19:19:58,Soyuz U,Yantar-4K2 53,Retired,,Failure
RVSN USSR,"1/5, Baikonur Cosmodrome, Republic of Kazakhstan",1990-07-11,10:00:00,Soyuz-U2,Gamma,Retired,,Success
Ministry of Aerospace Industry,"Launch Complex 2 (LC-2), Xichang Satellite Launch Center, People's Republic of China",1990-07-16,00:40:00,Long March 2E,BADR & Aussat-B-MFS,Retired,,Success
RVSN USSR,"43/3 (43L), Plesetsk Cosmodrome, Russian Federation",1990-07-17,09:29:59,Soyuz-U-PVB,Resurs-F2 5,Retired,,Success
RVSN USSR,"200/39 (200L), Baikonur Cosmodrome, Republic of Kazakhstan",1990-07-18,21:46:00,Proton K/DM-2,Potok 6,Retired,,Success
RVSN USSR,"43/3 (43L), Plesetsk Cosmodrome, Russian Federation",1990-07-20,08:40:00,Soyuz U,Zenit-8 93,Retired,,Success
Arianespace,"Ariane Launch Area 2, Guiana Space Centre, French Guiana",1990-07-24,22:25:00,Ariane 44L,TDF 2 & DFS-Kopernikus 2,Retired,,Success
RVSN USSR,"16/2, Plesetsk Cosmodrome, Russian Federation",1990-07-25,18:13:56,Molniya 8K78M-PVB,US-K 65,Retired,,Success
General Dynamics,"Launch Complex 36B, Cape Canaveral SFS, FL, USA",1990-07-25,19:21:00,Atlas I,CRRES,Retired,,Success
RVSN USSR,"32/1, Plesetsk Cosmodrome, Russian Federation",1990-07-30,00:06:00,Tsiklon-3,Geo-IK 12,Retired,15,Success
RVSN USSR,"1/5, Baikonur Cosmodrome, Republic of Kazakhstan",1990-08-01,09:32:21,Soyuz-U2,Soyuz TM-10,Retired,,Success
US Air Force,"Space Launch Complex 17A, Cape Canaveral SFS, FL, USA",1990-08-02,05:39:00,Delta II 6925,GPS-2 8,Retired,,Success
RVSN USSR,"16/2, Plesetsk Cosmodrome, Russian Federation",1990-08-03,19:45:00,Soyuz-U-PVB,Yantar-4K2 54,Retired,,Success
RVSN USSR,"32/2, Plesetsk Cosmodrome, Russian Federation",1990-08-08,04:15:07,Tsiklon-3,Strela-3 49 to 54,Retired,15,Success
RVSN USSR,"200/39 (200L), Baikonur Cosmodrome, Republic of Kazakhstan",1990-08-09,20:18:59,Proton K/DM-2,Ekran-M 14L,Retired,,Failure
RVSN USSR,"43/4 (43R), Plesetsk Cosmodrome, Russian Federation",1990-08-10,20:18:58,Molniya-M 2BL,Molniya-1T 78,Retired,,Success
RVSN USSR,"1/5, Baikonur Cosmodrome, Republic of Kazakhstan",1990-08-15,04:00:41,Soyuz-U2,,Retired,,Success
RVSN USSR,"43/4 (43R), Plesetsk Cosmodrome, Russian Federation",1990-08-16,09:54:59,Soyuz-U-PVB,Resurs-F 8,Retired,,Success
US Air Force,"Space Launch Complex 17B, Cape Canaveral SFS, FL, USA",1990-08-18,00:42:00,Delta II 6925,Marcopolo 2,Retired,,Success
RVSN USSR,"90, Baikonur Cosmodrome, Republic of Kazakhstan",1990-08-23,16:17:00,Tsiklon-2,US-P 34,Retired,12,Success
RVSN USSR,"43/4 (43R), Plesetsk Cosmodrome, Russian Federation",1990-08-28,07:49:13,Molniya 8K78M-PVB,US-K 66,Retired,,Success
MHI,"Osaki Launch Complex, Tanegashima Space Center, Japan",1990-08-28,09:05:00,H-I,Yuri 3A,Retired,,Success
RVSN USSR,"133/3 (133L), Plesetsk Cosmodrome, Russian Federation",1990-08-28,15:45:00,Kosmos-3M (11K65M),Taifun-1 23,Retired,,Success
Arianespace,"Ariane Launch Area 2, Guiana Space Centre, French Guiana",1990-08-30,22:46:00,Ariane 44LP,Skynet 4C & Eutelsat-2 F1,Retired,,Success
RVSN USSR,"43/4 (43R), Plesetsk Cosmodrome, Russian Federation",1990-08-31,08:00:00,Soyuz U,Zenit-8 94,Retired,,Success
Ministry of Aerospace Industry,"Launch Complex 7, Taiyuan Satellite Launch Center, People's Republic of China",1990-09-03,00:53:00,Long March 4A,Feng Yun 1B,Retired,,Success
RVSN USSR,"16/2, Plesetsk Cosmodrome, Russian Federation",1990-09-07,11:59:59,Soyuz-U-PVB,Resurs-F 9,Retired,,Success
RVSN USSR,"133/3 (133L), Plesetsk Cosmodrome, Russian Federation",1990-09-14,05:59:07,Kosmos-3M (11K65M),Parus 70,Retired,,Success
RVSN USSR,"43/4 (43R), Plesetsk Cosmodrome, Russian Federation",1990-09-20,20:16:59,Molniya-M 2BL,Molniya-3 54L,Retired,,Success
RVSN USSR,"1/5, Baikonur Cosmodrome, Republic of Kazakhstan",1990-09-27,10:37:42,Soyuz-U2,,Retired,,Success
RVSN USSR,"32/1, Plesetsk Cosmodrome, Russian Federation",1990-09-28,07:30:00,Tsiklon-3,Meteor-2 20,Retired,15,Success
RVSN USSR,"1/5, Baikonur Cosmodrome, Republic of Kazakhstan",1990-10-01,11:00:00,Soyuz-U2,Orlets-1 2,Retired,,Success
US Air Force,"Space Launch Complex 17A, Cape Canaveral SFS, FL, USA",1990-10-01,21:56:00,Delta II 6925,GPS-2 9,Retired,,Success
RVSN USSR,"45/2, Baikonur Cosmodrome, Republic of Kazakhstan",1990-10-04,04:28:00,Zenit-2,Tselina-2 8,Retired,,Failure
Ministry of Aerospace Industry,"Launch Area 2B, Jiuquan Satellite Launch Center, People's Republic of China",1990-10-05,06:14:00,Long March 2C,FSW-1 3,Active,,Success
Lockheed Space Operations Company,"Launch Complex 39B, Kennedy Space Center, FL, USA",1990-10-06,11:47:15,Space Shuttle,STS-41,Retired,450,Success
Arianespace,"Ariane Launch Area 2, Guiana Space Centre, French Guiana",1990-10-12,22:58:18,Ariane 44L,SBS 6 & Galaxy 6,Retired,,Success
RVSN USSR,"16/2, Plesetsk Cosmodrome, Russian Federation",1990-10-16,19:00:00,Soyuz U,Yantar-4K2 55,Retired,,Success
US Air Force,"Space Launch Complex 17B, Cape Canaveral SFS, FL, USA",1990-10-30,23:16:00,Delta II 6925,INMARSAT II F-1,Retired,,Success
RVSN USSR,"81/23 (81L), Baikonur Cosmodrome, Republic of Kazakhstan",1990-11-03,14:40:00,Proton K/DM-2,Gorizont 21,Retired,,Success
US Air Force,"Space Launch Complex 41, Cape Canaveral SFS, FL, USA",1990-11-13,00:37:02,Titan 402A IUS,DSP 15,Retired,,Success
RVSN USSR,"90, Baikonur Cosmodrome, Republic of Kazakhstan",1990-11-14,06:33:40,Tsiklon-2,US-P 35,Retired,12,Success
Lockheed Space Operations Company,"Launch Complex 39A, Kennedy Space Center, FL, USA",1990-11-15,23:48:15,Space Shuttle,STS-38,Retired,450,Success
RVSN USSR,"43/4 (43R), Plesetsk Cosmodrome, Russian Federation",1990-11-16,16:30:00,Soyuz U,Zenit-8 95,Retired,,Success
RVSN USSR,"16/2, Plesetsk Cosmodrome, Russian Federation",1990-11-20,02:33:14,Molniya 8K78M-PVB,US-K 67,Retired,,Success
Arianespace,"Ariane Launch Area 2, Guiana Space Centre, French Guiana",1990-11-20,23:11:00,Ariane 42P,Satcom C1 & GStar 4,Retired,,Success
RVSN USSR,"43/3 (43L), Plesetsk Cosmodrome, Russian Federation",1990-11-23,03:51:00,Molniya-M 2BL,Molniya-1T 79,Retired,,Success
RVSN USSR,"200/39 (200L), Baikonur Cosmodrome, Republic of Kazakhstan",1990-11-23,13:22:00,Proton K/DM-2,Gorizont 22,Retired,,Success
US Air Force,"Space Launch Complex 17A, Cape Canaveral SFS, FL, USA",1990-11-26,21:39:01,Delta II 7925,GPS IIA-1,Retired,51,Success
RVSN USSR,"32/2, Plesetsk Cosmodrome, Russian Federation",1990-11-28,16:33:58,Tsiklon-3,Koltso 3,Retired,15,Success
US Air Force,"Space Launch Complex 3W, Vandenberg SFB, CA, USA",1990-12-01,15:57:00,SM-65E Atlas,DMSP-5D2 F10,Retired,,Success
Lockheed Space Operations Company,"Launch Complex 39B, Kennedy Space Center, FL, USA",1990-12-02,06:49:00,Space Shuttle,STS-35,Retired,450,Success
RVSN USSR,"1/5, Baikonur Cosmodrome, Republic of Kazakhstan",1990-12-02,08:13:32,Soyuz-U2,Soyuz TM-11,Retired,,Success
RVSN USSR,"90, Baikonur Cosmodrome, Republic of Kazakhstan",1990-12-04,00:48:31,Tsiklon-2,US-P 36,Retired,12,Success
RVSN USSR,"43/4 (43R), Plesetsk Cosmodrome, Russian Federation",1990-12-04,18:30:00,Soyuz U,Yantar-4K2 56,Retired,,Success
RVSN USSR,"200/40, Baikonur Cosmodrome, Republic of Kazakhstan",1990-12-08,02:43:00,Proton K/DM-2,Uragan 39 to 41,Retired,,Success
RVSN USSR,"133/3 (133L), Plesetsk Cosmodrome, Russian Federation",1990-12-10,07:54:59,Kosmos-3M (11K65M),Strela-2M 48,Retired,,Success
RVSN USSR,"81/23 (81L), Baikonur Cosmodrome, Republic of Kazakhstan",1990-12-20,11:35:00,Proton K/DM-2,Raduga 26,Retired,,Success
RVSN USSR,"1/5, Baikonur Cosmodrome, Republic of Kazakhstan",1990-12-21,06:20:11,Soyuz U,Yantar-4KS1 15,Retired,,Success
RVSN USSR,"32/2, Plesetsk Cosmodrome, Russian Federation",1990-12-22,07:28:53,Tsiklon-3,Strela-3 55 to 60,Retired,15,Success
RVSN USSR,"16/2, Plesetsk Cosmodrome, Russian Federation",1990-12-26,11:10:00,Soyuz-U-PVB,Zenit-8 96,Retired,,Success
RVSN USSR,"200/39 (200L), Baikonur Cosmodrome, Republic of Kazakhstan",1990-12-27,11:08:00,Proton K/DM-2,Raduga-1 2,Retired,,Success
US Air Force,"Space Launch Complex 17B, Cape Canaveral SFS, FL, USA",1991-01-08,00:53:01,Delta II 7925,NATO 4A,Retired,51,Success
RVSN USSR,"1/5, Baikonur Cosmodrome, Republic of Kazakhstan",1991-01-14,14:50:27,Soyuz-U2,,Retired,,Success
Arianespace,"Ariane Launch Area 2, Guiana Space Centre, French Guiana",1991-01-15,23:10:49,Ariane 44L,Italsat 1,Retired,,Success
RVSN USSR,"16/2, Plesetsk Cosmodrome, Russian Federation",1991-01-17,10:30:01,Soyuz-U-PVB,Zenit-8 97,Retired,,Success
RVSN USSR,"90, Baikonur Cosmodrome, Republic of Kazakhstan",1991-01-18,11:34:40,Tsiklon-2,US-P 37,Retired,12,Success
RVSN USSR,"133/3 (133L), Plesetsk Cosmodrome, Russian Federation",1991-01-29,11:59:58,Kosmos-3M (11K65M),Informator-1,Retired,,Success
RVSN USSR,"133/3 (133L), Plesetsk Cosmodrome, Russian Federation",1991-02-05,02:36:45,Kosmos-3M (11K65M),Tsikada 17,Retired,,Success
RVSN USSR,"16/2, Plesetsk Cosmodrome, Russian Federation",1991-02-07,18:15:00,Soyuz U,Yantar-4K2 57,Retired,,Success
RVSN USSR,"133/3 (133L), Plesetsk Cosmodrome, Russian Federation",1991-02-12,02:44:00,Kosmos-3M (11K65M),Strela-1M 353-360,Retired,,Success
RVSN USSR,"200/39 (200L), Baikonur Cosmodrome, Republic of Kazakhstan",1991-02-14,08:31:56,Proton K/DM-2,US-KMO 1,Retired,,Success
RVSN USSR,"1/5, Baikonur Cosmodrome, Republic of Kazakhstan",1991-02-15,09:30:00,Soyuz U,Yantar-1KFT 13,Retired,,Success
RVSN USSR,"43/3 (43L), Plesetsk Cosmodrome, Russian Federation",1991-02-15,15:19:00,Molniya-M 2BL,Molniya-1T 80,Retired,,Success
RVSN USSR,"133/3 (133L), Plesetsk Cosmodrome, Russian Federation",1991-02-26,04:53:06,Kosmos-3M (11K65M),Parus 71,Retired,,Success
RVSN USSR,"81/23 (81L), Baikonur Cosmodrome, Republic of Kazakhstan",1991-02-28,05:30:00,Proton K/DM-2,Raduga 27,Retired,,Success
Arianespace,"Ariane Launch Area 2, Guiana Space Centre, French Guiana",1991-03-02,23:36:00,Ariane 44LP,Astra 1B & Meteosat 5,Retired,,Success
RVSN USSR,"16/2, Plesetsk Cosmodrome, Russian Federation",1991-03-06,15:30:00,Soyuz-U-PVB,Zenit-8 98,Retired,,Success
US Air Force,"Space Launch Complex 4E, Vandenberg SFB, CA, USA",1991-03-08,12:03:00,Titan 403A,Onyx 2,Retired,,Success
US Air Force,"Space Launch Complex 17B, Cape Canaveral SFS, FL, USA",1991-03-08,23:03:00,Delta II 6925,INMARSAT II F-2,Retired,,Success
RVSN USSR,"133/3 (133L), Plesetsk Cosmodrome, Russian Federation",1991-03-12,19:29:04,Kosmos-3M (11K65M),Nadezhda 6,Retired,,Success
RVSN USSR,"1/5, Baikonur Cosmodrome, Republic of Kazakhstan",1991-03-19,13:05:15,Soyuz-U2,,Retired,,Success
RVSN USSR,"132/1 (132L), Plesetsk Cosmodrome, Russian Federation",1991-03-19,14:30:00,Kosmos-3M (11K65M),Taifun-1B 11,Retired,,Success
RVSN USSR,"43/3 (43L), Plesetsk Cosmodrome, Russian Federation",1991-03-22,12:19:59,Molniya-M 2BL,Molniya-3 55L,Retired,,Success
RVSN USSR,"16/2, Plesetsk Cosmodrome, Russian Federation",1991-03-26,13:45:00,Soyuz U,Yantar-4K2 58,Retired,,Success
RVSN USSR,"200/40, Baikonur Cosmodrome, Republic of Kazakhstan",1991-03-31,15:12:00,Proton-K,Almaz-1,Retired,,Success
RVSN USSR,"200/39 (200L), Baikonur Cosmodrome, Republic of Kazakhstan",1991-04-04,10:47:12,Proton K/DM-2,Uragan 42 to 44,Retired,,Success
Arianespace,"Ariane Launch Area 2, Guiana Space Centre, French Guiana",1991-04-04,23:33:00,Ariane 44P,Anik E2,Retired,,Success
Lockheed Space Operations Company,"Launch Complex 39B, Kennedy Space Center, FL, USA",1991-04-05,14:22:45,Space Shuttle,STS-37,Retired,450,Success
US Air Force,"Space Launch Complex 17B, Cape Canaveral SFS, FL, USA",1991-04-13,00:09:00,Delta II 7925,ASC 2,Retired,51,Success
RVSN USSR,"132/1 (132L), Plesetsk Cosmodrome, Russian Federation",1991-04-16,07:21:42,Kosmos-3M (11K65M),Parus 72,Retired,,Success
General Dynamics,"Launch Complex 36B, Cape Canaveral SFS, FL, USA",1991-04-18,23:30:00,Atlas I,BS-3H,Retired,,Failure
RVSN USSR,"32/2, Plesetsk Cosmodrome, Russian Federation",1991-04-24,01:37:00,Tsiklon-3,Meteor-3 4,Retired,15,Success
Lockheed Space Operations Company,"Launch Complex 39A, Kennedy Space Center, FL, USA",1991-04-28,11:33:14,Space Shuttle,STS-39,Retired,450,Success
US Air Force,"Space Launch Complex 3W, Vandenberg SFB, CA, USA",1991-05-14,15:52:03,SM-65E Atlas,NOAA 12,Retired,,Success
RVSN USSR,"32/2, Plesetsk Cosmodrome, Russian Federation",1991-05-16,21:40:54,Tsiklon-3,Strela-3 61 to 66,Retired,15,Success
RVSN USSR,"1/5, Baikonur Cosmodrome, Republic of Kazakhstan",1991-05-18,12:50:28,Soyuz-U2,Soyuz TM-12,Retired,,Success
RVSN USSR,"43/4 (43R), Plesetsk Cosmodrome, Russian Federation",1991-05-21,09:00:00,Soyuz-U-PVB,Resurs-F2 6,Retired,,Success
RVSN USSR,"43/3 (43L), Plesetsk Cosmodrome, Russian Federation",1991-05-24,15:29:59,Soyuz U,Yantar-4K2 59,Retired,,Success
US Air Force,"Space Launch Complex 17B, Cape Canaveral SFS, FL, USA",1991-05-29,22:55:00,Delta II 7925,Satcom C5,Retired,51,Success
RVSN USSR,"1/5, Baikonur Cosmodrome, Republic of Kazakhstan",1991-05-30,08:04:03,Soyuz-U2,,Retired,,Success
RVSN USSR,"32/2, Plesetsk Cosmodrome, Russian Federation",1991-06-04,08:10:00,Tsiklon-3,Okean-O1 6,Retired,15,Success
Lockheed Space Operations Company,"Launch Complex 39B, Kennedy Space Center, FL, USA",1991-06-05,13:24:51,Space Shuttle,STS-40,Retired,450,Success
RVSN USSR,"133/3 (133L), Plesetsk Cosmodrome, Russian Federation",1991-06-11,05:41:59,Kosmos-3M (11K65M),Strela-2M 49,Retired,,Success
RVSN USSR,"32/2, Plesetsk Cosmodrome, Russian Federation",1991-06-13,15:41:00,Tsiklon-3,Tselina-R 3,Retired,15,Success
RVSN USSR,"43/4 (43R), Plesetsk Cosmodrome, Russian Federation",1991-06-18,09:09:00,Molniya-M 2BL,Molniya-1T 81,Retired,,Success
RVSN USSR,"132/1 (132L), Plesetsk Cosmodrome, Russian Federation",1991-06-25,13:20:00,Kosmos-3M (11K65M),Taifun-2 26,Retired,,Failure
RVSN USSR,"43/3 (43L), Plesetsk Cosmodrome, Russian Federation",1991-06-28,08:09:59,Soyuz-U-PVB,Resurs-F 11,Retired,,Success
US Air Force,"Space Launch Complex 5, Vandenberg SFB, CA, USA",1991-06-29,14:00:00,Scout G-1,REX,Retired,8.66,Success
RVSN USSR,"200/39 (200L), Baikonur Cosmodrome, Republic of Kazakhstan",1991-07-01,21:53:00,Proton K/DM-2,Gorizont 23,Retired,,Success
US Air Force,"Space Launch Complex 17A, Cape Canaveral SFS, FL, USA",1991-07-04,02:32:00,Delta II 7925,GPS IIA-2,Retired,51,Success
RVSN USSR,"43/4 (43R), Plesetsk Cosmodrome, Russian Federation",1991-07-09,09:40:00,Soyuz-U-PVB,Zenit-8 99,Retired,,Success
RVSN USSR,"31/6, Baikonur Cosmodrome, Republic of Kazakhstan",1991-07-10,14:00:00,Soyuz U,Yantar-4KS1M 1,Retired,,Success
Arianespace,"Ariane Launch Area 2, Guiana Space Centre, French Guiana",1991-07-17,01:46:31,Ariane 40,ERS-1,Retired,,Success
Northrop,"Edwards Air Force Base, Air launch to orbit",1991-07-17,17:33:53,Pegasus HAPS,,Retired,,Success
RVSN USSR,"43/3 (43L), Plesetsk Cosmodrome, Russian Federation",1991-07-23,09:05:00,Soyuz U,Resurs-F 12,Retired,,Success
RVSN USSR,"43/4 (43R), Plesetsk Cosmodrome, Russian Federation",1991-08-01,11:53:00,Molniya-M 2BL,Molniya-1T 82,Retired,,Success
Lockheed Space Operations Company,"Launch Complex 39A, Kennedy Space Center, FL, USA",1991-08-02,15:02:00,Space Shuttle,STS-43,Retired,450,Success
Arianespace,"Ariane Launch Area 2, Guiana Space Centre, French Guiana",1991-08-14,23:15:13,Ariane 44L,Intelsat 605,Retired,,Success
RVSN USSR,"32/2, Plesetsk Cosmodrome, Russian Federation",1991-08-15,09:15:00,Tsiklon-3,Meteor-3 5,Retired,15,Success
RVSN USSR,"1/5, Baikonur Cosmodrome, Republic of Kazakhstan",1991-08-20,22:54:10,Soyuz-U2,,Retired,,Success
RVSN USSR,"43/3 (43L), Plesetsk Cosmodrome, Russian Federation",1991-08-21,10:50:00,Soyuz-U-PVB,Resurs-F2 7,Retired,,Success
RVSN USSR,"132/1 (132L), Plesetsk Cosmodrome, Russian Federation",1991-08-22,12:35:46,Kosmos-3M (11K65M),Parus 73,Retired,,Success
MHI,"Osaki Launch Complex, Tanegashima Space Center, Japan",1991-08-25,08:40:00,H-I,Yuri 3B,Retired,,Success
RVSN USSR,"31/6, Baikonur Cosmodrome, Republic of Kazakhstan",1991-08-29,06:48:43,Vostok 8A92M,IRS-1B,Retired,,Success
Institute of Space and Astronautical Science,"Mu Center, Uchinoura Space Center, Japan",1991-08-30,02:30:00,Mu-3S-II,Yohkoh,Retired,,Success
RVSN USSR,"45/1, Baikonur Cosmodrome, Republic of Kazakhstan",1991-08-30,08:58:01,Zenit-2,Tselina-2 9,Retired,,Failure
Lockheed Space Operations Company,"Launch Complex 39A, Kennedy Space Center, FL, USA",1991-09-12,23:11:04,Space Shuttle,STS-48,Retired,450,Success
RVSN USSR,"81/23 (81L), Baikonur Cosmodrome, Republic of Kazakhstan",1991-09-13,17:51:02,Proton K/DM-2,US-KS 5,Retired,,Success
RVSN USSR,"43/4 (43R), Plesetsk Cosmodrome, Russian Federation",1991-09-17,20:01:59,Molniya-M 2BL,Molniya-3 48L,Retired,,Success
RVSN USSR,"43/3 (43L), Plesetsk Cosmodrome, Russian Federation",1991-09-19,16:20:00,Soyuz U,Yantar-4K2 60,Retired,,Success
Arianespace,"Ariane Launch Area 2, Guiana Space Centre, French Guiana",1991-09-26,23:43:00,Ariane 44P,Anik E1,Retired,,Success
RVSN USSR,"32/2, Plesetsk Cosmodrome, Russian Federation",1991-09-28,07:05:55,Tsiklon-3,Strela-3 67 to 72,Retired,15,Success
RVSN USSR,"1/5, Baikonur Cosmodrome, Republic of Kazakhstan",1991-10-02,05:59:38,Soyuz-U2,Soyuz TM-13,Retired,,Success
RVSN USSR,"43/4 (43R), Plesetsk Cosmodrome, Russian Federation",1991-10-04,18:10:00,Soyuz-U-PVB,Foton 7,Retired,,Success
RVSN USSR,"1/5, Baikonur Cosmodrome, Republic of Kazakhstan",1991-10-09,13:15:00,Soyuz-U2,Orlets-1 3,Retired,,Success
RVSN USSR,"132/1 (132L), Plesetsk Cosmodrome, Russian Federation",1991-10-10,14:00:00,Kosmos-3M (11K65M),Taifun-1B 12,Retired,,Success
RVSN USSR,"1/5, Baikonur Cosmodrome, Republic of Kazakhstan",1991-10-17,00:05:25,Soyuz-U2,,Retired,,Success
RVSN USSR,"200/39 (200L), Baikonur Cosmodrome, Republic of Kazakhstan",1991-10-23,15:25:00,Proton K/DM-2,Gorizont 24,Retired,,Success
Arianespace,"Ariane Launch Area 2, Guiana Space Centre, French Guiana",1991-10-29,23:08:08,Ariane 44L,Intelsat 601,Retired,,Success
US Air Force,"Space Launch Complex 4E, Vandenberg SFB, CA, USA",1991-11-08,07:07:00,Titan 403A,SLDCOM 2,Retired,,Success
RVSN USSR,"32/1, Plesetsk Cosmodrome, Russian Federation",1991-11-12,20:09:33,Tsiklon-3,Strela-3 73 to 78,Retired,15,Success
RVSN USSR,"43/3 (43L), Plesetsk Cosmodrome, Russian Federation",1991-11-20,19:15:00,Soyuz U,Yantar-4K2 61,Retired,,Success
RVSN USSR,"81/23 (81L), Baikonur Cosmodrome, Republic of Kazakhstan",1991-11-22,13:27:00,Proton K/DM-2,Potok 7,Retired,,Success
Lockheed Space Operations Company,"Launch Complex 39A, Kennedy Space Center, FL, USA",1991-11-24,23:44:00,Space Shuttle,STS-44,Retired,450,Success
RVSN USSR,"133/3 (133L), Plesetsk Cosmodrome, Russian Federation",1991-11-27,03:30:26,Kosmos-3M (11K65M),Parus 74,Retired,,Success
US Air Force,"Space Launch Complex 3W, Vandenberg SFB, CA, USA",1991-11-28,13:23:00,SM-65E Atlas,DMSP-5D2 F11,Retired,,Success
US Air Force,"Launch Complex 36B, Cape Canaveral SFS, FL, USA",1991-12-07,22:47:00,Atlas II,Eutelsat II F-3,Retired,,Success
Arianespace,"Ariane Launch Area 2, Guiana Space Centre, French Guiana",1991-12-16,23:19:48,Ariane 44L,Telecom 2A,Retired,,Success
RVSN USSR,"31/6, Baikonur Cosmodrome, Republic of Kazakhstan",1991-12-17,11:00:00,Soyuz U,Yantar-1KFT 14,Retired,,Success
RVSN USSR,"32/2, Plesetsk Cosmodrome, Russian Federation",1991-12-18,03:54:00,Tsiklon-3,AUOS-Z-AP-IK 1,Retired,15,Success
RVSN USSR,"81/23 (81L), Baikonur Cosmodrome, Republic of Kazakhstan",1991-12-19,11:41:00,Proton K/DM-2,Raduga 28,Retired,,Success
Ministry of Aerospace Industry,"Launch Complex 3 (LC-3/LA-1), Xichang Satellite Launch Center, People's Republic of China",1991-12-28,12:00:00,Long March 3,DFH-2A 5,Retired,,Partial Failure
VKS RF,"43/4 (43R), Plesetsk Cosmodrome, Russian Federation",1992-01-21,15:00:00,Soyuz U,Yantar-4K2 62,Retired,,Success
Lockheed Space Operations Company,"Launch Complex 39A, Kennedy Space Center, FL, USA",1992-01-22,14:52:33,Space Shuttle,STS-42,Retired,450,Success
Progress Rocket Space Center,"43/3 (43L), Plesetsk Cosmodrome, Russian Federation",1992-01-24,01:18:01,Molniya-M 2BL,US-K 68,Retired,,Success
Roscosmos,"1/5, Baikonur Cosmodrome, Republic of Kazakhstan",1992-01-25,07:50:17,Soyuz-U2,,Retired,,Success
Khrunichev,"81/23 (81L), Baikonur Cosmodrome, Republic of Kazakhstan",1992-01-29,22:19:12,Proton K/DM-2,Uragan 45 to 47,Retired,,Success
Roscosmos,"45/1, Baikonur Cosmodrome, Republic of Kazakhstan",1992-02-05,18:14:00,Zenit-2,Tselina-2 10,Retired,,Failure
US Air Force,"Launch Complex 36A, Cape Canaveral SFS, FL, USA",1992-02-11,00:41:02,Atlas II,DSCS-3 B14,Retired,,Success
MHI,"Osaki Launch Complex, Tanegashima Space Center, Japan",1992-02-11,01:50:00,H-I,Fuyo 1,Retired,,Success
Production Corporation Polyot,"133/3 (133L), Plesetsk Cosmodrome, Russian Federation",1992-02-17,22:05:08,Kosmos-3M (11K65M),Parus 75,Retired,,Success
US Air Force,"Space Launch Complex 17B, Cape Canaveral SFS, FL, USA",1992-02-23,22:29:00,Delta II 7925,GPS IIA-3,Retired,51,Success
Arianespace,"Ariane Launch Area 2, Guiana Space Centre, French Guiana",1992-02-26,23:58:10,Ariane 44L,Superbird B1 & Arabsat 1C,Retired,,Success
Progress Rocket Space Center,"43/4 (43R), Plesetsk Cosmodrome, Russian Federation",1992-03-04,04:27:00,Molniya-M 2BL,Molniya-1T 83,Retired,,Success
Production Corporation Polyot,"132/1 (132L), Plesetsk Cosmodrome, Russian Federation",1992-03-09,22:35:59,Kosmos-3M (11K65M),Tsikada 18,Retired,,Success
General Dynamics,"Launch Complex 36B, Cape Canaveral SFS, FL, USA",1992-03-14,00:00:00,Atlas I,Galaxy 5,Retired,,Success
Roscosmos,"1/5, Baikonur Cosmodrome, Republic of Kazakhstan",1992-03-17,10:54:30,Soyuz-U2,Soyuz TM-14,Retired,,Success
Lockheed Space Operations Company,"Launch Complex 39A, Kennedy Space Center, FL, USA",1992-03-24,13:13:39,Space Shuttle,STS-45,Retired,450,Success
VKS RF,"16/2, Plesetsk Cosmodrome, Russian Federation",1992-04-01,14:18:00,Soyuz-U-PVB,Yantar-4K2 63,Retired,,Success
Khrunichev,"81/23 (81L), Baikonur Cosmodrome, Republic of Kazakhstan",1992-04-02,01:50:00,Proton K/DM-2,Gorizont 25,Retired,,Success
Roscosmos,"31/6, Baikonur Cosmodrome, Republic of Kazakhstan",1992-04-08,12:20:00,Soyuz U,Yantar-4KS1M 2,Retired,,Success
US Air Force,"Space Launch Complex 17B, Cape Canaveral SFS, FL, USA",1992-04-10,03:20:00,Delta II 7925,GPS IIA-4,Retired,51,Success
Production Corporation Polyot,"132/1 (132L), Plesetsk Cosmodrome, Russian Federation",1992-04-15,07:17:43,Kosmos-3M (11K65M),Parus 76,Retired,,Success
Arianespace,"Ariane Launch Area 2, Guiana Space Centre, French Guiana",1992-04-15,23:25:27,Ariane 44L,Télécom 2B & Inmarsat-2 F4,Retired,,Success
Roscosmos,"1/5, Baikonur Cosmodrome, Republic of Kazakhstan",1992-04-19,21:29:25,Soyuz-U2,,Retired,,Success
US Air Force,"Space Launch Complex 4W, Vandenberg SFB, CA, USA",1992-04-25,08:53:00,Titan II SLV,P-11 5105,Retired,,Success
VKS RF,"43/4 (43R), Plesetsk Cosmodrome, Russian Federation",1992-04-29,09:00:00,Soyuz U,Resurs-F2 8,Retired,,Success
Roscosmos,"1/5, Baikonur Cosmodrome, Republic of Kazakhstan",1992-04-29,10:10:00,Soyuz U,Yantar-1KFT 15,Retired,,Success
Lockheed Space Operations Company,"Launch Complex 39B, Kennedy Space Center, FL, USA",1992-05-07,23:40:00,Space Shuttle,STS-49,Retired,450,Success
US Air Force,"Space Launch Complex 17B, Cape Canaveral SFS, FL, USA",1992-05-14,00:40:00,Delta II 7925,Palapa B4,Retired,51,Success
ISRO,"SLV-3 Launch Pad, Satish Dhawan Space Centre, India",1992-05-20,00:30:00,ASLV,SROSS-C,Retired,,Success
VKS RF,"16/2, Plesetsk Cosmodrome, Russian Federation",1992-05-28,19:09:59,Soyuz U,Yantar-4K2 64,Retired,,Success
Production Corporation Polyot,"133/3 (133L), Plesetsk Cosmodrome, Russian Federation",1992-06-03,00:50:30,Kosmos-3M (11K65M),Strela-1M 361-368,Retired,,Success
US Air Force,"Space Launch Complex 17A, Cape Canaveral SFS, FL, USA",1992-06-07,16:40:00,Delta II 6920-10,EUVE,Retired,,Success
US Air Force,"Launch Complex 36B, Cape Canaveral SFS, FL, USA",1992-06-10,00:00:00,Atlas IIA,INTELSAT K,Retired,,Success
VKS RF,"43/3 (43L), Plesetsk Cosmodrome, Russian Federation",1992-06-23,08:00:00,Soyuz-U-PVB,Resurs-F 15,Retired,,Success
Lockheed Space Operations Company,"Launch Complex 39A, Kennedy Space Center, FL, USA",1992-06-25,16:12:23,Space Shuttle,STS-50,Retired,450,Success
Roscosmos,"31/6, Baikonur Cosmodrome, Republic of Kazakhstan",1992-06-30,16:43:13,Soyuz-U2,,Retired,,Success
Production Corporation Polyot,"133/3 (133L), Plesetsk Cosmodrome, Russian Federation",1992-07-01,20:16:22,Kosmos-3M (11K65M),Parus 77,Retired,,Success
US Air Force,"Launch Complex 36A, Cape Canaveral SFS, FL, USA",1992-07-02,21:54:01,Atlas II,DSCS-3 B12,Retired,,Success
NASA,"Space Launch Complex 5, Vandenberg SFB, CA, USA",1992-07-03,14:19:00,Scout G-1,SAMPEX,Retired,8.66,Success
US Air Force,"Space Launch Complex 17B, Cape Canaveral SFS, FL, USA",1992-07-07,09:20:01,Delta II 7925,GPS IIA-5,Retired,51,Success
Progress Rocket Space Center,"43/3 (43L), Plesetsk Cosmodrome, Russian Federation",1992-07-08,09:53:14,Molniya 8K78M-PVB,US-K 69,Retired,,Success
Arianespace,"Ariane Launch Area 2, Guiana Space Centre, French Guiana",1992-07-09,22:42:19,Ariane 44L,Insat 2A & Eutelsat-2 F4,Retired,,Success
VKS RF,"32/1, Plesetsk Cosmodrome, Russian Federation",1992-07-13,17:41:40,Tsiklon-3,Strela-3 79 to 82,Retired,15,Success
Khrunichev,"81/23 (81L), Baikonur Cosmodrome, Republic of Kazakhstan",1992-07-14,22:02:00,Proton K/DM-2,Gorizont 26,Retired,,Success
US Air Force,"Space Launch Complex 17A, Cape Canaveral SFS, FL, USA",1992-07-24,14:26:00,Delta II 6925,Geotail & DUVE,Retired,,Success
VKS RF,"43/3 (43L), Plesetsk Cosmodrome, Russian Federation",1992-07-24,19:40:00,Soyuz U,Yantar-4K2 65,Retired,,Success
Roscosmos,"1/5, Baikonur Cosmodrome, Republic of Kazakhstan",1992-07-27,06:08:42,Soyuz-U2,Soyuz TM-15,Retired,,Success
Khrunichev,"81/23 (81L), Baikonur Cosmodrome, Republic of Kazakhstan",1992-07-30,01:59:01,Proton K/DM-2,Uragan 48 to 50,Retired,,Success
VKS RF,"43/4 (43R), Plesetsk Cosmodrome, Russian Federation",1992-07-30,11:00:00,Soyuz-U-PVB,Zenit-8 100,Retired,,Success
Lockheed Space Operations Company,"Launch Complex 39A, Kennedy Space Center, FL, USA",1992-07-31,13:56:48,Space Shuttle,STS-46,Retired,450,Success
Progress Rocket Space Center,"43/3 (43L), Plesetsk Cosmodrome, Russian Federation",1992-08-06,19:30:59,Molniya-M 2BL,Molniya-1T 84,Retired,,Success
Ministry of Aerospace Industry,"Launch Area 2B, Jiuquan Satellite Launch Center, People's Republic of China",1992-08-09,08:00:00,Long March 2D,Fanhui Shi Weixing (13),Active,30,Success
Arianespace,"Ariane Launch Area 2, Guiana Space Centre, French Guiana",1992-08-10,23:08:07,Ariane 42P,"Topex-Poseidon, Kitsat 1 & S80/T",Retired,,Success
Production Corporation Polyot,"132/1 (132L), Plesetsk Cosmodrome, Russian Federation",1992-08-12,05:44:01,Kosmos-3M (11K65M),Strela-2M 50,Retired,,Success
Ministry of Aerospace Industry,"Launch Complex 2 (LC-2), Xichang Satellite Launch Center, People's Republic of China",1992-08-13,23:00:00,Long March 2E,Optus B1,Retired,,Success
Roscosmos,"31/6, Baikonur Cosmodrome, Republic of Kazakhstan",1992-08-15,22:18:32,Soyuz-U2,,Retired,,Success
VKS RF,"16/2, Plesetsk Cosmodrome, Russian Federation",1992-08-19,10:20:00,Soyuz U,Resurs-F 16,Retired,,Success
General Dynamics,"Launch Complex 36B, Cape Canaveral SFS, FL, USA",1992-08-22,22:40:00,Atlas I,Galaxy 1R,Retired,,Failure
US Air Force,"Space Launch Complex 17B, Cape Canaveral SFS, FL, USA",1992-08-31,10:40:59,Delta II 7925,Satcom C4,Retired,51,Success
US Air Force,"Space Launch Complex 17A, Cape Canaveral SFS, FL, USA",1992-09-09,08:57:00,Delta II 7925,GPS IIA-6,Retired,51,Success
Khrunichev,"81/23 (81L), Baikonur Cosmodrome, Republic of Kazakhstan",1992-09-10,18:01:18,Proton K/DM-2,US-KS 6,Retired,,Success
Arianespace,"Ariane Launch Area 2, Guiana Space Centre, French Guiana",1992-09-10,23:04:00,Ariane 44LP,Hispasat 1A & Satcom C3,Retired,,Success
Lockheed Space Operations Company,"Launch Complex 39B, Kennedy Space Center, FL, USA",1992-09-12,14:23:00,Space Shuttle,STS-47,Retired,450,Success
VKS RF,"16/2, Plesetsk Cosmodrome, Russian Federation",1992-09-22,16:10:00,Soyuz U,Yantar-4K2 66,Retired,,Success
Martin Marietta,"Space Launch Complex 40, Cape Canaveral SFS, FL, USA",1992-09-25,17:05:01,Commercial Titan III,Mars Observer,Retired,,Success
Ministry of Aerospace Industry,"Launch Area 2B, Jiuquan Satellite Launch Center, People's Republic of China",1992-10-06,06:20:05,Long March 2C,FSW-1 4 & Freja,Active,,Success
VKS RF,"43/4 (43R), Plesetsk Cosmodrome, Russian Federation",1992-10-08,19:00:00,Soyuz U,Foton 8,Retired,,Success
US Air Force,"Space Launch Complex 17B, Cape Canaveral SFS, FL, USA",1992-10-12,09:47:00,Delta II 7925,DFS-Kopernikus 3,Retired,51,Success
Progress Rocket Space Center,"43/3 (43L), Plesetsk Cosmodrome, Russian Federation",1992-10-14,19:58:00,Molniya 8K78M-PVB,Molniya-3 50L,Retired,,Success
VKS RF,"32/1, Plesetsk Cosmodrome, Russian Federation",1992-10-20,12:58:12,Tsiklon-3,Strela-3 83 to 88,Retired,15,Success
Progress Rocket Space Center,"16/2, Plesetsk Cosmodrome, Russian Federation",1992-10-21,10:21:22,Molniya 8K78M-PVB,US-K 70,Retired,,Success
Lockheed Space Operations Company,"Launch Complex 39B, Kennedy Space Center, FL, USA",1992-10-22,17:09:40,Space Shuttle,STS-52,Retired,450,Success
Roscosmos,"31/6, Baikonur Cosmodrome, Republic of Kazakhstan",1992-10-27,17:19:41,Soyuz-U2,,Retired,,Success
Arianespace,"Ariane Launch Area 2, Guiana Space Centre, French Guiana",1992-10-28,00:15:00,Ariane 42P,Galaxy 7,Retired,,Success
Production Corporation Polyot,"133/3 (133L), Plesetsk Cosmodrome, Russian Federation",1992-10-29,10:40:33,Kosmos-3M (11K65M),Parus 78,Retired,,Success
Khrunichev,"81/23 (81L), Baikonur Cosmodrome, Republic of Kazakhstan",1992-10-30,14:59:00,Proton K/DM-2,Ekran-M 3,Retired,,Success
VKS RF,"16/2, Plesetsk Cosmodrome, Russian Federation",1992-11-15,21:45:01,Soyuz-U-PVB,Resurs-500,Retired,,Success
Roscosmos,"45/1, Baikonur Cosmodrome, Republic of Kazakhstan",1992-11-17,07:47:01,Zenit-2,Tselina-2 11,Retired,,Success
VKS RF,"43/4 (43R), Plesetsk Cosmodrome, Russian Federation",1992-11-20,15:29:59,Soyuz U,Yantar-4K2 67,Retired,,Success
US Air Force,"Space Launch Complex 5, Vandenberg SFB, CA, USA",1992-11-21,13:45:00,Scout G-1,MSTI-1,Retired,8.66,Success
US Air Force,"Space Launch Complex 17A, Cape Canaveral SFS, FL, USA",1992-11-22,23:54:00,Delta II 7925,GPS IIA-7,Retired,51,Success
VKS RF,"32/2, Plesetsk Cosmodrome, Russian Federation",1992-11-24,04:09:59,Tsiklon-3,Tselina-D 67,Retired,15,Success
Progress Rocket Space Center,"43/3 (43L), Plesetsk Cosmodrome, Russian Federation",1992-11-25,12:18:54,Molniya 8K78M-PVB,US-K 71,Retired,,Success
Khrunichev,"81/23 (81L), Baikonur Cosmodrome, Republic of Kazakhstan",1992-11-27,13:10:00,Proton K/DM-2,Gorizont 27,Retired,,Success
US Air Force,"Space Launch Complex 4E, Vandenberg SFB, CA, USA",1992-11-28,21:34:00,Titan 404A,KH-11 10,Retired,,Success
Arianespace,"Ariane Launch Area 2, Guiana Space Centre, French Guiana",1992-12-01,22:48:00,Ariane 42P,Superbird A1,Retired,,Success
Progress Rocket Space Center,"43/3 (43L), Plesetsk Cosmodrome, Russian Federation",1992-12-02,01:57:00,Molniya 8K78M-PVB,Molniya-3 56L,Retired,,Success
Lockheed Space Operations Company,"Launch Complex 39A, Kennedy Space Center, FL, USA",1992-12-02,13:24:00,Space Shuttle,STS-53,Retired,450,Success
Roscosmos,"1/5, Baikonur Cosmodrome, Republic of Kazakhstan",1992-12-09,11:25:00,Soyuz U,Yantar-4KS1M 3,Retired,,Success
Khrunichev,"200/39 (200L), Baikonur Cosmodrome, Republic of Kazakhstan",1992-12-17,12:45:00,Proton K/DM-2,US-KMO 2,Retired,,Success
US Air Force,"Space Launch Complex 17B, Cape Canaveral SFS, FL, USA",1992-12-18,22:16:00,Delta II 7925,GPS IIA-8,Retired,51,Success
Ministry of Aerospace Industry,"Launch Complex 2 (LC-2), Xichang Satellite Launch Center, People's Republic of China",1992-12-21,11:21:00,Long March 2E,Optus B2,Retired,,Failure
Roscosmos,"31/6, Baikonur Cosmodrome, Republic of Kazakhstan",1992-12-22,12:00:00,Soyuz U,Orlets-1 4,Retired,,Success
VKS RF,"32/2, Plesetsk Cosmodrome, Russian Federation",1992-12-22,12:36:00,Tsiklon-3,Geo-IK 13,Retired,15,Success
Roscosmos,"45/1, Baikonur Cosmodrome, Republic of Kazakhstan",1992-12-25,05:56:00,Zenit-2,Tselina-2 12,Retired,,Success
VKS RF,"32/2, Plesetsk Cosmodrome, Russian Federation",1992-12-25,20:07:59,Tsiklon-3,Tselina-D 68,Retired,15,Success
VKS RF,"43/3 (43L), Plesetsk Cosmodrome, Russian Federation",1992-12-29,13:30:01,Soyuz-U-PVB,Bion 10,Retired,,Success
Production Corporation Polyot,"133/3 (133L), Plesetsk Cosmodrome, Russian Federation",1993-01-12,11:10:17,Kosmos-3M (11K65M),Tsikada 19,Retired,,Success
Progress Rocket Space Center,"43/4 (43R), Plesetsk Cosmodrome, Russian Federation",1993-01-13,01:49:00,Molniya-M 2BL,Molniya-1T 85,Retired,,Success
Lockheed Space Operations Company,"Launch Complex 39B, Kennedy Space Center, FL, USA",1993-01-13,13:59:30,Space Shuttle,STS-54,Retired,450,Success
VKS RF,"43/3 (43L), Plesetsk Cosmodrome, Russian Federation",1993-01-19,14:49:01,Soyuz U,Yantar-4K2 68,Retired,,Success
Roscosmos,"1/5, Baikonur Cosmodrome, Republic of Kazakhstan",1993-01-24,05:58:05,Soyuz-U2,Soyuz TM-16,Retired,,Success
Progress Rocket Space Center,"16/2, Plesetsk Cosmodrome, Russian Federation",1993-01-26,15:55:26,Molniya-M 2BL,US-K 72,Retired,,Success
US Air Force,"Space Launch Complex 17A, Cape Canaveral SFS, FL, USA",1993-02-03,02:55:00,Delta II 7925,GPS IIA-9,Retired,51,Success
Production Corporation Polyot,"133/3 (133L), Plesetsk Cosmodrome, Russian Federation",1993-02-09,02:56:56,Kosmos-3M (11K65M),Parus 79,Retired,,Success
Northrop,"Cape Canaveral, Air launch to orbit",1993-02-09,14:30:00,Pegasus,,Retired,40,Success
Khrunichev,"81/23 (81L), Baikonur Cosmodrome, Republic of Kazakhstan",1993-02-17,20:09:47,Proton K/DM-2,Uragan 51 to 53,Retired,,Success
Institute of Space and Astronautical Science,"Mu Center, Uchinoura Space Center, Japan",1993-02-20,02:20:00,Mu-3S-II,Asuka,Retired,,Success
Roscosmos,"1/5, Baikonur Cosmodrome, Republic of Kazakhstan",1993-02-21,18:32:33,Soyuz-U2,,Retired,,Success
Khrunichev,"81/23 (81L), Baikonur Cosmodrome, Republic of Kazakhstan",1993-03-25,02:28:00,Proton K/DM-2,Raduga 29,Retired,,Success
VKS RF,"158, Plesetsk Cosmodrome, Russian Federation",1993-03-25,13:15:27,Start-1,EKA-1,Retired,9,Success
General Dynamics,"Launch Complex 36B, Cape Canaveral SFS, FL, USA",1993-03-25,21:38:02,Atlas I,UHF F/O F1,Retired,,Success
Roscosmos,"45/1, Baikonur Cosmodrome, Republic of Kazakhstan",1993-03-26,02:21:00,Zenit-2,Tselina-2 13,Retired,,Success
US Air Force,"Space Launch Complex 17A, Cape Canaveral SFS, FL, USA",1993-03-30,03:09:00,Delta II 7925,GPS IIA-10,Retired,51,Success
Roscosmos,"90/20, Baikonur Cosmodrome, Republic of Kazakhstan",1993-03-30,12:00:00,Tsiklon-2,US-PM 1,Retired,12,Success
Roscosmos,"1/5, Baikonur Cosmodrome, Republic of Kazakhstan",1993-03-31,03:34:13,Soyuz-U2,,Retired,,Success
Production Corporation Polyot,"133/3 (133L), Plesetsk Cosmodrome, Russian Federation",1993-04-01,18:57:26,Kosmos-3M (11K65M),Parus 80,Retired,,Success
VKS RF,"16/2, Plesetsk Cosmodrome, Russian Federation",1993-04-02,14:30:01,Soyuz U,Yantar-4K2 69,Retired,,Success
Progress Rocket Space Center,"43/4 (43R), Plesetsk Cosmodrome, Russian Federation",1993-04-06,19:07:27,Molniya-M 2BL,US-K 73,Retired,,Success
Lockheed Space Operations Company,"Launch Complex 39B, Kennedy Space Center, FL, USA",1993-04-08,05:29:00,Space Shuttle,STS-56,Retired,450,Success
VKS RF,"32/1, Plesetsk Cosmodrome, Russian Federation",1993-04-16,07:49:00,Tsiklon-3,Tselina-R 4,Retired,15,Success
Progress Rocket Space Center,"43/4 (43R), Plesetsk Cosmodrome, Russian Federation",1993-04-21,00:23:00,Molniya-M 2BL,Molniya-3 57L,Retired,,Success
Northrop,"Edwards Air Force Base, Air launch to orbit",1993-04-25,13:56:00,Pegasus,,Retired,40,Success
Lockheed Space Operations Company,"Launch Complex 39A, Kennedy Space Center, FL, USA",1993-04-26,14:50:00,Space Shuttle,STS-55,Retired,450,Success
Roscosmos,"31/6, Baikonur Cosmodrome, Republic of Kazakhstan",1993-04-27,10:35:00,Soyuz U,Yantar-1KFT 16,Retired,,Success
Roscosmos,"90/20, Baikonur Cosmodrome, Republic of Kazakhstan",1993-04-28,03:39:20,Tsiklon-2,US-PM 2,Retired,12,Success
VKS RF,"32/1, Plesetsk Cosmodrome, Russian Federation",1993-05-11,14:56:01,Tsiklon-3,Strela-3 89 to 94,Retired,15,Success
Arianespace,"Ariane Launch Area 2, Guiana Space Centre, French Guiana",1993-05-12,00:56:32,Ariane 42L,Astra 1C & Arsene,Retired,,Success
US Air Force,"Space Launch Complex 17A, Cape Canaveral SFS, FL, USA",1993-05-13,00:07:00,Delta II 7925,GPS IIA-11,Retired,51,Success
VKS RF,"16/2, Plesetsk Cosmodrome, Russian Federation",1993-05-21,09:15:01,Soyuz U,Resurs-F2 9,Retired,,Success
Roscosmos,"1/5, Baikonur Cosmodrome, Republic of Kazakhstan",1993-05-22,06:41:47,Soyuz-U2,,Retired,,Success
Progress Rocket Space Center,"43/4 (43R), Plesetsk Cosmodrome, Russian Federation",1993-05-26,03:23:59,Molniya-M 2BL,Molniya-1T 86,Retired,,Success
Khrunichev,"81/23 (81L), Baikonur Cosmodrome, Republic of Kazakhstan",1993-05-27,01:22:00,Proton K/DM-2,Gorizont 39L,Retired,,Failure
Production Corporation Polyot,"132/1 (132L), Plesetsk Cosmodrome, Russian Federation",1993-06-16,04:17:00,Kosmos-3M (11K65M),Strela-2M 51,Retired,,Success
Lockheed Space Operations Company,"Launch Complex 39B, Kennedy Space Center, FL, USA",1993-06-21,13:07:22,Space Shuttle,STS-57,Retired,450,Success
VKS RF,"32/1, Plesetsk Cosmodrome, Russian Federation",1993-06-24,04:12:41,Tsiklon-3,Strela-3 95 to 100,Retired,15,Success
Arianespace,"Ariane Launch Area 2, Guiana Space Centre, French Guiana",1993-06-25,00:18:00,Ariane 42P,Galaxy 4H,Retired,,Success
VKS RF,"16/2, Plesetsk Cosmodrome, Russian Federation",1993-06-25,08:20:00,Soyuz-U-PVB,Resurs-F 18,Retired,,Success
US Air Force,"Space Launch Complex 5, Vandenberg SFB, CA, USA",1993-06-25,23:30:00,Scout G-1,RADCAL,Retired,8.66,Success
US Air Force,"Space Launch Complex 17A, Cape Canaveral SFS, FL, USA",1993-06-26,13:27:00,Delta II 7925,GPS IIA-12,Retired,51,Success
Roscosmos,"1/5, Baikonur Cosmodrome, Republic of Kazakhstan",1993-07-01,14:32:58,Soyuz-U2,Soyuz TM-17,Retired,,Success
Roscosmos,"90/20, Baikonur Cosmodrome, Republic of Kazakhstan",1993-07-07,07:15:00,Tsiklon-2,US-PM 3,Retired,12,Success
VKS RF,"43/3 (43L), Plesetsk Cosmodrome, Russian Federation",1993-07-14,16:40:00,Soyuz-U-PVB,Yantar-4K2 70,Retired,,Success
US Air Force,"Launch Complex 36A, Cape Canaveral SFS, FL, USA",1993-07-19,22:04:02,Atlas II,DSCS-3 B9,Retired,,Success
VKS RF,"43/3 (43L), Plesetsk Cosmodrome, Russian Federation",1993-07-22,08:45:00,Soyuz-U-PVB,Zenit-8 101,Retired,,Success
Arianespace,"Ariane Launch Area 2, Guiana Space Centre, French Guiana",1993-07-22,22:58:55,Ariane 44L,Hispasat 1B & Insat 2B,Retired,,Success
US Air Force,"Space Launch Complex 4E, Vandenberg SFB, CA, USA",1993-08-02,19:59:00,Titan 403A,SLDCOM 3,Retired,,Failure
Progress Rocket Space Center,"43/3 (43L), Plesetsk Cosmodrome, Russian Federation",1993-08-04,00:52:00,Molniya-M 2BL,Molniya-3 58L,Retired,,Success
US Air Force,"Space Launch Complex 3W, Vandenberg SFB, CA, USA",1993-08-09,10:02:00,SM-65E Atlas,NOAA 13,Retired,,Success
Progress Rocket Space Center,"16/2, Plesetsk Cosmodrome, Russian Federation",1993-08-10,14:53:45,Molniya-M 2BL,US-K 74,Retired,,Success
Roscosmos,"1/5, Baikonur Cosmodrome, Republic of Kazakhstan",1993-08-10,22:23:45,Soyuz U,,Retired,,Success
VKS RF,"16/2, Plesetsk Cosmodrome, Russian Federation",1993-08-24,10:45:00,Soyuz-U-PVB,Resurs-F 19,Retired,,Success
US Air Force,"Space Launch Complex 17B, Cape Canaveral SFS, FL, USA",1993-08-30,12:38:00,Delta II 7925,GPS IIA-13,Retired,51,Success
VKS RF,"32/1, Plesetsk Cosmodrome, Russian Federation",1993-08-31,04:40:00,Tsiklon-3,Meteor-2 21,Retired,15,Success
General Dynamics,"Launch Complex 36B, Cape Canaveral SFS, FL, USA",1993-09-03,11:17:02,Atlas I,UHF F/O F2,Retired,,Success
Roscosmos,"31/6, Baikonur Cosmodrome, Republic of Kazakhstan",1993-09-07,13:25:00,Soyuz-U2,Orlets-1 5,Retired,,Success
Lockheed Space Operations Company,"Launch Complex 39B, Kennedy Space Center, FL, USA",1993-09-12,11:45:00,Space Shuttle,STS-51,Retired,450,Success
Roscosmos,"45/1, Baikonur Cosmodrome, Republic of Kazakhstan",1993-09-16,07:36:19,Zenit-2,Tselina-2 14,Retired,,Success
Roscosmos,"90/20, Baikonur Cosmodrome, Republic of Kazakhstan",1993-09-17,00:43:10,Tsiklon-2,US-PM 4,Retired,12,Success
ISRO,"Satish Dhawan Space Centre First Launch Pad, Satish Dhawan Space Centre, India",1993-09-20,05:12:00,PSLV,IRS-P1,Active,21,Failure
Arianespace,"Ariane Launch Area 2, Guiana Space Centre, French Guiana",1993-09-26,01:45:00,Ariane 40,SPOT 3,Retired,,Success
Khrunichev,"81/23 (81L), Baikonur Cosmodrome, Republic of Kazakhstan",1993-09-30,17:05:59,Proton K/DM-2,Raduga 30,Retired,,Success
US Air Force,"Space Launch Complex 4W, Vandenberg SFB, CA, USA",1993-10-05,17:56:00,Titan II SLV,Landsat 6,Retired,,Failure
China Aerospace Corporation,"Launch Area 2B, Jiuquan Satellite Launch Center, People's Republic of China",1993-10-08,08:00:00,Long March 2C,FSW-1 5,Active,,Success
Roscosmos,"1/5, Baikonur Cosmodrome, Republic of Kazakhstan",1993-10-11,21:33:19,Soyuz U,,Retired,,Success
Lockheed Space Operations Company,"Launch Complex 39B, Kennedy Space Center, FL, USA",1993-10-18,14:53:10,Space Shuttle,STS-58,Retired,450,Success
Arianespace,"Ariane Launch Area 2, Guiana Space Centre, French Guiana",1993-10-22,06:46:00,Ariane 44LP,INTELSAT 701,Retired,,Success
Production Corporation Polyot,"132/1 (132L), Plesetsk Cosmodrome, Russian Federation",1993-10-26,13:00:04,Kosmos-3M (11K65M),Taifun-1B 13,Retired,,Success
US Air Force,"Space Launch Complex 17B, Cape Canaveral SFS, FL, USA",1993-10-26,17:04:00,Delta II 7925,GPS IIA-14,Retired,51,Success
Khrunichev,"81/23 (81L), Baikonur Cosmodrome, Republic of Kazakhstan",1993-10-28,15:17:00,Proton K/DM-2,Gorizont 28,Retired,,Success
Production Corporation Polyot,"132/1 (132L), Plesetsk Cosmodrome, Russian Federation",1993-11-02,12:10:09,Kosmos-3M (11K65M),Parus 81,Retired,,Success
Roscosmos,"1/5, Baikonur Cosmodrome, Republic of Kazakhstan",1993-11-05,08:25:00,Soyuz U,Yantar-4KS1M 4,Retired,,Success
Khrunichev,"81/23 (81L), Baikonur Cosmodrome, Republic of Kazakhstan",1993-11-18,13:54:59,Proton K/DM-2,Rimsat G1,Retired,,Success
Arianespace,"Ariane Launch Area 2, Guiana Space Centre, French Guiana",1993-11-20,01:17:00,Ariane 44LP,Solidaridad 1 & Meteosat 6,Retired,,Success
US Air Force,"Launch Complex 36A, Cape Canaveral SFS, FL, USA",1993-11-28,23:40:02,Atlas II,DSCS-3 B10,Retired,,Success
Lockheed Space Operations Company,"Launch Complex 39B, Kennedy Space Center, FL, USA",1993-12-02,09:27:00,Space Shuttle,STS-61,Retired,450,Success
US Air Force,"Space Launch Complex 17A, Cape Canaveral SFS, FL, USA",1993-12-08,00:48:00,Delta II 7925,NATO 4B,Retired,51,Success
US Air Force,"Launch Complex 36B, Cape Canaveral SFS, FL, USA",1993-12-16,00:40:02,Atlas IIAS,Telstar 401,Retired,,Success
Arianespace,"Ariane Launch Area 2, Guiana Space Centre, French Guiana",1993-12-18,01:27:00,Ariane 44L,DirecTV 1 & Thaicom 1,Retired,,Success
Progress Rocket Space Center,"43/3 (43L), Plesetsk Cosmodrome, Russian Federation",1993-12-22,20:37:16,Molniya-M 2BL,Molniya-1T 87,Retired,,Success
Roscosmos,"1/5, Baikonur Cosmodrome, Republic of Kazakhstan",1994-01-08,10:05:34,Soyuz-U2,Soyuz TM-18,Retired,,Success
Khrunichev,"81/23 (81L), Baikonur Cosmodrome, Republic of Kazakhstan",1994-01-20,09:49:00,Proton-K/DM-2M,Gals 1,Retired,,Success
Arianespace,"Ariane Launch Area 2, Guiana Space Centre, French Guiana",1994-01-24,21:37:00,Ariane 44LP,Eutelsat 2 F5 & Türksat 1A,Retired,,Failure
VKS RF,"32/1, Plesetsk Cosmodrome, Russian Federation",1994-01-25,00:25:00,Tsiklon-3,Meteor-3 6,Retired,15,Success
US Air Force,"Space Launch Complex 4W, Vandenberg SFB, CA, USA",1994-01-25,16:34:00,Titan II SLV,Clementine 1,Retired,,Success
Roscosmos,"1/5, Baikonur Cosmodrome, Republic of Kazakhstan",1994-01-28,02:12:10,Soyuz U,,Retired,,Success
Lockheed Space Operations Company,"Launch Complex 39A, Kennedy Space Center, FL, USA",1994-02-03,12:10:00,Space Shuttle,STS-60,Retired,450,Success
JAXA,"Yoshinobu Launch Complex LP-1, Tanegashima Space Center, Japan",1994-02-03,22:20:00,H-II,Myojo & Ryusei,Retired,,Success
Khrunichev,"81/23 (81L), Baikonur Cosmodrome, Republic of Kazakhstan",1994-02-05,08:46:00,Proton K/DM-2,Raduga-1 3,Retired,,Success
US Air Force,"Space Launch Complex 40, Cape Canaveral SFS, FL, USA",1994-02-07,21:47:01,Titan 401A Centaur,Milstar 1,Retired,,Success
China Aerospace Corporation,"Launch Complex 2 (LC-2), Xichang Satellite Launch Center, People's Republic of China",1994-02-08,08:33:53,Long March 3A,Shi Jian 4,Active,,Success
VKS RF,"32/1, Plesetsk Cosmodrome, Russian Federation",1994-02-12,08:54:13,Tsiklon-3,Strela-3 101 to 106,Retired,15,Success
Khrunichev,"81/23 (81L), Baikonur Cosmodrome, Republic of Kazakhstan",1994-02-18,07:56:00,Proton K/DM-2,Raduga 31,Retired,,Success
US Air Force,"Space Launch Complex 17B, Cape Canaveral SFS, FL, USA",1994-02-19,23:45:00,Delta II 7925-8,Galaxy 1R2,Retired,,Success
VKS RF,"32/1, Plesetsk Cosmodrome, Russian Federation",1994-03-02,03:25:00,Tsiklon-3,Koronas-I,Retired,15,Success
Lockheed Space Operations Company,"Launch Complex 39B, Kennedy Space Center, FL, USA",1994-03-04,13:53:01,Space Shuttle,STS-62,Retired,450,Success
US Air Force,"Space Launch Complex 17A, Cape Canaveral SFS, FL, USA",1994-03-10,03:40:01,Delta II 7925,GPS IIA-15,Retired,51,Success
Northrop,"Space Launch Complex 576E, Vandenberg SFB, CA, USA",1994-03-13,22:32:00,Minotaur C,STEP 0 & DARPASAT,Retired,,Success
VKS RF,"43/3 (43L), Plesetsk Cosmodrome, Russian Federation",1994-03-17,16:30:00,Soyuz-U-PVB,Yantar-4K2 71,Retired,,Success
Roscosmos,"1/5, Baikonur Cosmodrome, Republic of Kazakhstan",1994-03-22,04:54:12,Soyuz U,,Retired,,Success
Lockheed Space Operations Company,"Launch Complex 39A, Kennedy Space Center, FL, USA",1994-04-09,11:05:01,Space Shuttle,STS-59,Retired,450,Success
Khrunichev,"81/23 (81L), Baikonur Cosmodrome, Republic of Kazakhstan",1994-04-11,07:49:22,Proton K/DM-2,Uragan 54 to 56,Retired,,Success
General Dynamics,"Launch Complex 36B, Cape Canaveral SFS, FL, USA",1994-04-13,06:04:02,Atlas I,GOES 8,Retired,,Success
Roscosmos,"45/1, Baikonur Cosmodrome, Republic of Kazakhstan",1994-04-23,08:01:59,Zenit-2,Tselina-2 15,Retired,,Success
Production Corporation Polyot,"133/3 (133L), Plesetsk Cosmodrome, Russian Federation",1994-04-26,02:14:15,Kosmos-3M (11K65M),Parus 82,Retired,,Success
Roscosmos,"31/6, Baikonur Cosmodrome, Republic of Kazakhstan",1994-04-28,17:14:00,Soyuz U,Yantar-4KS1M 5,Retired,,Success
US Air Force,"Space Launch Complex 41, Cape Canaveral SFS, FL, USA",1994-05-03,15:55:01,Titan 401A Centaur,Trumpet 1,Retired,,Success
ISRO,"SLV-3 Launch Pad, Satish Dhawan Space Centre, India",1994-05-04,00:00:00,ASLV,SROSS-C2,Retired,,Success
US Air Force,"Space Launch Complex 5, Vandenberg SFB, CA, USA",1994-05-09,02:47:00,Scout G-1,MSTI-2,Retired,8.66,Success
Northrop,"Edwards Air Force Base, Air launch to orbit",1994-05-19,17:03:00,Pegasus HAPS,,Retired,,Success
Khrunichev,"81/23 (81L), Baikonur Cosmodrome, Republic of Kazakhstan",1994-05-20,02:01:00,Proton K/DM-2,Rimsat G2,Retired,,Success
Roscosmos,"1/5, Baikonur Cosmodrome, Republic of Kazakhstan",1994-05-22,04:30:04,Soyuz U,,Retired,,Success
VKS RF,"32/2, Plesetsk Cosmodrome, Russian Federation",1994-05-25,10:15:00,Tsiklon-3,Tselina-D 69,Retired,15,Failure
VKS RF,"16/2, Plesetsk Cosmodrome, Russian Federation",1994-06-07,07:20:00,Soyuz-U-PVB,Zenit-8 102,Retired,,Success
VKS RF,"43/3 (43L), Plesetsk Cosmodrome, Russian Federation",1994-06-14,16:05:00,Soyuz-U-PVB,Foton 9,Retired,,Success
Arianespace,"Ariane Launch Area 2, Guiana Space Centre, French Guiana",1994-06-17,07:07:19,Ariane 44LP,INTELSAT 702,Retired,,Success
General Dynamics,"Launch Complex 36B, Cape Canaveral SFS, FL, USA",1994-06-24,13:50:02,Atlas I,UHF F/O F3,Retired,,Success
Northrop,"Vandenberg Space Force Base, Air launch to orbit",1994-06-27,21:15:00,Pegasus XL,,Active,40,Failure
Roscosmos,"1/5, Baikonur Cosmodrome, Republic of Kazakhstan",1994-07-01,12:24:50,Soyuz-U2,Soyuz TM-19,Retired,,Success
China Aerospace Corporation,"Launch Area 2B, Jiuquan Satellite Launch Center, People's Republic of China",1994-07-03,08:00:00,Long March 2D,Fanhui Shi Weixing (16),Active,30,Success
Khrunichev,"81/23 (81L), Baikonur Cosmodrome, Republic of Kazakhstan",1994-07-06,23:58:51,Proton K/DM-2,US-KMO 3,Retired,,Success
Lockheed Space Operations Company,"Launch Complex 39A, Kennedy Space Center, FL, USA",1994-07-08,16:43:01,Space Shuttle,STS-65,Retired,450,Success
Arianespace,"Ariane Launch Area 2, Guiana Space Centre, French Guiana",1994-07-08,23:05:32,Ariane 44L,PAS 2 & BS 3n,Retired,,Success
Production Corporation Polyot,"133/3 (133L), Plesetsk Cosmodrome, Russian Federation",1994-07-14,05:13:30,Kosmos-3M (11K65M),Nadezhda 7,Retired,,Success
VKS RF,"43/3 (43L), Plesetsk Cosmodrome, Russian Federation",1994-07-20,17:35:00,Soyuz-U-PVB,Yantar-4K2 72,Retired,,Success
China Aerospace Corporation,"Launch Complex 3 (LC-3/LA-1), Xichang Satellite Launch Center, People's Republic of China",1994-07-21,10:55:00,Long March 3,APSTAR 1,Retired,,Success
Roscosmos,"31/6, Baikonur Cosmodrome, Republic of Kazakhstan",1994-07-29,09:30:00,Soyuz U,Yantar-1KFT 17,Retired,,Success
Production Corporation Polyot,"132/1 (132L), Plesetsk Cosmodrome, Russian Federation",1994-08-02,20:00:01,Kosmos-3M (11K65M),Obzor Test,Retired,,Success
Northrop,"Edwards Air Force Base, Air launch to orbit",1994-08-03,14:38:00,Pegasus,APEX,Retired,40,Success
US Air Force,"Launch Complex 36A, Cape Canaveral SFS, FL, USA",1994-08-03,23:57:02,Atlas IIA,DirecTV 2,Retired,,Success
Progress Rocket Space Center,"16/2, Plesetsk Cosmodrome, Russian Federation",1994-08-05,01:12:21,Molniya-M 2BL,US-K 75,Retired,,Success
Arianespace,"Ariane Launch Area 2, Guiana Space Centre, French Guiana",1994-08-10,23:05:24,Ariane 44LP,Brasilsat B1 & Türksat 1B,Retired,,Success
Khrunichev,"81/23 (81L), Baikonur Cosmodrome, Republic of Kazakhstan",1994-08-11,15:27:46,Proton K/DM-2,Uragan 57 to 59,Retired,,Success
Progress Rocket Space Center,"43/4 (43R), Plesetsk Cosmodrome, Russian Federation",1994-08-23,14:30:59,Molniya-M 2BL,Molniya-3 60L,Retired,,Success
Roscosmos,"1/5, Baikonur Cosmodrome, Republic of Kazakhstan",1994-08-25,14:25:12,Soyuz U,,Retired,,Success
Roscosmos,"45/1, Baikonur Cosmodrome, Republic of Kazakhstan",1994-08-26,12:00:00,Zenit-2,Orlets-2 1,Retired,,Success
US Air Force,"Space Launch Complex 41, Cape Canaveral SFS, FL, USA",1994-08-27,08:58:01,Titan 401A Centaur,Mercury 14,Retired,,Success
China Aerospace Corporation,"Launch Complex 2 (LC-2), Xichang Satellite Launch Center, People's Republic of China",1994-08-27,23:10:00,Long March 2E,Optus B3,Retired,,Success
JAXA,"Yoshinobu Launch Complex LP-1, Tanegashima Space Center, Japan",1994-08-28,07:50:00,H-II,Kiku-6,Retired,,Success
US Air Force,"Space Launch Complex 3W, Vandenberg SFB, CA, USA",1994-08-29,17:38:00,SM-65E Atlas,DMSP-5D2 F12,Retired,,Success
Arianespace,"Ariane Launch Area 2, Guiana Space Centre, French Guiana",1994-09-09,00:29:44,Ariane 42L,Telstar 402,Retired,,Success
Lockheed Space Operations Company,"Launch Complex 39B, Kennedy Space Center, FL, USA",1994-09-09,22:22:53,Space Shuttle,STS-64,Retired,450,Success
Khrunichev,"200/39 (200L), Baikonur Cosmodrome, Republic of Kazakhstan",1994-09-21,17:53:00,Proton K/DM-2,Potok 8,Retired,,Success
Production Corporation Polyot,"132/1 (132L), Plesetsk Cosmodrome, Russian Federation",1994-09-27,14:00:00,Kosmos-3M (11K65M),Taifun-1 24,Retired,,Success
Lockheed Space Operations Company,"Launch Complex 39A, Kennedy Space Center, FL, USA",1994-09-30,11:16:01,Space Shuttle,STS-68,Retired,450,Success
Roscosmos,"1/5, Baikonur Cosmodrome, Republic of Kazakhstan",1994-10-03,22:42:30,Soyuz-U2,Soyuz TM-20,Retired,,Success
US Air Force,"Launch Complex 36B, Cape Canaveral SFS, FL, USA",1994-10-06,06:35:02,Atlas IIAS,INTELSAT 703,Retired,,Success
Arianespace,"Ariane Launch Area 2, Guiana Space Centre, French Guiana",1994-10-08,01:07:00,Ariane 44L,Solidaridad 2 & Thaicom 2,Retired,,Success
VKS RF,"32/2, Plesetsk Cosmodrome, Russian Federation",1994-10-11,14:30:00,Tsiklon-3,Okean-O1 7,Retired,15,Success
Khrunichev,"200/39 (200L), Baikonur Cosmodrome, Republic of Kazakhstan",1994-10-13,16:19:00,Proton-K/DM-2M,Ekspress-2,Retired,,Success
ISRO,"Satish Dhawan Space Centre First Launch Pad, Satish Dhawan Space Centre, India",1994-10-15,05:05:00,PSLV,IRS-P2,Active,21,Success
Khrunichev,"81/23 (81L), Baikonur Cosmodrome, Republic of Kazakhstan",1994-10-31,14:30:56,Proton K/DM-2,Elektro,Retired,,Success
Arianespace,"Ariane Launch Area 2, Guiana Space Centre, French Guiana",1994-11-01,00:37:00,Ariane 42P,Astra 1D,Retired,,Success
US Air Force,"Space Launch Complex 17B, Cape Canaveral SFS, FL, USA",1994-11-01,09:31:00,Delta II 7925-10,Wind,Retired,,Success
Roscosmos,"90/20, Baikonur Cosmodrome, Republic of Kazakhstan",1994-11-02,01:04:00,Tsiklon-2,US-PM 5,Retired,12,Success
Lockheed Space Operations Company,"Launch Complex 39B, Kennedy Space Center, FL, USA",1994-11-03,16:59:43,Space Shuttle,STS-66,Retired,450,Success
Roscosmos,"45/1, Baikonur Cosmodrome, Republic of Kazakhstan",1994-11-04,05:47:00,Zenit-2,Resurs-O1,Retired,,Success
Roscosmos,"1/5, Baikonur Cosmodrome, Republic of Kazakhstan",1994-11-11,07:21:58,Soyuz U,,Retired,,Success
Khrunichev,"200/39 (200L), Baikonur Cosmodrome, Republic of Kazakhstan",1994-11-20,00:39:37,Proton K/DM-2,Uragan 60 to 62,Retired,,Success
Roscosmos,"45/1, Baikonur Cosmodrome, Republic of Kazakhstan",1994-11-24,09:15:59,Zenit-2,Tselina-2 16,Retired,,Success
VKS RF,"32/2, Plesetsk Cosmodrome, Russian Federation",1994-11-29,02:54:00,Tsiklon-3,Geo-IK 14,Retired,15,Success
US Air Force,"Launch Complex 36A, Cape Canaveral SFS, FL, USA",1994-11-29,10:21:02,Atlas IIA,Orion 1,Retired,,Success
China Aerospace Corporation,"Launch Complex 2 (LC-2), Xichang Satellite Launch Center, People's Republic of China",1994-11-29,17:02:00,Long March 3A,DFH-3,Active,,Success
Arianespace,"Ariane Launch Area 2, Guiana Space Centre, French Guiana",1994-12-01,22:57:51,Ariane 42P,PAS 3,Retired,,Failure
Progress Rocket Space Center,"43/4 (43R), Plesetsk Cosmodrome, Russian Federation",1994-12-14,14:21:00,Molniya-M 2BL,Molniya-1T 88,Retired,,Success
Khrunichev,"81/23 (81L), Baikonur Cosmodrome, Republic of Kazakhstan",1994-12-16,12:00:00,Proton K/DM-2,Altair 13L (Luch 1),Retired,,Success
Production Corporation Polyot,"132/1 (132L), Plesetsk Cosmodrome, Russian Federation",1994-12-20,05:11:01,Kosmos-3M (11K65M),Strela-2M 52,Retired,,Success
US Air Force,"Space Launch Complex 40, Cape Canaveral SFS, FL, USA",1994-12-22,22:19:02,Titan 402A IUS,DSP 17,Retired,,Success
VKS RF,"175/58, Baikonur Cosmodrome, Republic of Kazakhstan",1994-12-26,03:01:16,Rokot/Briz-K,RS-15 Radio-ROSTO,Retired,41.8,Success
VKS RF,"32/2, Plesetsk Cosmodrome, Russian Federation",1994-12-26,22:26:58,Tsiklon-3,Strela-3 107 to 112,Retired,15,Success
Khrunichev,"81/23 (81L), Baikonur Cosmodrome, Republic of Kazakhstan",1994-12-28,11:31:00,Proton K/DM-2,Raduga 32,Retired,,Success
Roscosmos,"31/6, Baikonur Cosmodrome, Republic of Kazakhstan",1994-12-29,11:30:00,Soyuz U,Yantar-4KS1M 6,Retired,,Success
US Air Force,"Space Launch Complex 3W, Vandenberg SFB, CA, USA",1994-12-30,10:02:00,SM-65E Atlas,NOAA 14,Retired,,Success
US Air Force,"Launch Complex 36B, Cape Canaveral SFS, FL, USA",1995-01-10,06:18:02,Atlas IIAS,INTELSAT 704,Retired,,Success
Institute of Space and Astronautical Science,"Mu Center, Uchinoura Space Center, Japan",1995-01-15,13:45:00,Mu-3S-II,EXPRESS,Retired,,Failure
Production Corporation Polyot,"132/1 (132L), Plesetsk Cosmodrome, Russian Federation",1995-01-24,03:54:22,Kosmos-3M (11K65M),Tsikada 20,Retired,,Success
China Aerospace Corporation,"Launch Complex 2 (LC-2), Xichang Satellite Launch Center, People's Republic of China",1995-01-25,22:40:00,Long March 2E,Apstar 2,Retired,,Failure
US Air Force,"Launch Complex 36A, Cape Canaveral SFS, FL, USA",1995-01-29,01:25:01,Atlas II,UHF F/O F4,Retired,,Success
Lockheed Space Operations Company,"Launch Complex 39B, Kennedy Space Center, FL, USA",1995-02-03,05:22:04,Space Shuttle,STS-63,Retired,450,Success
Roscosmos,"1/5, Baikonur Cosmodrome, Republic of Kazakhstan",1995-02-15,16:48:28,Soyuz U,,Retired,,Success
VKS RF,"43/4 (43R), Plesetsk Cosmodrome, Russian Federation",1995-02-16,17:39:59,Soyuz U,Foton 10,Retired,,Success
Lockheed Space Operations Company,"Launch Complex 39A, Kennedy Space Center, FL, USA",1995-03-02,06:38:13,Space Shuttle,STS-67,Retired,450,Success
Production Corporation Polyot,"132/1 (132L), Plesetsk Cosmodrome, Russian Federation",1995-03-02,13:00:00,Kosmos-3M (11K65M),Taifun-2 27,Retired,,Success
Khrunichev,"200/39 (200L), Baikonur Cosmodrome, Republic of Kazakhstan",1995-03-07,09:23:44,Proton K/DM-2,Uragan 63 to 65,Retired,,Success
Roscosmos,"1/5, Baikonur Cosmodrome, Republic of Kazakhstan",1995-03-14,06:11:34,Soyuz-U2,Soyuz TM-21,Retired,,Success
JAXA,"Yoshinobu Launch Complex LP-1, Tanegashima Space Center, Japan",1995-03-18,08:01:00,H-II,SFU & Himawari 5,Retired,,Success
Production Corporation Polyot,"132/1 (132L), Plesetsk Cosmodrome, Russian Federation",1995-03-22,04:09:03,Kosmos-3M (11K65M),Parus 83,Retired,,Success
Lockheed,"Launch Complex 36B, Cape Canaveral SFS, FL, USA",1995-03-22,06:18:01,Atlas IIAS,INTELSAT 705,Retired,,Success
VKS RF,"43/3 (43L), Plesetsk Cosmodrome, Russian Federation",1995-03-22,16:44:59,Soyuz-U-PVB,Yantar-4K2 73,Retired,,Success
US Air Force,"Space Launch Complex 3W, Vandenberg SFB, CA, USA",1995-03-24,14:05:00,SM-65E Atlas,DMSP-5D2 F13,Retired,,Success
VKS RF,"158, Plesetsk Cosmodrome, Russian Federation",1995-03-28,10:00:00,Start,Gurwin-1,Retired,10.5,Failure
Arianespace,"Ariane Launch Area 2, Guiana Space Centre, French Guiana",1995-03-28,23:14:19,Ariane 44LP,Brasilsat B2 & Hotbird 1,Retired,,Success
Northrop,"Vandenberg Space Force Base, Air launch to orbit",1995-04-03,13:48:00,Pegasus Hybrid,,Retired,,Success
ISA,"Shavit Launch Pad, Palmachim Airbase, State of Israel",1995-04-05,11:16:00,Shavit-2,Ofeq-3,Active,,Success
Lockheed,"Launch Complex 36A, Cape Canaveral SFS, FL, USA",1995-04-07,23:47:00,Atlas IIA,AMSC 1,Retired,,Success
Roscosmos,"1/5, Baikonur Cosmodrome, Republic of Kazakhstan",1995-04-09,19:34:12,Soyuz U,,Retired,,Success
Arianespace,"Ariane Launch Area 2, Guiana Space Centre, French Guiana",1995-04-21,01:44:02,Ariane 40,ERS-2,Retired,,Success
US Air Force,"Space Launch Complex 40, Cape Canaveral SFS, FL, USA",1995-05-14,13:45:01,Titan 401A Centaur,Orion 3,Retired,,Success
Arianespace,"Ariane Launch Area 2, Guiana Space Centre, French Guiana",1995-05-17,06:34:00,Ariane 44LP,INTELSAT 706,Retired,,Success
Khrunichev,"81/23 (81L), Baikonur Cosmodrome, Republic of Kazakhstan",1995-05-20,03:33:22,Proton-K,Spektr,Retired,,Success
General Dynamics,"Launch Complex 36B, Cape Canaveral SFS, FL, USA",1995-05-23,05:52:02,Atlas I,GOES 9,Retired,,Success
Progress Rocket Space Center,"16/2, Plesetsk Cosmodrome, Russian Federation",1995-05-24,20:10:09,Molniya-M 2BL,US-K 76,Retired,,Success
Lockheed,"Launch Complex 36A, Cape Canaveral SFS, FL, USA",1995-05-31,15:27:01,Atlas II,UHF F/O F5,Retired,,Success
Roscosmos,"90/20, Baikonur Cosmodrome, Republic of Kazakhstan",1995-06-08,04:43:00,Tsiklon-2,US-PM 6,Retired,12,Success
Arianespace,"Ariane Launch Area 2, Guiana Space Centre, French Guiana",1995-06-10,00:24:00,Ariane 42P,DirecTV 3,Retired,,Success
Northrop,"Vandenberg Space Force Base, Air launch to orbit",1995-06-22,19:58:00,Pegasus XL,,Active,40,Failure
Lockheed Martin Space Operations,"Launch Complex 39A, Kennedy Space Center, FL, USA",1995-06-27,19:32:19,Space Shuttle,STS-71,Retired,450,Success
VKS RF,"43/3 (43L), Plesetsk Cosmodrome, Russian Federation",1995-06-28,18:25:00,Soyuz-U-PVB,Yantar-4K2 74,Retired,,Success
Production Corporation Polyot,"132/1 (132L), Plesetsk Cosmodrome, Russian Federation",1995-07-05,03:09:03,Kosmos-3M (11K65M),Tsikada 21,Retired,,Success
Arianespace,"Ariane Launch Area 2, Guiana Space Centre, French Guiana",1995-07-07,16:23:34,Ariane 40,Helios 1A,Retired,,Success
US Air Force,"Space Launch Complex 41, Cape Canaveral SFS, FL, USA",1995-07-10,12:38:03,Titan 401A Centaur,Trumpet 2,Retired,,Success
Lockheed Space Operations Company,"Launch Complex 39B, Kennedy Space Center, FL, USA",1995-07-13,13:41:55,Space Shuttle,STS-70,Retired,450,Success
Roscosmos,"1/5, Baikonur Cosmodrome, Republic of Kazakhstan",1995-07-20,03:04:41,Soyuz U,,Retired,,Success
Khrunichev,"200/39 (200L), Baikonur Cosmodrome, Republic of Kazakhstan",1995-07-24,15:52:10,Proton K/DM-2,Uragan 66 to 68,Retired,,Success
Lockheed,"Launch Complex 36A, Cape Canaveral SFS, FL, USA",1995-07-31,23:30:02,Atlas IIA,DSCS-3 B7,Retired,,Success
Progress Rocket Space Center,"43/3 (43L), Plesetsk Cosmodrome, Russian Federation",1995-08-02,23:59:11,Molniya-M 2BL,Interbol-1,Retired,,Success
Arianespace,"Ariane Launch Area 2, Guiana Space Centre, French Guiana",1995-08-03,22:58:00,Ariane 42L,PAS 4,Retired,,Success
US Air Force,"Space Launch Complex 17B, Cape Canaveral SFS, FL, USA",1995-08-05,11:10:00,Delta II 7925,Mugunghwa 1,Retired,51,Failure
Progress Rocket Space Center,"43/3 (43L), Plesetsk Cosmodrome, Russian Federation",1995-08-09,02:21:00,Molniya-M 2BL,Molniya-3 59L,Retired,,Success
Lockheed,"Space Launch Complex 6, Vandenberg SFB, CA, USA",1995-08-15,22:30:00,Athena I,Gemstar DSS-1,Retired,,Failure
Lockheed,"Launch Complex 36B, Cape Canaveral SFS, FL, USA",1995-08-29,00:53:02,Atlas IIAS,JCSAT 3,Retired,,Success
Arianespace,"Ariane Launch Area 2, Guiana Space Centre, French Guiana",1995-08-29,06:41:00,Ariane 44P,N-STAR a,Retired,,Success
Khrunichev,"200/39 (200L), Baikonur Cosmodrome, Republic of Kazakhstan",1995-08-30,19:33:00,Proton K/DM-2,Potok 9,Retired,,Success
VKS RF,"32/2, Plesetsk Cosmodrome, Russian Federation",1995-08-31,06:49:59,Tsiklon-3,Okean-O1 8,Retired,15,Success
Roscosmos,"1/5, Baikonur Cosmodrome, Republic of Kazakhstan",1995-09-03,09:00:23,Soyuz-U2,Soyuz TM-22,Retired,,Success
Lockheed Martin Space Operations,"Launch Complex 39A, Kennedy Space Center, FL, USA",1995-09-07,15:09:00,Space Shuttle,STS-69,Retired,450,Success
Arianespace,"Ariane Launch Area 2, Guiana Space Centre, French Guiana",1995-09-24,00:06:00,Ariane 42L,Telstar 402R,Retired,,Success
VKS RF,"43/4 (43R), Plesetsk Cosmodrome, Russian Federation",1995-09-26,11:20:00,Soyuz U,Resurs-F2 10,Retired,,Success
Roscosmos,"31/6, Baikonur Cosmodrome, Republic of Kazakhstan",1995-09-29,04:25:00,Soyuz U,Yantar-4KS1M 7,Retired,,Success
Production Corporation Polyot,"132/1 (132L), Plesetsk Cosmodrome, Russian Federation",1995-10-06,03:23:10,Kosmos-3M (11K65M),Parus 84,Retired,,Failure
Roscosmos,"1/5, Baikonur Cosmodrome, Republic of Kazakhstan",1995-10-08,18:50:40,Soyuz U,,Retired,,Success
Khrunichev,"81/23 (81L), Baikonur Cosmodrome, Republic of Kazakhstan",1995-10-11,16:26:00,Proton K/DM-2,Luch 2,Retired,,Success
Arianespace,"Ariane Launch Area 2, Guiana Space Centre, French Guiana",1995-10-19,00:38:00,Ariane 42L,Astra 1E,Retired,,Success
Lockheed Martin Space Operations,"Launch Complex 39B, Kennedy Space Center, FL, USA",1995-10-20,13:53:00,Space Shuttle,STS-73,Retired,450,Success
Lockheed,"Launch Complex 36A, Cape Canaveral SFS, FL, USA",1995-10-22,08:00:02,Atlas II,UHF F/O F6,Retired,,Success
Space Services Inc.,"Launch Area 0 A, Wallops Flight Facility, Virginia, USA",1995-10-23,22:03:00,Conestoga 1620,Meteor SM,Retired,,Failure
Roscosmos,"45/1, Baikonur Cosmodrome, Republic of Kazakhstan",1995-10-31,20:19:00,Zenit-2,Tselina-2 17,Retired,,Success
US Air Force,"Space Launch Complex 2W, Vandenberg SFB, CA, USA",1995-11-04,14:22:00,Delta II 7920-10,Radarsat,Retired,51,Success
US Air Force,"Space Launch Complex 40, Cape Canaveral SFS, FL, USA",1995-11-06,05:15:01,Titan 401A Centaur,Milstar 2,Retired,,Success
Lockheed Martin Space Operations,"Launch Complex 39A, Kennedy Space Center, FL, USA",1995-11-12,12:30:43,Space Shuttle,STS-74,Retired,450,Success
Arianespace,"Ariane Launch Area 2, Guiana Space Centre, French Guiana",1995-11-17,01:20:00,Ariane 44P,ISO,Retired,,Success
Khrunichev,"200/39 (200L), Baikonur Cosmodrome, Republic of Kazakhstan",1995-11-17,14:25:00,Proton K/DM-2,Gals 2,Retired,,Success
China Aerospace Corporation,"Launch Complex 2 (LC-2), Xichang Satellite Launch Center, People's Republic of China",1995-11-28,11:30:05,Long March 2E,Asiasat 2,Retired,,Success
Lockheed,"Launch Complex 36B, Cape Canaveral SFS, FL, USA",1995-12-02,08:08:01,Atlas IIAS,SOHO,Retired,,Success
US Air Force,"Space Launch Complex 4E, Vandenberg SFB, CA, USA",1995-12-05,21:18:00,Titan 404A,KH-11 11,Retired,,Success
Arianespace,"Ariane Launch Area 2, Guiana Space Centre, French Guiana",1995-12-06,23:23:16,Ariane 44L,Telecom 2C & Insat 2C,Retired,,Success
Khrunichev,"200/39 (200L), Baikonur Cosmodrome, Republic of Kazakhstan",1995-12-14,06:10:31,Proton K/DM-2,Uragan 69 to 71,Retired,,Success
Lockheed,"Launch Complex 36A, Cape Canaveral SFS, FL, USA",1995-12-15,00:23:01,Atlas IIA,Galaxy 3R,Retired,,Success
Roscosmos,"1/5, Baikonur Cosmodrome, Republic of Kazakhstan",1995-12-18,14:31:35,Soyuz U,,Retired,,Success
Roscosmos,"90/20, Baikonur Cosmodrome, Republic of Kazakhstan",1995-12-20,00:52:14,Tsiklon-2,US-PM 7,Retired,12,Success
Progress Rocket Space Center,"31/6, Baikonur Cosmodrome, Republic of Kazakhstan",1995-12-28,06:45:18,Molniya-M 2BL,IRS-1C & Skipper,Retired,,Success
China Aerospace Corporation,"Launch Complex 2 (LC-2), Xichang Satellite Launch Center, People's Republic of China",1995-12-28,11:50:00,Long March 2E,Echostar I,Retired,,Success
US Air Force,"Space Launch Complex 17A, Cape Canaveral SFS, FL, USA",1995-12-30,13:48:00,Delta II 7920-10,Rossi X-ray Timing Explorer,Retired,51,Success
Lockheed Martin Space Operations,"Launch Complex 39B, Kennedy Space Center, FL, USA",1996-01-11,09:41:00,Space Shuttle,STS-72,Retired,450,Success
Arianespace,"Ariane Launch Area 2, Guiana Space Centre, French Guiana",1996-01-12,23:10:00,Ariane 44L,PAS 3R & MEASAT 1,Retired,,Success
US Air Force,"Space Launch Complex 17B, Cape Canaveral SFS, FL, USA",1996-01-14,11:10:00,Delta II 7925,Mugunghwa 2,Retired,51,Success
Production Corporation Polyot,"132/1 (132L), Plesetsk Cosmodrome, Russian Federation",1996-01-16,15:33:45,Kosmos-3M (11K65M),Parus 85,Retired,,Success
Khrunichev,"200/39 (200L), Baikonur Cosmodrome, Republic of Kazakhstan",1996-01-25,09:56:00,Proton K/DM-2,Gorizont 31,Retired,,Success
Lockheed,"Launch Complex 36B, Cape Canaveral SFS, FL, USA",1996-02-01,01:15:01,Atlas IIAS,Palapa C1,Retired,,Success
Arianespace,"Ariane Launch Area 2, Guiana Space Centre, French Guiana",1996-02-05,07:19:38,Ariane 44P,N-Star b,Retired,,Success
China Aerospace Corporation,"Launch Complex 2 (LC-2), Xichang Satellite Launch Center, People's Republic of China",1996-02-14,19:01:00,Long March 3B,INTELSAT 708,Active,70,Failure
US Air Force,"Space Launch Complex 17B, Cape Canaveral SFS, FL, USA",1996-02-17,20:43:27,Delta II 7925-8,NEAR Shoemaker,Retired,,Success
VKS RF,"32/1, Plesetsk Cosmodrome, Russian Federation",1996-02-19,00:58:25,Tsiklon-3,Gonets-D 319 to 321 & Strela-3 113 to 115,Retired,15,Success
Khrunichev,"200/39 (200L), Baikonur Cosmodrome, Republic of Kazakhstan",1996-02-19,08:19:00,Proton K/DM-2,Raduga 33,Retired,,Success
Roscosmos,"1/5, Baikonur Cosmodrome, Republic of Kazakhstan",1996-02-21,12:34:05,Soyuz U,Soyuz TM-23,Retired,,Success
Lockheed Martin Space Operations,"Launch Complex 39B, Kennedy Space Center, FL, USA",1996-02-22,20:18:00,Space Shuttle,STS-75,Retired,450,Success
US Air Force,"Space Launch Complex 2W, Vandenberg SFB, CA, USA",1996-02-24,11:24:00,Delta II 7925-10,Polar,Retired,,Success
Northrop,"Vandenberg Space Force Base, Air launch to orbit",1996-03-09,01:33:00,Pegasus XL,,Active,40,Success
Arianespace,"Ariane Launch Area 2, Guiana Space Centre, French Guiana",1996-03-14,07:11:01,Ariane 44LP,INTELSAT 707,Retired,,Success
VKS RF,"43/4 (43R), Plesetsk Cosmodrome, Russian Federation",1996-03-14,17:40:00,Soyuz-U-PVB,Yantar-4K2 75,Retired,,Success
ISRO,"Satish Dhawan Space Centre First Launch Pad, Satish Dhawan Space Centre, India",1996-03-21,04:53:00,PSLV,IRS-P3,Active,21,Success
Lockheed Martin Space Operations,"Launch Complex 39B, Kennedy Space Center, FL, USA",1996-03-22,08:13:04,Space Shuttle,STS-76,Retired,450,Success
US Air Force,"Space Launch Complex 17B, Cape Canaveral SFS, FL, USA",1996-03-28,00:21:00,Delta II 7925,GPS IIA-16,Retired,51,Success
Lockheed,"Launch Complex 36A, Cape Canaveral SFS, FL, USA",1996-04-03,23:01:01,Atlas IIA,INMARSAT III F-1,Retired,,Success
Khrunichev,"81/23 (81L), Baikonur Cosmodrome, Republic of Kazakhstan",1996-04-08,23:09:01,Proton-K/DM-2M,Astra 1F,Retired,,Success
Arianespace,"Ariane Launch Area 2, Guiana Space Centre, French Guiana",1996-04-20,22:36:00,Ariane 42P,M-SAT 1,Retired,,Success
Khrunichev,"81/23 (81L), Baikonur Cosmodrome, Republic of Kazakhstan",1996-04-23,11:48:50,Proton-K,Priroda,Retired,,Success
US Air Force,"Space Launch Complex 2W, Vandenberg SFB, CA, USA",1996-04-24,12:27:40,Delta II 7920-10,MSX,Retired,51,Success
Production Corporation Polyot,"132/1 (132L), Plesetsk Cosmodrome, Russian Federation",1996-04-24,13:00:01,Kosmos-3M (11K65M),Taifun-1B 14,Retired,,Success
US Air Force,"Space Launch Complex 41, Cape Canaveral SFS, FL, USA",1996-04-24,23:37:02,Titan 401A Centaur,Mercury 15,Retired,,Success
General Dynamics,"Launch Complex 36B, Cape Canaveral SFS, FL, USA",1996-04-30,04:31:01,Atlas I,BeppoSAX,Retired,,Success
Roscosmos,"1/5, Baikonur Cosmodrome, Republic of Kazakhstan",1996-05-05,07:04:18,Soyuz U,,Retired,,Success
US Air Force,"Space Launch Complex 4E, Vandenberg SFB, CA, USA",1996-05-12,21:32:00,Titan 403A,SLDCOM 4,Retired,,Success
Roscosmos,"31/6, Baikonur Cosmodrome, Republic of Kazakhstan",1996-05-14,08:55:00,Soyuz U,Yantar-1KFT 18,Retired,,Failure
Arianespace,"Ariane Launch Area 2, Guiana Space Centre, French Guiana",1996-05-16,01:56:29,Ariane 44L,Palapa C2 & AMOS 1,Retired,,Success
Northrop,"Vandenberg Space Force Base, Air launch to orbit",1996-05-17,02:44:00,Pegasus Hybrid,,Retired,,Success
Lockheed Martin Space Operations,"Launch Complex 39B, Kennedy Space Center, FL, USA",1996-05-19,10:30:00,Space Shuttle,STS-77,Retired,450,Success
US Air Force,"Space Launch Complex 17B, Cape Canaveral SFS, FL, USA",1996-05-24,01:10:00,Delta II 7925,Galaxy 9,Retired,51,Success
Khrunichev,"200/39 (200L), Baikonur Cosmodrome, Republic of Kazakhstan",1996-05-25,02:05:00,Proton K/DM-2,Gorizont 32,Retired,,Success
Arianespace,"Ariane Launch Area 3, Guiana Space Centre, French Guiana",1996-06-04,12:34:00,Ariane 5 G,Cluster,Retired,,Failure
Arianespace,"Ariane Launch Area 2, Guiana Space Centre, French Guiana",1996-06-15,06:55:09,Ariane 44P,INTELSAT 709,Retired,,Success
Lockheed Martin Space Operations,"Launch Complex 39B, Kennedy Space Center, FL, USA",1996-06-20,14:49:00,Space Shuttle,STS-78,Retired,450,Success
VKS RF,"16/2, Plesetsk Cosmodrome, Russian Federation",1996-06-20,18:44:59,Soyuz-U-PVB,Yantar-4K2 76,Retired,,Failure
Northrop,"Vandenberg Space Force Base, Air launch to orbit",1996-07-02,07:48:00,Pegasus XL,,Active,40,Success
US Air Force,"Space Launch Complex 40, Cape Canaveral SFS, FL, USA",1996-07-03,00:30:02,Titan 405A,Quasar 11,Retired,,Success
China Aerospace Corporation,"Launch Complex 3 (LC-3/LA-1), Xichang Satellite Launch Center, People's Republic of China",1996-07-03,10:47:00,Long March 3,Apstar 1A,Retired,,Success
Arianespace,"Ariane Launch Area 2, Guiana Space Centre, French Guiana",1996-07-09,22:24:55,Ariane 44L,Arabsat IIA & Türksat 1C,Retired,,Success
US Air Force,"Space Launch Complex 17A, Cape Canaveral SFS, FL, USA",1996-07-16,00:50:00,Delta II 7925,GPS IIA-17,Retired,51,Success
Lockheed,"Launch Complex 36A, Cape Canaveral SFS, FL, USA",1996-07-25,12:41:01,Atlas II,UHF F/O F7,Retired,,Success
Roscosmos,"1/5, Baikonur Cosmodrome, Republic of Kazakhstan",1996-07-31,20:00:06,Soyuz U,,Retired,,Success
Arianespace,"Ariane Launch Area 2, Guiana Space Centre, French Guiana",1996-08-08,22:49:00,Ariane 44L,Italsat F2 & Télécom 2D,Retired,,Success
Progress Rocket Space Center,"43/3 (43L), Plesetsk Cosmodrome, Russian Federation",1996-08-14,22:20:59,Molniya-M 2BL,Molniya-1T 89,Retired,,Success
JAXA,"Yoshinobu Launch Complex LP-1, Tanegashima Space Center, Japan",1996-08-17,01:53:00,H-II,Midori,Retired,,Success
Roscosmos,"1/5, Baikonur Cosmodrome, Republic of Kazakhstan",1996-08-17,13:18:03,Soyuz U,Soyuz TM-24,Retired,,Success
China Aerospace Corporation,"Launch Complex 3 (LC-3/LA-1), Xichang Satellite Launch Center, People's Republic of China",1996-08-18,10:27:00,Long March 3,Zhongxing 7,Retired,,Failure
Northrop,"Vandenberg Space Force Base, Air launch to orbit",1996-08-21,09:47:26,Pegasus XL,,Active,40,Success
Progress Rocket Space Center,"43/3 (43L), Plesetsk Cosmodrome, Russian Federation",1996-08-29,05:22:00,Molniya-M 2BL,"Interbol 2, Magin 5 & MuSat 1",Retired,,Success
Roscosmos,"45/1, Baikonur Cosmodrome, Republic of Kazakhstan",1996-09-04,09:01:00,Zenit-2,Tselina-2 18,Retired,,Success
Production Corporation Polyot,"132/1 (132L), Plesetsk Cosmodrome, Russian Federation",1996-09-05,12:47:39,Kosmos-3M (11K65M),Parus 86,Retired,,Success
Khrunichev,"81/23 (81L), Baikonur Cosmodrome, Republic of Kazakhstan",1996-09-06,17:37:39,Proton K/DM-2,INMARSAT III F-2,Retired,,Success
Lockheed,"Launch Complex 36B, Cape Canaveral SFS, FL, USA",1996-09-08,21:49:01,Atlas IIA,GE 1,Retired,,Success
Arianespace,"Ariane Launch Area 2, Guiana Space Centre, French Guiana",1996-09-11,00:00:59,Ariane 42P,Echostar II,Retired,,Success
US Air Force,"Space Launch Complex 17A, Cape Canaveral SFS, FL, USA",1996-09-12,08:49:00,Delta II 7925,GPS IIA-18,Retired,51,Success
United Space Alliance,"Launch Complex 39A, Kennedy Space Center, FL, USA",1996-09-16,08:54:49,Space Shuttle,STS-79,Retired,450,Success
Khrunichev,"200/39 (200L), Baikonur Cosmodrome, Republic of Kazakhstan",1996-09-26,17:50:53,Proton-K/DM-2M,Ekspress 2,Retired,,Success
China Aerospace Corporation,"Launch Area 2B, Jiuquan Satellite Launch Center, People's Republic of China",1996-10-20,07:20:00,Long March 2D,Fanhui Shi Weixing (17),Active,30,Success
Progress Rocket Space Center,"43/4 (43R), Plesetsk Cosmodrome, Russian Federation",1996-10-24,11:37:00,Molniya-M 2BL,Molniya-3 62L,Retired,,Success
Northrop,"Wallops Flight Facility, Air launch to orbit",1996-11-04,17:08:56,Pegasus XL,,Active,40,Failure
US Air Force,"Space Launch Complex 17A, Cape Canaveral SFS, FL, USA",1996-11-07,17:00:49,Delta II 7925,Mars Global Surveyor,Retired,51,Success
Arianespace,"Ariane Launch Area 2, Guiana Space Centre, French Guiana",1996-11-13,22:40:00,Ariane 44L,Arabsat 2B & MEASAT 2,Retired,,Success
Khrunichev,"200/39 (200L), Baikonur Cosmodrome, Republic of Kazakhstan",1996-11-16,20:48:53,Proton-K/D-2,Mars-96,Retired,,Success
United Space Alliance,"Launch Complex 39B, Kennedy Space Center, FL, USA",1996-11-19,19:55:47,Space Shuttle,STS-80,Retired,450,Success
Roscosmos,"1/5, Baikonur Cosmodrome, Republic of Kazakhstan",1996-11-19,23:20:38,Soyuz U,,Retired,,Success
Lockheed,"Launch Complex 36B, Cape Canaveral SFS, FL, USA",1996-11-21,20:47:01,Atlas IIA,Hot Bird 2,Retired,,Success
US Air Force,"Space Launch Complex 17B, Cape Canaveral SFS, FL, USA",1996-12-04,06:58:07,Delta II 7925,Mars Pathfinder,Retired,51,Success
Roscosmos,"90/19, Baikonur Cosmodrome, Republic of Kazakhstan",1996-12-11,12:00:00,Tsiklon-2,US-PM 8,Retired,12,Success
Lockheed,"Launch Complex 36A, Cape Canaveral SFS, FL, USA",1996-12-18,01:57:01,Atlas IIA,INMARSAT III F-3,Retired,,Success
Production Corporation Polyot,"132/1 (132L), Plesetsk Cosmodrome, Russian Federation",1996-12-20,06:43:58,Kosmos-3M (11K65M),Parus 87,Retired,,Success
US Air Force,"Space Launch Complex 4E, Vandenberg SFB, CA, USA",1996-12-20,18:04:00,Titan 404A,KH-11 12,Retired,,Success
VKS RF,"43/4 (43R), Plesetsk Cosmodrome, Russian Federation",1996-12-24,13:50:00,Soyuz U,Bion 11,Retired,,Success
United Space Alliance,"Launch Complex 39B, Kennedy Space Center, FL, USA",1997-01-12,09:27:23,Space Shuttle,STS-81,Retired,450,Success
US Air Force,"Space Launch Complex 17A, Cape Canaveral SFS, FL, USA",1997-01-17,16:28:01,Delta II 7925,GPS IIR-1,Retired,51,Failure
Arianespace,"Ariane Launch Area 2, Guiana Space Centre, French Guiana",1997-01-30,22:04:00,Ariane 44L,GE 2 & Nahuel 1A,Retired,,Success
Roscosmos,"1/5, Baikonur Cosmodrome, Republic of Kazakhstan",1997-02-10,14:09:30,Soyuz U,Soyuz TM-25,Retired,,Success
Lockheed Space Operations Company,"Launch Complex 39A, Kennedy Space Center, FL, USA",1997-02-11,08:55:17,Space Shuttle,STS-82,Retired,450,Success
Institute of Space and Astronautical Science,"Mu Center, Uchinoura Space Center, Japan",1997-02-12,04:50:00,M-V,Haruka,Retired,,Success
VKS RF,"32/1, Plesetsk Cosmodrome, Russian Federation",1997-02-14,03:47:22,Tsiklon-3,Strela-3 116 to 118 & Gonets 4 to 6,Retired,15,Success
Lockheed,"Launch Complex 36B, Cape Canaveral SFS, FL, USA",1997-02-17,01:42:02,Atlas IIAS,JCSAT R,Retired,,Success
US Air Force,"Space Launch Complex 40, Cape Canaveral SFS, FL, USA",1997-02-23,20:20:01,Titan 402B IUS,DSP 18,Retired,,Success
Arianespace,"Ariane Launch Area 2, Guiana Space Centre, French Guiana",1997-03-01,01:07:42,Ariane 44P,INTELSAT 801,Retired,,Success
RVSN USSR,"5, Svobodny Cosmodrome, Russian Federation",1997-03-04,02:00:02,Start-1.2,Zeya,Retired,,Success
Lockheed,"Launch Complex 36A, Cape Canaveral SFS, FL, USA",1997-03-08,06:01:01,Atlas IIA,Tempo 2,Retired,,Success
US Air Force,"Space Launch Complex 4W, Vandenberg SFB, CA, USA",1997-04-04,16:47:00,Titan II SLV,DMSP-5D2 F14,Retired,,Success
United Space Alliance,"Launch Complex 39A, Kennedy Space Center, FL, USA",1997-04-04,19:20:32,Space Shuttle,STS-83,Retired,450,Success
Roscosmos,"1/5, Baikonur Cosmodrome, Republic of Kazakhstan",1997-04-06,16:04:05,Soyuz U,,Retired,,Success
Progress Rocket Space Center,"16/2, Plesetsk Cosmodrome, Russian Federation",1997-04-09,08:58:44,Molniya-M 2BL,US-K 77,Retired,,Success
Arianespace,"Ariane Launch Area 2, Guiana Space Centre, French Guiana",1997-04-16,23:08:44,Ariane 44LP,Thaicom 3 & BSat 1a,Retired,,Success
Production Corporation Polyot,"132/1 (132L), Plesetsk Cosmodrome, Russian Federation",1997-04-17,13:03:21,Kosmos-3M (11K65M),Parus 88,Retired,,Success
Northrop,"Gran Canaria, Air launch to orbit",1997-04-21,11:59:06,Pegasus XL,,Active,40,Success
General Dynamics,"Launch Complex 36B, Cape Canaveral SFS, FL, USA",1997-04-25,05:49:01,Atlas I,GOES 10,Retired,,Success
US Air Force,"Space Launch Complex 2W, Vandenberg SFB, CA, USA",1997-05-05,14:55:28,Delta II 7920-10C,Iridium 04 to 08,Retired,51,Success
China Aerospace Corporation,"Launch Complex 2 (LC-2), Xichang Satellite Launch Center, People's Republic of China",1997-05-11,16:17:00,Long March 3A,Zhongxing 6,Active,,Success
Progress Rocket Space Center,"43/4 (43R), Plesetsk Cosmodrome, Russian Federation",1997-05-14,00:33:57,Molniya-M 2BL,US-K 78,Retired,,Success
United Space Alliance,"Launch Complex 39A, Kennedy Space Center, FL, USA",1997-05-15,08:07:48,Space Shuttle,STS-84,Retired,450,Success
Roscosmos,"31/6, Baikonur Cosmodrome, Republic of Kazakhstan",1997-05-15,12:10:00,Soyuz U,Orlets-1 6,Retired,,Success
Roscosmos,"45/1, Baikonur Cosmodrome, Republic of Kazakhstan",1997-05-20,07:07:00,Zenit-2,Tselina-2 19,Retired,,Failure
US Air Force,"Space Launch Complex 17A, Cape Canaveral SFS, FL, USA",1997-05-20,22:39:00,Delta II 7925,Thor II,Retired,51,Success
Khrunichev,"81/23 (81L), Baikonur Cosmodrome, Republic of Kazakhstan",1997-05-24,17:00:00,Proton-K/DM-2M,Telstar 5,Retired,,Success
Arianespace,"Ariane Launch Area 2, Guiana Space Centre, French Guiana",1997-06-03,23:20:06,Ariane 44L,INMARSAT III F-4 & Insat 2D,Retired,,Success
Khrunichev,"200/39 (200L), Baikonur Cosmodrome, Republic of Kazakhstan",1997-06-06,16:56:54,Proton-K/17S40,Araks-N 1,Retired,,Success
China Aerospace Corporation,"Launch Complex 3 (LC-3/LA-1), Xichang Satellite Launch Center, People's Republic of China",1997-06-10,12:01:00,Long March 3,Feng Yun 2A,Retired,,Success
Khrunichev,"81/23 (81L), Baikonur Cosmodrome, Republic of Kazakhstan",1997-06-18,14:02:45,Proton-K/17S40,Iridium 09 to 14 & Iridium 16,Retired,,Success
Arianespace,"Ariane Launch Area 2, Guiana Space Centre, French Guiana",1997-06-25,23:44:00,Ariane 44P,INTELSAT 802,Retired,,Success
United Space Alliance,"Launch Complex 39A, Kennedy Space Center, FL, USA",1997-07-01,18:02:02,Space Shuttle,STS-94,Retired,450,Success
Roscosmos,"1/5, Baikonur Cosmodrome, Republic of Kazakhstan",1997-07-05,04:11:54,Soyuz U,,Retired,,Success
US Air Force,"Space Launch Complex 2W, Vandenberg SFB, CA, USA",1997-07-09,13:04:00,Delta II 7920-10C,Iridium 15,Retired,51,Success
US Air Force,"Space Launch Complex 17A, Cape Canaveral SFS, FL, USA",1997-07-23,03:43:01,Delta II 7925,GPS IIR-2,Retired,51,Success
Lockheed,"Launch Complex 36B, Cape Canaveral SFS, FL, USA",1997-07-28,01:15:01,Atlas IIAS,Superbird 3,Retired,,Success
Northrop,"Vandenberg Space Force Base, Air launch to orbit",1997-08-01,20:20:00,Pegasus XL,,Active,40,Success
Roscosmos,"1/5, Baikonur Cosmodrome, Republic of Kazakhstan",1997-08-05,15:35:54,Soyuz U,Soyuz TM-26,Retired,,Success
United Space Alliance,"Launch Complex 39A, Kennedy Space Center, FL, USA",1997-08-07,14:41:00,Space Shuttle,STS-85,Retired,450,Success
Arianespace,"Ariane Launch Area 2, Guiana Space Centre, French Guiana",1997-08-08,06:46:00,Ariane 44P,PAS 6,Retired,,Success
Khrunichev,"200/39 (200L), Baikonur Cosmodrome, Republic of Kazakhstan",1997-08-14,20:49:14,Proton K/DM-2,US-KS 7,Retired,,Success
China Aerospace Corporation,"Launch Complex 2 (LC-2), Xichang Satellite Launch Center, People's Republic of China",1997-08-19,17:50:00,Long March 3B,Agila 2,Active,70,Success
US Air Force,"Space Launch Complex 2W, Vandenberg SFB, CA, USA",1997-08-21,00:38:40,Delta II 7920-10C,Iridium 22 to 26,Retired,51,Success
Lockheed,"Space Launch Complex 6, Vandenberg SFB, CA, USA",1997-08-23,06:51:01,Athena I,Lewis,Retired,,Success
US Air Force,"Space Launch Complex 17A, Cape Canaveral SFS, FL, USA",1997-08-25,14:39:00,Delta II 7920-8,ACE,Retired,,Success
Khrunichev,"81/23 (81L), Baikonur Cosmodrome, Republic of Kazakhstan",1997-08-28,00:33:30,Proton-K/DM-2M,PAS 5,Retired,,Success
Northrop,"Space Launch Complex 10E, Vandenberg SFB, CA, USA",1997-08-29,15:02:22,Pegasus XL,,Active,40,Success
China Aerospace Corporation,"Launch Complex 7, Taiyuan Satellite Launch Center, People's Republic of China",1997-09-01,14:00:15,Long March 2C/SD,Iridium MFS 1 & 2,Retired,,Success
Arianespace,"Ariane Launch Area 2, Guiana Space Centre, French Guiana",1997-09-02,22:21:07,Ariane 44LP,Hot Bird 3 & Meteosat 7,Retired,,Success
Lockheed,"Launch Complex 36A, Cape Canaveral SFS, FL, USA",1997-09-04,12:03:00,Atlas IIAS,GE 3,Retired,,Success
Khrunichev,"81/23 (81L), Baikonur Cosmodrome, Republic of Kazakhstan",1997-09-14,01:36:54,Proton-K/17S40,Iridium 27 to 33,Retired,,Success
Production Corporation Polyot,"132/1 (132L), Plesetsk Cosmodrome, Russian Federation",1997-09-23,16:44:51,Kosmos-3M (11K65M),Parus 89,Retired,,Success
Arianespace,"Ariane Launch Area 2, Guiana Space Centre, French Guiana",1997-09-23,23:58:00,Ariane 42L,INTELSAT 803,Retired,,Success
Progress Rocket Space Center,"43/3 (43L), Plesetsk Cosmodrome, Russian Federation",1997-09-24,21:30:59,Molniya-M 2BL,Molniya-1T 90,Retired,,Success
United Space Alliance,"Launch Complex 39A, Kennedy Space Center, FL, USA",1997-09-26,02:34:19,Space Shuttle,STS-86,Retired,450,Success
US Air Force,"Space Launch Complex 2W, Vandenberg SFB, CA, USA",1997-09-27,01:23:36,Delta II 7920-10C,Iridium 34 to 37 & 19,Retired,51,Success
ISRO,"Satish Dhawan Space Centre First Launch Pad, Satish Dhawan Space Centre, India",1997-09-29,04:47:00,PSLV,IRS-1D,Active,21,Failure
Roscosmos,"1/5, Baikonur Cosmodrome, Republic of Kazakhstan",1997-10-05,15:08:57,Soyuz U,,Retired,,Success
Lockheed,"Launch Complex 36B, Cape Canaveral SFS, FL, USA",1997-10-05,21:01:01,Atlas IIAS,Echostar III,Retired,,Success
RVSN USSR,"43/3 (43L), Plesetsk Cosmodrome, Russian Federation",1997-10-09,17:59:59,Soyuz U,Foton 11 & Mirka,Retired,,Success
Lockheed,"Space Launch Complex 40, Cape Canaveral SFS, FL, USA",1997-10-15,08:43:01,Titan IVB/Centaur,,Retired,,Success
China Aerospace Corporation,"Launch Complex 2 (LC-2), Xichang Satellite Launch Center, People's Republic of China",1997-10-16,19:13:00,Long March 3B,Apstar 2R,Active,70,Success
Northrop,"Wallops Flight Facility, Air launch to orbit",1997-10-22,13:13:00,Pegasus XL,,Active,40,Success
US Air Force,"Space Launch Complex 4E, Vandenberg SFB, CA, USA",1997-10-24,02:32:00,Titan 403A,Onyx 3,Retired,,Success
Lockheed,"Launch Complex 36A, Cape Canaveral SFS, FL, USA",1997-10-25,00:46:00,Atlas IIA,DSCS-3 B13,Retired,,Success
ESA,"Ariane Launch Area 3, Guiana Space Centre, French Guiana",1997-10-30,13:43:00,Ariane 5 G,"MaqSat-H, TEAMSAT, MaqSat-B, YES",Retired,,Failure
Brazilian Space Agency,"VLS Pad, Alcântara Space Center, Federative Republic of Brazil",1997-11-02,12:25:00,VLS-1,SCD-2A,Retired,,Failure
US Air Force,"Space Launch Complex 17A, Cape Canaveral SFS, FL, USA",1997-11-06,00:30:00,Delta II 7925,GPS IIA-19,Retired,51,Success
US Air Force,"Space Launch Complex 41, Cape Canaveral SFS, FL, USA",1997-11-08,02:05:01,Titan 401A Centaur,NROL-4 (Trumpet 3),Retired,,Success
US Air Force,"Space Launch Complex 2W, Vandenberg SFB, CA, USA",1997-11-09,01:34:26,Delta II 7920-10C,Iridium 38 to 43,Retired,51,Success
Khrunichev,"200/39 (200L), Baikonur Cosmodrome, Republic of Kazakhstan",1997-11-12,17:00:00,Proton-K/DM-2M,Kupon,Retired,,Success
Arianespace,"Ariane Launch Area 2, Guiana Space Centre, French Guiana",1997-11-12,21:48:00,Ariane 44L,Sirius 2 & Indostar 1,Retired,,Success
RVSN USSR,"43/3 (43L), Plesetsk Cosmodrome, Russian Federation",1997-11-18,11:14:59,Soyuz U,Resurs F-1M,Retired,,Success
United Space Alliance,"Launch Complex 39B, Kennedy Space Center, FL, USA",1997-11-19,19:46:00,Space Shuttle,STS-87,Retired,450,Success
JAXA,"Yoshinobu Launch Complex LP-1, Tanegashima Space Center, Japan",1997-11-27,21:27:00,H-II,TRMM & ETS 7,Retired,,Success
Arianespace,"Ariane Launch Area 2, Guiana Space Centre, French Guiana",1997-12-02,22:52:00,Ariane 44P,JCSAT 1B & Equator-S,Retired,,Success
Khrunichev,"81/23 (81L), Baikonur Cosmodrome, Republic of Kazakhstan",1997-12-02,23:10:37,Proton-K/DM-2M,Astra 1G,Retired,,Success
China Aerospace Corporation,"Launch Complex 7, Taiyuan Satellite Launch Center, People's Republic of China",1997-12-08,07:16:49,Long March 2C/SD,Iridium 42 & 44,Retired,,Success
Lockheed,"Launch Complex 36B, Cape Canaveral SFS, FL, USA",1997-12-08,23:52:01,Atlas IIAS,Galaxy 8i,Retired,,Success
Roscosmos,"90/19, Baikonur Cosmodrome, Republic of Kazakhstan",1997-12-09,07:17:20,Tsiklon-2,US-PM 9,Retired,12,Success
RVSN USSR,"16/2, Plesetsk Cosmodrome, Russian Federation",1997-12-15,15:40:00,Soyuz-U-PVB,Yantar-4K2 77,Retired,,Success
Roscosmos,"1/5, Baikonur Cosmodrome, Republic of Kazakhstan",1997-12-20,08:45:02,Soyuz U,,Retired,,Success
US Air Force,"Space Launch Complex 2W, Vandenberg SFB, CA, USA",1997-12-20,13:16:00,Delta II 7920-10C,Iridium 45 to 49,Retired,51,Success
Arianespace,"Ariane Launch Area 2, Guiana Space Centre, French Guiana",1997-12-22,00:16:00,Ariane 42L,INTELSAT 804,Retired,,Success
Northrop,"Wallops Flight Facility, Air launch to orbit",1997-12-23,19:11:42,Pegasus XL HAPS,,Active,40,Success
RVSN USSR,"5, Svobodny Cosmodrome, Russian Federation",1997-12-24,13:32:52,Start-1,EarlyBird,Retired,9,Success
Khrunichev,"81/23 (81L), Baikonur Cosmodrome, Republic of Kazakhstan",1997-12-24,23:19:00,Proton-K/DM-2M,Asiasat 3,Retired,,Failure
Lockheed,"Space Launch Complex 46, Cape Canaveral SFS, FL, USA",1998-01-07,02:28:44,Athena II,Lunar Prospector,Retired,,Success
US Air Force,"Space Launch Complex 17B, Cape Canaveral SFS, FL, USA",1998-01-10,00:32:01,Delta II 7925-9.5,Skynet 4D,Retired,51,Success
ISA,"Shavit Launch Pad, Palmachim Airbase, State of Israel",1998-01-22,12:56:00,Shavit-2,Ofeq-4,Active,,Failure
United Space Alliance,"Launch Complex 39A, Kennedy Space Center, FL, USA",1998-01-23,02:48:15,Space Shuttle,STS-89,Retired,450,Success
Roscosmos,"1/5, Baikonur Cosmodrome, Republic of Kazakhstan",1998-01-29,16:33:42,Soyuz U,Soyuz TM-27,Retired,,Success
Lockheed,"Launch Complex 36A, Cape Canaveral SFS, FL, USA",1998-01-29,18:37:00,Atlas IIA,NROL-5 (Quasar 12),Retired,,Success
Arianespace,"Ariane Launch Area 2, Guiana Space Centre, French Guiana",1998-02-04,23:29:00,Ariane 44LP,Inmarsat-3 F5 & Brasilsat B3,Retired,,Success
Northrop,"Space Launch Complex 576E, Vandenberg SFB, CA, USA",1998-02-10,13:20:00,Minotaur-C 2210,GFO,Active,,Success
US Air Force,"Space Launch Complex 17A, Cape Canaveral SFS, FL, USA",1998-02-14,14:34:00,Delta II 7420-10C,Globalstar 1 to 4,Retired,,Success
Roscosmos,"31/6, Baikonur Cosmodrome, Republic of Kazakhstan",1998-02-17,10:35:00,Soyuz-U-PVB,Yantar-1KFT 19,Retired,,Success
US Air Force,"Space Launch Complex 2W, Vandenberg SFB, CA, USA",1998-02-18,13:58:09,Delta II 7920-10C,"Iridium 50, 52, 53, 54, 56",Retired,51,Success
JAXA,"Yoshinobu Launch Complex LP-1, Tanegashima Space Center, Japan",1998-02-21,07:55:00,H-II,Kakehashi,Retired,,Success
Northrop,"Vandenberg Space Force Base, Air launch to orbit",1998-02-26,07:07:00,Pegasus XL,,Active,40,Success
Arianespace,"Ariane Launch Area 2, Guiana Space Centre, French Guiana",1998-02-27,22:38:00,Ariane 42P,Hot Bird 4,Retired,,Success
Lockheed,"Launch Complex 36B, Cape Canaveral SFS, FL, USA",1998-02-28,00:21:01,Atlas IIAS,INTELSAT 806,Retired,,Success
Roscosmos,"1/5, Baikonur Cosmodrome, Republic of Kazakhstan",1998-03-14,22:45:55,Soyuz U,,Retired,,Success
Lockheed,"Launch Complex 36A, Cape Canaveral SFS, FL, USA",1998-03-16,21:32:00,Atlas II,UHF F/O F8,Retired,,Success
Arianespace,"Ariane Launch Area 2, Guiana Space Centre, French Guiana",1998-03-24,01:46:00,Ariane 40,SPOT-4,Retired,,Success
China Aerospace Corporation,"Launch Complex 7, Taiyuan Satellite Launch Center, People's Republic of China",1998-03-25,17:01:06,Long March 2C/SD,Iridium 51 & 61,Retired,,Success
US Air Force,"Space Launch Complex 2W, Vandenberg SFB, CA, USA",1998-03-30,06:02:46,Delta II 7920-10C,Iridium 55 to 60,Retired,51,Success
Northrop,"Vandenberg Space Force Base, Air launch to orbit",1998-04-02,02:42:39,Pegasus XL,,Active,40,Success
Khrunichev,"81/23 (81L), Baikonur Cosmodrome, Republic of Kazakhstan",1998-04-07,02:13:03,Proton-K/17S40,Iridium 62 to 68,Retired,,Success
United Space Alliance,"Launch Complex 39B, Kennedy Space Center, FL, USA",1998-04-17,18:19:00,Space Shuttle,STS-90,Retired,450,Success
US Air Force,"Space Launch Complex 17A, Cape Canaveral SFS, FL, USA",1998-04-24,22:38:34,Delta II 7420-10C,"Globalstar 6, 8, 14, 15",Retired,,Success
Arianespace,"Ariane Launch Area 2, Guiana Space Centre, French Guiana",1998-04-28,22:53:00,Ariane 44P,Nilesat 101 & BSat 1b,Retired,,Success
Khrunichev,"200/39 (200L), Baikonur Cosmodrome, Republic of Kazakhstan",1998-04-29,04:36:54,Proton K/DM-2,US-KMO 4,Retired,,Success
China Aerospace Corporation,"Launch Complex 7, Taiyuan Satellite Launch Center, People's Republic of China",1998-05-02,09:16:53,Long March 2C/SD,Iridium 69 & 71,Retired,,Success
Progress Rocket Space Center,"16/2, Plesetsk Cosmodrome, Russian Federation",1998-05-07,08:53:22,Molniya-M 2BL,US-K 79,Retired,,Success
Khrunichev,"81/23 (81L), Baikonur Cosmodrome, Republic of Kazakhstan",1998-05-07,23:45:00,Proton-K/DM-2M,Echostar IV,Retired,,Success
US Air Force,"Space Launch Complex 40, Cape Canaveral SFS, FL, USA",1998-05-09,01:38:01,Titan IVB/Centaur,NROL-6 (Orion 4),Retired,,Success
US Air Force,"Space Launch Complex 4W, Vandenberg SFB, CA, USA",1998-05-13,15:52:04,Titan II SLV,NOAA 15,Retired,,Success
Roscosmos,"1/5, Baikonur Cosmodrome, Republic of Kazakhstan",1998-05-14,22:12:59,Soyuz U,,Retired,,Success
US Air Force,"Space Launch Complex 2W, Vandenberg SFB, CA, USA",1998-05-17,21:16:56,Delta II 7920-10C,"Iridium 70, 72 to 75",Retired,51,Success
China Aerospace Corporation,"Launch Complex 2 (LC-2), Xichang Satellite Launch Center, People's Republic of China",1998-05-30,10:00:04,Long March 3B,Zhongwei 1,Active,70,Success
Lockheed Space Operations Company,"Launch Complex 39A, Kennedy Space Center, FL, USA",1998-06-02,22:06:24,Space Shuttle,STS-91,Retired,450,Success
US Air Force,"Space Launch Complex 17A, Cape Canaveral SFS, FL, USA",1998-06-10,00:35:01,Delta II 7925-9.5,Thor III,Retired,51,Success
RVSN USSR,"32/1, Plesetsk Cosmodrome, Russian Federation",1998-06-15,22:58:05,Tsiklon-3,Strela-3 119 to 124,Retired,15,Success
Lockheed,"Launch Complex 36A, Cape Canaveral SFS, FL, USA",1998-06-18,22:48:01,Atlas IIAS,INTELSAT 805,Retired,,Success
RVSN USSR,"43/3 (43L), Plesetsk Cosmodrome, Russian Federation",1998-06-24,18:29:58,Soyuz-U-PVB,Yantar-4K2 78,Retired,,Success
Roscosmos,"31/6, Baikonur Cosmodrome, Republic of Kazakhstan",1998-06-25,14:00:00,Soyuz-U-PVB,Yantar-4KS1M 8,Retired,,Success
Progress Rocket Space Center,"43/3 (43L), Plesetsk Cosmodrome, Russian Federation",1998-07-01,00:48:01,Molniya-M 2BL,Molniya-3 61L,Retired,,Success
Institute of Space and Astronautical Science,"Mu Center, Uchinoura Space Center, Japan",1998-07-03,18:12:00,M-V,Nozomi,Retired,,Success
Makeyev Rocket Design Bureau,"Novomoskovsk (K-407), Sea Launch",1998-07-07,03:15:00,Shtil'-1,Tubsat-N & N1,Retired,,Success
Roscosmos,"45/1, Baikonur Cosmodrome, Republic of Kazakhstan",1998-07-10,06:30:00,Zenit-2,Resurs-O1,Retired,,Success
China Aerospace Corporation,"Launch Complex 2 (LC-2), Xichang Satellite Launch Center, People's Republic of China",1998-07-18,09:20:00,Long March 3B,Xinnuo 1,Active,70,Success
Roscosmos,"45/1, Baikonur Cosmodrome, Republic of Kazakhstan",1998-07-28,09:15:00,Zenit-2,Tselina-2 20,Retired,,Success
Northrop,"Wallops Flight Facility, Air launch to orbit",1998-08-02,16:24:00,Pegasus XL HAPS,,Active,40,Success
US Air Force,"Space Launch Complex 41, Cape Canaveral SFS, FL, USA",1998-08-12,11:30:01,Titan 401A Centaur,Mercury 16,Retired,,Failure
Roscosmos,"1/5, Baikonur Cosmodrome, Republic of Kazakhstan",1998-08-13,09:43:11,Soyuz U,Soyuz TM-28,Retired,,Success
China Aerospace Corporation,"Launch Complex 7, Taiyuan Satellite Launch Center, People's Republic of China",1998-08-19,23:01:46,Long March 2C/SD,Iridium 76 & 78,Retired,,Success
Arianespace,"Ariane Launch Area 2, Guiana Space Centre, French Guiana",1998-08-25,23:07:00,Ariane 44P,ST-1,Retired,,Success
US Air Force,"Space Launch Complex 17B, Cape Canaveral SFS, FL, USA",1998-08-27,01:17:00,Delta III 8930,Galaxy 10,Retired,,Failure
Khrunichev,"81/23 (81L), Baikonur Cosmodrome, Republic of Kazakhstan",1998-08-30,00:31:00,Proton-K/DM-2M,Astra 2A,Retired,,Success
Korean Committee of Space Technology,"Satellite Launch Pad, Tonghae Satellite Launching Ground",1998-08-31,03:07:00,Paektusan 1,Kwangmyongsong 1,Retired,,Failure
US Air Force,"Space Launch Complex 2W, Vandenberg SFB, CA, USA",1998-09-08,21:13:00,Delta II 7920-10C,"Iridium 77, 79 to 82",Retired,51,Success
Roscosmos,"45/1, Baikonur Cosmodrome, Republic of Kazakhstan",1998-09-09,20:29:00,Zenit-2 11K77.05,"Globalstar 5, 7, 9 to 13, 16 to 18, 20, 21",Retired,,Failure
Arianespace,"Ariane Launch Area 2, Guiana Space Centre, French Guiana",1998-09-16,06:31:00,Ariane 44LP,PAS 7,Retired,,Success
Northrop,"Wallops Flight Facility, Air launch to orbit",1998-09-23,05:06:00,Pegasus XL HAPS,,Active,40,Success
Progress Rocket Space Center,"43/3 (43L), Plesetsk Cosmodrome, Russian Federation",1998-09-28,23:41:27,Molniya-M 2BL,Molniya-1T 91,Retired,,Success
Northrop,"Space Launch Complex 576E, Vandenberg SFB, CA, USA",1998-10-03,10:04:49,Minotaur C,NROL-8 (STEX),Retired,,Success
Arianespace,"Ariane Launch Area 2, Guiana Space Centre, French Guiana",1998-10-05,22:51:00,Ariane 44L,Eutelsat W2 & Sirius 3,Retired,,Success
Lockheed,"Launch Complex 36B, Cape Canaveral SFS, FL, USA",1998-10-09,22:50:01,Atlas IIA,Hot Bird 5,Retired,,Success
Lockheed,"Launch Complex 36A, Cape Canaveral SFS, FL, USA",1998-10-20,07:19:02,Atlas IIA,UHF F/O F9,Retired,,Success
ESA,"Ariane Launch Area 3, Guiana Space Centre, French Guiana",1998-10-21,16:37:21,Ariane 5 G, MaqSat 3 & ARD,Retired,,Success
Northrop,"Cape Canaveral, Air launch to orbit",1998-10-23,00:02:00,Pegasus Hybrid,,Retired,,Success
US Air Force,"Space Launch Complex 17A, Cape Canaveral SFS, FL, USA",1998-10-24,12:08:01,Delta II 7326-9.5,Deep Space 1,Retired,,Success
Roscosmos,"1/5, Baikonur Cosmodrome, Republic of Kazakhstan",1998-10-25,04:14:57,Soyuz U,,Retired,,Success
Arianespace,"Ariane Launch Area 2, Guiana Space Centre, French Guiana",1998-10-28,22:15:00,Ariane 44L,Afristar & GE 5,Retired,,Success
Lockheed Space Operations Company,"Launch Complex 39B, Kennedy Space Center, FL, USA",1998-10-29,19:19:34,Space Shuttle,STS-95,Retired,450,Success
Khrunichev,"81/23 (81L), Baikonur Cosmodrome, Republic of Kazakhstan",1998-11-04,05:12:00,Proton-K/DM-2M,PAS 8,Retired,,Success
US Air Force,"Space Launch Complex 2W, Vandenberg SFB, CA, USA",1998-11-06,13:37:52,Delta II 7920-10C,Iridium 83 to 87,Retired,51,Success
Khrunichev,"81/23 (81L), Baikonur Cosmodrome, Republic of Kazakhstan",1998-11-20,06:40:00,Proton-K,Zarya,Retired,,Success
US Air Force,"Space Launch Complex 17B, Cape Canaveral SFS, FL, USA",1998-11-22,23:54:00,Delta II 7925-9.5,BONUM-1,Retired,51,Success
United Space Alliance,"Launch Complex 39A, Kennedy Space Center, FL, USA",1998-12-04,08:35:34,Space Shuttle,STS-88,Retired,450,Success
Arianespace,"Ariane Launch Area 2, Guiana Space Centre, French Guiana",1998-12-06,00:43:00,Ariane 42L,Satmex 5,Retired,,Success
Northrop,"Vandenberg Space Force Base, Air launch to orbit",1998-12-06,00:57:54,Pegasus XL,,Active,40,Success
Production Corporation Polyot,"132/1 (132L), Plesetsk Cosmodrome, Russian Federation",1998-12-10,11:57:07,Kosmos-3M (11K65M),Nadezhda 8,Retired,,Success
US Air Force,"Space Launch Complex 17A, Cape Canaveral SFS, FL, USA",1998-12-11,18:45:52,Delta II 7425-9.5,Mars Climate Orbiter,Retired,,Success
China Aerospace Corporation,"Launch Complex 7, Taiyuan Satellite Launch Center, People's Republic of China",1998-12-19,11:39:44,Long March 2C/SD,Iridium 88 & 89,Retired,,Success
Arianespace,"Ariane Launch Area 2, Guiana Space Centre, French Guiana",1998-12-22,01:08:00,Ariane 42L,PAS 6B,Retired,,Success
Production Corporation Polyot,"132/1 (132L), Plesetsk Cosmodrome, Russian Federation",1998-12-24,20:02:19,Kosmos-3M (11K65M),Parus 90,Retired,,Success
Khrunichev,"200/39 (200L), Baikonur Cosmodrome, Republic of Kazakhstan",1998-12-30,18:35:46,Proton K/DM-2,Uragan 72 to 74,Retired,,Success
US Air Force,"Space Launch Complex 17B, Cape Canaveral SFS, FL, USA",1999-01-03,20:21:10,Delta II 7425-9.5,Mars Polar Lander,Retired,,Success
Lockheed,"Space Launch Complex 46, Cape Canaveral SFS, FL, USA",1999-01-27,00:34:02,Athena I,Formosat-1,Retired,,Success
US Air Force,"Space Launch Complex 17A, Cape Canaveral SFS, FL, USA",1999-02-07,21:04:15,Delta II 7426-9.5,Stardust,Retired,,Success
Roscosmos,"1/5, Baikonur Cosmodrome, Republic of Kazakhstan",1999-02-09,03:53:59,Soyuz-U-PVB,"Globalstar 23,36,38,40",Retired,,Success
Khrunichev,"81/23 (81L), Baikonur Cosmodrome, Republic of Kazakhstan",1999-02-15,05:12:00,Proton-K/DM-2M,Telstar 6,Retired,,Success
Lockheed,"Launch Complex 36A, Cape Canaveral SFS, FL, USA",1999-02-16,01:45:26,Atlas IIAS,JCSAT 4A,Retired,,Success
Roscosmos,"1/5, Baikonur Cosmodrome, Republic of Kazakhstan",1999-02-20,04:18:01,Soyuz U,Soyuz TM-29,Retired,,Success
US Air Force,"Space Launch Complex 2W, Vandenberg SFB, CA, USA",1999-02-23,10:29:55,Delta II 7920-10,ARGOS,Retired,51,Success
Arianespace,"Ariane Launch Area 2, Guiana Space Centre, French Guiana",1999-02-26,22:44:00,Ariane 44L,Arabsat 3A & Skynet 4E,Retired,,Success
Khrunichev,"81/23 (81L), Baikonur Cosmodrome, Republic of Kazakhstan",1999-02-28,04:00:00,Proton K/DM-2,Raduga-1 4,Retired,,Success
Northrop,"Vandenberg Space Force Base, Air launch to orbit",1999-03-05,02:56:00,Pegasus XL,,Active,40,Success
Roscosmos,"1/5, Baikonur Cosmodrome, Republic of Kazakhstan",1999-03-15,03:06:00,Soyuz-U-PVB,"Globalstar 22,37,41,46",Retired,,Success
Khrunichev,"81/23 (81L), Baikonur Cosmodrome, Republic of Kazakhstan",1999-03-21,00:09:30,Proton-K/DM-2M,Asiasat 3S,Retired,,Success
Sea Launch,"Launch Platform Odyssey, Sea Launch",1999-03-28,01:29:59,Zenit 3SL,DemoSat,Retired,,Success
Roscosmos,"1/5, Baikonur Cosmodrome, Republic of Kazakhstan",1999-04-02,11:28:43,Soyuz U,,Retired,,Success
Arianespace,"Ariane Launch Area 2, Guiana Space Centre, French Guiana",1999-04-02,22:03:00,Ariane 42P,Insat 2E,Retired,,Success
US Air Force,"Space Launch Complex 41, Cape Canaveral SFS, FL, USA",1999-04-09,17:01:00,Titan 402B IUS,DSP 19,Retired,,Failure
Lockheed,"Launch Complex 36A, Cape Canaveral SFS, FL, USA",1999-04-12,22:50:01,Atlas IIAS,Eutelsat W3,Retired,,Success
Roscosmos,"1/5, Baikonur Cosmodrome, Republic of Kazakhstan",1999-04-15,00:46:00,Soyuz-U-PVB,"Globalstar 19,42,44,45",Retired,,Success
US Air Force,"Space Launch Complex 2W, Vandenberg SFB, CA, USA",1999-04-15,18:32:00,Delta II 7920-10,Landsat 7,Retired,51,Success
ISC Kosmotras,"109/95, Baikonur Cosmodrome, Republic of Kazakhstan",1999-04-21,04:59:12,Dnepr 1,UOSAT-OSCAR-36,Retired,,Success
Lockheed,"Space Launch Complex 6, Vandenberg SFB, CA, USA",1999-04-27,18:22:01,Athena II,Ikonos 1,Retired,,Failure
Production Corporation Polyot,"107, Kapustin Yar, Russian Federation",1999-04-28,20:30:00,Kosmos-3M (11K65M),ABRIXAS & MegSat 0,Retired,,Success
US Air Force,"Space Launch Complex 40, Cape Canaveral SFS, FL, USA",1999-04-30,16:30:00,Titan IVB/Centaur,Milstar 3,Retired,,Failure
US Air Force,"Space Launch Complex 17B, Cape Canaveral SFS, FL, USA",1999-05-05,01:00:00,Delta III 8930,Orion 3,Retired,,Failure
China Aerospace Corporation,"Launch Complex 7, Taiyuan Satellite Launch Center, People's Republic of China",1999-05-10,01:33:00,Long March 4B,Feng Yun 1C,Active,,Success
Northrop,"Vandenberg Space Force Base, Air launch to orbit",1999-05-18,05:09:00,Pegasus XL HAPS,,Active,40,Success
Khrunichev,"81/23 (81L), Baikonur Cosmodrome, Republic of Kazakhstan",1999-05-20,22:30:00,Proton-K/DM-2M,Nimiq 1,Retired,,Success
US Air Force,"Space Launch Complex 4E, Vandenberg SFB, CA, USA",1999-05-22,09:36:00,Titan 404B,NROL-9 (Misty 2),Retired,,Success
ISRO,"Satish Dhawan Space Centre First Launch Pad, Satish Dhawan Space Centre, India",1999-05-26,06:22:00,PSLV,IRS-P4 & Uribyol-3,Active,21,Success
Lockheed Space Operations Company,"Launch Complex 39B, Kennedy Space Center, FL, USA",1999-05-27,10:49:42,Space Shuttle,STS-96,Retired,450,Success
US Air Force,"Space Launch Complex 17B, Cape Canaveral SFS, FL, USA",1999-06-10,13:48:43,Delta II 7420-10C,"Globalstar 25,47,49,52",Retired,,Success
China Aerospace Corporation,"Launch Complex 7, Taiyuan Satellite Launch Center, People's Republic of China",1999-06-11,17:15:33,Long March 2C/SD,Iridium 92 & 93,Retired,,Success
Khrunichev,"81/23 (81L), Baikonur Cosmodrome, Republic of Kazakhstan",1999-06-18,01:49:30,Proton-K/DM-2M,Astra 1H,Retired,,Success
US Air Force,"Space Launch Complex 4W, Vandenberg SFB, CA, USA",1999-06-20,02:15:00,Titan II SLV,QuikScat,Retired,,Success
US Air Force,"Space Launch Complex 17A, Cape Canaveral SFS, FL, USA",1999-06-24,15:44:00,Delta II 7320,FUSE,Retired,51,Success
Khrunichev,"81/24 (81P), Baikonur Cosmodrome, Republic of Kazakhstan",1999-07-05,13:32:00,Proton-K/Briz-M,Raduga 34,Retired,,Failure
Progress Rocket Space Center,"43/3 (43L), Plesetsk Cosmodrome, Russian Federation",1999-07-08,08:45:06,Molniya-M 2BL,Molniya-3 63L,Retired,,Success
US Air Force,"Space Launch Complex 17B, Cape Canaveral SFS, FL, USA",1999-07-10,08:45:37,Delta II 7420-10C,"Globalstar 30,32,35,41",Retired,,Success
Roscosmos,"1/5, Baikonur Cosmodrome, Republic of Kazakhstan",1999-07-16,16:37:33,Soyuz U,,Retired,,Success
Roscosmos,"45/1, Baikonur Cosmodrome, Republic of Kazakhstan",1999-07-17,05:38:00,Zenit-2,Okean-O,Retired,,Success
United Space Alliance,"Launch Complex 39B, Kennedy Space Center, FL, USA",1999-07-23,04:31:00,Space Shuttle,STS-93,Retired,450,Success
US Air Force,"Space Launch Complex 17A, Cape Canaveral SFS, FL, USA",1999-07-25,07:46:03,Delta II 7420-10C,"Globalstar 26,28,43,48",Retired,,Success
Arianespace,"Ariane Launch Area 2, Guiana Space Centre, French Guiana",1999-08-12,22:52:00,Ariane 42P,Telkom 1,Retired,,Success
US Air Force,"Space Launch Complex 17B, Cape Canaveral SFS, FL, USA",1999-08-17,04:37:41,Delta II 7420-10C,"Globalstar 24,27,53,54",Retired,,Success
RVSN USSR,"43/3 (43L), Plesetsk Cosmodrome, Russian Federation",1999-08-18,18:00:01,Soyuz-U-PVB,Yantar-4K2 79,Retired,,Success
Production Corporation Polyot,"132/1 (132L), Plesetsk Cosmodrome, Russian Federation",1999-08-26,12:02:15,Kosmos-3M (11K65M),Parus 91,Retired,,Success
Arianespace,"Ariane Launch Area 2, Guiana Space Centre, French Guiana",1999-09-04,22:34:00,Ariane 42P,Mugunghwa 3,Retired,,Success
Khrunichev,"81/23 (81L), Baikonur Cosmodrome, Republic of Kazakhstan",1999-09-06,16:36:00,Proton-K/DM-2M,Yamal-101 & 102,Retired,,Success
RVSN USSR,"43/4 (43R), Plesetsk Cosmodrome, Russian Federation",1999-09-09,18:00:00,Soyuz-U-PVB,Foton 12,Retired,,Success
Roscosmos,"1/5, Baikonur Cosmodrome, Republic of Kazakhstan",1999-09-22,14:33:00,Soyuz-U-PVB,"Globalstar 33,50,55,58",Retired,,Success
Lockheed,"Launch Complex 36A, Cape Canaveral SFS, FL, USA",1999-09-23,06:02:02,Atlas IIAS,Echostar V,Retired,,Success
Lockheed,"Space Launch Complex 6, Vandenberg SFB, CA, USA",1999-09-24,18:21:08,Athena II,Ikonos,Retired,,Success
Arianespace,"Ariane Launch Area 2, Guiana Space Centre, French Guiana",1999-09-25,06:29:00,Ariane 44LP,Telstar 7,Retired,,Success
Khrunichev,"81/23 (81L), Baikonur Cosmodrome, Republic of Kazakhstan",1999-09-26,22:30:00,Proton-K/DM-2M,LMI 1,Retired,,Success
RVSN USSR,"43/4 (43R), Plesetsk Cosmodrome, Russian Federation",1999-09-28,11:00:05,Soyuz-U-PVB,Resurs F-1M,Retired,,Success
US Air Force,"Space Launch Complex 17A, Cape Canaveral SFS, FL, USA",1999-10-07,12:51:01,Delta II 7925-9.5,GPS IIR-3,Retired,51,Success
Sea Launch,"Launch Platform Odyssey, Sea Launch",1999-10-10,03:28:00,Zenit 3SL,DirecTV-1R,Retired,,Success
CASC,"Launch Complex 7, Taiyuan Satellite Launch Center, People's Republic of China",1999-10-14,03:15:00,Long March 4B,Zi Yuan 1-1,Active,,Success
Roscosmos,"1/5, Baikonur Cosmodrome, Republic of Kazakhstan",1999-10-18,13:32:00,Soyuz-U-PVB,"Globalstar 31,56,57,59",Retired,,Success
Arianespace,"Ariane Launch Area 2, Guiana Space Centre, French Guiana",1999-10-19,06:22:00,Ariane 44LP,Orion 2,Retired,,Success
Khrunichev,"200/39 (200L), Baikonur Cosmodrome, Republic of Kazakhstan",1999-10-27,16:16:00,Proton K/DM-2,Ekspress-A No. 1,Retired,,Failure
Arianespace,"Ariane Launch Area 2, Guiana Space Centre, French Guiana",1999-11-13,22:54:00,Ariane 44LP,GE 4,Retired,,Success
JAXA,"Yoshinobu Launch Complex LP-1, Tanegashima Space Center, Japan",1999-11-15,07:29:00,H-II,MTSAT,Retired,,Failure
CASC,"Launch Area 91 (SLS-1 / 921), Jiuquan Satellite Launch Center, People's Republic of China",1999-11-19,22:30:04,Long March 2F,Shenzhou-1,Retired,,Success
Roscosmos,"1/5, Baikonur Cosmodrome, Republic of Kazakhstan",1999-11-22,16:20:00,Soyuz-U-PVB,"Globalstar 29,34,39,61",Retired,,Success
Lockheed,"Launch Complex 36B, Cape Canaveral SFS, FL, USA",1999-11-23,04:06:01,Atlas IIA,UHF F/O F10,Retired,,Success
Arianespace,"Ariane Launch Area 2, Guiana Space Centre, French Guiana",1999-12-03,16:22:46,Ariane 40,Helios 1B,Retired,,Success
Northrop,"Wallops Flight Facility, Air launch to orbit",1999-12-04,18:53:00,Pegasus XL HAPS,,Active,40,Success
ESA,"Ariane Launch Area 3, Guiana Space Centre, French Guiana",1999-12-10,14:32:07,Ariane 5 G,XMM-Newton,Retired,,Success
Brazilian Space Agency,"VLS Pad, Alcântara Space Center, Federative Republic of Brazil",1999-12-11,18:25:00,VLS-1,SACI-2,Retired,,Failure
US Air Force,"Space Launch Complex 4W, Vandenberg SFB, CA, USA",1999-12-12,17:38:01,Titan II SLV,DMSP F-15,Retired,,Success
Lockheed,"Space Launch Complex 3E, Vandenberg SFB, CA, USA",1999-12-18,18:57:39,Atlas IIAS,Terra,Retired,,Success
NASA,"Launch Complex 39A, Kennedy Space Center, FL, USA",1999-12-20,00:50:00,Space Shuttle,STS-103,Retired,450,Success
Northrop,"Space Launch Complex 576E, Vandenberg SFB, CA, USA",1999-12-21,07:13:00,Minotaur-C 2110,Arirang-1 & ACRIMSat,Active,,Success
Arianespace,"Ariane Launch Area 2, Guiana Space Centre, French Guiana",1999-12-22,00:50:00,Ariane 44L,Galaxy 11,Retired,,Success
Roscosmos,"90/20, Baikonur Cosmodrome, Republic of Kazakhstan",1999-12-26,08:00:00,Tsiklon-2,US-PM 10,Retired,12,Success
Progress Rocket Space Center,"16/2, Plesetsk Cosmodrome, Russian Federation",1999-12-27,19:12:44,Molniya-M 2BL,US-K 80,Retired,,Success
Lockheed,"Launch Complex 36A, Cape Canaveral SFS, FL, USA",2000-01-21,01:03:01,Atlas IIA,DSCS-3 B8,Retired,,Success
Arianespace,"Ariane Launch Area 2, Guiana Space Centre, French Guiana",2000-01-25,01:04:00,Ariane 42L,Galaxy 10R,Retired,,Success
CASC,"Launch Complex 2 (LC-2), Xichang Satellite Launch Center, People's Republic of China",2000-01-25,16:45:05,Long March 3A,Zhongxing 22,Active,,Success
Northrop,"Space Launch Complex 8, Vandenberg SFB, CA, USA",2000-01-27,03:03:06,Minotaur I,JAWSAT & FalconSat 1,Active,,Success
Roscosmos,"1/5, Baikonur Cosmodrome, Republic of Kazakhstan",2000-02-01,06:47:23,Soyuz U,,Retired,,Success
Roscosmos,"45/1, Baikonur Cosmodrome, Republic of Kazakhstan",2000-02-03,09:26:00,Zenit-2,Tselina-2 21,Retired,,Success
Lockheed,"Launch Complex 36B, Cape Canaveral SFS, FL, USA",2000-02-03,23:30:01,Atlas IIAS,Hispasat 1C,Retired,,Success
US Air Force,"Space Launch Complex 17B, Cape Canaveral SFS, FL, USA",2000-02-08,21:24:00,Delta II 7420-10C,"Globalstar 60,62,63,64",Retired,,Success
Roscosmos,"31/6, Baikonur Cosmodrome, Republic of Kazakhstan",2000-02-08,23:20:00,Soyuz-U-PVB,IRDT 1,Retired,,Success
Institute of Space and Astronautical Science,"Mu Center, Uchinoura Space Center, Japan",2000-02-10,01:30:00,M-V,ASTRO E,Retired,,Failure
United Space Alliance,"Launch Complex 39A, Kennedy Space Center, FL, USA",2000-02-11,17:43:40,Space Shuttle,STS-99,Retired,450,Success
Khrunichev,"81/23 (81L), Baikonur Cosmodrome, Republic of Kazakhstan",2000-02-12,09:10:54,Proton-K/DM-2M,Garuda 1,Retired,,Success
Arianespace,"Ariane Launch Area 2, Guiana Space Centre, French Guiana",2000-02-18,01:04:00,Ariane 44LP,Superbird B2,Retired,,Success
Khrunichev,"200/39 (200L), Baikonur Cosmodrome, Republic of Kazakhstan",2000-03-12,04:07:00,Proton-K/DM-2M,Ekspress 6A,Retired,,Success
Northrop,"Space Launch Complex 576E, Vandenberg SFB, CA, USA",2000-03-12,09:29:00,Minotaur-C 1110,MTI,Active,,Success
Sea Launch,"Launch Platform Odyssey, Sea Launch",2000-03-12,14:49:15,Zenit 3SL,ICO F1,Retired,,Failure
Roscosmos,"31/6, Baikonur Cosmodrome, Republic of Kazakhstan",2000-03-20,18:28:30,Soyuz-U-PVB,Dumsat,Retired,,Success
Arianespace,"Ariane Launch Area 3, Guiana Space Centre, French Guiana",2000-03-21,23:28:19,Ariane 5 G,INSAT-3B & AsiaStar,Retired,,Success
US Air Force,"Space Launch Complex 2W, Vandenberg SFB, CA, USA",2000-03-25,20:34:43,Delta II 7326-9.5,IMAGE,Retired,,Success
Roscosmos,"1/5, Baikonur Cosmodrome, Republic of Kazakhstan",2000-04-04,05:01:29,Soyuz U,Soyuz TM-30,Retired,,Success
Khrunichev,"200/39 (200L), Baikonur Cosmodrome, Republic of Kazakhstan",2000-04-17,21:06:00,Proton-K/DM-2M,Sesat,Retired,,Success
Arianespace,"Ariane Launch Area 2, Guiana Space Centre, French Guiana",2000-04-19,00:29:00,Ariane 42L,Galaxy 4R,Retired,,Success
Roscosmos,"1/5, Baikonur Cosmodrome, Republic of Kazakhstan",2000-04-25,20:08:02,Soyuz U,,Retired,,Success
Lockheed,"Launch Complex 36A, Cape Canaveral SFS, FL, USA",2000-05-03,07:07:03,Atlas IIA,GOES 11,Retired,,Success
Roscosmos,"1/5, Baikonur Cosmodrome, Republic of Kazakhstan",2000-05-03,13:25:00,Soyuz-U-PVB,Yantar-4KS1M 9,Retired,,Success
US Air Force,"Space Launch Complex 40, Cape Canaveral SFS, FL, USA",2000-05-08,16:01:00,Titan 402B IUS,DSP 20,Retired,,Success
US Air Force,"Space Launch Complex 17A, Cape Canaveral SFS, FL, USA",2000-05-11,01:48:00,Delta II 7925-9.5,GPS IIR-4,Retired,51,Success
Eurockot Launch Services,"133/3 (133L), Plesetsk Cosmodrome, Russian Federation",2000-05-16,08:27:41,Rokot/Briz-KM,SimSat 1 & 2,Active,,Success
United Space Alliance,"Launch Complex 39A, Kennedy Space Center, FL, USA",2000-05-19,10:11:10,Space Shuttle,STS-101,Retired,450,Success
Lockheed,"Launch Complex 36B, Cape Canaveral SFS, FL, USA",2000-05-24,23:10:05,Atlas IIIA,Eutelsat W4,Retired,,Success
Khrunichev,"81/24 (81P), Baikonur Cosmodrome, Republic of Kazakhstan",2000-06-06,02:59:00,Proton-K/Briz-M,Gorizont 33,Retired,,Success
Northrop,"Vandenberg Space Force Base, Air launch to orbit",2000-06-07,13:19:30,Pegasus XL,,Active,40,Success
Khrunichev,"200/39 (200L), Baikonur Cosmodrome, Republic of Kazakhstan",2000-06-24,00:28:00,Proton-K/DM-2M,Ekspress 3A,Retired,,Success
CASC,"Launch Complex 3 (LC-3/LA-1), Xichang Satellite Launch Center, People's Republic of China",2000-06-25,11:50:00,Long March 3,Feng Yun 2B,Retired,,Success
Production Corporation Polyot,"132/1 (132L), Plesetsk Cosmodrome, Russian Federation",2000-06-28,10:37:42,Kosmos-3M (11K65M),Nadezhda 9,Retired,,Success
Lockheed,"Launch Complex 36A, Cape Canaveral SFS, FL, USA",2000-06-30,12:56:01,Atlas IIA,TDRS 8,Retired,,Success
Khrunichev,"81/24 (81P), Baikonur Cosmodrome, Republic of Kazakhstan",2000-06-30,22:08:47,Proton-K/DM-2M,Sirius FM-1,Retired,,Success
Khrunichev,"200/39 (200L), Baikonur Cosmodrome, Republic of Kazakhstan",2000-07-04,23:44:00,Proton K/DM-2,Potok 10,Retired,,Success
Khrunichev,"81/23 (81L), Baikonur Cosmodrome, Republic of Kazakhstan",2000-07-12,04:56:36,Proton-K,Zvezda,Retired,,Success
Lockheed,"Launch Complex 36B, Cape Canaveral SFS, FL, USA",2000-07-14,05:21:01,Atlas IIAS,Echostar VI,Retired,,Success
Production Corporation Polyot,"132/1 (132L), Plesetsk Cosmodrome, Russian Federation",2000-07-15,12:00:00,Kosmos-3M (11K65M),CHAMP & MITA,Retired,,Success
US Air Force,"Space Launch Complex 17A, Cape Canaveral SFS, FL, USA",2000-07-16,09:17:00,Delta II 7925-9.5,GPS IIR-5,Retired,51,Success
Roscosmos,"31/6, Baikonur Cosmodrome, Republic of Kazakhstan",2000-07-16,12:39:34,Soyuz-U-PVB,Cluster Salsa & Samba,Retired,,Success
Northrop,"Space Launch Complex 8, Vandenberg SFB, CA, USA",2000-07-19,20:09:00,Minotaur I,Sindri,Active,,Success
Sea Launch,"Launch Platform Odyssey, Sea Launch",2000-07-28,22:42:00,Zenit 3SL,PAS 9,Retired,,Success
Roscosmos,"1/5, Baikonur Cosmodrome, Republic of Kazakhstan",2000-08-06,18:26:42,Soyuz U,,Retired,,Success
Roscosmos,"31/6, Baikonur Cosmodrome, Republic of Kazakhstan",2000-08-09,11:13:35,Soyuz-U-PVB,Cluster Rumba & Tango,Retired,,Success
Arianespace,"Ariane Launch Area 2, Guiana Space Centre, French Guiana",2000-08-17,23:16:00,Ariane 44LP,Brasilsat B4 & Nilesat 102,Retired,,Success
US Air Force,"Space Launch Complex 4E, Vandenberg SFB, CA, USA",2000-08-17,23:45:01,Titan 403B,NROL-11 (Onyx 4),Retired,,Success
US Air Force,"Space Launch Complex 17B, Cape Canaveral SFS, FL, USA",2000-08-23,11:05:02,Delta III 8930,DM-F3,Retired,,Success
Khrunichev,"81/24 (81P), Baikonur Cosmodrome, Republic of Kazakhstan",2000-08-28,20:08:00,Proton K/DM-2,Raduga-1 5,Retired,,Success
CASC,"Launch Complex 7, Taiyuan Satellite Launch Center, People's Republic of China",2000-09-01,03:25:00,Long March 4B,Zi Yuan-2 01 xing,Active,,Success
Khrunichev,"81/23 (81L), Baikonur Cosmodrome, Republic of Kazakhstan",2000-09-05,09:43:58,Proton-K/DM-2M,Sirius FM-2,Retired,,Success
Arianespace,"Ariane Launch Area 2, Guiana Space Centre, French Guiana",2000-09-06,22:33:00,Ariane 44P,Eutelsat W1,Retired,,Success
United Space Alliance,"Launch Complex 39B, Kennedy Space Center, FL, USA",2000-09-08,12:45:47,Space Shuttle,STS-106,Retired,450,Success
Arianespace,"Ariane Launch Area 3, Guiana Space Centre, French Guiana",2000-09-14,22:54:07,Ariane 5 G,Astra 2B & GE-7,Retired,,Success
US Air Force,"Space Launch Complex 4W, Vandenberg SFB, CA, USA",2000-09-21,10:22:00,Titan II SLV,NOAA 16,Retired,,Success
Roscosmos,"45/1, Baikonur Cosmodrome, Republic of Kazakhstan",2000-09-25,10:10:00,Zenit-2,Orlets-2 2,Retired,,Success
ISC Kosmotras,"109/95, Baikonur Cosmodrome, Republic of Kazakhstan",2000-09-26,10:05:00,Dnepr 1,SmallSat Rideshare,Retired,,Success
Roscosmos,"31/6, Baikonur Cosmodrome, Republic of Kazakhstan",2000-09-29,09:30:15,Soyuz-U-PVB,Yantar-1KFT 20,Retired,,Success
Khrunichev,"81/23 (81L), Baikonur Cosmodrome, Republic of Kazakhstan",2000-10-01,22:00:00,Proton-K/DM-2M,GE-1A,Retired,,Success
Arianespace,"Ariane Launch Area 2, Guiana Space Centre, French Guiana",2000-10-06,23:00:00,Ariane 42L,N-SAT-110,Retired,,Success
Northrop,"Kwajalein Atoll, Air launch to orbit",2000-10-09,05:38:18,Pegasus Hybrid,,Retired,,Success
Lockheed Space Operations Company,"Launch Complex 39A, Kennedy Space Center, FL, USA",2000-10-11,23:17:00,Space Shuttle,STS-92,Retired,450,Success
Khrunichev,"81/24 (81P), Baikonur Cosmodrome, Republic of Kazakhstan",2000-10-13,14:12:45,Proton K/DM-2,Uragan 75 to 77,Retired,,Success
Roscosmos,"1/5, Baikonur Cosmodrome, Republic of Kazakhstan",2000-10-16,21:27:06,Soyuz U,,Retired,,Success
Lockheed,"Launch Complex 36A, Cape Canaveral SFS, FL, USA",2000-10-20,00:40:02,Atlas IIA,DSCS-3 B11,Retired,,Success
Sea Launch,"Launch Platform Odyssey, Sea Launch",2000-10-21,05:52:00,Zenit 3SL,Thuraya 1,Retired,,Success
Khrunichev,"81/23 (81L), Baikonur Cosmodrome, Republic of Kazakhstan",2000-10-21,22:00:00,Proton-K/DM-2M,GE 6,Retired,,Success
Arianespace,"Ariane Launch Area 2, Guiana Space Centre, French Guiana",2000-10-29,05:59:00,Ariane 44LP,Europe*Star 1,Retired,,Success
CASC,"Launch Complex 2 (LC-2), Xichang Satellite Launch Center, People's Republic of China",2000-10-30,16:02:00,Long March 3A,Beidou Daohang Shiyan Wei.,Active,,Success
Roscosmos,"1/5, Baikonur Cosmodrome, Republic of Kazakhstan",2000-10-31,07:52:47,Soyuz U,Soyuz TM-31,Retired,,Success
US Air Force,"Space Launch Complex 17A, Cape Canaveral SFS, FL, USA",2000-11-10,17:14:02,Delta II 7925-9.5,GPS IIR-6,Retired,51,Success
Arianespace,"Ariane Launch Area 3, Guiana Space Centre, French Guiana",2000-11-16,01:07:07,Ariane 5 G,"PAS-1R, Amsat P3D, STRV 1C, STRV 1D",Retired,,Success
Roscosmos,"1/5, Baikonur Cosmodrome, Republic of Kazakhstan",2000-11-16,01:32:36,Soyuz U,,Retired,,Success
Production Corporation Polyot,"132/1 (132L), Plesetsk Cosmodrome, Russian Federation",2000-11-20,23:00:00,Kosmos-3M (11K65M),QuickBird 1,Retired,,Failure
US Air Force,"Space Launch Complex 2W, Vandenberg SFB, CA, USA",2000-11-21,18:24:25,Delta II 7320,EO 1 & SAC C,Retired,51,Success
Arianespace,"Ariane Launch Area 2, Guiana Space Centre, French Guiana",2000-11-21,23:56:00,Ariane 44L,Anik F1,Retired,,Success
Khrunichev,"81/23 (81L), Baikonur Cosmodrome, Republic of Kazakhstan",2000-11-30,19:59:47,Proton-K/DM-2M,Sirius FM-3,Retired,,Success
United Space Alliance,"Launch Complex 39B, Kennedy Space Center, FL, USA",2000-12-01,03:06:01,Space Shuttle,STS-97,Retired,450,Success
RVSN USSR,"5, Svobodny Cosmodrome, Russian Federation",2000-12-05,12:32:00,Start-1,EROS A1,Retired,9,Success
Lockheed,"Launch Complex 36A, Cape Canaveral SFS, FL, USA",2000-12-06,02:47:01,Atlas IIAS,NROL-10 (Quasar 13),Retired,,Success
Arianespace,"Ariane Launch Area 3, Guiana Space Centre, French Guiana",2000-12-20,00:26:00,Ariane 5 G,"Astra 2D & GE-8, LDREX",Retired,,Success
CASC,"Launch Complex 2 (LC-2), Xichang Satellite Launch Center, People's Republic of China",2000-12-20,16:20:00,Long March 3A,Beidou Daohang Shiyan Wei. 2,Active,,Success
RVSN USSR,"32/1, Plesetsk Cosmodrome, Russian Federation",2000-12-27,09:56:31,Tsiklon-3,Strela-3 125 to 127 & Gonets 7 to 9,Retired,15,Failure
CASC,"Launch Area 91 (SLS-1 / 921), Jiuquan Satellite Launch Center, People's Republic of China",2001-01-09,17:00:03,Long March 2F,Shenzhou-2,Retired,,Success
Arianespace,"Ariane Launch Area 2, Guiana Space Centre, French Guiana",2001-01-10,22:09:00,Ariane 44P,Turksat 2A,Retired,,Success
Roscosmos,"1/5, Baikonur Cosmodrome, Republic of Kazakhstan",2001-01-24,04:28:42,Soyuz U,,Retired,,Success
US Air Force,"Space Launch Complex 17A, Cape Canaveral SFS, FL, USA",2001-01-30,07:55:01,Delta II 7925-9.5,GPS IIR-7,Retired,51,Success
Arianespace,"Ariane Launch Area 2, Guiana Space Centre, French Guiana",2001-02-07,23:05:10,Ariane 44L,SICRAL 1,Retired,,Success
United Space Alliance,"Launch Complex 39A, Kennedy Space Center, FL, USA",2001-02-07,23:13:02,Space Shuttle,STS-98,Retired,450,Success
VKS RF,"5, Svobodny Cosmodrome, Russian Federation",2001-02-20,08:48:27,Start-1,Odin,Retired,9,Success
Roscosmos,"1/5, Baikonur Cosmodrome, Republic of Kazakhstan",2001-02-26,08:09:35,Soyuz U,,Retired,,Success
US Air Force,"Space Launch Complex 40, Cape Canaveral SFS, FL, USA",2001-02-27,21:20:00,Titan IVB/Centaur,Milstar 4,Retired,,Success
United Space Alliance,"Launch Complex 39B, Kennedy Space Center, FL, USA",2001-03-08,11:42:09,Space Shuttle,STS-102,Retired,450,Success
Arianespace,"Ariane Launch Area 3, Guiana Space Centre, French Guiana",2001-03-08,22:51:00,Ariane 5 G,Eutelsat 28A & BSAT-2a,Retired,,Success
Sea Launch,"Launch Platform Odyssey, Sea Launch",2001-03-18,22:33:30,Zenit 3SL,XM-2,Retired,,Success
Khrunichev,"81/24 (81P), Baikonur Cosmodrome, Republic of Kazakhstan",2001-04-07,03:47:00,Proton-M Briz-M,Ekran-M 4,Active,,Success
US Air Force,"Space Launch Complex 17A, Cape Canaveral SFS, FL, USA",2001-04-07,15:02:22,Delta II 7925-9.5,Mars Odyssey,Retired,51,Success
ISRO,"Satish Dhawan Space Centre First Launch Pad, Satish Dhawan Space Centre, India",2001-04-18,10:13:00,GSLV,,Active,47,Failure
United Space Alliance,"Launch Complex 39A, Kennedy Space Center, FL, USA",2001-04-19,18:40:42,Space Shuttle,STS-100,Retired,450,Success
Roscosmos,"1/5, Baikonur Cosmodrome, Republic of Kazakhstan",2001-04-28,07:37:20,Soyuz U,Soyuz TM-32,Retired,,Success
Sea Launch,"Launch Platform Odyssey, Sea Launch",2001-05-08,22:10:29,Zenit 3SL,XM-1,Retired,,Success
Khrunichev,"81/23 (81L), Baikonur Cosmodrome, Republic of Kazakhstan",2001-05-15,01:11:30,Proton-K/DM-2M,PAS 10,Retired,,Success
US Air Force,"Space Launch Complex 17B, Cape Canaveral SFS, FL, USA",2001-05-18,17:45:01,Delta II 7925-9.5,NROL-17 (GeoLITE),Retired,51,Success
Roscosmos,"1/5, Baikonur Cosmodrome, Republic of Kazakhstan",2001-05-20,22:32:40,Soyuz FG,,Retired,,Success
RVSN USSR,"43/4 (43R), Plesetsk Cosmodrome, Russian Federation",2001-05-29,17:55:00,Soyuz-U-PVB,Yantar-4K2 80,Retired,,Success
Production Corporation Polyot,"132/1 (132L), Plesetsk Cosmodrome, Russian Federation",2001-06-08,15:08:42,Kosmos-3M (11K65M),Parus 92,Retired,,Success
Arianespace,"Ariane Launch Area 2, Guiana Space Centre, French Guiana",2001-06-09,06:45:00,Ariane 44L,INTELSAT 901,Retired,,Success
Khrunichev,"81/23 (81L), Baikonur Cosmodrome, Republic of Kazakhstan",2001-06-16,01:49:00,Proton-K/DM-2M,Astra 2C,Retired,,Success
Lockheed,"Launch Complex 36B, Cape Canaveral SFS, FL, USA",2001-06-19,04:41:02,Atlas IIAS,ICO F2,Retired,,Success
US Air Force,"Space Launch Complex 17B, Cape Canaveral SFS, FL, USA",2001-06-30,19:46:46,Delta II 7425-10,WMAP,Retired,,Success
United Space Alliance,"Launch Complex 39B, Kennedy Space Center, FL, USA",2001-07-12,09:03:59,Space Shuttle,STS-104,Retired,450,Success
Arianespace,"Ariane Launch Area 3, Guiana Space Centre, French Guiana",2001-07-12,21:58:00,Ariane 5 G,Artemis & BSAT-2b,Retired,,Partial Failure
Progress Rocket Space Center,"43/4 (43R), Plesetsk Cosmodrome, Russian Federation",2001-07-20,00:17:00,Molniya-M 2BL,Molniya-3,Retired,,Success
Lockheed,"Launch Complex 36A, Cape Canaveral SFS, FL, USA",2001-07-23,07:23:01,Atlas IIA,GOES 12,Retired,,Success
VKS RF,"32/2, Plesetsk Cosmodrome, Russian Federation",2001-07-31,08:00:00,Tsiklon-3,Koronas F,Retired,15,Success
US Air Force,"Space Launch Complex 40, Cape Canaveral SFS, FL, USA",2001-08-06,07:28:00,Titan 402B IUS,DSP 21,Retired,,Success
US Air Force,"Space Launch Complex 17A, Cape Canaveral SFS, FL, USA",2001-08-08,16:13:40,Delta II 7326-9.5,Genesis,Retired,,Success
United Space Alliance,"Launch Complex 39A, Kennedy Space Center, FL, USA",2001-08-10,21:10:14,Space Shuttle,STS-105,Retired,450,Success
Roscosmos,"1/5, Baikonur Cosmodrome, Republic of Kazakhstan",2001-08-21,09:23:54,Soyuz U,,Retired,,Success
Khrunichev,"81/24 (81P), Baikonur Cosmodrome, Republic of Kazakhstan",2001-08-24,20:34:50,Proton K/DM-2,US-KMO 5,Retired,,Success
JAXA,"Yoshinobu Launch Complex LP-1, Tanegashima Space Center, Japan",2001-08-29,07:00:00,H-IIA 202,LRE,Retired,90,Success
Arianespace,"Ariane Launch Area 2, Guiana Space Centre, French Guiana",2001-08-30,06:46:00,Ariane 44L,INTELSAT 902,Retired,,Success
Lockheed,"Space Launch Complex 3E, Vandenberg SFB, CA, USA",2001-09-08,15:25:05,Atlas IIAS,NROL-13 (Intruder 5A & 5B),Retired,,Success
Roscosmos,"1/5, Baikonur Cosmodrome, Republic of Kazakhstan",2001-09-14,23:34:55,Soyuz U,,Retired,,Success
Northrop,"Space Launch Complex 576E, Vandenberg SFB, CA, USA",2001-09-21,18:49:30,Minotaur-C 2110,OrbView-4,Active,,Failure
Arianespace,"Ariane Launch Area 2, Guiana Space Centre, French Guiana",2001-09-25,23:21:00,Ariane 44P,Atlantic Bird 2,Retired,,Success
Lockheed,"Launch Pad 1, Pacific Spaceport Complex, Alaska, USA",2001-09-30,02:40:00,Athena I,Starshine-OSCAR-43,Retired,,Success
US Air Force,"Space Launch Complex 4E, Vandenberg SFB, CA, USA",2001-10-05,21:21:01,Titan 404B,NROL-14 (KH-11 13),Retired,,Success
Khrunichev,"81/24 (81P), Baikonur Cosmodrome, Republic of Kazakhstan",2001-10-06,16:45:00,Proton K/DM-2,Raduga-1 6,Retired,,Success
Lockheed,"Launch Complex 36B, Cape Canaveral SFS, FL, USA",2001-10-11,02:32:00,Atlas IIAS,NROL-12 (Quasar 14),Retired,,Success
US Air Force,"Space Launch Complex 2W, Vandenberg SFB, CA, USA",2001-10-18,18:51:26,Delta II 7320,QuickBird 2,Retired,51,Success
Roscosmos,"1/5, Baikonur Cosmodrome, Republic of Kazakhstan",2001-10-21,08:59:35,Soyuz U,Soyuz TM-33,Retired,,Success
ISRO,"Satish Dhawan Space Centre First Launch Pad, Satish Dhawan Space Centre, India",2001-10-22,04:53:00,PSLV,TES,Active,21,Success
Progress Rocket Space Center,"43/3 (43L), Plesetsk Cosmodrome, Russian Federation",2001-10-25,11:34:13,Molniya-M 2BL,Molniya-3 64L,Retired,,Success
Roscosmos,"1/5, Baikonur Cosmodrome, Republic of Kazakhstan",2001-11-26,18:24:12,Soyuz FG,,Retired,,Success
Arianespace,"Ariane Launch Area 2, Guiana Space Centre, French Guiana",2001-11-27,00:35:00,Ariane 44LP,DirecTV-4S,Retired,,Success
Khrunichev,"81/24 (81P), Baikonur Cosmodrome, Republic of Kazakhstan",2001-12-01,18:04:44,Proton K/DM-2,"Uragan 78, 79 & Uragan-M 1",Retired,,Success
United Space Alliance,"Launch Complex 39B, Kennedy Space Center, FL, USA",2001-12-05,22:19:28,Space Shuttle,STS-108,Retired,450,Success
US Air Force,"Space Launch Complex 2W, Vandenberg SFB, CA, USA",2001-12-07,15:07:35,Delta II 7920-10,Jason,Retired,51,Success
Roscosmos,"45/1, Baikonur Cosmodrome, Republic of Kazakhstan",2001-12-10,17:18:57,Zenit-2,Meteor-3M No. 1,Retired,,Success
Roscosmos,"90/20, Baikonur Cosmodrome, Republic of Kazakhstan",2001-12-21,04:00:00,Tsiklon-2,US-PM 11,Retired,12,Success
VKS RF,"32/1, Plesetsk Cosmodrome, Russian Federation",2001-12-28,03:24:24,Tsiklon-3,Strela-3 128 to 130 & Gonets 10 to 12,Retired,15,Success
US Air Force,"Space Launch Complex 40, Cape Canaveral SFS, FL, USA",2002-01-16,00:30:01,Titan IVB/Centaur,Milstar 5,Retired,,Success
Arianespace,"Ariane Launch Area 2, Guiana Space Centre, French Guiana",2002-01-23,23:46:57,Ariane 42L,Insat 3C,Retired,,Success
JAXA,"Yoshinobu Launch Complex LP-1, Tanegashima Space Center, Japan",2002-02-04,02:45:00,H-IIA 2024,Tsubasa,Retired,,Success
Northrop,"Cape Canaveral, Air launch to orbit",2002-02-05,20:58:12,Pegasus XL,,Active,40,Success
US Air Force,"Space Launch Complex 2W, Vandenberg SFB, CA, USA",2002-02-11,17:43:44,Delta II 7920-10C,Iridium 91,Retired,51,Success
Lockheed,"Launch Complex 36B, Cape Canaveral SFS, FL, USA",2002-02-21,12:43:01,Atlas IIIB,Echostar VII,Retired,,Success
Arianespace,"Ariane Launch Area 2, Guiana Space Centre, French Guiana",2002-02-23,06:59:00,Ariane 44L,INTELSAT 904,Retired,,Success
VKS RF,"43/3 (43L), Plesetsk Cosmodrome, Russian Federation",2002-02-25,17:26:21,Soyuz-U-PVB,Yantar-4K2 81,Retired,,Success
Arianespace,"Ariane Launch Area 3, Guiana Space Centre, French Guiana",2002-03-01,01:07:59,Ariane 5 G,Envisat,Retired,,Success
United Space Alliance,"Launch Complex 39A, Kennedy Space Center, FL, USA",2002-03-01,11:22:02,Space Shuttle,STS-109,Retired,450,Success
Lockheed,"Launch Complex 36A, Cape Canaveral SFS, FL, USA",2002-03-08,22:59:01,Atlas IIA,TDRS 9,Retired,,Success
Eurockot Launch Services,"133/3 (133L), Plesetsk Cosmodrome, Russian Federation",2002-03-17,09:21:27,Rokot/Briz-KM,GRACE,Active,,Success
Roscosmos,"1/5, Baikonur Cosmodrome, Republic of Kazakhstan",2002-03-21,20:13:39,Soyuz U,,Retired,,Success
CASC,"Launch Area 91 (SLS-1 / 921), Jiuquan Satellite Launch Center, People's Republic of China",2002-03-25,14:15:04,Long March 2F,Shenzhou-3,Retired,,Success
Arianespace,"Ariane Launch Area 2, Guiana Space Centre, French Guiana",2002-03-29,01:29:00,Ariane 44L,JCSAT 2A,Retired,,Success
Khrunichev,"81/23 (81L), Baikonur Cosmodrome, Republic of Kazakhstan",2002-03-30,17:25:00,Proton-K/DM-2M,INTELSAT 903,Retired,,Success
Progress Rocket Space Center,"16/2, Plesetsk Cosmodrome, Russian Federation",2002-04-01,22:06:45,Molniya-M 2BL,US-K 81,Retired,,Success
United Space Alliance,"Launch Complex 39B, Kennedy Space Center, FL, USA",2002-04-08,20:44:19,Space Shuttle,STS-110,Retired,450,Success
Arianespace,"Ariane Launch Area 2, Guiana Space Centre, French Guiana",2002-04-16,23:02:00,Ariane 44L,NSS 7,Retired,,Success
Roscosmos,"1/5, Baikonur Cosmodrome, Republic of Kazakhstan",2002-04-25,06:26:35,Soyuz U,Soyuz TM-34,Retired,,Success
Arianespace,"Ariane Launch Area 2, Guiana Space Centre, French Guiana",2002-05-04,01:31:46,Ariane 42P,SPOT 5,Retired,,Success
US Air Force,"Space Launch Complex 2W, Vandenberg SFB, CA, USA",2002-05-04,09:54:58,Delta II 7920-10L,Aqua,Retired,,Success
Khrunichev,"81/24 (81P), Baikonur Cosmodrome, Republic of Kazakhstan",2002-05-07,17:00:00,Proton-K/DM-2M,DirecTV-5,Retired,,Success
CASC,"Launch Complex 7, Taiyuan Satellite Launch Center, People's Republic of China",2002-05-15,01:50:00,Long March 4B,Hai Yang 1 & Feng Yun 1D,Active,,Success
ISA,"Shavit Launch Pad, Palmachim Airbase, State of Israel",2002-05-28,15:25:00,Shavit-2,Ofeq-5,Active,,Success
Production Corporation Polyot,"132/1 (132L), Plesetsk Cosmodrome, Russian Federation",2002-05-28,18:14:41,Kosmos-3M (11K65M),Parus 93,Retired,,Success
Arianespace,"Ariane Launch Area 2, Guiana Space Centre, French Guiana",2002-06-05,06:44:00,Ariane 44L,INTELSAT 905,Retired,,Success
United Space Alliance,"Launch Complex 39A, Kennedy Space Center, FL, USA",2002-06-05,21:22:49,Space Shuttle,STS-111,Retired,450,Success
Khrunichev,"200/39 (200L), Baikonur Cosmodrome, Republic of Kazakhstan",2002-06-10,01:14:00,Proton-K/DM-2M,Ekspress A1R,Retired,,Success
Sea Launch,"Launch Platform Odyssey, Sea Launch",2002-06-15,22:39:30,Zenit 3SL,Galaxy 3C,Retired,,Success
Eurockot Launch Services,"133/3 (133L), Plesetsk Cosmodrome, Russian Federation",2002-06-20,09:33:46,Rokot/Briz-KM,Iridium 97 & 98,Active,,Success
US Air Force,"Space Launch Complex 4W, Vandenberg SFB, CA, USA",2002-06-24,18:23:04,Titan II SLV,NOAA 17,Retired,,Success
Roscosmos,"1/5, Baikonur Cosmodrome, Republic of Kazakhstan",2002-06-26,05:36:30,Soyuz U,,Retired,,Success
US Air Force,"Space Launch Complex 17A, Cape Canaveral SFS, FL, USA",2002-07-03,06:47:41,Delta II 7425-9.5,Contour,Retired,,Success
Arianespace,"Ariane Launch Area 3, Guiana Space Centre, French Guiana",2002-07-05,23:22:00,Ariane 5 G,Stellat 5 & N-Star C,Retired,,Success
Production Corporation Polyot,"132/1 (132L), Plesetsk Cosmodrome, Russian Federation",2002-07-08,06:35:41,Kosmos-3M (11K65M),Strela-3 131 & 132,Retired,,Success
Khrunichev,"81/24 (81P), Baikonur Cosmodrome, Republic of Kazakhstan",2002-07-25,15:13:21,Proton-K/17S40,Araks-N 2,Retired,,Success
Lockheed,"Space Launch Complex 41, Cape Canaveral SFS, FL, USA",2002-08-21,22:05:00,Atlas V 401,Hot Bird 6,Retired,115,Success
Khrunichev,"81/23 (81L), Baikonur Cosmodrome, Republic of Kazakhstan",2002-08-22,05:15:00,Proton-K/DM-2M,Echostar VIII,Retired,,Success
Arianespace,"Ariane Launch Area 3, Guiana Space Centre, French Guiana",2002-08-28,22:45:00,Ariane 5 G,Atlantic Bird 1 & Meteosat 8,Retired,,Success
Lockheed,"Ariane Launch Area 2, Guiana Space Centre, French Guiana",2002-09-06,06:44:00,Ariane 44L,INTELSAT 906,Retired,,Success
JAXA,"Yoshinobu Launch Complex LP-1, Tanegashima Space Center, Japan",2002-09-10,08:20:00,H-IIA 2024,USERS & DRTS,Retired,,Success
ISRO,"Satish Dhawan Space Centre First Launch Pad, Satish Dhawan Space Centre, India",2002-09-12,10:23:40,PSLV,KALPANA-1,Active,21,Success
CASC,"Kaituozhe Launch Pad, Taiyuan Satellite Launch Center, People's Republic of China",2002-09-15,10:30:00,Kaituozhe-1,Hangtian Tsinghua 1-01,Retired,,Failure
Lockheed,"Launch Complex 36A, Cape Canaveral SFS, FL, USA",2002-09-18,22:04:01,Atlas IIAS,Hispasat 1D,Retired,,Success
Roscosmos,"1/5, Baikonur Cosmodrome, Republic of Kazakhstan",2002-09-25,16:58:24,Soyuz FG,,Retired,,Success
Production Corporation Polyot,"132/1 (132L), Plesetsk Cosmodrome, Russian Federation",2002-09-26,14:27:14,Kosmos-3M (11K65M),Nadezhda-M,Retired,,Success
United Space Alliance,"Launch Complex 39B, Kennedy Space Center, FL, USA",2002-10-07,19:45:51,Space Shuttle,STS-112,Retired,450,Success
VKS RF,"43/3 (43L), Plesetsk Cosmodrome, Russian Federation",2002-10-15,18:20:00,Soyuz-U-PVB,Foton-M No. 1,Retired,,Failure
Khrunichev,"200/39 (200L), Baikonur Cosmodrome, Republic of Kazakhstan",2002-10-17,04:41:00,Proton-K/17S40,Integral,Retired,,Success
CASC,"Launch Complex 7, Taiyuan Satellite Launch Center, People's Republic of China",2002-10-27,03:17:00,Long March 4B,Zi Yuan-2 02 xing,Active,,Success
Roscosmos,"1/5, Baikonur Cosmodrome, Republic of Kazakhstan",2002-10-30,03:11:11,Soyuz FG,Soyuz TMA-1,Retired,,Success
Boeing,"Space Launch Complex 37B, Cape Canaveral SFS, FL, USA",2002-11-20,22:39:00,"Delta IV M+(4,2)",Eutelsat W5,Retired,350,Success
United Space Alliance,"Launch Complex 39A, Kennedy Space Center, FL, USA",2002-11-24,00:49:47,Space Shuttle,STS-113,Retired,450,Success
Khrunichev,"81/23 (81L), Baikonur Cosmodrome, Republic of Kazakhstan",2002-11-25,23:04:23,Proton-K/DM-2M,Astra 1K,Retired,,Failure
Production Corporation Polyot,"132/1 (132L), Plesetsk Cosmodrome, Russian Federation",2002-11-28,06:07:07,Kosmos-3M (11K65M),AlSat-1,Retired,,Success
Lockheed,"Launch Complex 36A, Cape Canaveral SFS, FL, USA",2002-12-05,02:42:01,Atlas IIA,TDRS 10,Retired,,Success
Arianespace,"Ariane Launch Area 3, Guiana Space Centre, French Guiana",2002-12-11,22:21:00,Ariane 5 ECA,Hot Bird 7 & Stentor,Retired,,Failure
JAXA,"Yoshinobu Launch Complex LP-1, Tanegashima Space Center, Japan",2002-12-14,01:31:00,H-IIA 202,Midori-2,Retired,90,Success
Arianespace,"Ariane Launch Area 2, Guiana Space Centre, French Guiana",2002-12-17,23:04:00,Ariane 44L,NSS 6,Retired,,Success
ISC Kosmotras,"109/95, Baikonur Cosmodrome, Republic of Kazakhstan",2002-12-20,17:00:00,Dnepr 1,AATiS-OSCAR-49,Retired,,Success
Progress Rocket Space Center,"16/2, Plesetsk Cosmodrome, Russian Federation",2002-12-24,12:20:13,Molniya-M 2BL,US-K 82,Retired,,Success
Khrunichev,"81/23 (81L), Baikonur Cosmodrome, Republic of Kazakhstan",2002-12-25,07:37:58,Proton-K/DM-2M,Uragan 80 to 82,Retired,,Success
CASC,"Launch Area 91 (SLS-1 / 921), Jiuquan Satellite Launch Center, People's Republic of China",2002-12-29,16:40:04,Long March 2F,Shenzhou-4,Retired,,Success
Khrunichev,"81/24 (81P), Baikonur Cosmodrome, Republic of Kazakhstan",2002-12-29,23:16:40,Proton-M Briz-M,Nimiq 2,Active,,Success
US Air Force,"Space Launch Complex 4W, Vandenberg SFB, CA, USA",2003-01-06,14:19:00,Titan II SLV,Coriolis,Retired,,Success
US Air Force,"Space Launch Complex 2W, Vandenberg SFB, CA, USA",2003-01-13,00:45:00,Delta II 7320,Icesat,Retired,51,Success
United Space Alliance,"Launch Complex 39A, Kennedy Space Center, FL, USA",2003-01-16,15:39:00,Space Shuttle,STS-107,Retired,450,Failure
Northrop,"Cape Canaveral, Air launch to orbit",2003-01-25,20:13:35,Pegasus XL,,Active,40,Success
US Air Force,"Space Launch Complex 17B, Cape Canaveral SFS, FL, USA",2003-01-29,18:06:00,Delta II 7925-9.5,GPS IIR-8,Retired,51,Success
Roscosmos,"1/5, Baikonur Cosmodrome, Republic of Kazakhstan",2003-02-02,12:59:40,Soyuz U,,Retired,,Success
Arianespace,"Ariane Launch Area 2, Guiana Space Centre, French Guiana",2003-02-15,07:00:00,Ariane 44L,INTELSAT 907,Retired,,Success
US Air Force,"Space Launch Complex 37B, Cape Canaveral SFS, FL, USA",2003-03-11,00:59:00,Delta IV M,DSCS III A-3,Retired,164,Success
JAXA,"Yoshinobu Launch Complex LP-1, Tanegashima Space Center, Japan",2003-03-28,01:27:00,H-IIA 2024,IGS Radar 1 & IGS Optical 1,Retired,,Success
US Air Force,"Space Launch Complex 17A, Cape Canaveral SFS, FL, USA",2003-03-31,22:09:01,Delta II 7925-9.5,GPS IIR-9,Retired,51,Success
Progress Rocket Space Center,"16/2, Plesetsk Cosmodrome, Russian Federation",2003-04-02,01:53:01,Molniya-M 2BL,Molniya-1T 92,Retired,,Success
US Air Force,"Space Launch Complex 40, Cape Canaveral SFS, FL, USA",2003-04-08,13:43:00,Titan IVB/Centaur,Milstar 6,Retired,,Success
Arianespace,"Ariane Launch Area 3, Guiana Space Centre, French Guiana",2003-04-09,22:52:19,Ariane 5 G,INSAT-3A & Galaxy 12,Retired,,Success
Lockheed,"Launch Complex 36B, Cape Canaveral SFS, FL, USA",2003-04-12,00:47:01,Atlas IIIB,Asiasat 4,Retired,,Success
Khrunichev,"81/24 (81P), Baikonur Cosmodrome, Republic of Kazakhstan",2003-04-24,04:23:17,Proton K/DM-2,US-KMO 6,Retired,,Success
Roscosmos,"1/5, Baikonur Cosmodrome, Republic of Kazakhstan",2003-04-26,03:53:52,Soyuz FG,Soyuz TMA-2,Retired,,Success
Northrop,"Cape Canaveral, Air launch to orbit",2003-04-28,11:59:57,Pegasus XL,,Active,40,Success
ISRO,"Satish Dhawan Space Centre First Launch Pad, Satish Dhawan Space Centre, India",2003-05-08,11:28:00,GSLV,,Active,47,Success
Institute of Space and Astronautical Science,"Mu Center, Uchinoura Space Center, Japan",2003-05-09,04:29:25,M-V,Hayabusa,Retired,,Success
Lockheed,"Space Launch Complex 41, Cape Canaveral SFS, FL, USA",2003-05-13,22:10:00,Atlas V 401,Hellas Sat 2,Retired,115,Success
CASC,"Launch Complex 2 (LC-2), Xichang Satellite Launch Center, People's Republic of China",2003-05-24,16:34:04,Long March 3A,Beidou Daohang Shiyan Wei. 3,Active,,Success
Roscosmos,"31/6, Baikonur Cosmodrome, Republic of Kazakhstan",2003-06-02,17:45:26,Soyuz-FG Fregat,Mars Express,Retired,,Success
Production Corporation Polyot,"132/1 (132L), Plesetsk Cosmodrome, Russian Federation",2003-06-04,19:23:52,Kosmos-3M (11K65M),Parus 94,Retired,,Success
Khrunichev,"200/39 (200L), Baikonur Cosmodrome, Republic of Kazakhstan",2003-06-06,22:15:15,Proton-K/Briz-M,AMC 9,Retired,,Success
Roscosmos,"1/5, Baikonur Cosmodrome, Republic of Kazakhstan",2003-06-08,10:34:19,Soyuz U,,Retired,,Success
Sea Launch,"Launch Platform Odyssey, Sea Launch",2003-06-10,13:55:59,Zenit 3SL,Thuraya 2,Retired,,Success
US Air Force,"Space Launch Complex 17A, Cape Canaveral SFS, FL, USA",2003-06-10,17:58:47,Delta II 7925-9.5,Spirit Rover,Retired,51,Success
Arianespace,"Ariane Launch Area 3, Guiana Space Centre, French Guiana",2003-06-11,22:38:15,Ariane 5 G,Optus and Defence C1 & BSAT-2c,Retired,,Success
Progress Rocket Space Center,"16/2, Plesetsk Cosmodrome, Russian Federation",2003-06-19,20:00:35,Molniya-M 2BL,Molniya-3 65L,Retired,,Success
Northrop,"Vandenberg Space Force Base, Air launch to orbit",2003-06-26,18:53:00,Pegasus XL,,Active,40,Success
Eurockot Launch Services,"133/3 (133L), Plesetsk Cosmodrome, Russian Federation",2003-06-30,14:15:26,Rokot/Briz-KM,Mimosa,Active,,Success
US Air Force,"Space Launch Complex 17B, Cape Canaveral SFS, FL, USA",2003-07-08,03:18:15,Delta II 7925H-9.5,Opportunity Rover,Retired,51,Success
Lockheed,"Space Launch Complex 41, Cape Canaveral SFS, FL, USA",2003-07-17,23:45:01,Atlas V 521,Rainbow 1,Retired,135,Success
Sea Launch,"Launch Platform Odyssey, Sea Launch",2003-08-08,03:30:55,Zenit 3SL,Echostar IX,Retired,,Success
Roscosmos,"31/6, Baikonur Cosmodrome, Republic of Kazakhstan",2003-08-12,14:20:00,Soyuz-U-PVB,Orlets-1 7,Retired,,Success
Northrop,"Vandenberg Space Force Base, Air launch to orbit",2003-08-13,02:09:33,Pegasus XL,,Active,40,Success
Production Corporation Polyot,"132/1 (132L), Plesetsk Cosmodrome, Russian Federation",2003-08-19,10:50:45,Kosmos-3M (11K65M),Strela-3 133 & 134,Retired,,Success
US Air Force,"Space Launch Complex 17B, Cape Canaveral SFS, FL, USA",2003-08-25,05:35:39,Delta II 7920H,Spitzer Space Telescope,Retired,51,Success
Roscosmos,"1/5, Baikonur Cosmodrome, Republic of Kazakhstan",2003-08-29,01:47:59,Soyuz U,,Retired,,Success
US Air Force,"Space Launch Complex 37B, Cape Canaveral SFS, FL, USA",2003-08-29,23:13:00,Delta IV M,DSCS III B-6,Retired,164,Success
US Air Force,"Space Launch Complex 40, Cape Canaveral SFS, FL, USA",2003-09-09,04:29:00,Titan IVB/Centaur,NROL-19 (Orion 5),Retired,,Success
CASC,"Kaituozhe Launch Pad, Taiyuan Satellite Launch Center, People's Republic of China",2003-09-16,10:30:00,Kaituozhe-1,Hangtian Tsinghua 1-02,Retired,,Failure
Production Corporation Polyot,"132/1 (132L), Plesetsk Cosmodrome, Russian Federation",2003-09-27,06:11:44,Kosmos-3M (11K65M),Mozhaets-4,Retired,,Success
Arianespace,"Ariane Launch Area 3, Guiana Space Centre, French Guiana",2003-09-27,23:14:46,Ariane 5 G,INSAT-3A,Retired,,Success
Sea Launch,"Launch Platform Odyssey, Sea Launch",2003-10-01,04:02:59,Zenit 3SL,Galaxy 13,Retired,,Success
CASC,"Launch Area 91 (SLS-1 / 921), Jiuquan Satellite Launch Center, People's Republic of China",2003-10-15,01:00:03,Long March 2F,Shenzhou-5,Retired,,Success
ISRO,"Satish Dhawan Space Centre First Launch Pad, Satish Dhawan Space Centre, India",2003-10-17,04:52:08,PSLV,Resourcesat,Active,21,Success
Roscosmos,"1/5, Baikonur Cosmodrome, Republic of Kazakhstan",2003-10-18,05:38:03,Soyuz FG,Soyuz TMA-3,Retired,,Success
US Air Force,"Space Launch Complex 4W, Vandenberg SFB, CA, USA",2003-10-18,16:17:00,Titan II SLV,DMSP F-16,Retired,,Success
CASC,"Launch Complex 7, Taiyuan Satellite Launch Center, People's Republic of China",2003-10-21,03:16:00,Long March 4B,Zi Yuan 1-2,Active,,Success
Eurockot Launch Services,"133/3 (133L), Plesetsk Cosmodrome, Russian Federation",2003-10-30,13:43:42,Rokot/Briz-KM,SERVIS-1,Active,,Success
CASC,"Launch Area 94 (SLS-2 / 603), Jiuquan Satellite Launch Center, People's Republic of China",2003-11-03,07:20:04,Long March 2D,Fanhui Shi Weixing (18),Active,30,Success
CASC,"Launch Complex 2 (LC-2), Xichang Satellite Launch Center, People's Republic of China",2003-11-14,16:01:00,Long March 3A,Zhongxing 20,Active,,Success
Khrunichev,"81/23 (81L), Baikonur Cosmodrome, Republic of Kazakhstan",2003-11-24,06:22:00,Proton-K/DM-2M,Yamal-202,Retired,,Success
JAXA,"Yoshinobu Launch Complex LP-1, Tanegashima Space Center, Japan",2003-11-29,04:33:00,H-IIA 2024,IGS Radar (2) & IGS Optical (2),Retired,,Failure
Lockheed,"Space Launch Complex 3E, Vandenberg SFB, CA, USA",2003-12-02,10:04:00,Atlas IIAS,NROL-18 (Intruder 6A & 6B),Retired,,Success
Khrunichev,"175/59, Baikonur Cosmodrome, Republic of Kazakhstan",2003-12-05,06:00:00,Strela,Gruzomaket,Retired,,Success
Khrunichev,"81/24 (81P), Baikonur Cosmodrome, Republic of Kazakhstan",2003-12-10,17:42:12,Proton-K/Briz-M,"Uragan 83, 84 & Uragan-M 2",Retired,,Success
Lockheed,"Launch Complex 36B, Cape Canaveral SFS, FL, USA",2003-12-18,02:30:00,Atlas IIIB,UHF F/O F11,Retired,,Success
US Air Force,"Space Launch Complex 17A, Cape Canaveral SFS, FL, USA",2003-12-21,08:05:00,Delta II 7925-9.5,GPS IIR-10,Retired,51,Success
Roscosmos,"31/6, Baikonur Cosmodrome, Republic of Kazakhstan",2003-12-27,21:30:00,Soyuz-FG Fregat,Amos 2,Retired,,Success
Khrunichev,"200/39 (200L), Baikonur Cosmodrome, Republic of Kazakhstan",2003-12-28,23:00:00,Proton-K/DM-2M,Ekspress AM-22,Retired,,Success
CASC,"Launch Complex 3 (LC-3/LA-1), Xichang Satellite Launch Center, People's Republic of China",2003-12-29,19:06:18,Long March 2C/SM,Tan Ce 1,Retired,,Success
Sea Launch,"Launch Platform Odyssey, Sea Launch",2004-01-11,04:12:59,Zenit 3SL,Estrela do Sul 1,Retired,,Success
Roscosmos,"1/5, Baikonur Cosmodrome, Republic of Kazakhstan",2004-01-29,11:58:08,Soyuz U,,Retired,,Success
Lockheed,"Launch Complex 36A, Cape Canaveral SFS, FL, USA",2004-02-05,23:46:02,Atlas IIAS,AMC 10,Retired,,Success
US Air Force,"Space Launch Complex 40, Cape Canaveral SFS, FL, USA",2004-02-14,18:50:00,Titan 402B IUS,DSP 22,Retired,,Success
Progress Rocket Space Center,"16/2, Plesetsk Cosmodrome, Russian Federation",2004-02-18,07:05:55,Molniya-M 2BL,Molniya-1T 93,Retired,,Success
Arianespace,"Ariane Launch Area 3, Guiana Space Centre, French Guiana",2004-03-02,07:17:44,Ariane 5 G+,Rosetta,Retired,,Success
Lockheed,"Launch Complex 36B, Cape Canaveral SFS, FL, USA",2004-03-13,05:40:01,Atlas IIIA,MBSAT,Retired,,Success
Khrunichev,"81/24 (81P), Baikonur Cosmodrome, Republic of Kazakhstan",2004-03-15,23:06:00,Proton-M Briz-M Enhanced,Eutelsat W3A,Active,,Success
US Air Force,"Space Launch Complex 17B, Cape Canaveral SFS, FL, USA",2004-03-20,17:53:00,Delta II 7925-9.5,GPS IIR-11,Retired,51,Success
Khrunichev,"81/23 (81L), Baikonur Cosmodrome, Republic of Kazakhstan",2004-03-27,03:30:00,Proton K/DM-2,Raduga-1 7,Retired,,Success
Lockheed,"Launch Complex 36A, Cape Canaveral SFS, FL, USA",2004-04-16,00:45:00,Atlas IIAS,Superbird A2,Retired,,Success
CASC,"Launch Complex 3 (LC-3/LA-1), Xichang Satellite Launch Center, People's Republic of China",2004-04-18,15:59:04,Long March 2C,Shiyan Weixing 1,Active,,Success
Roscosmos,"1/5, Baikonur Cosmodrome, Republic of Kazakhstan",2004-04-19,03:19:00,Soyuz FG,Soyuz TMA-4,Retired,,Success
US Air Force,"Space Launch Complex 2W, Vandenberg SFB, CA, USA",2004-04-20,16:57:24,Delta II 7920-10C,Gravity Probe B,Retired,51,Success
Khrunichev,"200/39 (200L), Baikonur Cosmodrome, Republic of Kazakhstan",2004-04-26,20:37:00,Proton-K/DM-2M,Ekspress AM-11,Retired,,Success
Sea Launch,"Launch Platform Odyssey, Sea Launch",2004-05-04,12:42:00,Zenit 3SL,DirecTV 7S,Retired,,Success
Lockheed,"Launch Complex 36B, Cape Canaveral SFS, FL, USA",2004-05-19,22:22:01,Atlas IIAS,AMC 11,Retired,,Success
Northrop,"Space Launch Complex 576E, Vandenberg SFB, CA, USA",2004-05-20,17:47:03,Minotaur-C 3210,Formosat-2,Active,,Success
Roscosmos,"1/5, Baikonur Cosmodrome, Republic of Kazakhstan",2004-05-25,12:34:23,Soyuz U,,Retired,,Success
Roscosmos,"90/20, Baikonur Cosmodrome, Republic of Kazakhstan",2004-05-28,06:00:00,Tsiklon-2,US-PM 12,Retired,12,Success
Roscosmos,"45/1, Baikonur Cosmodrome, Republic of Kazakhstan",2004-06-10,01:28:00,Zenit-2,Tselina-2 22,Retired,,Success
Khrunichev,"200/39 (200L), Baikonur Cosmodrome, Republic of Kazakhstan",2004-06-16,22:27:00,Proton-M Briz-M,INTELSAT 10-02,Active,,Success
US Air Force,"Space Launch Complex 17B, Cape Canaveral SFS, FL, USA",2004-06-23,22:54:00,Delta II 7925-9.5,GPS IIR-12,Retired,51,Success
Sea Launch,"Launch Platform Odyssey, Sea Launch",2004-06-29,03:58:59,Zenit 3SL,Telstar 18,Retired,,Success
ISC Kosmotras,"109/95, Baikonur Cosmodrome, Republic of Kazakhstan",2004-06-29,06:30:06,Dnepr 1,Aprizesat-2,Retired,,Success
US Air Force,"Space Launch Complex 2W, Vandenberg SFB, CA, USA",2004-07-15,10:01:59,Delta II 7920-10L,Aura,Retired,,Success
Arianespace,"Ariane Launch Area 3, Guiana Space Centre, French Guiana",2004-07-18,00:44:00,Ariane 5 G+,Anik F2,Retired,,Success
Production Corporation Polyot,"132/1 (132L), Plesetsk Cosmodrome, Russian Federation",2004-07-22,17:46:28,Kosmos-3M (11K65M),Parus 95,Retired,,Success
CASC,"Launch Complex 7, Taiyuan Satellite Launch Center, People's Republic of China",2004-07-25,07:05:00,Long March 2C/SM,Tan Ce 2,Retired,,Success
US Air Force,"Space Launch Complex 17B, Cape Canaveral SFS, FL, USA",2004-08-03,06:15:57,Delta II 7925H-9.5,Messenger,Retired,51,Success
Khrunichev,"200/39 (200L), Baikonur Cosmodrome, Republic of Kazakhstan",2004-08-04,22:32:00,Proton-M Briz-M,Amazonas-1,Active,,Success
Roscosmos,"1/5, Baikonur Cosmodrome, Republic of Kazakhstan",2004-08-11,05:03:07,Soyuz U,,Retired,,Success
CASC,"Launch Area 94 (SLS-2 / 603), Jiuquan Satellite Launch Center, People's Republic of China",2004-08-29,07:50:05,Long March 2C,Fanhui Shi Weixing (19),Active,,Success
Lockheed,"Launch Complex 36A, Cape Canaveral SFS, FL, USA",2004-08-31,23:17:00,Atlas IIAS,NROL-1 (Quasar 15),Retired,,Success
ISA,"Shavit Launch Pad, Palmachim Airbase, State of Israel",2004-09-06,10:53:00,Shavit-2,Ofeq-6,Active,,Failure
CASC,"Launch Complex 7, Taiyuan Satellite Launch Center, People's Republic of China",2004-09-08,23:14:00,Long March 4B,Shi Jian 6A & 6B,Active,,Success
ISRO,"Satish Dhawan Space Centre First Launch Pad, Satish Dhawan Space Centre, India",2004-09-20,10:31:00,GSLV,,Active,47,Success
Production Corporation Polyot,"132/1 (132L), Plesetsk Cosmodrome, Russian Federation",2004-09-23,15:07:36,Kosmos-3M (11K65M),Strela-3 135 to 136,Retired,,Success
VKS RF,"16/2, Plesetsk Cosmodrome, Russian Federation",2004-09-24,16:50:00,Soyuz-U-PVB,Yantar-4K2M 1,Retired,,Success
CASC,"Launch Area 94 (SLS-2 / 603), Jiuquan Satellite Launch Center, People's Republic of China",2004-09-27,08:00:04,Long March 2D,Fanhui Shi Weixing (20),Active,30,Success
Roscosmos,"1/5, Baikonur Cosmodrome, Republic of Kazakhstan",2004-10-14,03:06:26,Soyuz FG,Soyuz TMA-5,Retired,,Success
Khrunichev,"200/39 (200L), Baikonur Cosmodrome, Republic of Kazakhstan",2004-10-14,21:23:00,Proton-M Briz-M,AMC 15,Active,,Success
CASC,"Launch Complex 2 (LC-2), Xichang Satellite Launch Center, People's Republic of China",2004-10-19,01:20:05,Long March 3A,Feng Yun 2C,Active,,Success
Khrunichev,"200/39 (200L), Baikonur Cosmodrome, Republic of Kazakhstan",2004-10-29,22:11:00,Proton-K/DM-2M,Ekspress AM-1,Retired,,Success
CASC,"Launch Complex 7, Taiyuan Satellite Launch Center, People's Republic of China",2004-11-06,03:10:00,Long March 4B,Zi Yuan 2-3,Active,,Success
US Air Force,"Space Launch Complex 17B, Cape Canaveral SFS, FL, USA",2004-11-06,05:39:00,Delta II 7925-9.5,GPS IIR-13,Retired,51,Success
VKS RF,"43/4 (43R), Plesetsk Cosmodrome, Russian Federation",2004-11-08,17:29:58,Soyuz 2.1a,GVM Oblik,Active,80,Success
CASC,"Launch Complex 3 (LC-3/LA-1), Xichang Satellite Launch Center, People's Republic of China",2004-11-18,10:45:00,Long March 2C,Shiyan Weixing 2,Active,,Success
US Air Force,"Space Launch Complex 17A, Cape Canaveral SFS, FL, USA",2004-11-20,17:16:01,Delta II 7320-10C,Swift,Retired,51,Success
Lockheed,"Space Launch Complex 41, Cape Canaveral SFS, FL, USA",2004-12-17,12:07:00,Atlas V 521,AMC 16,Retired,135,Success
Arianespace,"Ariane Launch Area 3, Guiana Space Centre, French Guiana",2004-12-18,16:26:00,Ariane 5 G+,"Helios 2A, Essaim 1-4, PARASOL, Nanosat 01",Retired,,Success
Boeing,"Space Launch Complex 37B, Cape Canaveral SFS, FL, USA",2004-12-21,21:50:00,Delta IV Heavy,,Retired,350,Partial Failure
Roscosmos,"1/5, Baikonur Cosmodrome, Republic of Kazakhstan",2004-12-23,22:19:34,Soyuz U,,Retired,,Success
VKS RF,"32/2, Plesetsk Cosmodrome, Russian Federation",2004-12-24,11:20:00,Tsiklon-3,Sich-1M,Retired,15,Failure
Khrunichev,"200/39 (200L), Baikonur Cosmodrome, Republic of Kazakhstan",2004-12-26,13:53:31,Proton K/DM-2,"Uragan 85, 86 & Uragan-M 3",Retired,,Success
US Air Force,"Space Launch Complex 17B, Cape Canaveral SFS, FL, USA",2005-01-12,18:47:08,Delta II 7925-9.5,Deep Impact (DIF),Retired,51,Success
Production Corporation Polyot,"132/1 (132L), Plesetsk Cosmodrome, Russian Federation",2005-01-20,03:00:07,Kosmos-3M (11K65M),Parus 96,Retired,,Success
Khrunichev,"81/24 (81P), Baikonur Cosmodrome, Republic of Kazakhstan",2005-02-03,02:27:32,Proton-M Briz-M,AMC 12,Active,,Success
Lockheed,"Launch Complex 36B, Cape Canaveral SFS, FL, USA",2005-02-03,07:41:01,Atlas IIIB,NROL-23 (Intruder 7A & 7B),Retired,,Success
Arianespace,"Ariane Launch Area 3, Guiana Space Centre, French Guiana",2005-02-12,21:03:00,Ariane 5 ECA,"XTAR-EUR, Maqsat-B2, Sloshsat",Retired,,Success
JAXA,"Yoshinobu Launch Complex LP-1, Tanegashima Space Center, Japan",2005-02-26,09:25:00,H-IIA 2022,Himawari-6 (MTSAT-1R),Retired,,Success
Roscosmos,"1/5, Baikonur Cosmodrome, Republic of Kazakhstan",2005-02-28,19:09:18,Soyuz U,,Retired,,Success
Sea Launch,"Launch Platform Odyssey, Sea Launch",2005-03-01,03:50:59,Zenit 3SL,XM-3,Retired,,Success
Lockheed,"Space Launch Complex 41, Cape Canaveral SFS, FL, USA",2005-03-11,21:42:00,Atlas V 431,INMARSAT 4 F1,Retired,130,Success
Khrunichev,"200/39 (200L), Baikonur Cosmodrome, Republic of Kazakhstan",2005-03-29,21:31:00,Proton-K/DM-2M,Ekspress AM-2,Retired,,Success
Northrop,"Space Launch Complex 8, Vandenberg SFB, CA, USA",2005-04-11,13:35:00,Minotaur I,XSS-11,Active,,Success
CASC,"Launch Complex 2 (LC-2), Xichang Satellite Launch Center, People's Republic of China",2005-04-12,12:00:00,Long March 3B,Apstar 6,Active,70,Success
Roscosmos,"1/5, Baikonur Cosmodrome, Republic of Kazakhstan",2005-04-15,00:46:25,Soyuz FG,Soyuz TMA-6,Retired,,Success
Northrop,"Vandenberg Space Force Base, Air launch to orbit",2005-04-15,17:26:50,Pegasus XL,,Active,40,Success
Sea Launch,"Launch Platform Odyssey, Sea Launch",2005-04-26,07:31:29,Zenit 3SL,Spaceway 1,Retired,,Success
US Air Force,"Space Launch Complex 40, Cape Canaveral SFS, FL, USA",2005-04-30,00:50:00,Titan 405B,NROL-16 (Onyx 5),Retired,,Success
ISRO,"Satish Dhawan Space Centre Second Launch Pad, Satish Dhawan Space Centre, India",2005-05-05,04:45:00,PSLV,Cartosat-1,Active,21,Success
US Air Force,"Space Launch Complex 2W, Vandenberg SFB, CA, USA",2005-05-20,10:22:01,Delta II 7320-10C,NOAA 18,Retired,51,Success
Khrunichev,"200/39 (200L), Baikonur Cosmodrome, Republic of Kazakhstan",2005-05-22,17:59:08,Proton-M Briz-M,DirecTV-8,Active,,Success
Roscosmos,"1/5, Baikonur Cosmodrome, Republic of Kazakhstan",2005-05-31,12:00:00,Soyuz-U-PVB,Foton-M No. 2,Retired,,Success
CASC,"Kaituozhe Launch Pad, Taiyuan Satellite Launch Center, People's Republic of China",2005-06-09,00:00:00,Kaituozhe-1,KT-1 satellite?,Retired,,Failure
Roscosmos,"1/5, Baikonur Cosmodrome, Republic of Kazakhstan",2005-06-16,23:09:34,Soyuz U,,Retired,,Success
Progress Rocket Space Center,"16/2, Plesetsk Cosmodrome, Russian Federation",2005-06-21,00:48:37,Molniya-M 2BL,Molniya-3K,Retired,,Failure
Makeyev Rocket Design Bureau,"Borisoglebsk (K-496), Sea Launch",2005-06-21,19:46:09,Volna,Cosmos-1,Retired,,Failure
Sea Launch,"Launch Platform Odyssey, Sea Launch",2005-06-23,14:03:00,Zenit 3SL,Intelsat IA-8,Retired,,Success
Khrunichev,"200/39 (200L), Baikonur Cosmodrome, Republic of Kazakhstan",2005-06-24,19:41:00,Proton K/DM-2,Ekspress AM-3,Retired,,Success
CASC,"Launch Area 94 (SLS-2 / 603), Jiuquan Satellite Launch Center, People's Republic of China",2005-07-05,22:40:00,Long March 2D,Shi Jian 7,Active,30,Success
JAXA,"Mu Center, Uchinoura Space Center, Japan",2005-07-10,03:30:00,M-V,Suzaku,Retired,,Success
United Space Alliance,"Launch Complex 39B, Kennedy Space Center, FL, USA",2005-07-26,14:39:00,Space Shuttle,STS-114,Retired,450,Success
CASC,"Launch Area 94 (SLS-2 / 603), Jiuquan Satellite Launch Center, People's Republic of China",2005-08-02,07:30:03,Long March 2C,Fanhui Shi Weixing (21),Active,,Success
Arianespace,"Ariane Launch Area 3, Guiana Space Centre, French Guiana",2005-08-11,08:20:44,Ariane 5 GS,Thaicom 4,Retired,,Success
Lockheed,"Space Launch Complex 41, Cape Canaveral SFS, FL, USA",2005-08-12,11:43:00,Atlas V 401,Mars Reconnaissance Orbiter,Retired,115,Success
Roscosmos,"31/6, Baikonur Cosmodrome, Republic of Kazakhstan",2005-08-13,23:28:27,Soyuz-FG Fregat,Galaxy 14,Retired,,Success
ISC Kosmotras,"109/95, Baikonur Cosmodrome, Republic of Kazakhstan",2005-08-23,21:09:59,Dnepr 1,Kirari,Retired,,Success
VKS RF,"133/3 (133L), Plesetsk Cosmodrome, Russian Federation",2005-08-26,18:34:28,Rokot/Briz-KM,Monitor-E No. 1,Active,,Success
CASC,"Launch Area 94 (SLS-2 / 603), Jiuquan Satellite Launch Center, People's Republic of China",2005-08-29,08:45:04,Long March 2D,Fanhui Shi Weixing (22),Active,30,Success
Roscosmos,"31/6, Baikonur Cosmodrome, Republic of Kazakhstan",2005-09-02,09:50:00,Soyuz-U-PVB,Yantar-1KFT 21,Retired,,Success
Roscosmos,"1/5, Baikonur Cosmodrome, Republic of Kazakhstan",2005-09-08,13:07:54,Soyuz U,,Retired,,Success
Khrunichev,"200/39 (200L), Baikonur Cosmodrome, Republic of Kazakhstan",2005-09-08,21:53:40,Proton-M Briz-M,Anik F1R,Active,,Success
Northrop,"Space Launch Complex 8, Vandenberg SFB, CA, USA",2005-09-23,02:24:29,Minotaur I,STP-R1,Active,,Success
US Air Force,"Space Launch Complex 17A, Cape Canaveral SFS, FL, USA",2005-09-26,03:37:00,Delta II 7925-9.5,GPS IIR-14(M),Retired,51,Success
Roscosmos,"1/5, Baikonur Cosmodrome, Republic of Kazakhstan",2005-10-01,03:54:53,Soyuz FG,Soyuz TMA-7,Retired,,Success
Eurockot Launch Services,"133/3 (133L), Plesetsk Cosmodrome, Russian Federation",2005-10-08,15:02:00,Rokot/Briz-KM,CRYOSAT,Active,,Failure
CASC,"Launch Area 91 (SLS-1 / 921), Jiuquan Satellite Launch Center, People's Republic of China",2005-10-12,01:00:03,Long March 2F,Shenzhou-6,Retired,,Success
Arianespace,"Ariane Launch Area 3, Guiana Space Centre, French Guiana",2005-10-13,22:32:00,Ariane 5 GS,Syracuse 3A & Galaxy 15,Retired,,Success
US Air Force,"Space Launch Complex 4E, Vandenberg SFB, CA, USA",2005-10-19,18:05:00,Titan 404B,NROL-20 (KH-11 14),Retired,,Success
Production Corporation Polyot,"132/1 (132L), Plesetsk Cosmodrome, Russian Federation",2005-10-27,06:52:26,Kosmos-3M (11K65M),Beijing-1,Retired,,Success
Sea Launch,"Launch Platform Odyssey, Sea Launch",2005-11-08,14:06:59,Zenit 3SL,INMARSAT 4 F2,Retired,,Success
Roscosmos,"31/6, Baikonur Cosmodrome, Republic of Kazakhstan",2005-11-09,03:33:34,Soyuz-FG Fregat,Venus Express,Retired,,Success
Arianespace,"Ariane Launch Area 3, Guiana Space Centre, French Guiana",2005-11-16,23:46:00,Ariane 5 ECA,"Spaceway F2, TELKOM-2",Retired,,Success
Roscosmos,"1/5, Baikonur Cosmodrome, Republic of Kazakhstan",2005-12-21,18:38:20,Soyuz U,,Retired,,Success
Production Corporation Polyot,"132/1 (132L), Plesetsk Cosmodrome, Russian Federation",2005-12-21,19:34:20,Kosmos-3M (11K65M),Strela-3M 1,Retired,,Success
Arianespace,"Ariane Launch Area 3, Guiana Space Centre, French Guiana",2005-12-21,22:33:00,Ariane 5 GS,"INSAT-4A, Meteosat 9",Retired,,Success
Khrunichev,"81/24 (81P), Baikonur Cosmodrome, Republic of Kazakhstan",2005-12-25,05:07:10,Proton K/DM-2,"Uragan 87, Uragan-M 4 & 5",Retired,,Success
Roscosmos,"31/6, Baikonur Cosmodrome, Republic of Kazakhstan",2005-12-28,05:19:08,Soyuz-FG Fregat,Giove A,Retired,,Success
Khrunichev,"200/39 (200L), Baikonur Cosmodrome, Republic of Kazakhstan",2005-12-29,02:28:40,Proton-M Briz-M,AMC 23,Active,,Success
ULA,"Space Launch Complex 41, Cape Canaveral SFS, FL, USA",2006-01-19,19:00:00,Atlas V 551,New Horizons,Retired,153,Success
JAXA,"Yoshinobu Launch Complex LP-1, Tanegashima Space Center, Japan",2006-01-24,01:33:00,H-IIA 2022,Daichi,Retired,,Success
Sea Launch,"Launch Platform Odyssey, Sea Launch",2006-02-15,23:34:55,Zenit 3SL,Echostar X,Retired,,Success
JAXA,"Yoshinobu Launch Complex LP-1, Tanegashima Space Center, Japan",2006-02-18,06:27:00,H-IIA 2024,Himawari-7 (MTSAT-2),Retired,,Success
JAXA,"Mu Center, Uchinoura Space Center, Japan",2006-02-21,21:28:00,M-V,Akari,Retired,,Success
Khrunichev,"200/39 (200L), Baikonur Cosmodrome, Republic of Kazakhstan",2006-02-28,20:10:00,Proton-M Briz-M,Arabsat 4A,Active,,Failure
Arianespace,"Ariane Launch Area 3, Guiana Space Centre, French Guiana",2006-03-11,22:33:00,Ariane 5 ECA,Spainsat & Hot Bird 7A,Retired,,Success
Northrop,"Vandenberg Space Force Base, Air launch to orbit",2006-03-22,14:03:45,Pegasus XL,ST-5 FWD,Active,40,Success
SpaceX,"Omelek Island, Ronald Reagan Ballistic Missile Defense Test Site, Kwajalein Atoll, Marshall Islands",2006-03-24,22:30:00,Falcon 1,FalconSAT-2,Retired,7,Failure
Northrop,"Vandenberg Space Force Base, Air launch to orbit",2006-03-28,20:10:00,Pegasus XL,,Active,40,Success
Roscosmos,"1/5, Baikonur Cosmodrome, Republic of Kazakhstan",2006-03-30,02:30:20,Soyuz FG,Soyuz TMA-8,Retired,,Success
Sea Launch,"Launch Platform Odyssey, Sea Launch",2006-04-12,23:29:59,Zenit 3SL,JCSAT 5A,Retired,,Success
Northrop,"Space Launch Complex 8, Vandenberg SFB, CA, USA",2006-04-15,01:40:00,Minotaur I,COSMIC 1-6,Active,,Success
Lockheed,"Space Launch Complex 41, Cape Canaveral SFS, FL, USA",2006-04-20,20:27:00,Atlas V 411,Astra 1KR,Retired,115,Success
Roscosmos,"1/5, Baikonur Cosmodrome, Republic of Kazakhstan",2006-04-24,16:03:25,Soyuz U,,Retired,,Success
VKS RF,"5, Svobodny Cosmodrome, Russian Federation",2006-04-25,16:47:16,Start-1,EROS B,Retired,9,Success
CASC,"Launch Complex 7, Taiyuan Satellite Launch Center, People's Republic of China",2006-04-26,22:48:00,Long March 4C,Yaogan Weixing 1,Active,,Success
US Air Force,"Space Launch Complex 2W, Vandenberg SFB, CA, USA",2006-04-28,10:02:16,Delta II 7420-10C,Cloudsat,Retired,,Success
VKS RF,"16/2, Plesetsk Cosmodrome, Russian Federation",2006-05-03,17:38:01,Soyuz-U-PVB,Yantar-4K2M 2,Retired,,Success
US Air Force,"Space Launch Complex 37B, Cape Canaveral SFS, FL, USA",2006-05-24,22:11:00,"Delta IV M+(4,2)",GOES 13,Retired,350,Success
Makeyev Rocket Design Bureau,"Ekaterinburg (K-84), Sea Launch",2006-05-26,18:50:00,Shtil'-1,COMPASS-2,Retired,,Success
Arianespace,"Ariane Launch Area 3, Guiana Space Centre, French Guiana",2006-05-27,21:09:00,Ariane 5 ECA,Satmex 6 & Thaicom 5,Retired,,Success
Roscosmos,"1/5, Baikonur Cosmodrome, Republic of Kazakhstan",2006-06-15,08:00:00,Soyuz-U-PVB,Resurs-DK,Retired,,Success
Khrunichev,"200/39 (200L), Baikonur Cosmodrome, Republic of Kazakhstan",2006-06-17,22:44:05,Proton-K/DM-2M,Kazsat,Retired,,Success
Sea Launch,"Launch Platform Odyssey, Sea Launch",2006-06-18,07:50:00,Zenit 3SL,Galaxy 16,Retired,,Success
US Air Force,"Space Launch Complex 17A, Cape Canaveral SFS, FL, USA",2006-06-21,22:15:00,Delta II 7925-9.5,MITEx,Retired,51,Success
Roscosmos,"1/5, Baikonur Cosmodrome, Republic of Kazakhstan",2006-06-24,15:08:18,Soyuz U,,Retired,,Success
Roscosmos,"90/20, Baikonur Cosmodrome, Republic of Kazakhstan",2006-06-25,04:00:00,Tsiklon-2,US-PM 13,Retired,12,Success
US Air Force,"Space Launch Complex 6, Vandenberg SFB, CA, USA",2006-06-28,03:33:00,"Delta IV M+(4,2)",NROL-22 (Trumpet 4),Retired,350,Success
United Space Alliance,"Launch Complex 39B, Kennedy Space Center, FL, USA",2006-07-04,18:37:55,Space Shuttle,STS-121,Retired,450,Success
ISRO,"Satish Dhawan Space Centre Second Launch Pad, Satish Dhawan Space Centre, India",2006-07-10,12:08:00,GSLV,,Active,47,Failure
ISC Kosmotras,"370/11, Dombarovskiy, Russian Federation",2006-07-12,14:53:36,Dnepr 1,Genesis-1,Retired,,Success
Progress Rocket Space Center,"16/2, Plesetsk Cosmodrome, Russian Federation",2006-07-21,04:20:03,Molniya-M 2BL,US-K 83,Retired,,Success
ISC Kosmotras,"109/95, Baikonur Cosmodrome, Republic of Kazakhstan",2006-07-26,19:43:05,Dnepr 1,BelKA,Retired,,Failure
Eurockot Launch Services,"133/3 (133L), Plesetsk Cosmodrome, Russian Federation",2006-07-28,07:05:43,Rokot/Briz-KM,Arirang-2,Active,,Success
Khrunichev,"200/39 (200L), Baikonur Cosmodrome, Republic of Kazakhstan",2006-08-04,21:48:00,Proton-M Briz-M,Hot Bird 8,Active,,Success
Arianespace,"Ariane Launch Area 3, Guiana Space Centre, French Guiana",2006-08-11,22:15:00,Ariane 5 ECA,JCSAT-10 & Syracuse 3B,Retired,,Success
Sea Launch,"Launch Platform Odyssey, Sea Launch",2006-08-22,03:27:01,Zenit 3SL,Mugunghwa 5,Retired,,Success
CASC,"Launch Area 94 (SLS-2 / 603), Jiuquan Satellite Launch Center, People's Republic of China",2006-09-09,07:00:04,Long March 2C,Shi Jian 8,Active,,Success
United Space Alliance,"Launch Complex 39B, Kennedy Space Center, FL, USA",2006-09-09,15:14:55,Space Shuttle,STS-115,Retired,450,Success
JAXA,"Yoshinobu Launch Complex LP-1, Tanegashima Space Center, Japan",2006-09-11,04:35:00,H-IIA 202,IGS Optical 2,Retired,90,Success
CASC,"Launch Complex 2 (LC-2), Xichang Satellite Launch Center, People's Republic of China",2006-09-12,16:02:00,Long March 3A,Zhongxing 22A,Active,,Success
Roscosmos,"31/6, Baikonur Cosmodrome, Republic of Kazakhstan",2006-09-14,13:41:00,Soyuz-U-PVB,Orlets-1 8,Retired,,Success
Roscosmos,"1/5, Baikonur Cosmodrome, Republic of Kazakhstan",2006-09-18,04:08:42,Soyuz FG,Soyuz TMA-9,Retired,,Success
JAXA,"Mu Center, Uchinoura Space Center, Japan",2006-09-22,21:36:00,M-V,Hinode,Retired,,Success
US Air Force,"Space Launch Complex 17A, Cape Canaveral SFS, FL, USA",2006-09-25,18:50:00,Delta II 7925-9.5,GPS IIR-15(M),Retired,51,Success
Arianespace,"Ariane Launch Area 3, Guiana Space Centre, French Guiana",2006-10-13,20:56:00,Ariane 5 ECA,"DirecTV-9S, Optus D1, LDREX-2",Retired,,Success
Roscosmos,"31/6, Baikonur Cosmodrome, Republic of Kazakhstan",2006-10-19,16:28:13,Soyuz 2.1a Fregat,METOP A,Active,,Success
Roscosmos,"1/5, Baikonur Cosmodrome, Republic of Kazakhstan",2006-10-23,13:40:36,Soyuz U,,Retired,,Success
CASC,"Launch Complex 7, Taiyuan Satellite Launch Center, People's Republic of China",2006-10-23,23:34:00,Long March 4B,Shi Jian 6C & 6D,Active,,Success
US Air Force,"Space Launch Complex 17B, Cape Canaveral SFS, FL, USA",2006-10-26,00:52:00,Delta II 7925-10L,STEREO A & B,Retired,51,Success
CASC,"Launch Complex 2 (LC-2), Xichang Satellite Launch Center, People's Republic of China",2006-10-28,16:20:00,Long March 3B,Xinnuo 2,Active,70,Success
Sea Launch,"Launch Platform Odyssey, Sea Launch",2006-10-30,23:48:59,Zenit 3SL,XM-4,Retired,,Success
US Air Force,"Space Launch Complex 6, Vandenberg SFB, CA, USA",2006-11-04,13:53:00,Delta IV M,DMSP F-17,Retired,164,Success
Khrunichev,"200/39 (200L), Baikonur Cosmodrome, Republic of Kazakhstan",2006-11-08,20:01:00,Proton-M Briz-M,Badr 4,Active,,Success
US Air Force,"Space Launch Complex 17A, Cape Canaveral SFS, FL, USA",2006-11-17,19:12:00,Delta II 7925-9.5,GPS IIR-16(M),Retired,51,Success
CASC,"Launch Complex 2 (LC-2), Xichang Satellite Launch Center, People's Republic of China",2006-12-08,00:53:00,Long March 3A,Feng Yun 2D,Active,,Success
Arianespace,"Ariane Launch Area 3, Guiana Space Centre, French Guiana",2006-12-08,22:08:00,Ariane 5 ECA,WildBlue 1 & AMC-18,Retired,,Success
United Space Alliance,"Launch Complex 39B, Kennedy Space Center, FL, USA",2006-12-10,01:47:35,Space Shuttle,STS-116,Retired,450,Success
Khrunichev,"200/39 (200L), Baikonur Cosmodrome, Republic of Kazakhstan",2006-12-11,23:28:43,Proton-M Briz-M,Measat 3,Active,,Success
ULA,"Space Launch Complex 2W, Vandenberg SFB, CA, USA",2006-12-14,21:00:00,Delta II 7920-10,NROL-21,Retired,51,Success
Northrop,"Launch Area 0 B, Wallops Flight Facility, Virginia, USA",2006-12-16,12:00:00,Minotaur I,Tacsat 2,Active,,Success
JAXA,"Yoshinobu Launch Complex LP-1, Tanegashima Space Center, Japan",2006-12-18,06:32:00,H-IIA 204,Kiku-8,Retired,90,Success
Production Corporation Polyot,"132/1 (132L), Plesetsk Cosmodrome, Russian Federation",2006-12-19,14:00:19,Kosmos-3M (11K65M),SAR-Lupe 1,Retired,,Success
VKS RF,"43/4 (43R), Plesetsk Cosmodrome, Russian Federation",2006-12-24,08:34:44,Soyuz 2.1a Fregat,Meridian No. 11L,Active,,Success
Khrunichev,"81/24 (81P), Baikonur Cosmodrome, Republic of Kazakhstan",2006-12-25,20:18:12,Proton K/DM-2,Uragan-M 6 to 8,Retired,,Success
Roscosmos,"31/6, Baikonur Cosmodrome, Republic of Kazakhstan",2006-12-27,14:23:38,Soyuz 2.1b Fregat,COROT,Active,80,Success
ISRO,"Satish Dhawan Space Centre First Launch Pad, Satish Dhawan Space Centre, India",2007-01-10,03:54:00,PSLV,Cartosat 2 & SRE 1,Active,21,Success
Roscosmos,"1/5, Baikonur Cosmodrome, Republic of Kazakhstan",2007-01-18,02:12:13,Soyuz U,,Retired,,Success
Sea Launch,"Launch Platform Odyssey, Sea Launch",2007-01-30,23:22:00,Zenit 3SL,NSS 8,Retired,,Failure
CASC,"Launch Complex 2 (LC-2), Xichang Satellite Launch Center, People's Republic of China",2007-02-02,16:28:00,Long March 3A,Beidou Daohang Shiyan Wei. 4,Active,,Success
ULA,"Space Launch Complex 17B, Cape Canaveral SFS, FL, USA",2007-02-17,23:01:00,Delta II 7925-10C,THEMIS,Retired,51,Success
JAXA,"Yoshinobu Launch Complex LP-1, Tanegashima Space Center, Japan",2007-02-24,04:41:00,H-IIA 2024,IGS Radar 2 & IGS Optical 3V,Retired,,Success
ULA,"Space Launch Complex 41, Cape Canaveral SFS, FL, USA",2007-03-09,03:10:00,Atlas V 401, STP-1,Retired,115,Success
Arianespace,"Ariane Launch Area 3, Guiana Space Centre, French Guiana",2007-03-11,22:03:00,Ariane 5 ECA,Skynet 5A & INSAT-4B,Retired,,Success
SpaceX,"Omelek Island, Ronald Reagan Ballistic Missile Defense Test Site, Kwajalein Atoll, Marshall Islands",2007-03-21,01:10:00,Falcon 1,DemoSat,Retired,7,Failure
Roscosmos,"1/5, Baikonur Cosmodrome, Republic of Kazakhstan",2007-04-07,17:31:09,Soyuz FG,Soyuz TMA-10,Retired,,Success
Khrunichev,"200/39 (200L), Baikonur Cosmodrome, Republic of Kazakhstan",2007-04-09,22:54:00,Proton-M Briz-M,Anik F3,Active,,Success
CASC,"Launch Complex 7, Taiyuan Satellite Launch Center, People's Republic of China",2007-04-11,03:27:00,Long March 2C,Hai Yang 1B,Active,,Success
CASC,"Launch Complex 3 (LC-3/LA-1), Xichang Satellite Launch Center, People's Republic of China",2007-04-13,20:11:00,Long March 3A,Beidou DW 1,Active,,Success
ISC Kosmotras,"109/95, Baikonur Cosmodrome, Republic of Kazakhstan",2007-04-17,06:46:39,Dnepr 1,EgyptSat 1 & Saudisat 3,Retired,,Success
ISRO,"Satish Dhawan Space Centre Second Launch Pad, Satish Dhawan Space Centre, India",2007-04-23,10:00:00,PSLV-CA,AGILE,Active,16,Success
Northrop,"Launch Area 0 B, Wallops Flight Facility, Virginia, USA",2007-04-24,06:48:00,Minotaur I,NFIRE,Active,,Success
Northrop,"Vandenberg Space Force Base, Air launch to orbit",2007-04-25,20:26:03,Pegasus XL,,Active,40,Success
Arianespace,"Ariane Launch Area 3, Guiana Space Centre, French Guiana",2007-05-04,22:29:00,Ariane 5 ECA,Astra 1L & Galaxy 17,Retired,,Success
Roscosmos,"1/5, Baikonur Cosmodrome, Republic of Kazakhstan",2007-05-12,03:25:36,Soyuz U,,Retired,,Success
CASC,"Launch Complex 2 (LC-2), Xichang Satellite Launch Center, People's Republic of China",2007-05-13,16:01:02,Long March 3B/E,Nigcomsat 1,Active,70,Success
CASC,"Launch Area 94 (SLS-2 / 603), Jiuquan Satellite Launch Center, People's Republic of China",2007-05-25,07:12:00,Long March 2D,Yaogan Weixing 2,Active,30,Success
Roscosmos,"31/6, Baikonur Cosmodrome, Republic of Kazakhstan",2007-05-29,20:31:30,Soyuz-FG Fregat,"Globalstar 65,69,71,72",Retired,,Success
CASC,"Launch Complex 3 (LC-3/LA-1), Xichang Satellite Launch Center, People's Republic of China",2007-05-31,16:08:00,Long March 3A,Xinnuo 3,Active,,Success
VKS RF,"16/2, Plesetsk Cosmodrome, Russian Federation",2007-06-07,18:00:01,Soyuz-U-PVB,Yantar-4K2M 3,Retired,,Success
ULA,"Space Launch Complex 2W, Vandenberg SFB, CA, USA",2007-06-08,02:34:00,Delta II 7420-10C,COSMO-SkyMed 1,Retired,51,Success
United Space Alliance,"Launch Complex 39A, Kennedy Space Center, FL, USA",2007-06-08,23:38:04,Space Shuttle,STS-117,Retired,450,Success
ISA,"Shavit Launch Pad, Palmachim Airbase, State of Israel",2007-06-10,23:40:00,Shavit-2,Ofeq-7,Active,,Success
ISC Kosmotras,"109/95, Baikonur Cosmodrome, Republic of Kazakhstan",2007-06-15,02:14:00,Dnepr 1,TerraSAR-X,Retired,,Success
ULA,"Space Launch Complex 41, Cape Canaveral SFS, FL, USA",2007-06-15,15:12:00,Atlas V 401,NROL-30 & NOSS-3 (USA-194),Retired,115,Success
ISC Kosmotras,"370/11, Dombarovskiy, Russian Federation",2007-06-28,15:02:20,Dnepr 1,Genesis-2,Retired,,Success
Roscosmos,"45/1, Baikonur Cosmodrome, Republic of Kazakhstan",2007-06-29,10:00:00,Zenit 2M,Tselina-2 23,Retired,,Success
Production Corporation Polyot,"132/1 (132L), Plesetsk Cosmodrome, Russian Federation",2007-07-02,19:38:41,Kosmos-3M (11K65M),SAR-Lupe 2,Retired,,Success
CASC,"Launch Complex 2 (LC-2), Xichang Satellite Launch Center, People's Republic of China",2007-07-05,12:08:00,Long March 3B,Zhongxing 6B,Active,70,Success
Khrunichev,"200/39 (200L), Baikonur Cosmodrome, Republic of Kazakhstan",2007-07-07,01:16:00,Proton-M Briz-M Enhanced,DirecTV 10,Active,,Success
Roscosmos,"1/5, Baikonur Cosmodrome, Republic of Kazakhstan",2007-08-02,17:33:47,Soyuz U,,Retired,,Success
ULA,"Space Launch Complex 17A, Cape Canaveral SFS, FL, USA",2007-08-04,09:26:34,Delta II 7925,Phoenix,Retired,51,Success
United Space Alliance,"Launch Complex 39A, Kennedy Space Center, FL, USA",2007-08-08,22:36:42,Space Shuttle,STS-118,Retired,450,Success
Arianespace,"Ariane Launch Area 3, Guiana Space Centre, French Guiana",2007-08-14,23:44:00,Ariane 5 ECA,Singtel Optus & Australian Department of Defence,Retired,,Success
ISRO,"Satish Dhawan Space Centre Second Launch Pad, Satish Dhawan Space Centre, India",2007-09-02,12:51:00,GSLV,,Active,47,Failure
Khrunichev,"200/39 (200L), Baikonur Cosmodrome, Republic of Kazakhstan",2007-09-05,22:43:10,Proton-M Briz-M,JCSAT 11,Active,,Failure
Production Corporation Polyot,"132/1 (132L), Plesetsk Cosmodrome, Russian Federation",2007-09-11,13:05:06,Kosmos-3M (11K65M),Parus 97,Retired,,Success
JAXA,"Yoshinobu Launch Complex LP-1, Tanegashima Space Center, Japan",2007-09-14,01:31:01,H-IIA 2022,Kaguya,Retired,,Success
Roscosmos,"1/5, Baikonur Cosmodrome, Republic of Kazakhstan",2007-09-14,11:00:00,Soyuz-U-PVB,Foton-M No. 3,Retired,,Success
ULA,"Space Launch Complex 2W, Vandenberg SFB, CA, USA",2007-09-18,18:35:00,Delta II 7920-10,WorldView-1,Retired,51,Success
CASC,"Launch Complex 7, Taiyuan Satellite Launch Center, People's Republic of China",2007-09-19,03:26:13,Long March 4B,Zi Yuan 1-2B,Active,,Success
ULA,"Space Launch Complex 17B, Cape Canaveral SFS, FL, USA",2007-09-27,11:34:00,Delta II 7925H-9.5,Dawn,Retired,51,Success
Arianespace,"Ariane Launch Area 3, Guiana Space Centre, French Guiana",2007-10-05,22:02:00,Ariane 5 GS,Intelsat 11 & Optus D2,Retired,,Success
Roscosmos,"1/5, Baikonur Cosmodrome, Republic of Kazakhstan",2007-10-10,13:22:39,Soyuz FG,Soyuz TMA-11,Retired,,Success
ULA,"Space Launch Complex 41, Cape Canaveral SFS, FL, USA",2007-10-11,00:22:00,Atlas V 421,WGS-1,Retired,123,Success
ULA,"Space Launch Complex 17A, Cape Canaveral SFS, FL, USA",2007-10-17,12:23:00,Delta II 7925-9.5,GPS IIR-M-4 (USA-196),Retired,51,Success
Roscosmos,"31/6, Baikonur Cosmodrome, Republic of Kazakhstan",2007-10-20,20:12:25,Soyuz-FG Fregat,"Globalstar 66,67,68,70",Retired,,Success
Progress Rocket Space Center,"16/2, Plesetsk Cosmodrome, Russian Federation",2007-10-23,04:39:17,Molniya-M 2BL,US-K 84,Retired,,Success
United Space Alliance,"Launch Complex 39A, Kennedy Space Center, FL, USA",2007-10-23,15:38:19,Space Shuttle,STS-120,Retired,450,Success
CASC,"Launch Complex 3 (LC-3/LA-1), Xichang Satellite Launch Center, People's Republic of China",2007-10-24,10:05:04,Long March 3A,Chang'e-1,Active,,Success
Khrunichev,"81/24 (81P), Baikonur Cosmodrome, Republic of Kazakhstan",2007-10-26,07:35:24,Proton K/DM-2,Uragan-M 9 to 11,Retired,,Success
Production Corporation Polyot,"132/1 (132L), Plesetsk Cosmodrome, Russian Federation",2007-11-01,00:51:44,Kosmos-3M (11K65M),SAR-Lupe 3,Retired,,Success
ULA,"Space Launch Complex 37B, Cape Canaveral SFS, FL, USA",2007-11-11,01:50:00,Delta IV Heavy,DSP-23,Retired,350,Success
CASC,"Launch Complex 7, Taiyuan Satellite Launch Center, People's Republic of China",2007-11-11,22:48:15,Long March 4C,Yaogan Weixing 3,Active,,Success
Arianespace,"Ariane Launch Area 3, Guiana Space Centre, French Guiana",2007-11-14,22:06:00,Ariane 5 ECA,Skynet 5B & Star One C1,Retired,,Success
Khrunichev,"200/39 (200L), Baikonur Cosmodrome, Republic of Kazakhstan",2007-11-17,22:39:47,Proton-M Briz-M,Sirius 4,Active,,Success
Khrunichev,"81/24 (81P), Baikonur Cosmodrome, Republic of Kazakhstan",2007-12-09,00:16:00,Proton-M Briz-M,Raduga-1M,Active,,Success
ULA,"Space Launch Complex 2W, Vandenberg SFB, CA, USA",2007-12-09,02:31:42,Delta II 7420-10C,COSMO-SkyMed 2,Retired,51,Success
ULA,"Space Launch Complex 41, Cape Canaveral SFS, FL, USA",2007-12-10,22:05:00,Atlas V 401,NROL-24 (USA-198),Retired,115,Success
Roscosmos,"31/6, Baikonur Cosmodrome, Republic of Kazakhstan",2007-12-14,13:17:34,Soyuz-FG Fregat,Radarsat-2,Retired,,Success
ULA,"Space Launch Complex 17A, Cape Canaveral SFS, FL, USA",2007-12-20,20:04:00,Delta II 7925-9.5,GPS IIR-M-5 (USA-199),Retired,51,Success
Arianespace,"Ariane Launch Area 3, Guiana Space Centre, French Guiana",2007-12-21,21:41:55,Ariane 5 GS,RASCOM-QAF 1 & Horizons-2,Retired,,Success
Roscosmos,"1/5, Baikonur Cosmodrome, Republic of Kazakhstan",2007-12-23,07:12:41,Soyuz U,,Retired,,Success
Khrunichev,"81/24 (81P), Baikonur Cosmodrome, Republic of Kazakhstan",2007-12-25,19:32:34,Proton-M DM-2 Enhanced,Uragan-M 12 to 14,Active,,Success
Sea Launch,"Launch Platform Odyssey, Sea Launch",2008-01-15,11:48:59,Zenit 3SL,Thuraya 3,Retired,,Success
ISRO,"Satish Dhawan Space Centre First Launch Pad, Satish Dhawan Space Centre, India",2008-01-21,03:45:00,PSLV-CA,TECSAR 1,Active,16,Success
Khrunichev,"200/39 (200L), Baikonur Cosmodrome, Republic of Kazakhstan",2008-01-28,00:18:00,Proton-M Briz-M,Ekspress AM-33,Active,,Success
Roscosmos,"1/5, Baikonur Cosmodrome, Republic of Kazakhstan",2008-02-05,13:02:57,Soyuz U,,Retired,,Success
United Space Alliance,"Launch Complex 39A, Kennedy Space Center, FL, USA",2008-02-07,19:45:30,Space Shuttle,STS-122,Retired,450,Success
Khrunichev,"200/39 (200L), Baikonur Cosmodrome, Republic of Kazakhstan",2008-02-11,11:34:00,Proton-M Briz-M,Thor 5,Active,,Success
JAXA,"Yoshinobu Launch Complex LP-1, Tanegashima Space Center, Japan",2008-02-23,08:55:00,H-IIA 2024,Kizuna,Retired,,Success
Arianespace,"Ariane Launch Area 3, Guiana Space Centre, French Guiana",2008-03-09,04:03:11,Ariane 5 ES,"ATV-1 ""Jules Verne""",Retired,,Success
United Space Alliance,"Launch Complex 39A, Kennedy Space Center, FL, USA",2008-03-11,06:28:14,Space Shuttle,STS-123,Retired,450,Success
ULA,"Space Launch Complex 3E, Vandenberg SFB, CA, USA",2008-03-13,10:02:00,Atlas V 411,NROL-28 (USA-200),Retired,115,Success
Khrunichev,"200/39 (200L), Baikonur Cosmodrome, Republic of Kazakhstan",2008-03-14,23:18:55,Proton-M Briz-M,AMC 14,Active,,Failure
ULA,"Space Launch Complex 17A, Cape Canaveral SFS, FL, USA",2008-03-15,06:10:00,Delta II 7925-9.5,GPS IIR-M-6  (USA-201),Retired,51,Success
Sea Launch,"Launch Platform Odyssey, Sea Launch",2008-03-19,22:47:59,Zenit 3SL,DirecTV 11,Retired,,Success
Production Corporation Polyot,"132/1 (132L), Plesetsk Cosmodrome, Russian Federation",2008-03-27,17:16:18,Kosmos-3M (11K65M),SAR-Lupe 4,Retired,,Success
Roscosmos,"1/5, Baikonur Cosmodrome, Republic of Kazakhstan",2008-04-08,11:16:39,Soyuz FG,Soyuz TMA-12,Retired,,Success
ULA,"Space Launch Complex 41, Cape Canaveral SFS, FL, USA",2008-04-14,20:12:00,Atlas V 421,ICO G1,Retired,123,Success
Northrop,"Kwajalein Atoll, Air launch to orbit",2008-04-16,17:02:48,Pegasus XL,,Active,40,Success
Arianespace,"Ariane Launch Area 3, Guiana Space Centre, French Guiana",2008-04-18,22:17:00,Ariane 5 ECA,Star One C2 & Vinasat-1,Retired,,Success
CASC,"Launch Complex 2 (LC-2), Xichang Satellite Launch Center, People's Republic of China",2008-04-25,15:35:11,Long March 3C,Tian Lian 1A,Active,,Success
Roscosmos,"31/6, Baikonur Cosmodrome, Republic of Kazakhstan",2008-04-26,22:16:02,Soyuz-FG Fregat,Giove-B,Retired,,Success
ISRO,"Satish Dhawan Space Centre Second Launch Pad, Satish Dhawan Space Centre, India",2008-04-28,03:53:51,PSLV-CA,Cartosat 2A,Active,16,Success
Sea Launch,"45/1, Baikonur Cosmodrome, Republic of Kazakhstan",2008-04-28,05:00:00,Zenit 3SLB,Amos 3,Retired,,Success
Roscosmos,"1/5, Baikonur Cosmodrome, Republic of Kazakhstan",2008-05-14,20:22:56,Soyuz U,,Retired,,Success
Sea Launch,"Launch Platform Odyssey, Sea Launch",2008-05-21,09:43:59,Zenit 3SL,Galaxy 18,Retired,,Success
VKS RF,"133/3 (133L), Plesetsk Cosmodrome, Russian Federation",2008-05-23,15:20:09,Rokot/Briz-KM,Strela-3 137 to 139,Active,,Success
CASC,"Launch Complex 7, Taiyuan Satellite Launch Center, People's Republic of China",2008-05-27,03:02:33,Long March 4C,Feng Yun 3A,Active,,Success
United Space Alliance,"Launch Complex 39A, Kennedy Space Center, FL, USA",2008-05-31,21:02:12,Space Shuttle,STS-124,Retired,450,Success
CASC,"Launch Complex 2 (LC-2), Xichang Satellite Launch Center, People's Republic of China",2008-06-09,12:15:04,Long March 3B,Zhongxing 9,Active,70,Success
ULA,"Space Launch Complex 17B, Cape Canaveral SFS, FL, USA",2008-06-11,16:05:01,Delta II 7920H-10C,GLAST,Retired,51,Success
Arianespace,"Ariane Launch Area 3, Guiana Space Centre, French Guiana",2008-06-12,22:05:09,Ariane 5 ECA,Turksat 3A & Skynet 5C,Retired,,Success
Production Corporation Polyot,"107, Kapustin Yar, Russian Federation",2008-06-19,06:36:46,Kosmos-3M (11K65M),Orbcomm FM 37 to 41 & CDS 3,Retired,,Success
ULA,"Space Launch Complex 2W, Vandenberg SFB, CA, USA",2008-06-20,07:46:25,Delta II 7320,Jason-2,Retired,51,Success
Khrunichev,"81/24 (81P), Baikonur Cosmodrome, Republic of Kazakhstan",2008-06-26,23:59:43,Proton K/DM-2,US-KMO 7,Retired,,Success
Arianespace,"Ariane Launch Area 3, Guiana Space Centre, French Guiana",2008-07-07,21:47:00,Ariane 5 ECA,Badr-6 & ProtoStar I,Retired,,Success
Sea Launch,"Launch Platform Odyssey, Sea Launch",2008-07-16,05:20:59,Zenit 3SL,Echostar XI,Retired,,Success
Production Corporation Polyot,"132/1 (132L), Plesetsk Cosmodrome, Russian Federation",2008-07-22,02:40:09,Kosmos-3M (11K65M),SAR-Lupe 5,Retired,,Success
VKS RF,"43/4 (43R), Plesetsk Cosmodrome, Russian Federation",2008-07-26,18:31:36,Soyuz 2.1b,Persona 1,Active,80,Success
SpaceX,"Omelek Island, Ronald Reagan Ballistic Missile Defense Test Site, Kwajalein Atoll, Marshall Islands",2008-08-03,03:34:00,Falcon 1,Flight 3,Retired,7,Failure
Arianespace,"Ariane Launch Area 3, Guiana Space Centre, French Guiana",2008-08-14,20:44:00,Ariane 5 ECA,AMC-21 & Superbird 7,Retired,,Success
Iranian Space Agency,"Safir Launch Pad, Semnan Space Center, Islamic Republic of Iran",2008-08-16,19:32:00,Safir,Omid,Active,,Failure
Khrunichev,"200/39 (200L), Baikonur Cosmodrome, Republic of Kazakhstan",2008-08-18,22:43:00,Proton-M Briz-M,Inmarsat 4 F3,Active,,Success
ISC Kosmotras,"109/95, Baikonur Cosmodrome, Republic of Kazakhstan",2008-08-29,07:15:58,Dnepr 1,RapidEye 1 to 5,Retired,,Success
CASC,"Launch Complex 7, Taiyuan Satellite Launch Center, People's Republic of China",2008-09-06,03:25:07,Long March 2C/SMA,Huan Jing 1A & 1B,Retired,,Success
ULA,"Space Launch Complex 2W, Vandenberg SFB, CA, USA",2008-09-06,18:50:57,Delta II 7420-10C,GeoEye-1,Retired,51,Success
Roscosmos,"1/5, Baikonur Cosmodrome, Republic of Kazakhstan",2008-09-10,19:50:02,Soyuz U,,Retired,,Success
Khrunichev,"200/39 (200L), Baikonur Cosmodrome, Republic of Kazakhstan",2008-09-19,21:48:00,Proton-M Briz-M,Nimiq 4,Active,,Success
Sea Launch,"Launch Platform Odyssey, Sea Launch",2008-09-24,09:27:59,Zenit 3SL,Galaxy 19,Retired,,Success
Khrunichev,"81/23 (81L), Baikonur Cosmodrome, Republic of Kazakhstan",2008-09-25,08:49:37,Proton-M DM-2 Enhanced,Uragan-M 15 to 17,Active,,Success
CASC,"Launch Area 91 (SLS-1 / 921), Jiuquan Satellite Launch Center, People's Republic of China",2008-09-25,13:10:04,Long March 2F,Shenzhou-7,Retired,,Success
SpaceX,"Omelek Island, Ronald Reagan Ballistic Missile Defense Test Site, Kwajalein Atoll, Marshall Islands",2008-09-28,23:15:00,Falcon 1,RatSat,Retired,7,Success
ISC Kosmotras,"370/13, Dombarovskiy, Russian Federation",2008-10-01,06:37:21,Dnepr 1,Thaichote,Retired,,Success
Roscosmos,"1/5, Baikonur Cosmodrome, Republic of Kazakhstan",2008-10-12,07:01:33,Soyuz FG,Soyuz TMA-13,Retired,,Success
Northrop,"Kwajalein Atoll, Air launch to orbit",2008-10-19,17:47:23,Pegasus XL,,Active,40,Success
ISRO,"Satish Dhawan Space Centre First Launch Pad, Satish Dhawan Space Centre, India",2008-10-22,00:52:11,PSLV XL,,Active,,Success
CASC,"Launch Complex 9, Taiyuan Satellite Launch Center, People's Republic of China",2008-10-25,01:15:04,Long March 4B,Shi Jian 6E & 6F,Active,,Success
ULA,"Space Launch Complex 2W, Vandenberg SFB, CA, USA",2008-10-25,02:28:25,Delta II 7420-10C,COSMO-Skymed 3,Retired,51,Success
CASC,"Launch Complex 2 (LC-2), Xichang Satellite Launch Center, People's Republic of China",2008-10-29,16:53:43,Long March 3B/E,Simon Bolivar,Active,70,Success
CASC,"Launch Area 94 (SLS-2 / 603), Jiuquan Satellite Launch Center, People's Republic of China",2008-11-05,00:15:04,Long March 2D,Shiyan Weixing 3,Active,30,Success
Khrunichev,"200/39 (200L), Baikonur Cosmodrome, Republic of Kazakhstan",2008-11-05,20:44:20,Proton-M Briz-M,Astra 1M,Active,,Success
VKS RF,"16/2, Plesetsk Cosmodrome, Russian Federation",2008-11-14,15:50:00,Soyuz-U-PVB,Yantar-4K2M 4,Retired,,Success
United Space Alliance,"Launch Complex 39A, Kennedy Space Center, FL, USA",2008-11-15,00:55:39,Space Shuttle,STS-126,Retired,450,Success
Roscosmos,"1/5, Baikonur Cosmodrome, Republic of Kazakhstan",2008-11-26,12:38:38,Soyuz U,Progress M-01M,Retired,,Success
CASC,"Launch Area 94 (SLS-2 / 603), Jiuquan Satellite Launch Center, People's Republic of China",2008-12-01,04:42:04,Long March 2D,Yaogan Weixing 4,Active,30,Success
Progress Rocket Space Center,"16/2, Plesetsk Cosmodrome, Russian Federation",2008-12-02,04:59:59,Molniya-M 2BL,US-K 85,Retired,,Success
Khrunichev,"200/39 (200L), Baikonur Cosmodrome, Republic of Kazakhstan",2008-12-10,13:43:00,Proton-M Briz-M Enhanced,Ciel 2,Active,,Success
CASC,"Launch Complex 9, Taiyuan Satellite Launch Center, People's Republic of China",2008-12-15,03:22:04,Long March 4B,Yaogan Weixing 5,Active,,Success
Arianespace,"Ariane Launch Area 3, Guiana Space Centre, French Guiana",2008-12-20,22:35:14,Ariane 5 ECA,Eutelsat W2M & Hot Bird 9,Retired,,Success
CASC,"Launch Complex 3 (LC-3/LA-1), Xichang Satellite Launch Center, People's Republic of China",2008-12-23,00:54:04,Long March 3A,Feng Yun 2E,Active,,Success
Khrunichev,"81/24 (81P), Baikonur Cosmodrome, Republic of Kazakhstan",2008-12-25,10:43:42,Proton-M DM-2 Enhanced,Uragan-M 18 to 20,Active,,Success
ULA,"Space Launch Complex 37B, Cape Canaveral SFS, FL, USA",2009-01-18,02:47:00,Delta IV Heavy,NROL-26 (USA-202),Retired,350,Success
JAXA,"Yoshinobu Launch Complex LP-1, Tanegashima Space Center, Japan",2009-01-23,03:54:00,H-IIA 202,GOSAT,Retired,90,Success
VKS RF,"32/2, Plesetsk Cosmodrome, Russian Federation",2009-01-30,13:30:00,Tsiklon-3,Koronas-Foton,Retired,15,Success
Iranian Space Agency,"Safir Launch Pad, Semnan Space Center, Islamic Republic of Iran",2009-02-02,18:34:00,Safir,Omid,Active,,Success
ULA,"Space Launch Complex 2W, Vandenberg SFB, CA, USA",2009-02-06,10:22:00,Delta II 7320-10C,NOAA-19 (NOAA N),Retired,51,Success
Roscosmos,"31/6, Baikonur Cosmodrome, Republic of Kazakhstan",2009-02-10,05:49:46,Soyuz U,,Retired,,Success
Khrunichev,"200/39 (200L), Baikonur Cosmodrome, Republic of Kazakhstan",2009-02-11,00:03:00,Proton-M Briz-M Enhanced,Ekspress AM-44 & MD-1,Active,,Success
Arianespace,"Ariane Launch Area 3, Guiana Space Centre, French Guiana",2009-02-12,22:09:00,Ariane 5 ECA,"Hot Bird 10, NSS-9, Spirale A, Spirale B",Retired,,Success
Northrop,"Space Launch Complex 576E, Vandenberg SFB, CA, USA",2009-02-24,09:55:30,Minotaur-C 3110,OCO,Active,,Failure
Sea Launch,"45/1, Baikonur Cosmodrome, Republic of Kazakhstan",2009-02-26,18:29:55,Zenit 3SLB,Telstar 11N,Retired,,Success
Khrunichev,"81/24 (81P), Baikonur Cosmodrome, Republic of Kazakhstan",2009-02-28,04:10:00,Proton K/DM-2,Raduga-1 8,Retired,,Success
ULA,"Space Launch Complex 17B, Cape Canaveral SFS, FL, USA",2009-03-07,03:49:57,Delta II 7925-10L,Kepler,Retired,51,Success
United Space Alliance,"Launch Complex 39A, Kennedy Space Center, FL, USA",2009-03-15,23:43:44,Space Shuttle,STS-119,Retired,450,Success
Eurockot Launch Services,"133/3 (133L), Plesetsk Cosmodrome, Russian Federation",2009-03-17,14:21:14,Rokot/Briz-KM,GOCE,Active,,Success
ULA,"Space Launch Complex 17A, Cape Canaveral SFS, FL, USA",2009-03-24,08:34:00,Delta II 7925-9.5,GPS IIR-M-7 (USA-203),Retired,51,Success
Roscosmos,"1/5, Baikonur Cosmodrome, Republic of Kazakhstan",2009-03-26,11:49:18,Soyuz FG,Soyuz TMA-14,Retired,,Success
Khrunichev,"200/39 (200L), Baikonur Cosmodrome, Republic of Kazakhstan",2009-04-03,16:24:00,Proton-M Briz-M Enhanced,Eutelsat W2A,Active,,Success
ULA,"Space Launch Complex 41, Cape Canaveral SFS, FL, USA",2009-04-04,00:31:00,Atlas V 421,WGS-2,Retired,123,Success
Korean Committee of Space Technology,"Satellite Launch Pad, Tonghae Satellite Launching Ground",2009-04-05,02:30:00,Unha,Kwangmyongsong-2,Active,,Failure
CASC,"Launch Complex 2 (LC-2), Xichang Satellite Launch Center, People's Republic of China",2009-04-14,16:16:04,Long March 3C,Beidou DW 2,Active,,Success
ISRO,"Satish Dhawan Space Centre Second Launch Pad, Satish Dhawan Space Centre, India",2009-04-20,01:15:00,PSLV-CA,RISAT-2,Active,16,Success
Sea Launch,"Launch Platform Odyssey, Sea Launch",2009-04-20,08:15:59,Zenit 3SL,SICRAL 1B,Retired,,Success
CASC,"Launch Complex 7, Taiyuan Satellite Launch Center, People's Republic of China",2009-04-22,02:55:04,Long March 2C,Yaogan Weixing 6,Active,,Success
VKS RF,"16/2, Plesetsk Cosmodrome, Russian Federation",2009-04-29,16:58:00,Soyuz-U-PVB,Yantar-4K2M 5,Retired,,Success
ULA,"Space Launch Complex 2W, Vandenberg SFB, CA, USA",2009-05-05,20:24:26,Delta II 7920-10C,STSS-ATRR/GMD (USA-205),Retired,51,Success
Roscosmos,"1/5, Baikonur Cosmodrome, Republic of Kazakhstan",2009-05-07,18:37:09,Soyuz U,Progress M-02M,Retired,,Success
United Space Alliance,"Launch Complex 39A, Kennedy Space Center, FL, USA",2009-05-11,18:01:56,Space Shuttle,STS-125,Retired,450,Success
Arianespace,"Ariane Launch Area 3, Guiana Space Centre, French Guiana",2009-05-14,13:12:00,Ariane 5 ECA,Herschel & Planck,Retired,,Success
International Launch Services,"200/39 (200L), Baikonur Cosmodrome, Republic of Kazakhstan",2009-05-16,00:57:38,Proton-M Briz-M,SES-7,Active,,Success
Northrop,"Launch Area 0 B, Wallops Flight Facility, Virginia, USA",2009-05-19,23:55:00,Minotaur I,Tacsat 3,Active,,Success
VKS RF,"43/4 (43R), Plesetsk Cosmodrome, Russian Federation",2009-05-21,21:53:33,Soyuz 2.1a Fregat,Meridian No. 12L,Active,,Failure
Roscosmos,"1/5, Baikonur Cosmodrome, Republic of Kazakhstan",2009-05-27,10:34:53,Soyuz FG,Soyuz TMA-15,Retired,,Success
ULA,"Space Launch Complex 41, Cape Canaveral SFS, FL, USA",2009-06-18,21:32:00,Atlas V 401,LRO/LCROSS,Retired,115,Success
Sea Launch,"45/1, Baikonur Cosmodrome, Republic of Kazakhstan",2009-06-21,21:50:00,Zenit 3SLB,Measat 3A,Retired,,Success
ULA,"Space Launch Complex 37B, Cape Canaveral SFS, FL, USA",2009-06-27,22:51:00,"Delta IV M+(4,2)",GOES-14,Retired,350,Success
Khrunichev,"200/39 (200L), Baikonur Cosmodrome, Republic of Kazakhstan",2009-06-30,19:10:00,Proton-M Briz-M Enhanced,Sirius FM-5,Active,,Success
Arianespace,"Ariane Launch Area 3, Guiana Space Centre, French Guiana",2009-07-01,17:52:00,Ariane 5 ECA,TerreStar-1,Retired,,Success
VKS RF,"133/3 (133L), Plesetsk Cosmodrome, Russian Federation",2009-07-06,01:26:34,Rokot/Briz-KM,Strela-3 140 & 141,Active,,Success
SpaceX,"Omelek Island, Ronald Reagan Ballistic Missile Defense Test Site, Kwajalein Atoll, Marshall Islands",2009-07-14,03:36:00,Falcon 1,RazakSAT,Retired,7,Success
United Space Alliance,"Launch Complex 39A, Kennedy Space Center, FL, USA",2009-07-15,22:03:10,Space Shuttle,STS-127,Retired,450,Success
Production Corporation Polyot,"132/1 (132L), Plesetsk Cosmodrome, Russian Federation",2009-07-21,03:57:43,Kosmos-3M (11K65M),Parus 98,Retired,,Success
Roscosmos,"1/5, Baikonur Cosmodrome, Republic of Kazakhstan",2009-07-24,10:56:56,Soyuz U,,Retired,,Success
ISC Kosmotras,"109/95, Baikonur Cosmodrome, Republic of Kazakhstan",2009-07-29,18:46:29,Dnepr 1,DubaiSat 1,Retired,,Success
Khrunichev,"200/39 (200L), Baikonur Cosmodrome, Republic of Kazakhstan",2009-08-11,19:47:33,Proton-M Briz-M Enhanced,Asiasat 5,Active,,Success
ULA,"Space Launch Complex 17A, Cape Canaveral SFS, FL, USA",2009-08-17,10:35:00,Delta II 7925,GPS IIR-M-8 (USA-206),Retired,51,Success
Arianespace,"Ariane Launch Area 3, Guiana Space Centre, French Guiana",2009-08-21,22:09:00,Ariane 5 ECA,JCSAT-12 & Optus D3,Retired,,Success
KARI,"LC-1, Naro Space Center, South Korea",2009-08-25,08:00:33,KSLV Naro-1,STSat-2A,Retired,,Failure
United Space Alliance,"Launch Complex 39A, Kennedy Space Center, FL, USA",2009-08-29,03:59:37,Space Shuttle,STS-128,Retired,450,Success
CASC,"Launch Complex 2 (LC-2), Xichang Satellite Launch Center, People's Republic of China",2009-08-31,09:28:00,Long March 3B,,Active,70,Partial Failure
ULA,"Space Launch Complex 41, Cape Canaveral SFS, FL, USA",2009-09-08,21:35:00,Atlas V 401,PAN (USA-207),Retired,115,Success
MHI,"Yoshinobu Launch Complex LP-2, Tanegashima Space Center, Japan",2009-09-10,17:01:46,H-IIB 304,Kounotori 1 (HTV-1),Retired,112.5,Success
Roscosmos,"31/6, Baikonur Cosmodrome, Republic of Kazakhstan",2009-09-17,15:55:07,Soyuz 2.1b Fregat,Meteor-M 1,Active,80,Success
Khrunichev,"200/39 (200L), Baikonur Cosmodrome, Republic of Kazakhstan",2009-09-17,19:19:19,Proton-M Briz-M Enhanced,Nimiq 5,Active,,Success
ISRO,"Satish Dhawan Space Centre First Launch Pad, Satish Dhawan Space Centre, India",2009-09-23,06:21:00,PSLV-CA,Oceansat-2,Active,16,Success
ULA,"Space Launch Complex 17B, Cape Canaveral SFS, FL, USA",2009-09-25,12:20:00,Delta II 7920-10C,STSS-DEMO/GMD,Retired,51,Success
NASA,"Launch Complex 39B, Kennedy Space Center, FL, USA",2009-09-28,15:30:00,Ares I-X,Ares I-X,Retired,,Success
Roscosmos,"1/5, Baikonur Cosmodrome, Republic of Kazakhstan",2009-09-30,07:14:45,Soyuz FG,Soyuz TMA-16,Retired,,Success
Arianespace,"Ariane Launch Area 3, Guiana Space Centre, French Guiana",2009-10-01,21:59:00,Ariane 5 ECA,Amazonas 2 & COMSATBw-1,Retired,,Success
ULA,"Space Launch Complex 2W, Vandenberg SFB, CA, USA",2009-10-08,18:51:01,Delta II 7920-10C,WorldView-2,Retired,51,Success
Roscosmos,"1/5, Baikonur Cosmodrome, Republic of Kazakhstan",2009-10-15,01:14:37,Soyuz U,,Retired,,Success
ULA,"Space Launch Complex 3E, Vandenberg SFB, CA, USA",2009-10-18,16:12:01,Atlas V 401,DMSP-5D3 F18 (USA-210),Retired,115,Success
Arianespace,"Ariane Launch Area 3, Guiana Space Centre, French Guiana",2009-10-29,20:00:00,Ariane 5 ECA,NSS-12 & Thor 6,Retired,,Success
Eurockot Launch Services,"133/3 (133L), Plesetsk Cosmodrome, Russian Federation",2009-11-02,01:50:51,Rokot/Briz-KM,SMOS,Active,,Success
Roscosmos,"1/5, Baikonur Cosmodrome, Republic of Kazakhstan",2009-11-10,14:22:04,Soyuz U,,Retired,,Success
CASC,"Launch Area 94 (SLS-2 / 603), Jiuquan Satellite Launch Center, People's Republic of China",2009-11-12,02:45:44,Long March 2C,Shi Jian 11-01,Active,,Success
United Space Alliance,"Launch Complex 39A, Kennedy Space Center, FL, USA",2009-11-16,19:28:09,Space Shuttle,STS-129,Retired,450,Success
VKS RF,"16/2, Plesetsk Cosmodrome, Russian Federation",2009-11-20,10:44:00,Soyuz-U-PVB,Lotos-S 1,Retired,,Success
ULA,"Space Launch Complex 41, Cape Canaveral SFS, FL, USA",2009-11-23,06:55:00,Atlas V 431,Intelsat 14,Retired,130,Success
Khrunichev,"200/39 (200L), Baikonur Cosmodrome, Republic of Kazakhstan",2009-11-24,14:19:10,Proton-M Briz-M Enhanced,Eutelsat W7,Active,,Success
JAXA,"Yoshinobu Launch Complex LP-1, Tanegashima Space Center, Japan",2009-11-28,01:21:00,H-IIA 202,IGS Optical 3,Retired,90,Success
Sea Launch,"45/1, Baikonur Cosmodrome, Republic of Kazakhstan",2009-11-30,21:00:00,Zenit 3SLB,Intelsat IS-15,Retired,,Success
ULA,"Space Launch Complex 37B, Cape Canaveral SFS, FL, USA",2009-12-06,01:47:00,"Delta IV M+(5,4)",WGS-3 (USA-211),Retired,,Success
CASC,"Launch Area 94 (SLS-2 / 603), Jiuquan Satellite Launch Center, People's Republic of China",2009-12-09,08:42:00,Long March 2D,Yaogan Weixing 7,Active,30,Success
Khrunichev,"81/24 (81P), Baikonur Cosmodrome, Republic of Kazakhstan",2009-12-14,10:38:27,Proton-M DM-2 Enhanced,Uragan-M 21 to 23,Active,,Success
ULA,"Space Launch Complex 2W, Vandenberg SFB, CA, USA",2009-12-14,14:09:33,Delta II 7320-10C,WISE,Retired,51,Success
CASC,"Launch Complex 9, Taiyuan Satellite Launch Center, People's Republic of China",2009-12-15,02:31:05,Long March 4C,Yaogan Weixing 8,Active,,Success
Arianespace,"Ariane Launch Area 3, Guiana Space Centre, French Guiana",2009-12-18,16:26:00,Ariane 5 GS,Helios 2B,Retired,,Success
Roscosmos,"1/5, Baikonur Cosmodrome, Republic of Kazakhstan",2009-12-20,21:52:00,Soyuz FG,Soyuz TMA-17,Retired,,Success
Khrunichev,"200/39 (200L), Baikonur Cosmodrome, Republic of Kazakhstan",2009-12-29,00:22:00,Proton-M Briz-M Enhanced,DirecTV 12,Active,,Success
CASC,"Launch Complex 2 (LC-2), Xichang Satellite Launch Center, People's Republic of China",2010-01-16,16:12:04,Long March 3C,,Active,,Success
Khrunichev,"81/24 (81P), Baikonur Cosmodrome, Republic of Kazakhstan",2010-01-28,00:18:00,Proton-M Briz-M Enhanced,,Active,,Success
Roscosmos,"1/5, Baikonur Cosmodrome, Republic of Kazakhstan",2010-02-03,03:45:30,Soyuz U,,Retired,,Success
United Space Alliance,"Launch Complex 39A, Kennedy Space Center, FL, USA",2010-02-08,09:14:08,Space Shuttle,STS-130,Retired,450,Success
ULA,"Space Launch Complex 41, Cape Canaveral SFS, FL, USA",2010-02-11,15:23:00,Atlas V 401,SDO (Solar Dynamics Observatory),Retired,115,Success
International Launch Services,"200/39 (200L), Baikonur Cosmodrome, Republic of Kazakhstan",2010-02-12,00:39:40,Proton-M Briz-M Enhanced,,Active,,Success
Khrunichev,"81/24 (81P), Baikonur Cosmodrome, Republic of Kazakhstan",2010-03-01,21:19:44,Proton-M DM-2 Enhanced,"3 x Glonass-M (Kosmos 2459, Kosmos 2460, Kosmos 2461)",Active,,Success
ULA,"Space Launch Complex 37B, Cape Canaveral SFS, FL, USA",2010-03-04,23:57:00,"Delta IV M+(4,2)",,Retired,350,Success
CASC,"Launch Area 94 (SLS-2 / 603), Jiuquan Satellite Launch Center, People's Republic of China",2010-03-05,04:55:05,Long March 4C,,Active,,Success
International Launch Services,"200/39 (200L), Baikonur Cosmodrome, Republic of Kazakhstan",2010-03-20,18:26:57,Proton-M Briz-M Enhanced,,Active,,Success
Roscosmos,"1/5, Baikonur Cosmodrome, Republic of Kazakhstan",2010-04-02,04:04:33,Soyuz FG,Soyuz TMA-18,Retired,,Success
United Space Alliance,"Launch Complex 39A, Kennedy Space Center, FL, USA",2010-04-05,10:21:22,Space Shuttle,STS-131,Retired,450,Success
ISC Kosmotras,"109/95, Baikonur Cosmodrome, Republic of Kazakhstan",2010-04-08,13:57:05,Dnepr 1,,Retired,,Success
ISRO,"Satish Dhawan Space Centre Second Launch Pad, Satish Dhawan Space Centre, India",2010-04-15,10:57:00,GSLV Mk. II,,Active,,Failure
VKS RF,"16/2, Plesetsk Cosmodrome, Russian Federation",2010-04-16,15:00:00,Soyuz U,,Retired,,Success
ULA,"Space Launch Complex 41, Cape Canaveral SFS, FL, USA",2010-04-22,23:52:00,Atlas V 501,OTV-1 (X-37B) (USA 212),Retired,120,Success
International Launch Services,"200/39 (200L), Baikonur Cosmodrome, Republic of Kazakhstan",2010-04-24,11:19:00,Proton-M Briz-M Enhanced,SES-1,Active,,Success
VKS RF,"132/1 (132L), Plesetsk Cosmodrome, Russian Federation",2010-04-27,01:05:09,Kosmos-3M (11K65M),Parus 99,Retired,,Success
Roscosmos,"1/5, Baikonur Cosmodrome, Republic of Kazakhstan",2010-04-28,17:15:09,Soyuz U,,Retired,,Success
United Space Alliance,"Launch Complex 39A, Kennedy Space Center, FL, USA",2010-05-14,18:20:09,Space Shuttle,STS-132,Retired,450,Success
MHI,"Yoshinobu Launch Complex LP-1, Tanegashima Space Center, Japan",2010-05-20,21:58:22,H-IIA 202,Akatsuki (Planet-C),Retired,90,Success
Arianespace,"Ariane Launch Area 3, Guiana Space Centre, French Guiana",2010-05-21,22:01:00,Ariane 5 ECA,Astra 3B & COMSATBw-2,Retired,,Success
ULA,"Space Launch Complex 37B, Cape Canaveral SFS, FL, USA",2010-05-28,03:00:00,"Delta IV M+(4,2)",GPS IIF SV-1 (USA-213),Retired,350,Success
Eurockot Launch Services,"133/3 (133L), Plesetsk Cosmodrome, Russian Federation",2010-06-02,01:59:12,Rokot/Briz-KM,,Active,,Success
CASC,"Launch Complex 2 (LC-2), Xichang Satellite Launch Center, People's Republic of China",2010-06-02,15:53:04,Long March 3C,,Active,,Success
International Launch Services,"200/39 (200L), Baikonur Cosmodrome, Republic of Kazakhstan",2010-06-03,22:00:08,Proton-M Briz-M Enhanced,,Active,,Success
SpaceX,"Space Launch Complex 40, Cape Canaveral SFS, FL, USA",2010-06-04,18:45:00,Falcon 9 v1.0,Dragon Spacecraft Qualification Unit (DSQU),Retired,59,Success
KARI,"LC-1, Naro Space Center, South Korea",2010-06-10,08:01:00,KSLV Naro-1,,Retired,,Failure
CASC,"Launch Area 94 (SLS-2 / 603), Jiuquan Satellite Launch Center, People's Republic of China",2010-06-15,01:39:04,Long March 2D,,Active,30,Success
ISC Kosmotras,"370/13, Dombarovskiy, Russian Federation",2010-06-15,14:42:21,Dnepr 1,,Retired,,Success
Roscosmos,"1/5, Baikonur Cosmodrome, Republic of Kazakhstan",2010-06-15,21:35:19,Soyuz FG,Soyuz TMA-19,Retired,,Success
ISC Kosmotras,"109/95, Baikonur Cosmodrome, Republic of Kazakhstan",2010-06-21,02:14:08,Dnepr 1,,Retired,,Success
Israel Aerospace Industries,"Shavit Launch Pad, Palmachim Airbase, State of Israel",2010-06-22,19:00:00,Shavit-2,,Active,,Success
Arianespace,"Ariane Launch Area 3, Guiana Space Centre, French Guiana",2010-06-26,21:41:00,Ariane 5 ECA,ArabSat-5A & COMS-1 (Chollian),Retired,,Success
Roscosmos,"1/5, Baikonur Cosmodrome, Republic of Kazakhstan",2010-06-30,15:35:14,Soyuz U,,Retired,,Success
International Launch Services,"200/39 (200L), Baikonur Cosmodrome, Republic of Kazakhstan",2010-07-10,18:40:36,Proton-M Briz-M Enhanced,,Active,,Success
ISRO,"Satish Dhawan Space Centre First Launch Pad, Satish Dhawan Space Centre, India",2010-07-12,03:52:00,PSLV-CA,"Cartosat-2B, AlSat-2A, StudSat, AISSat-1, TIsat-1",Active,16,Success
CASC,"Launch Complex 3 (LC-3/LA-1), Xichang Satellite Launch Center, People's Republic of China",2010-07-31,21:30:04,Long March 3A,,Active,,Success
Arianespace,"Ariane Launch Area 3, Guiana Space Centre, French Guiana",2010-08-04,20:59:00,Ariane 5 ECA,RASCOM-QAF1R & NILESAT 201,Retired,,Success
CASC,"Launch Complex 9, Taiyuan Satellite Launch Center, People's Republic of China",2010-08-09,22:49:05,Long March 4C,,Active,,Success
ULA,"Space Launch Complex 41, Cape Canaveral SFS, FL, USA",2010-08-14,11:07:00,Atlas V 531,,Retired,140,Success
CASC,"Launch Area 94 (SLS-2 / 603), Jiuquan Satellite Launch Center, People's Republic of China",2010-08-24,07:10:04,Long March 2D,,Active,30,Success
Khrunichev,"81/24 (81P), Baikonur Cosmodrome, Republic of Kazakhstan",2010-09-02,00:53:43,Proton-M DM-2 Enhanced,"3 x Glonass-M (Kosmos 2464, Kosmos 2465, Kosmos 2466)",Active,,Success
CASC,"Launch Complex 2 (LC-2), Xichang Satellite Launch Center, People's Republic of China",2010-09-04,16:14:04,Long March 3B,,Active,70,Success
VKS RF,"133/3 (133L), Plesetsk Cosmodrome, Russian Federation",2010-09-08,03:30:18,Rokot/Briz-KM,"Gonets-M12 & 2 x Strela-3 (Kosmos 2467, Kosmos 2468)",Active,,Success
Roscosmos,"31/6, Baikonur Cosmodrome, Republic of Kazakhstan",2010-09-10,10:22:57,Soyuz U,,Retired,,Success
MHI,"Yoshinobu Launch Complex LP-1, Tanegashima Space Center, Japan",2010-09-11,11:17:00,H-IIA 202,Michibiki (QZS-1),Retired,90,Success
ULA,"Space Launch Complex 3E, Vandenberg SFB, CA, USA",2010-09-21,04:03:30,Atlas V 501,NROL-41 (USA-215),Retired,120,Success
CASC,"Launch Area 94 (SLS-2 / 603), Jiuquan Satellite Launch Center, People's Republic of China",2010-09-22,02:42:04,Long March 2D,,Active,30,Success
Northrop,"Space Launch Complex 8, Vandenberg SFB, CA, USA",2010-09-26,04:41:00,Minotaur IV,,Active,,Success
VKS RF,"16/2, Plesetsk Cosmodrome, Russian Federation",2010-09-30,17:01:15,Molniya-M 2BL,US-K 86,Retired,,Success
CASC,"Launch Complex 2 (LC-2), Xichang Satellite Launch Center, People's Republic of China",2010-10-01,10:59:57,Long March 3C,,Active,,Success
CASC,"Launch Complex 7, Taiyuan Satellite Launch Center, People's Republic of China",2010-10-06,00:49:05,Long March 4B,,Active,,Success
Roscosmos,"1/5, Baikonur Cosmodrome, Republic of Kazakhstan",2010-10-07,23:10:55,Soyuz FG,Soyuz TMA-01M,Retired,,Success
Virgin Galactic,"Mojave Air and Space Port, Air launch to Suborbital flight",2010-10-10,12:00:00,SpaceShipTwo,VSS Enterprise GF01,Active,,Success
International Launch Services,"81/24 (81P), Baikonur Cosmodrome, Republic of Kazakhstan",2010-10-14,18:53:21,Proton-M Briz-M,,Active,,Success
Starsem SA,"31/6, Baikonur Cosmodrome, Republic of Kazakhstan",2010-10-19,17:10:53,Soyuz 2.1a Fregat-M,6 x Globalstar-2,Active,80,Success
Roscosmos,"1/5, Baikonur Cosmodrome, Republic of Kazakhstan",2010-10-27,15:11:53,Soyuz U,,Retired,,Success
Virgin Galactic,"Mojave Air and Space Port, Air launch to Suborbital flight",2010-10-28,12:00:00,SpaceShipTwo,VSS Enterprise GF02,Active,,Success
Arianespace,"Ariane Launch Area 3, Guiana Space Centre, French Guiana",2010-10-28,21:51:00,Ariane 5 ECA,Eutelsat W3B & BSAT-3b,Retired,,Success
CASC,"Launch Complex 2 (LC-2), Xichang Satellite Launch Center, People's Republic of China",2010-10-31,16:26:04,Long March 3C,,Active,,Success
VKS RF,"43/4 (43R), Plesetsk Cosmodrome, Russian Federation",2010-11-02,00:58:39,Soyuz 2.1a Fregat-M,,Active,80,Success
CASC,"Launch Complex 7, Taiyuan Satellite Launch Center, People's Republic of China",2010-11-04,18:37:12,Long March 4C,,Active,,Success
ULA,"Space Launch Complex 2W, Vandenberg SFB, CA, USA",2010-11-06,02:20:03,Delta II 7420-10C,,Retired,51,Success
International Launch Services,"200/39 (200L), Baikonur Cosmodrome, Republic of Kazakhstan",2010-11-14,17:29:20,Proton-M Briz-M Enhanced,,Active,,Success
Virgin Galactic,"Mojave Air and Space Port, Air launch to Suborbital flight",2010-11-17,00:00:00,SpaceShipTwo,VSS Enterprise GF03,Active,,Success
Northrop,"Launch Pad 1, Pacific Spaceport Complex, Alaska, USA",2010-11-20,01:25:00,Minotaur IV HAPS,STP S-26,Active,,Success
ULA,"Space Launch Complex 37B, Cape Canaveral SFS, FL, USA",2010-11-21,22:58:00,Delta IV Heavy,NROL-32 (Mentor) (USA-223),Retired,350,Success
CASC,"Launch Complex 3 (LC-3/LA-1), Xichang Satellite Launch Center, People's Republic of China",2010-11-24,16:09:04,Long March 3A,,Active,,Success
Arianespace,"Ariane Launch Area 3, Guiana Space Centre, French Guiana",2010-11-26,18:39:00,Ariane 5 ECA,Intelsat 17 & HYLAS 1,Retired,,Success
Khrunichev,"81/24 (81P), Baikonur Cosmodrome, Republic of Kazakhstan",2010-12-05,10:25:00,Proton-M Blok DM-03,"3 x Glonass-M (Kosmos 2470, Kosmos 2471, Kosmos 2472)",Active,65,Failure
SpaceX,"Space Launch Complex 40, Cape Canaveral SFS, FL, USA",2010-12-08,15:43:00,Falcon 9 v1.0,SpaceX COTS Demo Flight 1,Retired,59,Success
Roscosmos,"1/5, Baikonur Cosmodrome, Republic of Kazakhstan",2010-12-15,19:09:25,Soyuz FG,Soyuz TMA-20,Retired,,Success
CASC,"Launch Complex 3 (LC-3/LA-1), Xichang Satellite Launch Center, People's Republic of China",2010-12-17,20:20:04,Long March 3A,,Active,,Success
ISRO,"Satish Dhawan Space Centre Second Launch Pad, Satish Dhawan Space Centre, India",2010-12-25,10:34:00,GSLV,,Active,47,Failure
International Launch Services,"200/39 (200L), Baikonur Cosmodrome, Republic of Kazakhstan",2010-12-26,21:51:00,Proton-M Briz-M Enhanced,,Active,,Success
Arianespace,"Ariane Launch Area 3, Guiana Space Centre, French Guiana",2010-12-29,21:27:00,Ariane 5 ECA, Hispasat-1E & Koreasat 6,Retired,,Success
Virgin Galactic,"Mojave Air and Space Port, Air launch to Suborbital flight",2011-01-13,12:00:00,SpaceShipTwo,GF04,Active,,Success
Roscosmos,"45/1, Baikonur Cosmodrome, Republic of Kazakhstan",2011-01-20,12:29:01,Zenit,Elektro-L No.1,Retired,,Success
ULA,"Space Launch Complex 6, Vandenberg SFB, CA, USA",2011-01-20,21:10:30,Delta IV Heavy,NROL-49 (KH-11) (USA-224),Retired,350,Success
MHI,"Yoshinobu Launch Complex LP-2, Tanegashima Space Center, Japan",2011-01-22,05:37:57,H-IIB 304,Kounotori 2 (HTV-2),Retired,112.5,Success
Roscosmos,"1/5, Baikonur Cosmodrome, Republic of Kazakhstan",2011-01-28,01:31:41,Soyuz U,,Retired,,Success
VKS RF,"133/3 (133L), Plesetsk Cosmodrome, Russian Federation",2011-02-01,14:00:14,Rokot/Briz-KM,Geo-IK-2 No.11L (Kosmos 2470),Active,,Failure
Northrop,"Space Launch Complex 8, Vandenberg SFB, CA, USA",2011-02-06,12:26:00,Minotaur I,NROL-66 (RPP) (USA-225),Active,,Success
Arianespace,"Ariane Launch Area 3, Guiana Space Centre, French Guiana",2011-02-16,21:51:02,Ariane 5 ES,Johannes Kepler ATV (ATV-002),Retired,,Success
United Space Alliance,"Launch Complex 39A, Kennedy Space Center, FL, USA",2011-02-24,21:53:24,Space Shuttle,STS-133,Retired,450,Success
VKS RF,"43/4 (43R), Plesetsk Cosmodrome, Russian Federation",2011-02-26,03:07:15,Soyuz 2.1b Fregat,Glonass-K1 (Kosmos 2471),Active,80,Success
Northrop,"Space Launch Complex 8, Vandenberg SFB, CA, USA",2011-03-04,10:09:43,Minotaur C,,Retired,,Failure
ULA,"Space Launch Complex 41, Cape Canaveral SFS, FL, USA",2011-03-05,22:46:00,Atlas V 501,OTV-2 (X-37B) (USA-226),Retired,120,Success
ULA,"Space Launch Complex 37B, Cape Canaveral SFS, FL, USA",2011-03-11,23:38:00,"Delta IV M+(4,2)",,Retired,350,Success
Roscosmos,"1/5, Baikonur Cosmodrome, Republic of Kazakhstan",2011-04-04,22:18:20,Soyuz FG,Soyuz TMA-21,Retired,,Success
CASC,"Launch Complex 3 (LC-3/LA-1), Xichang Satellite Launch Center, People's Republic of China",2011-04-09,20:47:04,Long March 3A,,Active,,Success
ULA,"Space Launch Complex 3E, Vandenberg SFB, CA, USA",2011-04-15,04:24:10,Atlas V 411,,Retired,115,Success
ISRO,"Satish Dhawan Space Centre First Launch Pad, Satish Dhawan Space Centre, India",2011-04-20,04:42:00,PSLV,,Active,21,Success
Virgin Galactic,"Mojave Air and Space Port, Air launch to Suborbital flight",2011-04-22,12:00:00,SpaceShipTwo,VSS Enterprise GF05,Active,,Success
Arianespace,"Ariane Launch Area 3, Guiana Space Centre, French Guiana",2011-04-22,21:37:00,Ariane 5 ECA,Yahsat 1A & New Dawn,Retired,,Success
Virgin Galactic,"Mojave Air and Space Port, Air launch to Suborbital flight",2011-04-27,12:00:00,SpaceShipTwo,VSS Enterprise GF06,Active,,Success
Roscosmos,"1/5, Baikonur Cosmodrome, Republic of Kazakhstan",2011-04-27,13:05:21,Soyuz U,,Retired,,Success
Virgin Galactic,"Mojave Air and Space Port, Air launch to Suborbital flight",2011-05-04,12:00:00,SpaceShipTwo,VSS Enterprise GF07,Active,,Success
VKS RF,"43/4 (43R), Plesetsk Cosmodrome, Russian Federation",2011-05-04,17:41:33,Soyuz 2.1a Fregat-M,,Active,80,Success
ULA,"Space Launch Complex 41, Cape Canaveral SFS, FL, USA",2011-05-07,18:10:00,Atlas V 401,SBIRS GEO Flight 1 (USA-230) (SBIRS GEO-1),Retired,115,Success
Virgin Galactic,"Mojave Air and Space Port, Air launch to Suborbital flight",2011-05-10,12:00:00,SpaceShipTwo,VSS Enterprise GF08,Active,,Success
United Space Alliance,"Launch Complex 39A, Kennedy Space Center, FL, USA",2011-05-16,12:56:28,Space Shuttle,STS-134,Retired,450,Success
Virgin Galactic,"Mojave Air and Space Port, Air launch to Suborbital flight",2011-05-19,12:00:00,SpaceShipTwo,GF09,Active,,Success
International Launch Services,"200/39 (200L), Baikonur Cosmodrome, Republic of Kazakhstan",2011-05-20,19:15:19,Proton-M Briz-M Enhanced,,Active,,Success
Arianespace,"Ariane Launch Area 3, Guiana Space Centre, French Guiana",2011-05-20,20:38:00,Ariane 5 ECA,ST-2 & INSAT-4G/GSAT-8,Retired,,Success
Virgin Galactic,"Mojave Air and Space Port, Air launch to Suborbital flight",2011-05-25,12:00:00,SpaceShipTwo,VSS Enterprise GF10,Active,,Success
Roscosmos,"1/5, Baikonur Cosmodrome, Republic of Kazakhstan",2011-06-07,20:12:45,Soyuz FG,Soyuz TMA-02M,Retired,,Success
Virgin Galactic,"Mojave Air and Space Port, Air launch to Suborbital flight",2011-06-09,12:00:00,SpaceShipTwo,VSS Enterprise CC12,Active,,Partial Failure
ULA,"Space Launch Complex 2W, Vandenberg SFB, CA, USA",2011-06-10,14:20:13,Delta II 7320,,Retired,51,Success
Virgin Galactic,"Mojave Air and Space Port, Air launch to Suborbital flight",2011-06-14,12:00:00,SpaceShipTwo,VSS Enterprise GF11,Active,,Success
Iranian Space Agency,"Safir Launch Pad, Semnan Space Center, Islamic Republic of Iran",2011-06-15,09:15:03,Safir,,Active,,Success
Virgin Galactic,"Mojave Air and Space Port, Air launch to Suborbital flight",2011-06-15,12:00:00,SpaceShipTwo,VSS Enterprise GF12,Active,,Success
CASC,"Launch Complex 2 (LC-2), Xichang Satellite Launch Center, People's Republic of China",2011-06-20,16:13:04,Long March 3B,,Active,70,Success
Virgin Galactic,"Mojave Air and Space Port, Air launch to Suborbital flight",2011-06-21,12:00:00,SpaceShipTwo,VSS Enterprise GF13,Active,,Success
Roscosmos,"1/5, Baikonur Cosmodrome, Republic of Kazakhstan",2011-06-21,14:38:15,Soyuz U,,Retired,,Success
Virgin Galactic,"Mojave Air and Space Port, Air launch to Suborbital flight",2011-06-23,12:00:00,SpaceShipTwo,VSS Enterprise GF14,Active,,Success
Virgin Galactic,"Mojave Air and Space Port, Air launch to Suborbital flight",2011-06-27,12:00:00,SpaceShipTwo,VSS Enterprise GF15,Active,,Success
VKS RF,"16/2, Plesetsk Cosmodrome, Russian Federation",2011-06-27,16:00:00,Soyuz U,,Retired,,Success
Northrop,"Launch Area 0 B, Wallops Flight Facility, Virginia, USA",2011-06-30,03:09:00,Minotaur I,ORS-1 (USA-231),Active,,Success
CASC,"Launch Area 94 (SLS-2 / 603), Jiuquan Satellite Launch Center, People's Republic of China",2011-07-06,04:28:04,Long March 2C,,Active,,Success
United Space Alliance,"Launch Complex 39A, Kennedy Space Center, FL, USA",2011-07-08,15:29:04,Space Shuttle,STS-135,Retired,450,Success
CASC,"Launch Complex 2 (LC-2), Xichang Satellite Launch Center, People's Republic of China",2011-07-11,15:41:04,Long March 3C,,Active,,Success
Starsem SA,"31/6, Baikonur Cosmodrome, Republic of Kazakhstan",2011-07-13,02:27:04,Soyuz 2.1a Fregat-M,6 x Globalstar-2,Active,80,Success
ISRO,"Satish Dhawan Space Centre First Launch Pad, Satish Dhawan Space Centre, India",2011-07-15,11:18:00,PSLV XL,,Active,,Success
International Launch Services,"200/39 (200L), Baikonur Cosmodrome, Republic of Kazakhstan",2011-07-15,23:16:10,Proton-M Briz-M Enhanced,SES-3 & KazSat-2,Active,,Success
ULA,"Space Launch Complex 37B, Cape Canaveral SFS, FL, USA",2011-07-16,06:41:00,"Delta IV M+(4,2)",GPS IIF-2 (USA-232),Retired,350,Success
Roscosmos,"45/1, Baikonur Cosmodrome, Republic of Kazakhstan",2011-07-18,02:31:18,Zenit,Spektr-R (RadioAstron),Retired,,Success
CASC,"Launch Complex 3 (LC-3/LA-1), Xichang Satellite Launch Center, People's Republic of China",2011-07-26,21:44:28,Long March 3A,,Active,,Success
CASC,"Launch Area 94 (SLS-2 / 603), Jiuquan Satellite Launch Center, People's Republic of China",2011-07-29,07:42:03,Long March 2C,,Active,,Success
ULA,"Space Launch Complex 41, Cape Canaveral SFS, FL, USA",2011-08-05,16:25:00,Atlas V 551,Juno,Retired,153,Success
Arianespace,"Ariane Launch Area 3, Guiana Space Centre, French Guiana",2011-08-06,22:52:37,Ariane 5 ECA,Astra 1N & BSAT-3c/JCSAT-110R,Retired,,Success
CASC,"Launch Complex 2 (LC-2), Xichang Satellite Launch Center, People's Republic of China",2011-08-11,16:15:04,Long March 3B/E,,Active,70,Success
CASC,"Launch Complex 7, Taiyuan Satellite Launch Center, People's Republic of China",2011-08-15,22:57:19,Long March 4B,,Active,,Success
ISC Kosmotras,"370/13, Dombarovskiy, Russian Federation",2011-08-17,07:12:20,Dnepr 1,,Retired,,Success
Khrunichev,"200/39 (200L), Baikonur Cosmodrome, Republic of Kazakhstan",2011-08-17,21:25:01,Proton-M Briz-M Enhanced,,Active,,Failure
CASC,"Launch Area 94 (SLS-2 / 603), Jiuquan Satellite Launch Center, People's Republic of China",2011-08-18,09:28:00,Long March 2C,,Active,,Failure
Roscosmos,"1/5, Baikonur Cosmodrome, Republic of Kazakhstan",2011-08-24,00:00:00,Soyuz U,,Retired,,Failure
ULA,"Space Launch Complex 17B, Cape Canaveral SFS, FL, USA",2011-09-10,13:08:52,Delta II 7920H-10C,,Retired,51,Success
CASC,"Launch Complex 2 (LC-2), Xichang Satellite Launch Center, People's Republic of China",2011-09-18,16:33:03,Long March 3B/E,,Active,70,Success
Khrunichev,"81/24 (81P), Baikonur Cosmodrome, Republic of Kazakhstan",2011-09-20,22:47:00,Proton-M Briz-M,,Active,,Success
Arianespace,"Ariane Launch Area 3, Guiana Space Centre, French Guiana",2011-09-21,21:38:00,Ariane 5 ECA,Arabsat 5C & SES-2,Retired,,Success
MHI,"Yoshinobu Launch Complex LP-1, Tanegashima Space Center, Japan",2011-09-23,04:36:50,H-IIA 202,IGS Optical 4,Retired,90,Success
Sea Launch,"Launch Platform Odyssey, Sea Launch",2011-09-24,20:17:59,Zenit 3SL,,Retired,,Success
Northrop,"Launch Pad 1, Pacific Spaceport Complex, Alaska, USA",2011-09-27,15:49:00,Minotaur IV+,,Active,,Success
Virgin Galactic,"Mojave Air and Space Port, Air launch to Suborbital flight",2011-09-29,12:00:00,SpaceShipTwo,VSS Enterprise GF16,Active,,Success
CASC,"Launch Area 91 (SLS-1 / 921), Jiuquan Satellite Launch Center, People's Republic of China",2011-09-29,13:16:03,Long March 2F/G,,Active,,Success
International Launch Services,"200/39 (200L), Baikonur Cosmodrome, Republic of Kazakhstan",2011-09-29,18:32:00,Proton-M Briz-M Enhanced,,Active,,Success
VKS RF,"43/4 (43R), Plesetsk Cosmodrome, Russian Federation",2011-10-02,20:15:14,Soyuz 2.1b Fregat,Glonass-M (Kosmos 2474),Active,80,Success
Sea Launch,"45/1, Baikonur Cosmodrome, Republic of Kazakhstan",2011-10-05,21:00:02,Zenit 3SLB,,Retired,,Success
CASC,"Launch Complex 2 (LC-2), Xichang Satellite Launch Center, People's Republic of China",2011-10-07,08:21:04,Long March 3B/E,,Active,70,Success
ISRO,"Satish Dhawan Space Centre First Launch Pad, Satish Dhawan Space Centre, India",2011-10-12,05:31:00,PSLV-CA,,Active,16,Success
International Launch Services,"200/39 (200L), Baikonur Cosmodrome, Republic of Kazakhstan",2011-10-19,18:48:58,Proton-M Briz-M Enhanced,,Active,,Success
Arianespace,"Soyuz Launch Complex, Guiana Space Centre, French Guiana",2011-10-21,10:30:26,Soyuz STB Fregat,Galileo L1 (IOV FM01-FM02),Retired,,Success
ULA,"Space Launch Complex 2W, Vandenberg SFB, CA, USA",2011-10-28,09:48:01,Delta II 7920-10C,,Retired,51,Success
Roscosmos,"1/5, Baikonur Cosmodrome, Republic of Kazakhstan",2011-10-30,10:11:12,Soyuz U,,Retired,,Success
CASC,"Launch Area 91 (SLS-1 / 921), Jiuquan Satellite Launch Center, People's Republic of China",2011-10-31,21:58:10,Long March 2F/G,Shenzhou-8 & Shenzhou-8-GC,Active,,Success
Khrunichev,"81/24 (81P), Baikonur Cosmodrome, Republic of Kazakhstan",2011-11-04,12:51:41,Proton-M Briz-M,"3 x Glonass-M (Kosmos 2475, Kosmos 2476, Kosmos 2477)",Active,,Success
Roscosmos,"45/1, Baikonur Cosmodrome, Republic of Kazakhstan",2011-11-08,20:16:03,Zenit 2M,,Retired,,Failure
CASC,"Launch Complex 9, Taiyuan Satellite Launch Center, People's Republic of China",2011-11-09,03:21:05,Long March 4B,Yaogan 12 & Tianxun-1,Active,,Success
Roscosmos,"1/5, Baikonur Cosmodrome, Republic of Kazakhstan",2011-11-14,04:14:03,Soyuz FG,Soyuz TMA-22,Retired,,Success
CASC,"Launch Area 94 (SLS-2 / 603), Jiuquan Satellite Launch Center, People's Republic of China",2011-11-20,00:15:04,Long March 2D,,Active,30,Success
International Launch Services,"200/39 (200L), Baikonur Cosmodrome, Republic of Kazakhstan",2011-11-25,19:10:34,Proton-M Briz-M Enhanced,,Active,,Success
ULA,"Space Launch Complex 41, Cape Canaveral SFS, FL, USA",2011-11-26,15:02:00,Atlas V 541,MSL (Curiosity),Retired,145,Success
VKS RF,"43/4 (43R), Plesetsk Cosmodrome, Russian Federation",2011-11-28,08:25:57,Soyuz 2.1b Fregat,Glonass-M (Kosmos 2478),Active,80,Success
CASC,"Launch Complex 7, Taiyuan Satellite Launch Center, People's Republic of China",2011-11-29,18:50:04,Long March 2C,,Active,,Success
CASC,"Launch Complex 3 (LC-3/LA-1), Xichang Satellite Launch Center, People's Republic of China",2011-12-01,21:07:04,Long March 3A,,Active,,Success
Khrunichev,"81/24 (81P), Baikonur Cosmodrome, Republic of Kazakhstan",2011-12-11,11:17:00,Proton-M Briz-M Enhanced,,Active,,Success
MHI,"Yoshinobu Launch Complex LP-1, Tanegashima Space Center, Japan",2011-12-12,01:21:00,H-IIA 202,IGS Radar 3,Retired,90,Success
Arianespace,"Soyuz Launch Complex, Guiana Space Centre, French Guiana",2011-12-17,02:03:08,Soyuz STA Fregat,"Pléiades-HR 1A, FASat-Charlie (SSOT), 4 x ELISA",Retired,,Success
CASC,"Launch Complex 2 (LC-2), Xichang Satellite Launch Center, People's Republic of China",2011-12-19,16:41:03,Long March 3B/E,,Active,70,Success
Roscosmos,"1/5, Baikonur Cosmodrome, Republic of Kazakhstan",2011-12-21,13:16:15,Soyuz FG,Soyuz TMA-03M,Retired,,Success
CASC,"Launch Complex 7, Taiyuan Satellite Launch Center, People's Republic of China",2011-12-22,03:26:14,Long March 4B,,Active,,Success
Russian Aerospace Defence Forces,"43/4 (43R), Plesetsk Cosmodrome, Russian Federation",2011-12-23,12:08:00,Soyuz 2.1b Fregat,,Active,80,Failure
Starsem SA,"31/6, Baikonur Cosmodrome, Republic of Kazakhstan",2011-12-28,17:09:02,Soyuz 2.1a Fregat-M,6 x Globalstar-2,Active,80,Success
CASC,"Launch Complex 9, Taiyuan Satellite Launch Center, People's Republic of China",2012-01-09,03:17:09,Long March 4B,,Active,,Success
CASC,"Launch Complex 3 (LC-3/LA-1), Xichang Satellite Launch Center, People's Republic of China",2012-01-13,00:56:04,Long March 3A,,Active,,Success
ULA,"Space Launch Complex 37B, Cape Canaveral SFS, FL, USA",2012-01-20,00:38:00,"Delta IV M+(5,4)",WGS-4 (USA-233),Retired,,Success
Roscosmos,"1/5, Baikonur Cosmodrome, Republic of Kazakhstan",2012-01-25,23:06:40,Soyuz U,,Retired,,Success
Iranian Space Agency,"Safir Launch Pad, Semnan Space Center, Islamic Republic of Iran",2012-02-03,00:04:00,Safir,,Active,,Success
ESA,"Ariane Launch Area 1 (ELV), Guiana Space Centre, French Guiana",2012-02-13,10:00:00,Vega,,Retired,37,Success
International Launch Services,"200/39 (200L), Baikonur Cosmodrome, Republic of Kazakhstan",2012-02-14,19:36:37,Proton-M Briz-M,SES-4,Active,,Success
CASC,"Launch Complex 2 (LC-2), Xichang Satellite Launch Center, People's Republic of China",2012-02-24,16:12:04,Long March 3C,,Active,,Success
ULA,"Space Launch Complex 41, Cape Canaveral SFS, FL, USA",2012-02-24,22:15:00,Atlas V 551,MUOS-1,Retired,153,Success
Arianespace,"Ariane Launch Area 3, Guiana Space Centre, French Guiana",2012-03-23,04:34:05,Ariane 5 ES,Edoardo Amaldi ATV (ATV-003),Retired,,Success
International Launch Services,"200/39 (200L), Baikonur Cosmodrome, Republic of Kazakhstan",2012-03-25,12:10:32,Proton-M Briz-M Enhanced,,Active,,Success
Khrunichev,"81/24 (81P), Baikonur Cosmodrome, Republic of Kazakhstan",2012-03-30,05:49:32,Proton K/DM-2,,Retired,,Success
CASC,"Launch Complex 2 (LC-2), Xichang Satellite Launch Center, People's Republic of China",2012-03-31,10:27:04,Long March 3B/E,,Active,70,Success
ULA,"Space Launch Complex 6, Vandenberg SFB, CA, USA",2012-04-03,23:12:57,"Delta IV M+(5,2)",,Retired,80,Success
Korean Committee of Space Technology,"Unha Launch Pad, Sohae Satellite Launching Station,  Cholsan County, North Pyongan Province, Democratic People's Republic of Korea",2012-04-12,22:38:55,Unha-3,,Active,,Failure
Roscosmos,"31/6, Baikonur Cosmodrome, Republic of Kazakhstan",2012-04-20,12:50:24,Soyuz U,,Retired,,Success
International Launch Services,"200/39 (200L), Baikonur Cosmodrome, Republic of Kazakhstan",2012-04-23,22:18:13,Proton-M Briz-M Enhanced,,Active,,Success
ISRO,"Satish Dhawan Space Centre First Launch Pad, Satish Dhawan Space Centre, India",2012-04-26,00:17:00,PSLV XL,,Active,,Success
CASC,"Launch Complex 2 (LC-2), Xichang Satellite Launch Center, People's Republic of China",2012-04-29,20:50:03,Long March 3B/E,,Active,70,Success
ULA,"Space Launch Complex 41, Cape Canaveral SFS, FL, USA",2012-05-04,18:42:00,Atlas V 531,AEHF-1 (USA-214),Retired,140,Success
CASC,"Launch Area 94 (SLS-2 / 603), Jiuquan Satellite Launch Center, People's Republic of China",2012-05-06,07:10:04,Long March 2D,,Active,30,Success
CASC,"Launch Complex 9, Taiyuan Satellite Launch Center, People's Republic of China",2012-05-10,07:06:04,Long March 4B,,Active,,Success
Roscosmos,"1/5, Baikonur Cosmodrome, Republic of Kazakhstan",2012-05-15,03:01:23,Soyuz FG,Soyuz TMA-04M,Retired,,Success
Arianespace,"Ariane Launch Area 3, Guiana Space Centre, French Guiana",2012-05-15,22:13:00,Ariane 5 ECA,JCSAT-13 & Vinasat-2,Retired,,Success
Russian Aerospace Defence Forces,"16/2, Plesetsk Cosmodrome, Russian Federation",2012-05-17,14:05:00,Soyuz U,,Retired,,Success
MHI,"Yoshinobu Launch Complex LP-1, Tanegashima Space Center, Japan",2012-05-17,16:39:00,H-IIA 202,GCOM-W1,Retired,90,Success
International Launch Services,"81/24 (81P), Baikonur Cosmodrome, Republic of Kazakhstan",2012-05-17,19:12:14,Proton-M Briz-M,,Active,,Success
SpaceX,"Space Launch Complex 40, Cape Canaveral SFS, FL, USA",2012-05-22,07:44:38,Falcon 9 v1.0,SpaceX COTS Demo Flight 2,Retired,59,Success
Iranian Space Agency,"Safir Launch Pad, Semnan Space Center, Islamic Republic of Iran",2012-05-23,00:00:00,Safir 1B,,Active,,Failure
CASC,"Launch Complex 2 (LC-2), Xichang Satellite Launch Center, People's Republic of China",2012-05-26,15:56:04,Long March 3B/E,,Active,70,Success
CASC,"Launch Complex 9, Taiyuan Satellite Launch Center, People's Republic of China",2012-05-29,07:31:05,Long March 4C,,Active,,Success
Sea Launch,"Launch Platform Odyssey, Sea Launch",2012-06-01,05:22:59,Zenit 3SL,,Retired,,Success
Northrop,"Kwajalein Atoll, Air launch to orbit",2012-06-13,16:00:37,Pegasus XL,Nuclear Spectroscopic Telescope Array (NuSTAR),Active,40,Success
CASC,"Launch Area 91 (SLS-1 / 921), Jiuquan Satellite Launch Center, People's Republic of China",2012-06-16,10:37:24,Long March 2F/G,Shenzhou-9 & Shenzhou-9-GC,Active,,Success
ULA,"Space Launch Complex 41, Cape Canaveral SFS, FL, USA",2012-06-20,12:28:00,Atlas V 401,,Retired,115,Success
Virgin Galactic,"Mojave Air and Space Port, Air launch to Suborbital flight",2012-06-26,12:00:00,SpaceShipTwo,VSS Enterprise GF17,Active,,Success
Virgin Galactic,"Mojave Air and Space Port, Air launch to Suborbital flight",2012-06-29,12:00:00,SpaceShipTwo,VSS Enterprise GF18,Active,,Success
ULA,"Space Launch Complex 37B, Cape Canaveral SFS, FL, USA",2012-06-29,13:15:00,Delta IV Heavy,NROL-15 (Mentor) (USA-237),Retired,350,Success
Arianespace,"Ariane Launch Area 3, Guiana Space Centre, French Guiana",2012-07-05,21:36:07,Ariane 5 ECA,Echostar XVII & MSG-3,Retired,,Success
International Launch Services,"81/24 (81P), Baikonur Cosmodrome, Republic of Kazakhstan",2012-07-09,18:38:30,Proton-M Briz-M Enhanced,SES-5,Active,,Success
Roscosmos,"1/5, Baikonur Cosmodrome, Republic of Kazakhstan",2012-07-15,02:40:03,Soyuz FG,Soyuz TMA-05M,Retired,,Success
Virgin Galactic,"Mojave Air and Space Port, Air launch to Suborbital flight",2012-07-18,12:00:00,SpaceShipTwo,VSS Enterprise GF19,Active,,Success
MHI,"Yoshinobu Launch Complex LP-2, Tanegashima Space Center, Japan",2012-07-21,02:06:18,H-IIB 304,Kounotori 3 (HTV-3),Retired,112.5,Success
Roscosmos,"31/6, Baikonur Cosmodrome, Republic of Kazakhstan",2012-07-22,06:41:39,Soyuz-FG Fregat,,Retired,,Success
CASC,"Launch Complex 2 (LC-2), Xichang Satellite Launch Center, People's Republic of China",2012-07-25,15:43:04,Long March 3C,,Active,,Success
Russian Aerospace Defence Forces,"133/3 (133L), Plesetsk Cosmodrome, Russian Federation",2012-07-28,01:35:34,Rokot/Briz-KM,"Gonets M-13, Gonets M-15, Strela-3M (Kosmos-2481) & Yubileyniy 2 (MiR)",Active,,Success
Roscosmos,"1/5, Baikonur Cosmodrome, Republic of Kazakhstan",2012-08-01,19:35:13,Soyuz U,,Retired,,Success
Virgin Galactic,"Mojave Air and Space Port, Air launch to Suborbital flight",2012-08-02,12:00:00,SpaceShipTwo,VSS Enterprise GF20,Active,,Success
Arianespace,"Ariane Launch Area 3, Guiana Space Centre, French Guiana",2012-08-02,20:54:00,Ariane 5 ECA,Intelsat 20 & HYLAS 2,Retired,,Success
Khrunichev,"81/24 (81P), Baikonur Cosmodrome, Republic of Kazakhstan",2012-08-06,19:31:00,Proton-M Briz-M Enhanced,,Active,,Failure
Virgin Galactic,"Mojave Air and Space Port, Air launch to Suborbital flight",2012-08-07,12:00:00,SpaceShipTwo,VSS Enterprise GF21,Active,,Success
Virgin Galactic,"Mojave Air and Space Port, Air launch to Suborbital flight",2012-08-11,12:00:00,SpaceShipTwo,VSS Enterprise GF22,Active,,Success
Sea Launch,"Launch Platform Odyssey, Sea Launch",2012-08-19,06:54:59,Zenit 3SL,,Retired,,Success
ULA,"Space Launch Complex 41, Cape Canaveral SFS, FL, USA",2012-08-30,08:05:27,Atlas V 401,Radiation Belt Storm Probe A,Retired,115,Success
Antrix Corporation Limited,"Satish Dhawan Space Centre First Launch Pad, Satish Dhawan Space Centre, India",2012-09-09,04:23:00,PSLV-CA,,Active,16,Success
ULA,"Space Launch Complex 3E, Vandenberg SFB, CA, USA",2012-09-13,21:39:00,Atlas V 401,,Retired,115,Success
Starsem SA,"31/6, Baikonur Cosmodrome, Republic of Kazakhstan",2012-09-17,16:28:40,Soyuz 2.1a Fregat-M,MetOp-B,Active,80,Success
CASC,"Launch Complex 2 (LC-2), Xichang Satellite Launch Center, People's Republic of China",2012-09-18,19:10:04,Long March 3B/E,,Active,70,Success
Iranian Space Agency,"Safir Launch Pad, Semnan Space Center, Islamic Republic of Iran",2012-09-22,00:00:00,Safir 1B,,Active,,Failure
Arianespace,"Ariane Launch Area 3, Guiana Space Centre, French Guiana",2012-09-28,21:18:07,Ariane 5 ECA,Astra 2F & GSAT-10,Retired,,Success
CASC,"Launch Area 94 (SLS-2 / 603), Jiuquan Satellite Launch Center, People's Republic of China",2012-09-29,04:12:04,Long March 2D,,Active,30,Success
ULA,"Space Launch Complex 37B, Cape Canaveral SFS, FL, USA",2012-10-04,12:10:00,"Delta IV M+(4,2)",GPS IIF-3 (USA-239),Retired,350,Success
SpaceX,"Space Launch Complex 40, Cape Canaveral SFS, FL, USA",2012-10-08,00:35:07,Falcon 9 v1.0,SpX CRS-1,Retired,59,Partial Failure
Arianespace,"Soyuz Launch Complex, Guiana Space Centre, French Guiana",2012-10-12,18:15:01,Soyuz STB Fregat-MT,Galileo L2 (IOV FM03-FM04),Retired,80,Success
CASC,"Launch Complex 9, Taiyuan Satellite Launch Center, People's Republic of China",2012-10-14,03:25:05,Long March 2C/SMA,,Retired,,Success
International Launch Services,"81/24 (81P), Baikonur Cosmodrome, Republic of Kazakhstan",2012-10-14,08:37:00,Proton-M Briz-M Enhanced,,Active,,Success
Roscosmos,"31/6, Baikonur Cosmodrome, Republic of Kazakhstan",2012-10-23,10:51:11,Soyuz FG,Soyuz TMA-06M,Retired,,Success
CASC,"Launch Complex 2 (LC-2), Xichang Satellite Launch Center, People's Republic of China",2012-10-25,15:33:04,Long March 3C,,Active,,Success
Roscosmos,"1/5, Baikonur Cosmodrome, Republic of Kazakhstan",2012-10-31,07:41:18,Soyuz U,,Retired,,Success
Khrunichev,"81/24 (81P), Baikonur Cosmodrome, Republic of Kazakhstan",2012-11-02,21:04:00,Proton-M Briz-M Enhanced,,Active,,Success
Arianespace,"Ariane Launch Area 3, Guiana Space Centre, French Guiana",2012-11-10,21:05:07,Ariane 5 ECA,"218, B-SAT",Retired,,Success
Russian Aerospace Defence Forces,"43/4 (43R), Plesetsk Cosmodrome, Russian Federation",2012-11-14,11:42:46,Soyuz 2.1a Fregat-M,,Active,80,Success
CASC,"Launch Complex 9, Taiyuan Satellite Launch Center, People's Republic of China",2012-11-18,22:53:04,Long March 2C,,Active,,Success
International Launch Services,"200/39 (200L), Baikonur Cosmodrome, Republic of Kazakhstan",2012-11-20,18:31:00,Proton-M Briz-M Enhanced,,Active,,Success
CASC,"Launch Area 94 (SLS-2 / 603), Jiuquan Satellite Launch Center, People's Republic of China",2012-11-25,04:06:04,Long March 4C,,Active,,Success
CASC,"Launch Complex 2 (LC-2), Xichang Satellite Launch Center, People's Republic of China",2012-11-27,10:13:03,Long March 3B/E,,Active,70,Success
Arianespace,"Soyuz Launch Complex, Guiana Space Centre, French Guiana",2012-12-02,02:02:51,Soyuz STA Fregat,,Retired,,Success
Sea Launch,"Launch Platform Odyssey, Sea Launch",2012-12-03,20:43:59,Zenit 3SL,,Retired,,Success
International Launch Services,"200/39 (200L), Baikonur Cosmodrome, Republic of Kazakhstan",2012-12-08,13:13:43,Proton-M Briz-M Enhanced,,Active,,Partial Failure
ULA,"Space Launch Complex 41, Cape Canaveral SFS, FL, USA",2012-12-11,18:03:00,Atlas V 501,OTV-3 (X-37B) (USA-240),Retired,120,Success
Korean Committee of Space Technology,"Unha Launch Pad, Sohae Satellite Launching Station,  Cholsan County, North Pyongan Province, Democratic People's Republic of Korea",2012-12-12,00:49:46,Unha-3,,Active,,Success
CASC,"Launch Area 94 (SLS-2 / 603), Jiuquan Satellite Launch Center, People's Republic of China",2012-12-18,16:13:04,Long March 2D,,Active,30,Success
Virgin Galactic,"Mojave Air and Space Port, Air launch to Suborbital flight",2012-12-19,12:00:00,SpaceShipTwo,VSS Enterprise GF23,Active,,Success
Roscosmos,"1/5, Baikonur Cosmodrome, Republic of Kazakhstan",2012-12-19,12:12:35,Soyuz FG,Soyuz TMA-07M,Retired,,Success
Arianespace,"Ariane Launch Area 3, Guiana Space Centre, French Guiana",2012-12-19,21:49:07,Ariane 5 ECA,Skynet 5D & Mexsat-3,Retired,,Success
Russian Aerospace Defence Forces,"133/3 (133L), Plesetsk Cosmodrome, Russian Federation",2013-01-15,16:24:59,Rokot/Briz-KM,,Active,,Failure
MHI,"Yoshinobu Launch Complex LP-1, Tanegashima Space Center, Japan",2013-01-27,04:40:00,H-IIA 202,IGS Radar 4 & IGS Optical 5V,Retired,90,Success
KARI,"LC-1, Naro Space Center, South Korea",2013-01-30,07:00:00,KSLV Naro-1,,Retired,,Success
ULA,"Space Launch Complex 41, Cape Canaveral SFS, FL, USA",2013-01-31,01:48:00,Atlas V 401,TDRS-K,Retired,115,Success
Sea Launch,"Launch Platform Odyssey, Sea Launch",2013-02-01,06:56:00,Zenit 3SL,,Retired,,Failure
Starsem SA,"31/6, Baikonur Cosmodrome, Republic of Kazakhstan",2013-02-06,16:04:24,Soyuz 2.1a Fregat-M,6 x Globalstar-2,Active,80,Success
Arianespace,"Ariane Launch Area 3, Guiana Space Centre, French Guiana",2013-02-07,21:36:07,Ariane 5 ECA,Azerspace-1/Africasat-1a & Amazonas 3,Retired,,Success
Roscosmos,"1/5, Baikonur Cosmodrome, Republic of Kazakhstan",2013-02-11,14:41:46,Soyuz U,,Retired,,Success
ULA,"Space Launch Complex 3E, Vandenberg SFB, CA, USA",2013-02-11,18:02:00,Atlas V 401,Landsat 8 (DCM),Retired,115,Success
ISRO,"Satish Dhawan Space Centre First Launch Pad, Satish Dhawan Space Centre, India",2013-02-25,12:31:00,PSLV-CA,SARAL,Active,16,Success
SpaceX,"Space Launch Complex 40, Cape Canaveral SFS, FL, USA",2013-03-01,15:10:13,Falcon 9 v1.0,SpX CRS-2,Retired,59,Success
ULA,"Space Launch Complex 41, Cape Canaveral SFS, FL, USA",2013-03-19,21:21:00,Atlas V 401,SBIRS GEO Flight 2 (USA-241) (SBIRS GEO-2),Retired,115,Success
International Launch Services,"200/39 (200L), Baikonur Cosmodrome, Republic of Kazakhstan",2013-03-26,19:06:48,Proton-M Briz-M,,Active,,Success
Roscosmos,"1/5, Baikonur Cosmodrome, Republic of Kazakhstan",2013-03-28,20:43:20,Soyuz FG,Soyuz TMA-08M,Retired,,Success
Virgin Galactic,"Mojave Air and Space Port, Air launch to Suborbital flight",2013-04-03,12:00:00,SpaceShipTwo,VSS Enterprise GF24,Active,,Success
Virgin Galactic,"Mojave Air and Space Port, Air launch to Suborbital flight",2013-04-12,12:00:00,SpaceShipTwo,VSS Enterprise CF01,Active,,Success
International Launch Services,"200/39 (200L), Baikonur Cosmodrome, Republic of Kazakhstan",2013-04-15,18:36:00,Proton-M Briz-M,Anik-G1,Active,,Success
Roscosmos,"31/6, Baikonur Cosmodrome, Republic of Kazakhstan",2013-04-19,10:00:00,Soyuz 2.1a,,Active,80,Success
Northrop,"Launch Area 0 A, Wallops Flight Facility, Virginia, USA",2013-04-21,21:00:02,Antares 110,,Retired,,Success
Roscosmos,"1/5, Baikonur Cosmodrome, Republic of Kazakhstan",2013-04-24,10:12:16,Soyuz U,Progress M-19M (51P),Retired,,Success
CASC,"Launch Area 94 (SLS-2 / 603), Jiuquan Satellite Launch Center, People's Republic of China",2013-04-26,04:13:04,Long March 2D,,Active,30,Success
Russian Aerospace Defence Forces,"43/4 (43R), Plesetsk Cosmodrome, Russian Federation",2013-04-26,05:23:41,Soyuz 2.1b Fregat,Glonass-M (Kosmos 2485),Active,80,Success
Virgin Galactic,"Mojave Air and Space Port, Air launch to Suborbital flight",2013-04-29,12:00:00,SpaceShipTwo,VSS Enterprise PF01,Active,,Success
CASC,"Launch Complex 2 (LC-2), Xichang Satellite Launch Center, People's Republic of China",2013-05-01,16:06:04,Long March 3B/E,,Active,70,Success
Arianespace,"Ariane Launch Area 1 (ELV), Guiana Space Centre, French Guiana",2013-05-07,02:06:31,Vega,Proba-V and VNREDSat 1A,Retired,37,Success
International Launch Services,"200/39 (200L), Baikonur Cosmodrome, Republic of Kazakhstan",2013-05-14,16:02:00,Proton-M Briz-M,Eutelsat 3D,Active,,Success
ULA,"Space Launch Complex 41, Cape Canaveral SFS, FL, USA",2013-05-15,21:38:00,Atlas V 401,GPS IIF-4,Retired,115,Success
ULA,"Space Launch Complex 37B, Cape Canaveral SFS, FL, USA",2013-05-25,00:27:00,"Delta IV M+(5,4)",WGS-5 (USA-243),Retired,,Success
Roscosmos,"1/5, Baikonur Cosmodrome, Republic of Kazakhstan",2013-05-28,20:31:24,Soyuz FG,Soyuz TMA-09M,Retired,,Success
International Launch Services,"200/39 (200L), Baikonur Cosmodrome, Republic of Kazakhstan",2013-06-03,09:18:31,Proton-M Briz-M,SES-6,Active,,Success
Arianespace,"Ariane Launch Area 3, Guiana Space Centre, French Guiana",2013-06-05,21:52:11,Ariane 5 ES,Albert Einstein ATV (ATV-004),Retired,,Success
Russian Aerospace Defence Forces,"43/4 (43R), Plesetsk Cosmodrome, Russian Federation",2013-06-07,18:37:59,Soyuz 2.1b,,Active,80,Success
CASC,"Launch Area 91 (SLS-1 / 921), Jiuquan Satellite Launch Center, People's Republic of China",2013-06-11,09:38:02,Long March 2F/G,Shenzhou-10,Active,,Success
Roscosmos,"31/6, Baikonur Cosmodrome, Republic of Kazakhstan",2013-06-25,17:28:48,Soyuz 2.1b,Resurs-P No.1,Active,80,Success
Arianespace,"Soyuz Launch Complex, Guiana Space Centre, French Guiana",2013-06-25,19:27:03,Soyuz STB Fregat-MT,"O3b FM1, FM2, FM4, FM5",Retired,80,Success
Khrunichev,"175/59, Baikonur Cosmodrome, Republic of Kazakhstan",2013-06-27,16:53:00,Strela,,Retired,,Success
Northrop,"Vandenberg Space Force Base, Air launch to orbit",2013-06-28,02:27:46,Pegasus XL,Interface Region Imaging Spectrograph (IRIS),Active,40,Success
ISRO,"Satish Dhawan Space Centre First Launch Pad, Satish Dhawan Space Centre, India",2013-07-01,18:11:00,PSLV XL,,Active,,Success
Khrunichev,"81/24 (81P), Baikonur Cosmodrome, Republic of Kazakhstan",2013-07-02,02:38:22,Proton-M Blok DM-03,,Active,65,Failure
CASC,"Launch Area 94 (SLS-2 / 603), Jiuquan Satellite Launch Center, People's Republic of China",2013-07-15,09:27:03,Long March 2C,,Active,,Success
ULA,"Space Launch Complex 41, Cape Canaveral SFS, FL, USA",2013-07-19,13:00:00,Atlas V 551,MUOS-2,Retired,153,Success
CASC,"Launch Complex 9, Taiyuan Satellite Launch Center, People's Republic of China",2013-07-19,23:37:55,Long March 4C,,Active,,Success
Virgin Galactic,"Mojave Air and Space Port, Air launch to Suborbital flight",2013-07-25,12:00:00,SpaceShipTwo,VSS Enterprise GF25,Active,,Success
Arianespace,"Ariane Launch Area 3, Guiana Space Centre, French Guiana",2013-07-25,19:54:07,Ariane 5 ECA,Alphasat I-XL (Inmarsat-XL) & INSAT-3D,Retired,,Success
Roscosmos,"31/6, Baikonur Cosmodrome, Republic of Kazakhstan",2013-07-27,20:45:08,Soyuz U,Progress M-20M (52P),Retired,,Success
MHI,"Yoshinobu Launch Complex LP-2, Tanegashima Space Center, Japan",2013-08-03,19:48:46,H-IIB 304,Kounotori 4 (HTV-4),Retired,112.5,Success
ULA,"Space Launch Complex 37B, Cape Canaveral SFS, FL, USA",2013-08-08,00:29:00,"Delta IV M+(5,4)",WGS-6 (USA-244),Retired,,Success
Virgin Galactic,"Mojave Air and Space Port, Air launch to Suborbital flight",2013-08-08,12:00:00,SpaceShipTwo,VSS Enterprise GF26,Active,,Success
ISC Kosmotras,"370/13, Dombarovskiy, Russian Federation",2013-08-22,14:39:13,Dnepr 1,,Retired,,Success
ULA,"Space Launch Complex 6, Vandenberg SFB, CA, USA",2013-08-28,18:03:00,Delta IV Heavy,NROL-65 (USA-245 / KH-11),Retired,350,Success
Arianespace,"Ariane Launch Area 3, Guiana Space Centre, French Guiana",2013-08-29,20:30:07,Ariane 5 ECA,Eutelsat 25B / Es'hail 1 & GSAT-7,Retired,,Success
Sea Launch,"45/1, Baikonur Cosmodrome, Republic of Kazakhstan",2013-08-31,20:05:00,Zenit 3SLB,,Retired,,Success
CASC,"Launch Area 94 (SLS-2 / 603), Jiuquan Satellite Launch Center, People's Republic of China",2013-09-01,19:16:00,Long March 4C,,Active,,Success
Virgin Galactic,"Mojave Air and Space Port, Air launch to Suborbital flight",2013-09-05,12:00:00,SpaceShipTwo,VSS Enterprise PF02,Active,,Success
Northrop,"Launch Area 0 B, Wallops Flight Facility, Virginia, USA",2013-09-07,03:27:00,Minotaur V,LADEE,Active,,Success
Russian Aerospace Defence Forces,"133/3 (133L), Plesetsk Cosmodrome, Russian Federation",2013-09-11,23:23:04,Rokot/Briz-KM,"Gonets M-14, Gonets M-16, Gonets M-17",Active,,Success
JAXA,"Mu Center, Uchinoura Space Center, Japan",2013-09-14,05:00:00,Epsilon,Hisaki (SPRINT-A),Active,39,Success
ULA,"Space Launch Complex 41, Cape Canaveral SFS, FL, USA",2013-09-18,08:10:00,Atlas V 531,AEHF-3 (USA-246),Retired,140,Success
Northrop,"Launch Area 0 A, Wallops Flight Facility, Virginia, USA",2013-09-18,14:58:02,Antares 110,Cygnus Orb-D1 (S.S. G. David Low),Retired,,Success
CASC,"Launch Complex 9, Taiyuan Satellite Launch Center, People's Republic of China",2013-09-23,03:07:11,Long March 4C,,Active,,Success
CASIC,"Launch Area 95B, Jiuquan Satellite Launch Center, People's Republic of China",2013-09-25,04:37:00,Kuaizhou,,Retired,,Success
Roscosmos,"1/5, Baikonur Cosmodrome, Republic of Kazakhstan",2013-09-25,20:58:50,Soyuz FG,Soyuz TMA-10M,Retired,,Success
SpaceX,"Space Launch Complex 4E, Vandenberg SFB, CA, USA",2013-09-29,16:00:13,Falcon 9 v1.1,CASSIOPE,Retired,61.2,Success
International Launch Services,"200/39 (200L), Baikonur Cosmodrome, Republic of Kazakhstan",2013-09-29,21:38:10,Proton-M Briz-M,,Active,,Success
CASC,"Launch Area 94 (SLS-2 / 603), Jiuquan Satellite Launch Center, People's Republic of China",2013-10-25,03:50:03,Long March 4B,,Active,,Success
International Launch Services,"200/39 (200L), Baikonur Cosmodrome, Republic of Kazakhstan",2013-10-25,18:08:54,Proton-M Briz-M,,Active,,Success
CASC,"Launch Complex 9, Taiyuan Satellite Launch Center, People's Republic of China",2013-10-29,02:50:04,Long March 2C,,Active,,Success
ISRO,"Satish Dhawan Space Centre First Launch Pad, Satish Dhawan Space Centre, India",2013-11-05,09:08:00,PSLV XL,,Active,,Success
Roscosmos,"1/5, Baikonur Cosmodrome, Republic of Kazakhstan",2013-11-07,04:14:15,Soyuz FG,Soyuz TMA-11M,Retired,,Success
Khrunichev,"81/24 (81P), Baikonur Cosmodrome, Republic of Kazakhstan",2013-11-11,23:46:00,Proton-M Briz-M,,Active,,Success
ULA,"Space Launch Complex 41, Cape Canaveral SFS, FL, USA",2013-11-18,18:28:00,Atlas V 401,MAVEN,Retired,115,Success
Northrop,"Launch Area 0 B, Wallops Flight Facility, Virginia, USA",2013-11-20,01:15:00,Minotaur I,ORS 3 and STPSat 3,Active,,Success
CASC,"Launch Complex 9, Taiyuan Satellite Launch Center, People's Republic of China",2013-11-20,03:31:04,Long March 4C,,Active,,Success
ISC Kosmotras,"370/13, Dombarovskiy, Russian Federation",2013-11-21,07:10:11,Dnepr 1,,Retired,,Success
Eurockot Launch Services,"133/3 (133L), Plesetsk Cosmodrome, Russian Federation",2013-11-22,12:02:29,Rokot/Briz-KM,"Swarm A, B, C",Active,,Success
CASC,"Launch Area 94 (SLS-2 / 603), Jiuquan Satellite Launch Center, People's Republic of China",2013-11-25,02:12:04,Long March 2D,,Active,30,Success
Roscosmos,"31/6, Baikonur Cosmodrome, Republic of Kazakhstan",2013-11-25,20:53:06,Soyuz U,Progress M-21M (53P),Retired,,Success
CASC,"Launch Complex 2 (LC-2), Xichang Satellite Launch Center, People's Republic of China",2013-12-01,17:30:00,Long March 3B,Chang'e 3 & Yutu,Active,70,Success
SpaceX,"Space Launch Complex 40, Cape Canaveral SFS, FL, USA",2013-12-03,22:41:00,Falcon 9 v1.1,SES-8,Retired,61.2,Success
ULA,"Space Launch Complex 3E, Vandenberg SFB, CA, USA",2013-12-06,07:14:30,Atlas V 501,NROL-39 (USA-247),Retired,120,Success
International Launch Services,"200/39 (200L), Baikonur Cosmodrome, Republic of Kazakhstan",2013-12-08,12:12:00,Proton-M Briz-M,,Active,,Success
CASC,"Launch Complex 9, Taiyuan Satellite Launch Center, People's Republic of China",2013-12-09,03:26:00,Long March 4B,CBERS-3,Active,,Failure
Virgin Galactic,"Mojave Air and Space Port, Air launch to Suborbital flight",2013-12-11,12:00:00,SpaceShipTwo,VSS Enterprise GF27,Active,,Success
Arianespace,"Soyuz Launch Complex, Guiana Space Centre, French Guiana",2013-12-19,09:12:19,Soyuz STB Fregat-MT,Gaia,Retired,80,Success
CASC,"Launch Complex 2 (LC-2), Xichang Satellite Launch Center, People's Republic of China",2013-12-20,16:42:04,Long March 3B/E,,Active,70,Success
Russian Aerospace Defence Forces,"133/3 (133L), Plesetsk Cosmodrome, Russian Federation",2013-12-25,00:31:55,Rokot/Briz-KM,,Active,,Success
Khrunichev,"81/24 (81P), Baikonur Cosmodrome, Republic of Kazakhstan",2013-12-26,10:49:56,Proton-M Briz-M,,Active,,Success
Russian Aerospace Defence Forces,"43/4 (43R), Plesetsk Cosmodrome, Russian Federation",2013-12-28,12:30:00,Soyuz 2.1v Volga,,Retired,,Success
ISRO,"Satish Dhawan Space Centre Second Launch Pad, Satish Dhawan Space Centre, India",2014-01-05,10:48:00,GSLV Mk. II,GSAT-14,Active,,Success
SpaceX,"Space Launch Complex 40, Cape Canaveral SFS, FL, USA",2014-01-06,22:06:00,Falcon 9 v1.1,Thaicom-6,Retired,61.2,Success
Northrop,"Launch Area 0 A, Wallops Flight Facility, Virginia, USA",2014-01-09,18:07:05,Antares 120,Cygnus CRS Orb-1 (S.S. C. Gordon Fullerton),Retired,80,Success
Virgin Galactic,"Mojave Air and Space Port, Air launch to Suborbital flight",2014-01-10,12:00:00,SpaceShipTwo,VSS Enterprise PF03,Active,,Success
Virgin Galactic,"Mojave Air and Space Port, Air launch to Suborbital flight",2014-01-17,12:00:00,SpaceShipTwo,VSS Enterprise GF28,Active,,Success
ULA,"Space Launch Complex 41, Cape Canaveral SFS, FL, USA",2014-01-24,02:33:00,Atlas V 401,TDRS-L,Retired,115,Success
Roscosmos,"1/5, Baikonur Cosmodrome, Republic of Kazakhstan",2014-02-05,16:23:32,Soyuz U,,Retired,,Success
Arianespace,"Ariane Launch Area 3, Guiana Space Centre, French Guiana",2014-02-06,21:30:07,Ariane 5 ECA,ABS-2 & Athena-Fidus,Retired,,Success
International Launch Services,"81/24 (81P), Baikonur Cosmodrome, Republic of Kazakhstan",2014-02-14,21:09:03,Proton-M Briz-M,Türksat 4A,Active,,Success
ULA,"Space Launch Complex 37B, Cape Canaveral SFS, FL, USA",2014-02-21,01:59:00,"Delta IV M+(4,2)",GPS IIF-5,Retired,350,Success
MHI,"Yoshinobu Launch Complex LP-1, Tanegashima Space Center, Japan",2014-02-27,18:37:00,H-IIA 202,GPM Core,Retired,90,Success
Khrunichev,"81/24 (81P), Baikonur Cosmodrome, Republic of Kazakhstan",2014-03-15,23:08:00,Proton-M Briz-M,Express AT1 & AT2,Active,,Success
Arianespace,"Ariane Launch Area 3, Guiana Space Centre, French Guiana",2014-03-22,22:04:07,Ariane 5 ECA,ASTRA 5B,Retired,,Success
Russian Aerospace Defence Forces,"43/4 (43R), Plesetsk Cosmodrome, Russian Federation",2014-03-23,22:54:03,Soyuz 2.1b Fregat,Glonass-M (Kosmos 2494),Active,80,Success
Roscosmos,"1/5, Baikonur Cosmodrome, Republic of Kazakhstan",2014-03-25,21:17:23,Soyuz FG,Soyuz TMA-12M,Retired,,Success
CASC,"Launch Area 94 (SLS-2 / 603), Jiuquan Satellite Launch Center, People's Republic of China",2014-03-31,02:46:03,Long March 2C,,Active,,Success
ULA,"Space Launch Complex 3E, Vandenberg SFB, CA, USA",2014-04-03,14:46:30,Atlas V 401,DMSP F19,Retired,115,Success
Arianespace,"Soyuz Launch Complex, Guiana Space Centre, French Guiana",2014-04-03,21:02:26,Soyuz STA Fregat,Sentinel-1A,Retired,,Success
ISRO,"Satish Dhawan Space Centre First Launch Pad, Satish Dhawan Space Centre, India",2014-04-04,11:44:00,PSLV XL,IRNSS-1B,Active,,Success
Roscosmos,"1/5, Baikonur Cosmodrome, Republic of Kazakhstan",2014-04-09,15:26:27,Soyuz U,Progress M-23M (55P),Retired,,Success
Israel Aerospace Industries,"Shavit Launch Pad, Palmachim Airbase, State of Israel",2014-04-09,19:06:02,Shavit-2,,Active,,Success
ULA,"Space Launch Complex 41, Cape Canaveral SFS, FL, USA",2014-04-10,17:45:00,Atlas V 541,NROL-67 (USA-250),Retired,145,Success
Roscosmos,"31/6, Baikonur Cosmodrome, Republic of Kazakhstan",2014-04-16,16:20:00,Soyuz U,EgyptSat 2,Retired,,Success
SpaceX,"Space Launch Complex 40, Cape Canaveral SFS, FL, USA",2014-04-18,19:25:22,Falcon 9 v1.1,SpX CRS-3,Retired,61.2,Success
Khrunichev,"81/24 (81P), Baikonur Cosmodrome, Republic of Kazakhstan",2014-04-28,04:25:00,Proton-M Briz-M,Luch 5V,Active,,Success
Arianespace,"Ariane Launch Area 1 (ELV), Guiana Space Centre, French Guiana",2014-04-30,01:35:15,Vega,DZZ-HR,Retired,37,Success
Russian Aerospace Defence Forces,"43/4 (43R), Plesetsk Cosmodrome, Russian Federation",2014-05-06,13:49:35,Soyuz 2.1a,,Active,80,Success
Khrunichev,"200/39 (200L), Baikonur Cosmodrome, Republic of Kazakhstan",2014-05-15,21:42:00,Proton-M Briz-M,,Active,,Failure
ULA,"Space Launch Complex 37B, Cape Canaveral SFS, FL, USA",2014-05-17,00:03:00,"Delta IV M+(4,2)",GPS IIF-6,Retired,350,Success
ULA,"Space Launch Complex 41, Cape Canaveral SFS, FL, USA",2014-05-22,13:09:00,Atlas V 401,NROL-33 (Quasar),Retired,115,Success
Russian Aerospace Defence Forces,"133/3 (133L), Plesetsk Cosmodrome, Russian Federation",2014-05-23,05:27:54,Rokot/Briz-KM,Rodnik,Active,,Success
MHI,"Yoshinobu Launch Complex LP-1, Tanegashima Space Center, Japan",2014-05-24,03:05:14,H-IIA 202,ALOS-2,Retired,90,Success
Sea Launch,"Launch Platform Odyssey, Sea Launch",2014-05-26,21:09:59,Zenit 3SL,Eutelsat 3B,Retired,,Success
Roscosmos,"1/5, Baikonur Cosmodrome, Republic of Kazakhstan",2014-05-28,19:57:41,Soyuz FG,Soyuz TMA-13M,Retired,,Success
Russian Aerospace Defence Forces,"43/4 (43R), Plesetsk Cosmodrome, Russian Federation",2014-06-14,17:16:48,Soyuz 2.1b Fregat,Glonass-M (Kosmos 2500),Active,80,Success
ISC Kosmotras,"370/13, Dombarovskiy, Russian Federation",2014-06-19,19:11:17,Dnepr 1,,Retired,,Success
Antrix Corporation Limited,"Satish Dhawan Space Centre First Launch Pad, Satish Dhawan Space Centre, India",2014-06-30,04:22:00,PSLV-CA,,Active,16,Success
ULA,"Space Launch Complex 2W, Vandenberg SFB, CA, USA",2014-07-02,09:56:23,Delta II 7320-10C,,Retired,51,Success
Russian Aerospace Defence Forces,"133/3 (133L), Plesetsk Cosmodrome, Russian Federation",2014-07-03,12:43:52,Rokot/Briz-KM,"Gonets-M18, Gonets-M19, Gonets-M20",Active,,Success
Roscosmos,"31/6, Baikonur Cosmodrome, Republic of Kazakhstan",2014-07-08,15:58:28,Soyuz 2.1b Fregat,,Active,80,Success
Khrunichev,"35/1, Plesetsk Cosmodrome, Russian Federation",2014-07-09,12:00:00,Angara 1.2pp,,Retired,31,Success
Arianespace,"Soyuz Launch Complex, Guiana Space Centre, French Guiana",2014-07-10,18:55:56,Soyuz STB Fregat,"O3b FM3, FM6-FM8",Retired,,Success
Northrop,"Launch Area 0 A, Wallops Flight Facility, Virginia, USA",2014-07-13,16:52:14,Antares 120,Cygnus CRS Orb-2 (S.S. Janice Voss),Retired,80,Success
SpaceX,"Space Launch Complex 40, Cape Canaveral SFS, FL, USA",2014-07-14,15:15:00,Falcon 9 v1.1,Orbcomm OG2 Mission 1,Retired,61.2,Success
Roscosmos,"31/6, Baikonur Cosmodrome, Republic of Kazakhstan",2014-07-18,20:50:00,Soyuz 2.1a,,Active,80,Success
Roscosmos,"1/5, Baikonur Cosmodrome, Republic of Kazakhstan",2014-07-23,21:44:44,Soyuz U,,Retired,,Success
ULA,"Space Launch Complex 37B, Cape Canaveral SFS, FL, USA",2014-07-28,23:28:00,"Delta IV M+(4,2)",,Retired,350,Success
Virgin Galactic,"Mojave Air and Space Port, Air launch to Suborbital flight",2014-07-29,12:00:00,SpaceShipTwo,VSS Enterprise GF29,Active,,Success
Arianespace,"Ariane Launch Area 3, Guiana Space Centre, French Guiana",2014-07-29,23:47:38,Ariane 5 ES,ATV-5 (Georges Lemaitre),Retired,,Success
ULA,"Space Launch Complex 41, Cape Canaveral SFS, FL, USA",2014-08-02,03:23:00,Atlas V 401,GPS IIF-7 (USA-256),Retired,115,Success
SpaceX,"Space Launch Complex 40, Cape Canaveral SFS, FL, USA",2014-08-05,08:00:00,Falcon 9 v1.1,AsiaSat 8,Retired,61.2,Success
CASC,"Launch Area 94 (SLS-2 / 603), Jiuquan Satellite Launch Center, People's Republic of China",2014-08-09,05:45:03,Long March 4C,,Active,,Success
ULA,"Space Launch Complex 3E, Vandenberg SFB, CA, USA",2014-08-13,18:30:30,Atlas V 401,WorldView-3,Retired,115,Success
CASC,"Launch Complex 9, Taiyuan Satellite Launch Center, People's Republic of China",2014-08-19,03:15:05,Long March 4B,,Active,,Success
Arianespace,"Soyuz Launch Complex, Guiana Space Centre, French Guiana",2014-08-22,12:27:11,Soyuz STB Fregat,Galileo L3 (FOC FM01-FM02),Retired,,Partial Failure
Virgin Galactic,"Mojave Air and Space Port, Air launch to Suborbital flight",2014-08-28,12:00:00,SpaceShipTwo,VSS Enterprise CF02,Active,,Success
CASC,"Launch Area 94 (SLS-2 / 603), Jiuquan Satellite Launch Center, People's Republic of China",2014-09-04,00:15:04,Long March 2D,,Active,30,Success
SpaceX,"Space Launch Complex 40, Cape Canaveral SFS, FL, USA",2014-09-07,05:00:00,Falcon 9 v1.1,AsiaSat 6,Retired,61.2,Success
CASC,"Launch Complex 9, Taiyuan Satellite Launch Center, People's Republic of China",2014-09-08,03:22:05,Long March 4B,,Active,,Success
Arianespace,"Ariane Launch Area 3, Guiana Space Centre, French Guiana",2014-09-11,22:05:07,Ariane 5 ECA,MEASAT-3b & Optus 10,Retired,,Success
ULA,"Space Launch Complex 41, Cape Canaveral SFS, FL, USA",2014-09-17,00:10:00,Atlas V 401,CLIO,Retired,115,Success
SpaceX,"Space Launch Complex 40, Cape Canaveral SFS, FL, USA",2014-09-21,05:52:03,Falcon 9 v1.1,SpX CRS-4,Retired,61.2,Success
Roscosmos,"1/5, Baikonur Cosmodrome, Republic of Kazakhstan",2014-09-25,20:25:00,Soyuz FG,Soyuz TMA-14M,Retired,,Success
Khrunichev,"81/24 (81P), Baikonur Cosmodrome, Republic of Kazakhstan",2014-09-27,20:23:00,Proton-M Briz-M,Olymp-K,Active,,Success
CASC,"Launch Area 94 (SLS-2 / 603), Jiuquan Satellite Launch Center, People's Republic of China",2014-09-28,05:13:03,Long March 2C,,Active,,Success
MHI,"Yoshinobu Launch Complex LP-1, Tanegashima Space Center, Japan",2014-10-07,05:16:00,H-IIA 202,Himawari-8,Retired,90,Success
Virgin Galactic,"Mojave Air and Space Port, Air launch to Suborbital flight",2014-10-07,12:00:00,SpaceShipTwo,VSS Enterprise GF30,Active,,Success
ISRO,"Satish Dhawan Space Centre First Launch Pad, Satish Dhawan Space Centre, India",2014-10-15,20:02:00,PSLV XL,,Active,,Success
Arianespace,"Ariane Launch Area 3, Guiana Space Centre, French Guiana",2014-10-16,21:43:52,Ariane 5 ECA,Intelsat 30/DLA-1 & ARSAT-1,Retired,,Success
CASC,"Launch Complex 9, Taiyuan Satellite Launch Center, People's Republic of China",2014-10-20,06:31:04,Long March 4C,,Active,,Success
Khrunichev,"81/24 (81P), Baikonur Cosmodrome, Republic of Kazakhstan",2014-10-21,15:09:32,Proton-M Briz-M,Ekspress AM6,Active,,Partial Failure
CASC,"Launch Complex 2 (LC-2), Xichang Satellite Launch Center, People's Republic of China",2014-10-23,18:00:04,Long March 3C/E,,Active,,Success
CASC,"Launch Area 94 (SLS-2 / 603), Jiuquan Satellite Launch Center, People's Republic of China",2014-10-27,06:59:03,Long March 2C,,Active,,Success
Northrop,"Launch Area 0 A, Wallops Flight Facility, Virginia, USA",2014-10-28,22:22:38,Antares 130,Cygnus CRS Orb-3 (S.S. Deke Slayton),Retired,,Failure
Roscosmos,"31/6, Baikonur Cosmodrome, Republic of Kazakhstan",2014-10-29,07:09:43,Soyuz 2.1a,Progress M-25M (57P),Active,80,Success
ULA,"Space Launch Complex 41, Cape Canaveral SFS, FL, USA",2014-10-29,17:21:00,Atlas V 401,GPS IIF-8,Retired,115,Success
Russian Aerospace Defence Forces,"43/4 (43R), Plesetsk Cosmodrome, Russian Federation",2014-10-30,01:42:52,Soyuz 2.1a Fregat-M,,Active,80,Success
Virgin Galactic,"Mojave Air and Space Port, Air launch to Suborbital flight",2014-10-31,12:00:00,SpaceShipTwo,VSS Enterprise PF04,Active,,Failure
ISC Kosmotras,"370/13, Dombarovskiy, Russian Federation",2014-11-06,07:35:49,Dnepr 1,,Retired,,Success
CASC,"Launch Complex 9, Taiyuan Satellite Launch Center, People's Republic of China",2014-11-14,18:53:05,Long March 2C,,Active,,Success
CASC,"Launch Area 94 (SLS-2 / 603), Jiuquan Satellite Launch Center, People's Republic of China",2014-11-20,07:12:03,Long March 2D,,Active,30,Success
CASIC,"Launch Area 95B, Jiuquan Satellite Launch Center, People's Republic of China",2014-11-21,06:37:08,Kuaizhou,,Retired,,Success
Roscosmos,"1/5, Baikonur Cosmodrome, Republic of Kazakhstan",2014-11-23,21:01:14,Soyuz FG,Soyuz TMA-15M,Retired,,Success
Russian Aerospace Defence Forces,"43/4 (43R), Plesetsk Cosmodrome, Russian Federation",2014-11-30,21:52:26,Soyuz 2.1b Fregat,Glonass-K1 (Kosmos 2501),Active,80,Success
MHI,"Yoshinobu Launch Complex LP-1, Tanegashima Space Center, Japan",2014-12-03,04:22:04,H-IIA 202,Hayabusa-2,Retired,90,Success
ULA,"Space Launch Complex 37B, Cape Canaveral SFS, FL, USA",2014-12-05,12:05:00,Delta IV Heavy,EFT-1,Retired,350,Success
Arianespace,"Ariane Launch Area 3, Guiana Space Centre, French Guiana",2014-12-06,20:40:07,Ariane 5 ECA,DirecTV-14 & GSAT-16,Retired,,Success
CASC,"Launch Complex 9, Taiyuan Satellite Launch Center, People's Republic of China",2014-12-07,03:26:04,Long March 4B,,Active,,Success
CASC,"Launch Area 94 (SLS-2 / 603), Jiuquan Satellite Launch Center, People's Republic of China",2014-12-10,19:33:03,Long March 4C,,Active,,Success
ULA,"Space Launch Complex 3E, Vandenberg SFB, CA, USA",2014-12-13,03:19:29,Atlas V 541,NROL-35 (USA-259),Retired,145,Success
International Launch Services,"81/24 (81P), Baikonur Cosmodrome, Republic of Kazakhstan",2014-12-15,00:16:00,Proton-M Briz-M,,Active,,Success
ISRO,"Satish Dhawan Space Centre Second Launch Pad, Satish Dhawan Space Centre, India",2014-12-18,04:00:00,Launch Vehicle Mark-3 (GSLV Mk III),CARE (Demo Flight),Active,46,Success
Arianespace,"Soyuz Launch Complex, Guiana Space Centre, French Guiana",2014-12-18,18:37:00,Soyuz STB Fregat,O3b FM9-FM12,Retired,,Success
Khrunichev,"175/59, Baikonur Cosmodrome, Republic of Kazakhstan",2014-12-19,04:43:33,Strela,,Retired,,Success
Khrunichev,"35/1, Plesetsk Cosmodrome, Russian Federation",2014-12-23,05:57:00,Angara A5/Briz-M,,Active,31,Success
Russian Aerospace Defence Forces,"43/4 (43R), Plesetsk Cosmodrome, Russian Federation",2014-12-25,03:01:13,Soyuz 2.1b,,Active,80,Success
Roscosmos,"31/6, Baikonur Cosmodrome, Republic of Kazakhstan",2014-12-26,18:55:50,Soyuz 2.1b,,Active,80,Success
CASC,"Launch Complex 9, Taiyuan Satellite Launch Center, People's Republic of China",2014-12-27,03:22:04,Long March 4B,,Active,,Success
International Launch Services,"200/39 (200L), Baikonur Cosmodrome, Republic of Kazakhstan",2014-12-27,21:37:49,Proton-M Briz-M,,Active,,Success
CASC,"Launch Complex 2 (LC-2), Xichang Satellite Launch Center, People's Republic of China",2014-12-31,01:02:04,Long March 3A,,Active,,Success
SpaceX,"Space Launch Complex 40, Cape Canaveral SFS, FL, USA",2015-01-10,09:47:10,Falcon 9 v1.1,SpX CRS-5,Retired,61.2,Success
ULA,"Space Launch Complex 41, Cape Canaveral SFS, FL, USA",2015-01-21,01:04:00,Atlas V 551,MUOS-3,Retired,153,Success
ULA,"Space Launch Complex 2W, Vandenberg SFB, CA, USA",2015-01-31,14:22:00,Delta II 7320-10C,"SMAP, FIREBIRD II A, FIREBIRD II B, GRIFEX, ExoCube",Retired,51,Success
MHI,"Yoshinobu Launch Complex LP-1, Tanegashima Space Center, Japan",2015-02-01,01:21:00,H-IIA 202,IGS Radar Spare,Retired,90,Success
International Launch Services,"200/39 (200L), Baikonur Cosmodrome, Republic of Kazakhstan",2015-02-01,12:31:00,Proton-M Briz-M,,Active,,Success
Iranian Space Agency,"Safir Launch Pad, Semnan Space Center, Islamic Republic of Iran",2015-02-02,08:52:00,Safir,,Active,,Success
Arianespace,"Ariane Launch Area 1 (ELV), Guiana Space Centre, French Guiana",2015-02-11,13:40:00,Vega,,Retired,37,Success
SpaceX,"Space Launch Complex 40, Cape Canaveral SFS, FL, USA",2015-02-11,23:03:32,Falcon 9 v1.1,DSCOVR,Retired,61.2,Success
Roscosmos,"1/5, Baikonur Cosmodrome, Republic of Kazakhstan",2015-02-17,11:00:17,Soyuz U,,Retired,,Success
Russian Aerospace Defence Forces,"43/4 (43R), Plesetsk Cosmodrome, Russian Federation",2015-02-27,11:01:35,Soyuz 2.1a,,Active,80,Success
SpaceX,"Space Launch Complex 40, Cape Canaveral SFS, FL, USA",2015-03-02,03:50:00,Falcon 9 v1.1,Eutelsat 115 West B & ABS-3A,Retired,61.2,Success
ULA,"Space Launch Complex 41, Cape Canaveral SFS, FL, USA",2015-03-13,02:44:00,Atlas V 421,,Retired,123,Success
Khrunichev,"200/39 (200L), Baikonur Cosmodrome, Republic of Kazakhstan",2015-03-18,22:05:00,Proton-M Briz-M,,Active,,Success
ULA,"Space Launch Complex 37B, Cape Canaveral SFS, FL, USA",2015-03-25,18:36:00,"Delta IV M+(4,2)",GPS IIF-9 (USA-260),Retired,350,Success
ISC Kosmotras,"370/13, Dombarovskiy, Russian Federation",2015-03-25,22:08:53,Dnepr 1,,Retired,,Success
MHI,"Yoshinobu Launch Complex LP-1, Tanegashima Space Center, Japan",2015-03-26,01:21:00,H-IIA 202,IGS Optical 5,Retired,90,Success
Roscosmos,"1/5, Baikonur Cosmodrome, Republic of Kazakhstan",2015-03-27,19:42:57,Soyuz FG,Soyuz TMA-16M,Retired,,Success
Arianespace,"Soyuz Launch Complex, Guiana Space Centre, French Guiana",2015-03-27,21:46:18,Soyuz STB Fregat,Galileo L4 (FOC FM03-FM04),Retired,,Success
ISRO,"Satish Dhawan Space Centre First Launch Pad, Satish Dhawan Space Centre, India",2015-03-28,11:49:00,PSLV XL,,Active,,Success
CASC,"Launch Complex 2 (LC-2), Xichang Satellite Launch Center, People's Republic of China",2015-03-30,13:52:30,Long March 3C/YZ-1,,Active,,Success
Russian Aerospace Defence Forces,"133/3 (133L), Plesetsk Cosmodrome, Russian Federation",2015-03-31,13:47:56,Rokot/Briz-KM,"Gonets M-21, Gonets M-22, Gonets M-23, Kosmos 2504",Active,,Success
SpaceX,"Space Launch Complex 40, Cape Canaveral SFS, FL, USA",2015-04-14,20:10:41,Falcon 9 v1.1,SpX CRS-6,Retired,61.2,Success
Arianespace,"Ariane Launch Area 3, Guiana Space Centre, French Guiana",2015-04-26,20:00:07,Ariane 5 ECA,Thor-7 & SICRAL-2,Retired,,Success
SpaceX,"Space Launch Complex 40, Cape Canaveral SFS, FL, USA",2015-04-27,23:03:00,Falcon 9 v1.1,TurkmenÃ„lem52E/MonacoSAT,Retired,61.2,Success
Roscosmos,"31/6, Baikonur Cosmodrome, Republic of Kazakhstan",2015-04-28,07:09:50,Soyuz 2.1a,,Active,80,Failure
Blue Origin,"West Texas Suborbital Launch Site/ Corn Ranch, Corn Ranch, Van Horn, TX, USA",2015-04-29,17:06:00,New Shepard,NS-1,Retired,,Success
International Launch Services,"200/39 (200L), Baikonur Cosmodrome, Republic of Kazakhstan",2015-05-16,05:47:39,Proton-M Briz-M,,Active,,Failure
ULA,"Space Launch Complex 41, Cape Canaveral SFS, FL, USA",2015-05-20,15:05:00,Atlas V 501,OTV-4 (X-37B) (USA 261) ( AFSPC-5) & ULTRASat cubesat deployer,Retired,120,Success
Arianespace,"Ariane Launch Area 3, Guiana Space Centre, French Guiana",2015-05-27,21:16:07,Ariane 5 ECA,DirecTV 15 & Sky Mexico 1,Retired,,Success
Russian Aerospace Defence Forces,"43/4 (43R), Plesetsk Cosmodrome, Russian Federation",2015-06-05,15:23:54,Soyuz 2.1a,,Active,80,Success
Arianespace,"Ariane Launch Area 1 (ELV), Guiana Space Centre, French Guiana",2015-06-23,01:51:58,Vega,,Retired,37,Success
Russian Aerospace Defence Forces,"43/4 (43R), Plesetsk Cosmodrome, Russian Federation",2015-06-23,16:44:00,Soyuz 2.1b,Persona,Active,80,Success
CASC,"Launch Complex 9, Taiyuan Satellite Launch Center, People's Republic of China",2015-06-26,06:22:04,Long March 4B,,Active,,Success
SpaceX,"Space Launch Complex 40, Cape Canaveral SFS, FL, USA",2015-06-28,14:21:11,Falcon 9 v1.1,SpX CRS-7,Retired,61.2,Failure
Roscosmos,"1/5, Baikonur Cosmodrome, Republic of Kazakhstan",2015-07-03,04:55:45,Soyuz U,Progress M-28M (60P),Retired,,Success
Antrix Corporation Limited,"Satish Dhawan Space Centre First Launch Pad, Satish Dhawan Space Centre, India",2015-07-10,16:28:00,PSLV XL,"DMC-3, CBNT-1 & DeOrbitSAIL",Active,,Success
ULA,"Space Launch Complex 41, Cape Canaveral SFS, FL, USA",2015-07-15,15:36:00,Atlas V 401,GPS IIF-10,Retired,115,Success
Arianespace,"Ariane Launch Area 3, Guiana Space Centre, French Guiana",2015-07-15,21:42:07,Ariane 5 ECA,Star One C4 & MSG 4,Retired,,Success
Roscosmos,"1/5, Baikonur Cosmodrome, Republic of Kazakhstan",2015-07-22,21:02:44,Soyuz FG,ISS 44,Retired,,Success
ULA,"Space Launch Complex 37B, Cape Canaveral SFS, FL, USA",2015-07-24,00:07:00,"Delta IV M+(5,4)",WGS-7 (USA-263),Retired,,Success
CASC,"Launch Complex 2 (LC-2), Xichang Satellite Launch Center, People's Republic of China",2015-07-25,12:29:04,Long March 3B/YZ-1,BDS-3 M1 & BDS-3 M2,Active,70,Success
MHI,"Yoshinobu Launch Complex LP-2, Tanegashima Space Center, Japan",2015-08-19,11:50:49,H-IIB 304,Kounotori 5 (HTV-5),Retired,112.5,Success
Arianespace,"Ariane Launch Area 3, Guiana Space Centre, French Guiana",2015-08-20,20:34:08,Ariane 5 ECA,Eutelsat 8 West B & Intelsat 34,Retired,,Success
CASC,"Launch Complex 9, Taiyuan Satellite Launch Center, People's Republic of China",2015-08-27,02:31:35,Long March 4C,,Active,,Success
ISRO,"Satish Dhawan Space Centre Second Launch Pad, Satish Dhawan Space Centre, India",2015-08-27,11:22:00,GSLV Mk. II,,Active,,Success
International Launch Services,"200/39 (200L), Baikonur Cosmodrome, Republic of Kazakhstan",2015-08-28,11:44:00,Proton-M Briz-M,Inmarsat-5 F3,Active,,Success
Roscosmos,"1/5, Baikonur Cosmodrome, Republic of Kazakhstan",2015-09-02,04:37:43,Soyuz FG,Soyuz TMA-18M,Retired,,Success
ULA,"Space Launch Complex 41, Cape Canaveral SFS, FL, USA",2015-09-02,10:18:00,Atlas V 551,MUOS-4,Retired,153,Success
Arianespace,"Soyuz Launch Complex, Guiana Space Centre, French Guiana",2015-09-11,02:08:10,Soyuz STB Fregat,Galileo L5 (FOC FM05-FM06),Retired,,Success
CASC,"Launch Complex 2 (LC-2), Xichang Satellite Launch Center, People's Republic of China",2015-09-12,15:42:04,Long March 3B/E,,Active,70,Success
CASC,"Launch Area 94 (SLS-2 / 603), Jiuquan Satellite Launch Center, People's Republic of China",2015-09-14,04:42:00,Long March 2D,,Active,30,Success
Khrunichev,"81/24 (81P), Baikonur Cosmodrome, Republic of Kazakhstan",2015-09-14,19:00:00,Proton-M Blok DM-03,,Active,65,Success
CASC,"Launch Complex 16, Taiyuan Satellite Launch Center, People's Republic of China",2015-09-19,23:01:14,Long March 6,,Active,,Success
VKS RF,"133/3 (133L), Plesetsk Cosmodrome, Russian Federation",2015-09-23,21:59:38,Rokot/Briz-KM,,Active,,Success
CASC,"Launch Area 95A, Jiuquan Satellite Launch Center, People's Republic of China",2015-09-25,01:41:40,Long March 11,,Active,,Success
ISRO,"Satish Dhawan Space Centre First Launch Pad, Satish Dhawan Space Centre, India",2015-09-28,04:30:00,PSLV XL,,Active,,Success
CASC,"Launch Complex 3 (LC-3/LA-1), Xichang Satellite Launch Center, People's Republic of China",2015-09-29,23:13:04,Long March 3B/E,,Active,70,Success
Arianespace,"Ariane Launch Area 3, Guiana Space Centre, French Guiana",2015-09-30,20:30:07,Ariane 5 ECA,Sky Muster I (NBN-Co 1A) & ARSAT-2,Retired,,Success
Roscosmos,"1/5, Baikonur Cosmodrome, Republic of Kazakhstan",2015-10-01,16:49:40,Soyuz U,,Retired,,Success
ULA,"Space Launch Complex 41, Cape Canaveral SFS, FL, USA",2015-10-02,10:28:30,Atlas V 421,,Retired,123,Success
CASC,"Launch Area 94 (SLS-2 / 603), Jiuquan Satellite Launch Center, People's Republic of China",2015-10-07,04:13:04,Long March 2D,Jilin-1,Active,30,Success
ULA,"Space Launch Complex 3E, Vandenberg SFB, CA, USA",2015-10-08,12:49:30,Atlas V 401,NROL-55 (Multipayload mission),Retired,115,Success
CASC,"Launch Complex 2 (LC-2), Xichang Satellite Launch Center, People's Republic of China",2015-10-16,16:16:04,Long March 3B/E,,Active,70,Success
International Launch Services,"200/39 (200L), Baikonur Cosmodrome, Republic of Kazakhstan",2015-10-16,20:40:11,Proton-M Briz-M,Türksat 4B,Active,,Success
CASC,"Launch Area 94 (SLS-2 / 603), Jiuquan Satellite Launch Center, People's Republic of China",2015-10-26,07:10:04,Long March 2D,,Active,30,Success
ULA,"Space Launch Complex 41, Cape Canaveral SFS, FL, USA",2015-10-31,16:13:00,Atlas V 401,GPS IIF-11,Retired,115,Success
CASC,"Launch Complex 3 (LC-3/LA-1), Xichang Satellite Launch Center, People's Republic of China",2015-11-03,16:25:04,Long March 3B/E,,Active,70,Success
Sandia National Laboratories,"LP-41, Pacific Missile Range Facility, Barking Sands, HI, USA",2015-11-04,03:45:00,SPARK,,Retired,,Failure
CASC,"Launch Complex 9, Taiyuan Satellite Launch Center, People's Republic of China",2015-11-08,07:06:04,Long March 4B,,Active,,Success
Arianespace,"Ariane Launch Area 3, Guiana Space Centre, French Guiana",2015-11-10,21:34:07,Ariane 5 ECA,Arabsat 6B & GSAT-15,Retired,,Success
VKS RF,"43/4 (43R), Plesetsk Cosmodrome, Russian Federation",2015-11-17,06:33:41,Soyuz 2.1b Fregat,EKS (Tundra) (Kosmos 2510),Active,80,Success
CASC,"Launch Complex 3 (LC-3/LA-1), Xichang Satellite Launch Center, People's Republic of China",2015-11-20,16:07:04,Long March 3B/E,LaoSat-1,Active,70,Success
Blue Origin,"West Texas Suborbital Launch Site/ Corn Ranch, Corn Ranch, Van Horn, TX, USA",2015-11-23,17:21:00,New Shepard,NS-2,Retired,,Success
MHI,"Yoshinobu Launch Complex LP-1, Tanegashima Space Center, Japan",2015-11-24,06:50:00,H-IIA 204,Telstar 12 VANTAGE,Retired,90,Success
CASC,"Launch Complex 9, Taiyuan Satellite Launch Center, People's Republic of China",2015-11-26,21:24:04,Long March 4C,,Active,,Success
Arianespace,"Ariane Launch Area 1 (ELV), Guiana Space Centre, French Guiana",2015-12-03,04:04:01,Vega,LISA Pathfinder,Retired,37,Success
VKS RF,"43/4 (43R), Plesetsk Cosmodrome, Russian Federation",2015-12-05,14:08:33,Soyuz 2.1v Volga,,Retired,,Failure
ULA,"Space Launch Complex 41, Cape Canaveral SFS, FL, USA",2015-12-06,21:44:57,Atlas V 401,Cygnus CRS Orb-4 (S.S. Deke Slayton II),Retired,115,Success
CASC,"Launch Complex 3 (LC-3/LA-1), Xichang Satellite Launch Center, People's Republic of China",2015-12-09,16:46:04,Long March 3B/E,,Active,70,Success
Roscosmos,"45/1, Baikonur Cosmodrome, Republic of Kazakhstan",2015-12-11,13:45:33,Zenit,Electro-L No.2,Retired,,Success
Khrunichev,"81/24 (81P), Baikonur Cosmodrome, Republic of Kazakhstan",2015-12-13,00:19:00,Proton-M Briz-M,Garpun,Active,,Success
Roscosmos,"1/5, Baikonur Cosmodrome, Republic of Kazakhstan",2015-12-15,11:03:09,Soyuz FG,Soyuz TMA-19M,Retired,,Success
Antrix Corporation Limited,"Satish Dhawan Space Centre First Launch Pad, Satish Dhawan Space Centre, India",2015-12-16,12:30:00,PSLV-CA,TeLEOS-1,Active,16,Success
CASC,"Launch Area 94 (SLS-2 / 603), Jiuquan Satellite Launch Center, People's Republic of China",2015-12-17,00:12:04,Long March 2D,DAMPE,Active,30,Success
Arianespace,"Soyuz Launch Complex, Guiana Space Centre, French Guiana",2015-12-17,11:51:56,Soyuz STB Fregat,Galileo L6 (FOC FM08-FM09),Retired,,Success
Roscosmos,"31/6, Baikonur Cosmodrome, Republic of Kazakhstan",2015-12-21,08:44:39,Soyuz 2.1a,Progress MS (62P),Active,80,Success
SpaceX,"Space Launch Complex 40, Cape Canaveral SFS, FL, USA",2015-12-22,01:29:00,Falcon 9 Full Thrust,Orbcomm OG2 Mission 2,Retired,50,Success
Khrunichev,"81/24 (81P), Baikonur Cosmodrome, Republic of Kazakhstan",2015-12-24,21:31:19,Proton-M Briz-M,Ekspress AMU1,Active,,Success
CASC,"Launch Complex 2 (LC-2), Xichang Satellite Launch Center, People's Republic of China",2015-12-28,16:04:00,Long March 3B/E,Gaofen 4,Active,70,Success
CASC,"Launch Complex 2 (LC-2), Xichang Satellite Launch Center, People's Republic of China",2016-01-15,16:57:04,Long March 3B/E,BELINTERSAT-1,Active,70,Success
SpaceX,"Space Launch Complex 4E, Vandenberg SFB, CA, USA",2016-01-17,18:42:18,Falcon 9 v1.1,Jason 3,Retired,61.2,Success
ISRO,"Satish Dhawan Space Centre First Launch Pad, Satish Dhawan Space Centre, India",2016-01-20,04:01:00,PSLV XL,IRNSS-1E,Active,,Success
Blue Origin,"West Texas Suborbital Launch Site/ Corn Ranch, Corn Ranch, Van Horn, TX, USA",2016-01-22,16:00:00,New Shepard,NS-3,Retired,,Success
Arianespace,"Ariane Launch Area 3, Guiana Space Centre, French Guiana",2016-01-27,23:20:07,Ariane 5 ECA,Intelsat 29e,Retired,,Success
International Launch Services,"1/5, Baikonur Cosmodrome, Republic of Kazakhstan",2016-01-29,22:20:09,Proton-M Briz-M,Eutelsat 9B,Active,,Success
CASC,"Launch Complex 2 (LC-2), Xichang Satellite Launch Center, People's Republic of China",2016-02-01,07:29:04,Long March 3C/YZ-1,,Active,,Success
ULA,"Space Launch Complex 41, Cape Canaveral SFS, FL, USA",2016-02-05,13:38:00,Atlas V 401,GPS IIF-12,Retired,115,Success
VKS RF,"43/4 (43R), Plesetsk Cosmodrome, Russian Federation",2016-02-07,00:21:00,Soyuz 2.1b Fregat,Glonass-M (Kosmos 2514),Active,80,Success
NADA,"Unha Launch Pad, Sohae Satellite Launching Station,  Cholsan County, North Pyongan Province, Democratic People's Republic of Korea",2016-02-07,00:30:00,Unha,Kwangmyongsong,Active,,Success
ULA,"Space Launch Complex 6, Vandenberg SFB, CA, USA",2016-02-10,11:40:32,"Delta IV M+(5,2)",NROL-45 (Topaz-4) (USA-267),Retired,80,Success
Eurockot Launch Services,"133/3 (133L), Plesetsk Cosmodrome, Russian Federation",2016-02-16,17:57:40,Rokot/Briz-KM,Sentinel-3A,Active,,Success
MHI,"Yoshinobu Launch Complex LP-1, Tanegashima Space Center, Japan",2016-02-17,08:45:00,H-IIA 202,Astro-H (Hitomi),Retired,90,Success
SpaceX,"Space Launch Complex 40, Cape Canaveral SFS, FL, USA",2016-03-04,23:35:00,Falcon 9 Full Thrust,SES-9,Retired,50,Success
Arianespace,"Ariane Launch Area 3, Guiana Space Centre, French Guiana",2016-03-09,05:20:07,Ariane 5 ECA,Eutelsat 65 West A,Retired,,Success
ISRO,"Satish Dhawan Space Centre First Launch Pad, Satish Dhawan Space Centre, India",2016-03-10,10:31:00,PSLV XL,IRNSS-1F,Active,,Success
Roscosmos,"31/6, Baikonur Cosmodrome, Republic of Kazakhstan",2016-03-13,18:56:00,Soyuz 2.1b,Resurs-P No.3,Active,80,Success
Khrunichev,"200/39 (200L), Baikonur Cosmodrome, Republic of Kazakhstan",2016-03-14,09:31:42,Proton-M Briz-M,ExoMars Trace Gas Orbiter & EDM Schiaparelli lander,Active,,Success
Roscosmos,"1/5, Baikonur Cosmodrome, Republic of Kazakhstan",2016-03-18,21:26:42,Soyuz FG,Soyuz TMA-20M,Retired,,Success
ULA,"Space Launch Complex 41, Cape Canaveral SFS, FL, USA",2016-03-23,03:05:52,Atlas V 401,Cygnus CRS OA-6 (S.S. Rick Husband),Retired,115,Success
VKS RF,"43/4 (43R), Plesetsk Cosmodrome, Russian Federation",2016-03-24,09:42:00,Soyuz 2.1a,,Active,80,Success
CASC,"Launch Complex 3 (LC-3/LA-1), Xichang Satellite Launch Center, People's Republic of China",2016-03-29,20:11:00,Long March 3A,,Active,,Success
Roscosmos,"31/6, Baikonur Cosmodrome, Republic of Kazakhstan",2016-03-31,16:23:58,Soyuz 2.1a,Progress MS-02 (63P),Active,80,Success
Blue Origin,"West Texas Suborbital Launch Site/ Corn Ranch, Corn Ranch, Van Horn, TX, USA",2016-04-02,16:18:00,New Shepard,NS-4,Retired,,Success
CASC,"Launch Area 94 (SLS-2 / 603), Jiuquan Satellite Launch Center, People's Republic of China",2016-04-05,17:38:04,Long March 2D,Shijian-10,Active,30,Success
SpaceX,"Space Launch Complex 40, Cape Canaveral SFS, FL, USA",2016-04-08,20:43:32,Falcon 9 Full Thrust,SpX CRS-8,Retired,50,Success
Arianespace,"Soyuz Launch Complex, Guiana Space Centre, French Guiana",2016-04-25,21:02:13,Soyuz STA Fregat,Sentinel-1B,Retired,,Success
Roscosmos,"Cosmodrome Site 1S, Vostochny Cosmodrome, Siberia, Russian Federation",2016-04-28,02:01:21,Soyuz 2.1a Volga,"Mikhailo Lomonosov, Aist-2D & SamSat 218",Active,80,Success
ISRO,"Satish Dhawan Space Centre First Launch Pad, Satish Dhawan Space Centre, India",2016-04-28,07:20:00,PSLV XL,IRNSS-1G,Active,,Success
SpaceX,"Space Launch Complex 40, Cape Canaveral SFS, FL, USA",2016-05-06,05:21:00,Falcon 9 Full Thrust,JCSAT-14,Retired,50,Success
CASC,"Launch Area 94 (SLS-2 / 603), Jiuquan Satellite Launch Center, People's Republic of China",2016-05-15,02:43:00,Long March 2D,Yaogan-30,Active,30,Success
Arianespace,"Soyuz Launch Complex, Guiana Space Centre, French Guiana",2016-05-24,08:48:43,Soyuz STB Fregat,Galileo L7 (FOC FM10-FM11),Retired,,Success
SpaceX,"Space Launch Complex 40, Cape Canaveral SFS, FL, USA",2016-05-27,21:39:00,Falcon 9 Full Thrust,Thaicom 8,Retired,50,Success
VKS RF,"43/4 (43R), Plesetsk Cosmodrome, Russian Federation",2016-05-29,08:44:37,Soyuz 2.1b Fregat,Glonass-M No. 53 (Kosmos 2516),Active,80,Success
CASC,"Launch Complex 9, Taiyuan Satellite Launch Center, People's Republic of China",2016-05-30,03:17:04,Long March 4B,Ziyuan 3-02 & Ã‘uSat-1 & -2 (Fresco and Batata),Active,,Success
VKS RF,"133/3 (133L), Plesetsk Cosmodrome, Russian Federation",2016-06-04,14:00:14,Rokot/Briz-KM,Geo-IK-2 No.12L (Kosmos 2517),Active,,Success
International Launch Services,"81/24 (81P), Baikonur Cosmodrome, Republic of Kazakhstan",2016-06-09,07:10:00,Proton-M Briz-M,Intelsat 31/DLA-2,Active,,Success
ULA,"Space Launch Complex 37A, Cape Canaveral SFS, FL, USA",2016-06-11,17:51:00,Delta IV Heavy,NROL-37,Retired,350,Success
CASC,"Launch Complex 3 (LC-3/LA-1), Xichang Satellite Launch Center, People's Republic of China",2016-06-12,15:30:00,Long March 3C,Beidou-2 G7,Active,,Success
SpaceX,"Space Launch Complex 40, Cape Canaveral SFS, FL, USA",2016-06-15,14:29:00,Falcon 9 Full Thrust,Eutelsat 117 West B & ABS-2A,Retired,50,Success
Arianespace,"Ariane Launch Area 3, Guiana Space Centre, French Guiana",2016-06-18,21:38:39,Ariane 5 ECA,Echostar 18 & BRIsat,Retired,,Success
Blue Origin,"West Texas Suborbital Launch Site/ Corn Ranch, Corn Ranch, Van Horn, TX, USA",2016-06-19,15:15:00,New Shepard,NS-5,Retired,,Success
ISRO,"Satish Dhawan Space Centre First Launch Pad, Satish Dhawan Space Centre, India",2016-06-22,03:55:00,PSLV XL,Cartosat 2C & 19 small satellites,Active,,Success
ULA,"Space Launch Complex 41, Cape Canaveral SFS, FL, USA",2016-06-24,14:30:00,Atlas V 551,MUOS-5,Retired,153,Success
CASC,"201, Wenchang Space Launch Site, People's Republic of China",2016-06-25,12:00:07,Long March 7/YZ-1A,Development Flight 1,Active,,Success
CASC,"Launch Area 94 (SLS-2 / 603), Jiuquan Satellite Launch Center, People's Republic of China",2016-06-29,03:21:00,Long March 4B,,Active,,Success
Roscosmos,"1/5, Baikonur Cosmodrome, Republic of Kazakhstan",2016-07-07,01:36:40,Soyuz FG,Soyuz MS (MS-01),Retired,,Success
Roscosmos,"31/6, Baikonur Cosmodrome, Republic of Kazakhstan",2016-07-16,21:41:46,Soyuz U,Progress MS-03 (64P),Retired,,Success
SpaceX,"Space Launch Complex 40, Cape Canaveral SFS, FL, USA",2016-07-18,04:45:29,Falcon 9 Full Thrust,SpX CRS-9,Retired,50,Success
ULA,"Space Launch Complex 41, Cape Canaveral SFS, FL, USA",2016-07-28,12:37:00,Atlas V 421,NROL-61,Retired,123,Success
CASC,"Launch Complex 3 (LC-3/LA-1), Xichang Satellite Launch Center, People's Republic of China",2016-08-05,16:22:04,Long March 3B/E,Tiantong1-01,Active,70,Success
CASC,"Launch Complex 9, Taiyuan Satellite Launch Center, People's Republic of China",2016-08-09,22:55:00,Long March 4C,Gaofen 3,Active,,Success
SpaceX,"Space Launch Complex 40, Cape Canaveral SFS, FL, USA",2016-08-14,05:26:00,Falcon 9 Full Thrust,JCSAT-16,Retired,50,Success
CASC,"Launch Area 94 (SLS-2 / 603), Jiuquan Satellite Launch Center, People's Republic of China",2016-08-15,17:40:04,Long March 2D,QUESS (Micius),Active,30,Success
ULA,"Space Launch Complex 41, Cape Canaveral SFS, FL, USA",2016-08-19,04:52:00,"Delta IV M+(4,2)",AFSPC-6,Retired,350,Success
Arianespace,"Ariane Launch Area 3, Guiana Space Centre, French Guiana",2016-08-24,22:16:01,Ariane 5 ECA,Intelsat 33e & Intelsat 36,Retired,,Success
CASC,"Launch Complex 9, Taiyuan Satellite Launch Center, People's Republic of China",2016-08-31,18:55:00,Long March 4C,Gaofen 10,Active,,Failure
SpaceX,"Space Launch Complex 40, Cape Canaveral SFS, FL, USA",2016-09-03,07:00:00,Falcon 9 Full Thrust,Amos 6 (Failure before launch),Retired,50,Failure
ISRO,"Satish Dhawan Space Centre Second Launch Pad, Satish Dhawan Space Centre, India",2016-09-08,11:20:00,GSLV Mk. II,INSAT-3DR,Active,,Success
Virgin Galactic,"Mojave Air and Space Port, Air launch to Suborbital flight",2016-09-08,12:00:00,SpaceShipTwo,VSS Unity CC01,Active,,Success
ULA,"Space Launch Complex 41, Cape Canaveral SFS, FL, USA",2016-09-08,23:05:00,Atlas V 411,OSIRIS-REx,Retired,115,Success
Israel Aerospace Industries,"Shavit Launch Pad, Palmachim Airbase, State of Israel",2016-09-13,14:38:00,Shavit-2,Ofeq-11,Active,,Success
CASC,"Launch Area 91 (SLS-1 / 921), Jiuquan Satellite Launch Center, People's Republic of China",2016-09-15,14:04:09,Long March 2F/G,Tiangong-2,Active,,Success
Arianespace,"Ariane Launch Area 1 (ELV), Guiana Space Centre, French Guiana",2016-09-16,01:43:35,Vega,PerúSAT-1 / SkySat x 4,Retired,37,Success
ISRO,"Satish Dhawan Space Centre First Launch Pad, Satish Dhawan Space Centre, India",2016-09-26,03:42:00,PSLV,SCATSat-1,Active,21,Success
Blue Origin,"West Texas Suborbital Launch Site/ Corn Ranch, Corn Ranch, Van Horn, TX, USA",2016-10-05,16:36:00,New Shepard,NS-6,Retired,,Success
Arianespace,"Ariane Launch Area 3, Guiana Space Centre, French Guiana",2016-10-05,20:30:00,Ariane 5 ECA,Sky Muster II (NBN-Co 1B) & GSAT-18,Retired,,Success
CASC,"Launch Area 91 (SLS-1 / 921), Jiuquan Satellite Launch Center, People's Republic of China",2016-10-16,23:30:31,Long March 2F/G,Shenzhou-11,Active,,Success
Orbital ATK,"Launch Area 0 A, Wallops Flight Facility, Virginia, USA",2016-10-17,23:45:36,Antares 230,Cygnus CRS OA-5 (S.S. Alan Poindexter),Retired,,Success
Roscosmos,"31/6, Baikonur Cosmodrome, Republic of Kazakhstan",2016-10-19,08:05:14,Soyuz FG,Soyuz MS-02,Retired,,Success
Virgin Galactic,"Mojave Air and Space Port, Air launch to Suborbital flight",2016-11-01,12:00:00,SpaceShipTwo,VSS Unity CC02,Active,,Partial Failure
MHI,"Yoshinobu Launch Complex LP-1, Tanegashima Space Center, Japan",2016-11-02,06:20:00,H-IIA 202,Himawari-9,Retired,90,Success
Virgin Galactic,"Mojave Air and Space Port, Air launch to Suborbital flight",2016-11-03,12:00:00,SpaceShipTwo,VSS Unity CC03,Active,,Partial Failure
CASC,"101, Wenchang Space Launch Site, People's Republic of China",2016-11-03,12:43:13,Long March 5/YZ-2,Shijian-17,Active,,Success
CASC,"Launch Area 95A, Jiuquan Satellite Launch Center, People's Republic of China",2016-11-09,23:42:00,Long March 11,"Xiaoxiang-1, XPNAV-1 & 3 others.",Active,,Success
ULA,"Space Launch Complex 3E, Vandenberg SFB, CA, USA",2016-11-11,18:30:33,Atlas V 401,WorldView-4,Retired,115,Success
CASC,"Launch Area 94 (SLS-2 / 603), Jiuquan Satellite Launch Center, People's Republic of China",2016-11-11,23:14:00,Long March 2D,Yunhai 1-01,Active,30,Success
Arianespace,"Ariane Launch Area 3, Guiana Space Centre, French Guiana",2016-11-17,13:06:48,Ariane 5 ES,Galileo L8 (FOC FM07 & FM12-FM14),Retired,,Success
Roscosmos,"1/5, Baikonur Cosmodrome, Republic of Kazakhstan",2016-11-17,20:20:13,Soyuz FG,Soyuz MS-03,Retired,,Success
ULA,"Space Launch Complex 41, Cape Canaveral SFS, FL, USA",2016-11-19,23:42:00,Atlas V 541,GOES-R,Retired,145,Success
CASC,"Launch Complex 2 (LC-2), Xichang Satellite Launch Center, People's Republic of China",2016-11-22,15:24:04,Long March 3C,Tianlian 1-04,Active,,Success
Virgin Galactic,"Mojave Air and Space Port, Air launch to Suborbital flight",2016-11-30,12:00:00,SpaceShipTwo,VSS Unity CC04,Active,,Success
Roscosmos,"1/5, Baikonur Cosmodrome, Republic of Kazakhstan",2016-12-01,14:51:52,Soyuz U,Progress MS-04 (65P),Retired,,Failure
Virgin Galactic,"Mojave Air and Space Port, Air launch to Suborbital flight",2016-12-03,12:00:00,SpaceShipTwo,VSS Unity GF01,Active,,Success
Arianespace,"Ariane Launch Area 1 (ELV), Guiana Space Centre, French Guiana",2016-12-05,13:51:44,Vega,Göktürk-1A,Retired,37,Success
ISRO,"Satish Dhawan Space Centre First Launch Pad, Satish Dhawan Space Centre, India",2016-12-07,04:54:00,PSLV XL,Resourcesat-2A,Active,,Success
ULA,"Space Launch Complex 37B, Cape Canaveral SFS, FL, USA",2016-12-07,23:53:00,"Delta IV M+(5,4)",WGS-8 (USA-272),Retired,,Success
MHI,"Yoshinobu Launch Complex LP-2, Tanegashima Space Center, Japan",2016-12-09,13:26:47,H-IIB 304,Kounotori 6 (HTV-6),Retired,112.5,Success
CASC,"Launch Complex 3 (LC-3/LA-1), Xichang Satellite Launch Center, People's Republic of China",2016-12-10,16:11:00,Long March 3B,Fengyun-4A,Active,70,Success
Orbital ATK,"Cape Canaveral, Air launch to orbit",2016-12-15,13:37:21,Pegasus XL,8 x CYGNSS,Active,40,Success
ULA,"Space Launch Complex 41, Cape Canaveral SFS, FL, USA",2016-12-18,19:13:00,Atlas V 431,Echostar 19 (Jupiter-2),Retired,130,Success
JAXA,"Mu Center, Uchinoura Space Center, Japan",2016-12-20,11:00:00,Epsilon,ERG (Exploration of energization and Radiation in Geospace),Active,39,Success
CASC,"Launch Area 94 (SLS-2 / 603), Jiuquan Satellite Launch Center, People's Republic of China",2016-12-21,19:22:04,Long March 2D,Tansat (CarbonSat),Active,30,Success
Arianespace,"Ariane Launch Area 3, Guiana Space Centre, French Guiana",2016-12-21,20:30:00,Ariane 5 ECA,Star One D1 & JCSAT-15,Retired,,Success
Virgin Galactic,"Mojave Air and Space Port, Air launch to Suborbital flight",2016-12-22,12:00:00,SpaceShipTwo,VSS Unity GF02,Active,,Success
CASC,"Launch Complex 9, Taiyuan Satellite Launch Center, People's Republic of China",2016-12-28,03:23:00,Long March 2D,Gaojing-1,Active,30,Partial Failure
CASC,"Launch Complex 2 (LC-2), Xichang Satellite Launch Center, People's Republic of China",2017-01-05,15:18:04,Long March 3B,TJS 2 (TJSW-2),Active,70,Success
ExPace,"Launch Area 95A, Jiuquan Satellite Launch Center, People's Republic of China",2017-01-09,04:11:12,Kuaizhou 1A,Multiple payloads,Active,,Success
SpaceX,"Space Launch Complex 4E, Vandenberg SFB, CA, USA",2017-01-14,17:54:34,Falcon 9 Full Thrust,Iridium-1,Retired,50,Success
JAXA,"KS Center, Uchinoura Space Center, Japan",2017-01-14,23:33:00,SS-520-4,TRICOM-1,Retired,,Failure
ULA,"Space Launch Complex 41, Cape Canaveral SFS, FL, USA",2017-01-21,00:42:00,Atlas V 401,SBIRS GEO Flight 3 (SBIRS GEO-4),Retired,115,Success
MHI,"Yoshinobu Launch Complex LP-1, Tanegashima Space Center, Japan",2017-01-24,07:44:00,H-IIA 204,DSN 2 (Kirameki 2),Retired,90,Success
Arianespace,"Ariane Launch Area 3, Guiana Space Centre, French Guiana",2017-01-28,01:03:34,Soyuz STB Fregat-MT,Hispasat 36W-1 (Hispasat AG1),Retired,80,Success
Arianespace,"Ariane Launch Area 3, Guiana Space Centre, French Guiana",2017-02-14,21:39:00,Ariane 5 ECA,SKY Brasil-1 (Intelsat-32e) & Telkom-3S,Retired,,Success
ISRO,"Satish Dhawan Space Centre First Launch Pad, Satish Dhawan Space Centre, India",2017-02-15,03:58:00,PSLV XL,Cartosat-2D & 103 others,Active,,Success
SpaceX,"Launch Complex 39A, Kennedy Space Center, FL, USA",2017-02-19,14:39:00,Falcon 9 Full Thrust,SpX CRS-10,Retired,50,Success
Roscosmos,"1/5, Baikonur Cosmodrome, Republic of Kazakhstan",2017-02-22,05:58:33,Soyuz U,Progress MS-05 (66P),Retired,,Success
Virgin Galactic,"Mojave Air and Space Port, Air launch to Suborbital flight",2017-02-24,12:00:00,SpaceShipTwo,VSS Unity GF03,Active,,Success
ULA,"Space Launch Complex 3E, Vandenberg SFB, CA, USA",2017-03-01,17:49:51,Atlas V 401,NROL-79,Retired,115,Success
CASC,"Launch Area 94 (SLS-2 / 603), Jiuquan Satellite Launch Center, People's Republic of China",2017-03-02,23:53:00,Kaituozhe-2,Tiankun-1,Retired,,Success
Arianespace,"Ariane Launch Area 1 (ELV), Guiana Space Centre, French Guiana",2017-03-07,01:49:24,Vega,Sentinel-2A,Retired,37,Success
SpaceX,"Launch Complex 39A, Kennedy Space Center, FL, USA",2017-03-16,06:00:00,Falcon 9 Full Thrust,Echostar 23,Retired,50,Success
MHI,"Yoshinobu Launch Complex LP-1, Tanegashima Space Center, Japan",2017-03-17,01:20:00,H-IIA 202,IGS Radar 5,Retired,90,Success
ULA,"Space Launch Complex 37B, Cape Canaveral SFS, FL, USA",2017-03-19,00:18:00,"Delta IV M+(5,4)",WGS-9 (USA-275),Retired,,Success
SpaceX,"Launch Complex 39A, Kennedy Space Center, FL, USA",2017-03-30,22:27:00,Falcon 9 Full Thrust,SES-10,Retired,50,Success
CASC,"Launch Complex 3 (LC-3/LA-1), Xichang Satellite Launch Center, People's Republic of China",2017-04-12,11:04:04,Long March 3B,Shijian-13/Chinasat-16,Active,70,Success
ULA,"Space Launch Complex 41, Cape Canaveral SFS, FL, USA",2017-04-18,15:11:26,Atlas V 401,Cygnus CRS OA-7 (S.S. John Glenn),Retired,115,Success
Roscosmos,"1/5, Baikonur Cosmodrome, Republic of Kazakhstan",2017-04-20,07:13:45,Soyuz FG,Soyuz MS-04,Retired,,Success
CASC,"201, Wenchang Space Launch Site, People's Republic of China",2017-04-20,11:41:35,Long March 7,Tianzhou-1,Active,,Success
SpaceX,"Launch Complex 39A, Kennedy Space Center, FL, USA",2017-05-01,11:15:00,Falcon 9 Full Thrust,NROL-76,Retired,50,Success
Virgin Galactic,"Mojave Air and Space Port, Air launch to Suborbital flight",2017-05-01,12:00:00,SpaceShipTwo,VSS Unity GF04,Active,,Success
Arianespace,"Ariane Launch Area 3, Guiana Space Centre, French Guiana",2017-05-04,21:50:00,Ariane 5 ECA,SGDC 1 & Koreasat 7,Retired,,Success
ISRO,"Satish Dhawan Space Centre Second Launch Pad, Satish Dhawan Space Centre, India",2017-05-05,11:27:00,GSLV Mk. II,SouthAsiaSat (GSAT-9),Active,,Success
SpaceX,"Launch Complex 39A, Kennedy Space Center, FL, USA",2017-05-15,23:21:00,Falcon 9 Full Thrust,Inmarsat-5 F4,Retired,50,Success
Arianespace,"Soyuz Launch Complex, Guiana Space Centre, French Guiana",2017-05-18,11:54:53,Soyuz STA Fregat,SES-15,Retired,,Success
Rocket Lab,"Rocket Lab Launch Complex 1A, Rocket Lab Launch Complex 1, Mahia Peninsula, New Zealand",2017-05-25,04:20:00,Electron,It's a Test,Active,6,Failure
VKS RF,"43/4 (43R), Plesetsk Cosmodrome, Russian Federation",2017-05-25,06:33:41,Soyuz 2.1b Fregat,EKS-2 (Tundra 2) (Kosmos 2518),Active,80,Success
MHI,"Yoshinobu Launch Complex LP-1, Tanegashima Space Center, Japan",2017-06-01,00:17:46,H-IIA 202,Michibiki 2 (QZS-2),Retired,90,Success
Virgin Galactic,"Mojave Air and Space Port, Air launch to Suborbital flight",2017-06-01,12:00:00,SpaceShipTwo,VSS Unity CF01,Active,,Success
Arianespace,"Ariane Launch Area 3, Guiana Space Centre, French Guiana",2017-06-01,23:45:07,Ariane 5 ECA,ViaSat-2 & EUTELSAT 172B,Retired,,Success
SpaceX,"Launch Complex 39A, Kennedy Space Center, FL, USA",2017-06-03,21:07:38,Falcon 9 Full Thrust,SpX CRS-11,Retired,50,Success
ISRO,"Satish Dhawan Space Centre Second Launch Pad, Satish Dhawan Space Centre, India",2017-06-05,11:58:00,Launch Vehicle Mark-3 (GSLV Mk III),GSAT-19,Active,46,Success
International Launch Services,"81/24 (81P), Baikonur Cosmodrome, Republic of Kazakhstan",2017-06-08,03:45:47,Proton-M Briz-M,Echostar 21,Active,,Success
Roscosmos,"31/6, Baikonur Cosmodrome, Republic of Kazakhstan",2017-06-14,09:20:13,Soyuz 2.1a,Progress MS-06 (67P),Active,80,Success
CASC,"Launch Area 94 (SLS-2 / 603), Jiuquan Satellite Launch Center, People's Republic of China",2017-06-15,03:00:00,Long March 4B,Huiyan (HXMT (Hard X-ray Modulation Telescope)),Active,,Success
CASC,"Launch Complex 2 (LC-2), Xichang Satellite Launch Center, People's Republic of China",2017-06-18,16:11:00,Long March 3B/E,Zhongxing-9A (Chinasat-9A),Active,70,Partial Failure
ISRO,"Satish Dhawan Space Centre First Launch Pad, Satish Dhawan Space Centre, India",2017-06-23,03:59:00,PSLV XL,Cartosat-2E,Active,,Success
VKS RF,"43/4 (43R), Plesetsk Cosmodrome, Russian Federation",2017-06-23,18:04:33,Soyuz 2.1v Volga,Kosmos-2519,Retired,,Success
SpaceX,"Launch Complex 39A, Kennedy Space Center, FL, USA",2017-06-23,19:10:00,Falcon 9 Full Thrust,BulgariaSat-1,Retired,50,Success
SpaceX,"Space Launch Complex 4E, Vandenberg SFB, CA, USA",2017-06-25,20:25:18,Falcon 9 Full Thrust,Iridium-2,Retired,50,Success
Arianespace,"Ariane Launch Area 3, Guiana Space Centre, French Guiana",2017-06-28,21:15:00,Ariane 5 ECA,HellasSat-3 (Inmarsat S EAN) & GSAT-17,Retired,,Success
CASC,"101, Wenchang Space Launch Site, People's Republic of China",2017-07-02,11:23:23,Long March 5/YZ-2,Shijian 18,Active,,Failure
SpaceX,"Launch Complex 39A, Kennedy Space Center, FL, USA",2017-07-05,23:38:00,Falcon 9 Full Thrust,Intelsat 35e,Retired,50,Success
Roscosmos,"31/6, Baikonur Cosmodrome, Republic of Kazakhstan",2017-07-14,06:36:49,Soyuz 2.1a Fregat-M,Kanopus-V-IK,Active,80,Partial Failure
Iranian Space Agency,"Imam Khomeini Spaceport, Semnan Space Center, Islamic Republic of Iran",2017-07-27,09:30:00,Simorgh,Unknown,Active,,Failure
Roscosmos,"1/5, Baikonur Cosmodrome, Republic of Kazakhstan",2017-07-28,15:41:12,Soyuz FG,Soyuz MS-05,Retired,,Success
Interstellar Technologies,"Launch Complex 0, Hokkaido Spaceport, Japan",2017-07-30,07:30:00,MOMO v0,1st Test Flight,Retired,,Failure
Arianespace,"Ariane Launch Area 1 (ELV), Guiana Space Centre, French Guiana",2017-08-02,01:58:33,Vega,OptSat 3000 & VENÂµS (VENUS),Retired,37,Success
Virgin Galactic,"Mojave Air and Space Port, Air launch to Suborbital flight",2017-08-04,12:00:00,SpaceShipTwo,VSS Unity GF06,Active,,Success
SpaceX,"Launch Complex 39A, Kennedy Space Center, FL, USA",2017-08-14,16:31:37,Falcon 9 Block 4,SpX CRS-12,Retired,50,Success
Khrunichev,"81/24 (81P), Baikonur Cosmodrome, Republic of Kazakhstan",2017-08-16,22:07:00,Proton-M Briz-M,Blagovest No.11L (Kosmos 2520),Active,,Success
ULA,"Space Launch Complex 41, Cape Canaveral SFS, FL, USA",2017-08-18,12:29:00,Atlas V 401,TDRS-M,Retired,115,Success
MHI,"Yoshinobu Launch Complex LP-1, Tanegashima Space Center, Japan",2017-08-19,05:29:00,H-IIA 204,Michibiki 3 (QZS-3),Retired,90,Success
SpaceX,"Space Launch Complex 4E, Vandenberg SFB, CA, USA",2017-08-24,18:51:00,Falcon 9 Full Thrust,Formosat 5,Retired,50,Success
Orbital ATK,"Space Launch Complex 46, Cape Canaveral SFS, FL, USA",2017-08-26,06:04:00,Minotaur IV,ORS-5,Active,,Success
ISRO,"Satish Dhawan Space Centre First Launch Pad, Satish Dhawan Space Centre, India",2017-08-31,13:30:00,PSLV XL,IRNSS-1H,Active,,Failure
SpaceX,"Launch Complex 39A, Kennedy Space Center, FL, USA",2017-09-07,14:00:00,Falcon 9 Block 4,OTV-5 (X-37B),Retired,50,Success
International Launch Services,"200/39 (200L), Baikonur Cosmodrome, Republic of Kazakhstan",2017-09-11,19:23:40,Proton-M Briz-M,Amazonas 5,Active,,Success
Roscosmos,"1/5, Baikonur Cosmodrome, Republic of Kazakhstan",2017-09-12,21:17:02,Soyuz FG,Soyuz MS-06,Retired,,Success
VKS RF,"43/3 (43L), Plesetsk Cosmodrome, Russian Federation",2017-09-22,00:02:32,Soyuz 2.1b Fregat-M,Glonass-M (Kosmos 2522),Active,48.5,Success
ULA,"Space Launch Complex 3E, Vandenberg SFB, CA, USA",2017-09-24,05:49:47,Atlas V 541,NROL-42,Retired,145,Success
International Launch Services,"200/39 (200L), Baikonur Cosmodrome, Republic of Kazakhstan",2017-09-28,18:52:16,Proton-M Briz-M,AsiaSat 9,Active,,Success
CASC,"Launch Complex 3 (LC-3/LA-1), Xichang Satellite Launch Center, People's Republic of China",2017-09-29,04:21:05,Long March 2C,,Active,,Success
Arianespace,"Ariane Launch Area 3, Guiana Space Centre, French Guiana",2017-09-29,21:56:00,Ariane 5 ECA,Intelsat 37e & BSAT-4a,Retired,,Success
CASC,"Launch Area 94 (SLS-2 / 603), Jiuquan Satellite Launch Center, People's Republic of China",2017-10-09,04:13:14,Long March 2D,VRSS-2 (Antonio JosÃ© de Sucre),Active,30,Success
SpaceX,"Space Launch Complex 4E, Vandenberg SFB, CA, USA",2017-10-09,12:37:01,Falcon 9 Block 4,Iridium-3,Retired,50,Success
MHI,"Yoshinobu Launch Complex LP-1, Tanegashima Space Center, Japan",2017-10-09,22:01:37,H-IIA 202,Michibiki 4 (QZS-4),Retired,90,Success
SpaceX,"Launch Complex 39A, Kennedy Space Center, FL, USA",2017-10-11,22:53:00,Falcon 9 Full Thrust,Echostar 105/SES-11,Retired,50,Success
Eurockot Launch Services,"133/3 (133L), Plesetsk Cosmodrome, Russian Federation",2017-10-13,09:27:44,Rokot/Briz-KM,Sentinel-5P,Active,,Success
Roscosmos,"31/6, Baikonur Cosmodrome, Republic of Kazakhstan",2017-10-14,08:46:53,Soyuz 2.1a,Progress MS-07 (68P),Active,80,Success
ULA,"Space Launch Complex 41, Cape Canaveral SFS, FL, USA",2017-10-15,07:28:00,Atlas V 421,NROL-52,Retired,123,Success
SpaceX,"Launch Complex 39A, Kennedy Space Center, FL, USA",2017-10-30,19:34:00,Falcon 9 Block 4,Koreasat 5A,Retired,50,Success
Orbital ATK,"Space Launch Complex 576E, Vandenberg SFB, CA, USA",2017-10-31,21:37:00,Minotaur C,Dedicated rideshare,Retired,,Success
CASC,"Launch Complex 3 (LC-3/LA-1), Xichang Satellite Launch Center, People's Republic of China",2017-11-05,11:45:04,Long March 3B/YZ-1,Beidou-3 M1 & M2,Active,70,Success
Arianespace,"Ariane Launch Area 1 (ELV), Guiana Space Centre, French Guiana",2017-11-08,01:42:31,Vega,Mohammed VI-A,Retired,37,Success
Orbital ATK,"Launch Area 0 A, Wallops Flight Facility, Virginia, USA",2017-11-12,12:19:51,Antares 230,Cygnus CRS OA-8 (S.S. Gene Cernan),Retired,,Success
CASC,"Launch Complex 9, Taiyuan Satellite Launch Center, People's Republic of China",2017-11-14,18:35:54,Long March 4C,Fengyun-3D,Active,,Success
ULA,"Space Launch Complex 2W, Vandenberg SFB, CA, USA",2017-11-18,09:47:36,Delta II 7920-10,JPSS 1 (Joint Polar Satellite System spacecraft No. 1),Retired,51,Success
CASC,"Launch Complex 16, Taiyuan Satellite Launch Center, People's Republic of China",2017-11-21,04:50:13,Long March 6,"Jilin-1-04, Jilin-1-05 & Jilin-1-06",Active,,Success
CASC,"Launch Complex 3 (LC-3/LA-1), Xichang Satellite Launch Center, People's Republic of China",2017-11-24,18:10:05,Long March 2C,3 x Yaogan-30,Active,,Success
Roscosmos,"Cosmodrome Site 1S, Vostochny Cosmodrome, Siberia, Russian Federation",2017-11-28,05:41:46,Soyuz 2.1b Fregat,Meteor-M No.2-1 & rideshare payloads,Active,80,Failure
VKS RF,"43/4 (43R), Plesetsk Cosmodrome, Russian Federation",2017-12-02,10:43:26,Soyuz 2.1b,Lotos-S1,Active,80,Success
CASC,"Launch Area 94 (SLS-2 / 603), Jiuquan Satellite Launch Center, People's Republic of China",2017-12-03,04:11:00,Long March 2D,,Active,30,Success
CASC,"Launch Complex 2 (LC-2), Xichang Satellite Launch Center, People's Republic of China",2017-12-10,16:40:04,Long March 3B/E,Alcomsat-1,Active,70,Success
Blue Origin,"West Texas Suborbital Launch Site/ Corn Ranch, Corn Ranch, Van Horn, TX, USA",2017-12-12,16:59:00,New Shepard,NS-7,Retired,,Success
Arianespace,"Ariane Launch Area 3, Guiana Space Centre, French Guiana",2017-12-12,18:36:07,Ariane 5 ES,Galileo L9 (FOC FM15-FM18),Retired,,Success
SpaceX,"Space Launch Complex 40, Cape Canaveral SFS, FL, USA",2017-12-15,15:36:09,Falcon 9 Full Thrust,SpX CRS-13,Retired,50,Success
Roscosmos,"1/5, Baikonur Cosmodrome, Republic of Kazakhstan",2017-12-17,07:21:01,Soyuz FG,Soyuz MS-07,Retired,,Success
MHI,"Yoshinobu Launch Complex LP-1, Tanegashima Space Center, Japan",2017-12-23,01:26:22,H-IIA 202,GCOM-C1 & SLATS,Retired,90,Success
SpaceX,"Space Launch Complex 4E, Vandenberg SFB, CA, USA",2017-12-23,01:27:34,Falcon 9 Full Thrust,Iridium-4,Retired,50,Success
CASC,"Launch Area 94 (SLS-2 / 603), Jiuquan Satellite Launch Center, People's Republic of China",2017-12-23,04:14:26,Long March 2D,,Active,30,Success
CASC,"Launch Complex 3 (LC-3/LA-1), Xichang Satellite Launch Center, People's Republic of China",2017-12-25,19:44:05,Long March 2C,,Active,,Success
Sea Launch,"45/1, Baikonur Cosmodrome, Republic of Kazakhstan",2017-12-26,19:00:03,Zenit,AngoSat-1,Retired,,Success
SpaceX,"Space Launch Complex 40, Cape Canaveral SFS, FL, USA",2018-01-08,01:00:00,Falcon 9 Block 4,Zuma,Retired,50,Success
CASC,"Launch Complex 9, Taiyuan Satellite Launch Center, People's Republic of China",2018-01-09,03:24:33,Long March 2D,SuperView-1 (Gaojing 1-03 & Gaojing 1-04),Active,30,Success
Virgin Galactic,"Mojave Air and Space Port, Air launch to Suborbital flight",2018-01-11,12:00:00,SpaceShipTwo,VSS Unity GF07,Active,,Success
CASC,"Launch Complex 3 (LC-3/LA-1), Xichang Satellite Launch Center, People's Republic of China",2018-01-11,23:18:04,Long March 3B/YZ-1,Beidou-3 M7 & M8,Active,70,Success
ISRO,"Satish Dhawan Space Centre First Launch Pad, Satish Dhawan Space Centre, India",2018-01-12,03:59:00,PSLV XL,Cartosat-2F (Cartosat-2S4),Active,,Success
ULA,"Space Launch Complex 6, Vandenberg SFB, CA, USA",2018-01-12,22:11:00,"Delta IV M+(5,2)",NROL-47,Retired,80,Success
CASC,"Launch Area 94 (SLS-2 / 603), Jiuquan Satellite Launch Center, People's Republic of China",2018-01-13,07:10:00,Long March 2D,,Active,30,Success
JAXA,"Mu Center, Uchinoura Space Center, Japan",2018-01-17,21:06:11,Epsilon,ASNARO-2,Active,39,Success
CASC,"Launch Area 95A, Jiuquan Satellite Launch Center, People's Republic of China",2018-01-19,04:12:50,Long March 11,"Jilin-1-07 (Deqing-1), Jilin-1-08",Active,,Success
ULA,"Space Launch Complex 41, Cape Canaveral SFS, FL, USA",2018-01-20,00:48:00,Atlas V 411,SBIRS GEO Flight 4 (SBIRS GEO-3),Retired,115,Success
Rocket Lab,"Rocket Lab Launch Complex 1A, Rocket Lab Launch Complex 1, Mahia Peninsula, New Zealand",2018-01-21,01:43:00,Electron,"Still Testing (Dove Pioneer, 2 x Lemur-2)",Active,6,Success
CASC,"Launch Complex 3 (LC-3/LA-1), Xichang Satellite Launch Center, People's Republic of China",2018-01-25,05:39:04,Long March 2C,3 x Yaogan-30,Active,,Success
Arianespace,"Ariane Launch Area 3, Guiana Space Centre, French Guiana",2018-01-25,22:20:00,Ariane 5 ECA,Al Yah 3 & SES-14,Retired,,Partial Failure
SpaceX,"Space Launch Complex 40, Cape Canaveral SFS, FL, USA",2018-01-31,21:25:00,Falcon 9 Full Thrust,GovSat (SES-16),Retired,50,Success
Roscosmos,"Cosmodrome Site 1S, Vostochny Cosmodrome, Siberia, Russian Federation",2018-02-01,02:07:18,Soyuz 2.1a Fregat-M,Kanopus-V No.3 & Kanopus-V No.4,Active,80,Success
CASC,"Launch Area 94 (SLS-2 / 603), Jiuquan Satellite Launch Center, People's Republic of China",2018-02-02,07:51:04,Long March 2D,Zhangheng-1 (CSES),Active,30,Success
JAXA,"KS Center, Uchinoura Space Center, Japan",2018-02-03,05:03:00,SS-520-5,TRICOM-1R,Retired,,Success
SpaceX,"Launch Complex 39A, Kennedy Space Center, FL, USA",2018-02-06,20:45:00,Falcon Heavy,Demo Flight 1 (Maiden Flight),Active,90,Success
CASC,"Launch Complex 2 (LC-2), Xichang Satellite Launch Center, People's Republic of China",2018-02-12,05:03:04,Long March 3B/YZ-1,Beidou-3 M3 & M4,Active,70,Success
Roscosmos,"31/6, Baikonur Cosmodrome, Republic of Kazakhstan",2018-02-13,08:13:33,Soyuz 2.1a,Progress MS-08 (69P),Active,80,Success
SpaceX,"Space Launch Complex 4E, Vandenberg SFB, CA, USA",2018-02-22,14:17:00,Falcon 9 Full Thrust,"PAZ & Microsat-2a, Microsat-2b",Retired,50,Success
JAXA,"Yoshinobu Launch Complex LP-1, Tanegashima Space Center, Japan",2018-02-27,04:34:00,H-IIA 202,IGS Optical 6,Retired,90,Success
ULA,"Space Launch Complex 41, Cape Canaveral SFS, FL, USA",2018-03-01,22:02:00,Atlas V 541,GOES-S,Retired,145,Success
SpaceX,"Space Launch Complex 40, Cape Canaveral SFS, FL, USA",2018-03-06,05:33:00,Falcon 9 Block 4,Hispasat 30W-6 (Hispasat 1F),Retired,50,Success
Arianespace,"Soyuz Launch Complex, Guiana Space Centre, French Guiana",2018-03-09,17:10:06,Soyuz STB Fregat,O3b FM13-16,Retired,,Success
CASC,"Launch Area 94 (SLS-2 / 603), Jiuquan Satellite Launch Center, People's Republic of China",2018-03-17,07:10:04,Long March 2D,Land Survey Satellite-4,Active,30,Success
Roscosmos,"1/5, Baikonur Cosmodrome, Republic of Kazakhstan",2018-03-21,17:44:23,Soyuz FG,Soyuz MS-08,Retired,,Success
ISRO,"Satish Dhawan Space Centre Second Launch Pad, Satish Dhawan Space Centre, India",2018-03-29,11:26:00,GSLV Mk. II,GSAT-6A,Active,,Success
VKS RF,"43/4 (43R), Plesetsk Cosmodrome, Russian Federation",2018-03-29,17:38:42,Soyuz 2.1v,VNIIEM EMKA (Kosmos-2525),Retired,,Success
CASC,"Launch Complex 2 (LC-2), Xichang Satellite Launch Center, People's Republic of China",2018-03-29,17:56:04,Long March 3B/YZ-1,Beidou-3 M9 & M10,Active,70,Success
SpaceX,"Space Launch Complex 4E, Vandenberg SFB, CA, USA",2018-03-30,14:13:51,Falcon 9 Block 4,Iridium-5,Retired,50,Success
CASC,"Launch Complex 9, Taiyuan Satellite Launch Center, People's Republic of China",2018-03-31,03:22:08,Long March 4C,"Gaofen 1-02, 1-03 & 1-04",Active,,Success
SpaceX,"Space Launch Complex 40, Cape Canaveral SFS, FL, USA",2018-04-02,20:30:38,Falcon 9 Block 4,SpX CRS-14,Retired,50,Success
Virgin Galactic,"Mojave Air and Space Port, Air launch to Suborbital flight",2018-04-05,12:00:00,SpaceShipTwo,VSS Unity PF01,Active,,Success
Arianespace,"Ariane Launch Area 3, Guiana Space Centre, French Guiana",2018-04-05,21:34:07,Ariane 5 ECA,DSN 1 & HYLAS 4,Retired,,Success
CASC,"Launch Area 94 (SLS-2 / 603), Jiuquan Satellite Launch Center, People's Republic of China",2018-04-10,04:25:03,Long March 4C,,Active,,Success
ISRO,"Satish Dhawan Space Centre First Launch Pad, Satish Dhawan Space Centre, India",2018-04-11,22:34:00,PSLV XL,IRNSS-1I,Active,,Success
ULA,"Space Launch Complex 41, Cape Canaveral SFS, FL, USA",2018-04-14,23:13:00,Atlas V 551,AFSPC-11,Retired,153,Success
Khrunichev,"81/24 (81P), Baikonur Cosmodrome, Republic of Kazakhstan",2018-04-18,22:12:00,Proton-M Briz-M,Blagovest No.12L (Kosmos 2526),Active,,Success
SpaceX,"Space Launch Complex 40, Cape Canaveral SFS, FL, USA",2018-04-18,22:51:31,Falcon 9 Block 4,TESS (Transiting Exoplanet Survey Satellite),Retired,50,Success
Eurockot Launch Services,"133/3 (133L), Plesetsk Cosmodrome, Russian Federation",2018-04-25,17:57:52,Rokot/Briz-KM,Sentinel-3B,Active,,Success
CASC,"Launch Area 95A, Jiuquan Satellite Launch Center, People's Republic of China",2018-04-26,04:42:00,Long March 11,Zhuhai-1-02,Active,,Success
Blue Origin,"West Texas Suborbital Launch Site/ Corn Ranch, Corn Ranch, Van Horn, TX, USA",2018-04-29,17:07:00,New Shepard,NS-8,Retired,,Success
CASC,"Launch Complex 2 (LC-2), Xichang Satellite Launch Center, People's Republic of China",2018-05-03,16:06:05,Long March 3B/E,APStar-6C,Active,70,Success
ULA,"Space Launch Complex 3E, Vandenberg SFB, CA, USA",2018-05-05,11:05:01,Atlas V 401,"InSight, Mars Cube One 1 & Mars Cube One 2",Retired,115,Success
CASC,"Launch Complex 9, Taiyuan Satellite Launch Center, People's Republic of China",2018-05-08,18:28:40,Long March 4C,Gaofen 5,Active,,Success
SpaceX,"Launch Complex 39A, Kennedy Space Center, FL, USA",2018-05-11,20:14:00,Falcon 9 Block 5,Bangabandhu-1,Active,52,Success
CASC,"Launch Complex 3 (LC-3/LA-1), Xichang Satellite Launch Center, People's Republic of China",2018-05-20,21:28:49,Long March 4C,Queqiao (Chang'e 4 relay satellite),Active,,Success
Orbital ATK,"Launch Area 0 A, Wallops Flight Facility, Virginia, USA",2018-05-21,08:44:06,Antares 230,Cygnus CRS OA-9 (S.S. J.R. Thompson),Retired,,Success
SpaceX,"Space Launch Complex 4E, Vandenberg SFB, CA, USA",2018-05-22,19:47:58,Falcon 9 Block 4,Iridium-6 & GRACE-FO,Retired,50,Success
Virgin Galactic,"Mojave Air and Space Port, Air launch to Suborbital flight",2018-05-29,12:00:00,SpaceShipTwo,VSS Unity PF02,Active,,Success
CASC,"Launch Area 94 (SLS-2 / 603), Jiuquan Satellite Launch Center, People's Republic of China",2018-06-02,04:13:04,Long March 2D,Gaofen 6 & Luojia-1,Active,30,Success
SpaceX,"Space Launch Complex 40, Cape Canaveral SFS, FL, USA",2018-06-04,04:45:00,Falcon 9 Block 4,SES-12,Retired,50,Success
CASC,"Launch Complex 3 (LC-3/LA-1), Xichang Satellite Launch Center, People's Republic of China",2018-06-05,13:07:04,Long March 3A,Fengyun-2H,Active,,Success
Roscosmos,"1/5, Baikonur Cosmodrome, Republic of Kazakhstan",2018-06-06,11:12:41,Soyuz FG,Soyuz MS-09,Retired,,Success
MHI,"Yoshinobu Launch Complex LP-1, Tanegashima Space Center, Japan",2018-06-12,04:20:00,H-IIA 202,IGS Radar 6,Retired,90,Success
VKS RF,"43/4 (43R), Plesetsk Cosmodrome, Russian Federation",2018-06-16,21:46:28,Soyuz 2.1b Fregat-M,Glonass-M No. 56 (Kosmos 2527),Active,48.5,Success
CASC,"Launch Complex 3 (LC-3/LA-1), Xichang Satellite Launch Center, People's Republic of China",2018-06-27,03:30:05,Long March 2C,XJS-A & XJS-B,Active,,Success
SpaceX,"Space Launch Complex 40, Cape Canaveral SFS, FL, USA",2018-06-29,09:42:41,Falcon 9 Block 4,SpX CRS-15,Retired,50,Success
Interstellar Technologies,"Launch Complex 0, Hokkaido Spaceport, Japan",2018-06-29,20:30:00,MOMO v0,Launch 2,Retired,,Failure
CASC,"Launch Area 94 (SLS-2 / 603), Jiuquan Satellite Launch Center, People's Republic of China",2018-07-09,03:56:13,Long March 2C/SMA,PRSS-1 & PakTes-1A,Retired,,Success
CASC,"Launch Complex 2 (LC-2), Xichang Satellite Launch Center, People's Republic of China",2018-07-09,20:58:04,Long March 3A,,Active,,Success
Roscosmos,"31/6, Baikonur Cosmodrome, Republic of Kazakhstan",2018-07-09,21:51:34,Soyuz 2.1a,Progress MS-09 (70P),Active,80,Success
Blue Origin,"West Texas Suborbital Launch Site/ Corn Ranch, Corn Ranch, Van Horn, TX, USA",2018-07-18,15:00:00,New Shepard,NS-9,Retired,,Success
SpaceX,"Space Launch Complex 40, Cape Canaveral SFS, FL, USA",2018-07-22,05:50:00,Falcon 9 Block 5,Telstar 19 VANTAGE,Active,52,Success
Arianespace,"Ariane Launch Area 3, Guiana Space Centre, French Guiana",2018-07-25,11:25:01,Ariane 5 ES,Galileo L10 (FOC FM19-FM22),Retired,,Success
SpaceX,"Space Launch Complex 4E, Vandenberg SFB, CA, USA",2018-07-25,11:39:30,Falcon 9 Block 5,Iridium-7,Active,52,Success
Virgin Galactic,"Mojave Air and Space Port, Air launch to Suborbital flight",2018-07-26,12:00:00,SpaceShipTwo,VSS Unity PF03,Active,,Success
CASC,"Launch Complex 3 (LC-3/LA-1), Xichang Satellite Launch Center, People's Republic of China",2018-07-29,01:48:04,Long March 3B/YZ-1,Beidou-3 M5 & M6,Active,70,Success
CASC,"Launch Complex 9, Taiyuan Satellite Launch Center, People's Republic of China",2018-07-31,03:00:04,Long March 4B,Gaofen-11,Active,,Success
SpaceX,"Space Launch Complex 40, Cape Canaveral SFS, FL, USA",2018-08-07,05:18:00,Falcon 9 Block 5,Merah Putih (Telkom-4),Active,52,Success
ULA,"Space Launch Complex 37B, Cape Canaveral SFS, FL, USA",2018-08-12,07:31:00,Delta IV Heavy,Parker Solar Probe,Retired,350,Success
Arianespace,"Ariane Launch Area 1 (ELV), Guiana Space Centre, French Guiana",2018-08-22,21:20:09,Vega,ADM-Aeolus,Retired,37,Success
CASC,"Launch Complex 3 (LC-3/LA-1), Xichang Satellite Launch Center, People's Republic of China",2018-08-24,23:52:04,Long March 3B/YZ-1,Beidou-3 M11 & M12,Active,70,Success
EXOS Aerospace,"Vertical Launch Area, Spaceport America, NM, USA",2018-08-25,18:15:00,SARGE,Pathfinder,Active,,Partial Failure
CASC,"Launch Complex 9, Taiyuan Satellite Launch Center, People's Republic of China",2018-09-07,03:15:05,Long March 2C,Haiyang 1C,Active,,Success
SpaceX,"Space Launch Complex 40, Cape Canaveral SFS, FL, USA",2018-09-10,04:45:00,Falcon 9 Block 5,Telstar 18 VANTAGE,Active,52,Success
ULA,"Space Launch Complex 2W, Vandenberg SFB, CA, USA",2018-09-15,13:02:00,Delta II 7420-10C,ICESat-2,Retired,51,Success
ISRO,"Satish Dhawan Space Centre First Launch Pad, Satish Dhawan Space Centre, India",2018-09-16,16:38:00,PSLV-CA,SSTL-S1 & NovaSAR-S,Active,16,Success
CASC,"Launch Complex 2 (LC-2), Xichang Satellite Launch Center, People's Republic of China",2018-09-19,14:07:03,Long March 3B/YZ-1,Beidou-3 M13 & M14,Active,70,Success
MHI,"Yoshinobu Launch Complex LP-2, Tanegashima Space Center, Japan",2018-09-22,17:52:27,H-IIB 304,Kounotori 7 (HTV-7),Retired,112.5,Success
Arianespace,"Ariane Launch Area 3, Guiana Space Centre, French Guiana",2018-09-25,22:38:00,Ariane 5 ECA,Azerspace-2/Intelsat-38 & Horizons 3e,Retired,,Success
ExPace,"Launch Area 95A, Jiuquan Satellite Launch Center, People's Republic of China",2018-09-29,04:13:30,Kuaizhou 1A,CentiSpace-1-S1,Active,,Success
SpaceX,"Space Launch Complex 4E, Vandenberg SFB, CA, USA",2018-10-08,02:21:28,Falcon 9 Block 5,SAOCOM 1A,Active,52,Success
CASC,"Launch Area 94 (SLS-2 / 603), Jiuquan Satellite Launch Center, People's Republic of China",2018-10-09,02:43:03,Long March 2C/YZ-1S,Yaogan-32-01,Active,,Success
Roscosmos,"1/5, Baikonur Cosmodrome, Republic of Kazakhstan",2018-10-11,08:40:15,Soyuz FG,Soyuz MS-10,Retired,,Failure
CASC,"Launch Complex 3 (LC-3/LA-1), Xichang Satellite Launch Center, People's Republic of China",2018-10-15,04:23:04,Long March 3B/YZ-1,Beidou-3 M15 & M16,Active,70,Success
ULA,"Space Launch Complex 41, Cape Canaveral SFS, FL, USA",2018-10-17,04:15:00,Atlas V 551,AEHF-4,Retired,153,Success
Arianespace,"Ariane Launch Area 3, Guiana Space Centre, French Guiana",2018-10-20,01:45:28,Ariane 5 ECA,BepiColombo,Retired,,Success
CASC,"Launch Complex 9, Taiyuan Satellite Launch Center, People's Republic of China",2018-10-24,22:57:00,Long March 4B,Haiyang 2B,Active,,Success
VKS RF,"43/4 (43R), Plesetsk Cosmodrome, Russian Federation",2018-10-25,00:15:18,Soyuz 2.1b,Lotos-S1 (Kosmos 2528),Active,80,Success
LandSpace,"Launch Area 95A, Jiuquan Satellite Launch Center, People's Republic of China",2018-10-27,08:00:00,Zhuque-1,Weilai-1 (Future-1),Retired,,Failure
CASC,"Launch Area 94 (SLS-2 / 603), Jiuquan Satellite Launch Center, People's Republic of China",2018-10-29,00:43:14,Long March 2C,CFOSAT,Active,,Success
MHI,"Yoshinobu Launch Complex LP-1, Tanegashima Space Center, Japan",2018-10-29,04:08:00,H-IIA 202,KhalifaSat & GOSAT-2,Retired,90,Success
CASC,"Launch Complex 2 (LC-2), Xichang Satellite Launch Center, People's Republic of China",2018-11-01,15:57:11,Long March 3B,Beidou-3 G1,Active,70,Success
VKS RF,"43/4 (43R), Plesetsk Cosmodrome, Russian Federation",2018-11-03,20:17:53,Soyuz 2.1b Fregat-M,Glonass-M No. 57 (Kosmos 2529),Active,48.5,Success
Arianespace,"Soyuz Launch Complex, Guiana Space Centre, French Guiana",2018-11-07,00:47:27,Soyuz STB Fregat-MT,MetOp-C,Retired,80,Success
Rocket Lab,"Rocket Lab Launch Complex 1A, Rocket Lab Launch Complex 1, Mahia Peninsula, New Zealand",2018-11-11,03:50:00,Electron,It's Business Time (Rideshare),Active,6,Success
ISRO,"Satish Dhawan Space Centre Second Launch Pad, Satish Dhawan Space Centre, India",2018-11-14,11:38:00,Launch Vehicle Mark-3 (GSLV Mk III),GSAT-29,Active,46,Success
SpaceX,"Launch Complex 39A, Kennedy Space Center, FL, USA",2018-11-15,20:46:00,Falcon 9 Block 5,Es'hail 2,Active,52,Success
Roscosmos,"1/5, Baikonur Cosmodrome, Republic of Kazakhstan",2018-11-16,18:14:08,Soyuz FG,Progress MS-10 (71P),Retired,,Success
Northrop Grumman Space Systems,"Launch Area 0 A, Wallops Flight Facility, Virginia, USA",2018-11-17,09:01:22,Antares 230,Cygnus CRS NG-10 (S.S. John Young),Retired,,Success
CASC,"Launch Complex 3 (LC-3/LA-1), Xichang Satellite Launch Center, People's Republic of China",2018-11-18,18:07:03,Long March 3B/YZ-1,Beidou-3 M17 & M18,Active,70,Success
CASC,"Launch Area 94 (SLS-2 / 603), Jiuquan Satellite Launch Center, People's Republic of China",2018-11-19,23:40:04,Long March 2D,"Shiyan 6, Jiading-1 (OKW-1) & others",Active,30,Success
Arianespace,"Ariane Launch Area 1 (ELV), Guiana Space Centre, French Guiana",2018-11-21,01:42:31,Vega,Mohammed VI-B,Retired,37,Success
KARI,"LC-2, Naro Space Center, South Korea",2018-11-28,07:00:00,KSLV 2 TLV,Test Flight,Retired,,Success
ISRO,"Satish Dhawan Space Centre First Launch Pad, Satish Dhawan Space Centre, India",2018-11-29,04:27:30,PSLV-CA,HysIS,Active,16,Success
VKS RF,"133/3 (133L), Plesetsk Cosmodrome, Russian Federation",2018-11-30,02:27:34,Rokot/Briz-KM,"3 x Rodnik (Kosmos 2530, 2531, 2532)",Active,,Success
Roscosmos,"1/5, Baikonur Cosmodrome, Republic of Kazakhstan",2018-12-03,11:31:52,Soyuz FG,Soyuz MS-11,Retired,,Success
SpaceX,"Space Launch Complex 4E, Vandenberg SFB, CA, USA",2018-12-03,18:34:05,Falcon 9 Block 5,Spaceflight SSO-A,Active,52,Success
Arianespace,"Ariane Launch Area 3, Guiana Space Centre, French Guiana",2018-12-04,20:37:07,Ariane 5 ECA,GSAT-11 & GEO-KOMPSAT-2A,Retired,,Success
SpaceX,"Space Launch Complex 40, Cape Canaveral SFS, FL, USA",2018-12-05,18:16:16,Falcon 9 Block 5,SpX CRS-16,Active,52,Success
CASC,"Launch Area 94 (SLS-2 / 603), Jiuquan Satellite Launch Center, People's Republic of China",2018-12-07,04:12:05,Long March 2D,SaudiSat 5A & 5B,Active,30,Success
CASC,"Launch Complex 2 (LC-2), Xichang Satellite Launch Center, People's Republic of China",2018-12-07,18:23:34,Long March 3B/E,Chang'e 4 (lander and rover),Active,70,Success
Virgin Galactic,"Mojave Air and Space Port, Air launch to Suborbital flight",2018-12-13,12:00:00,SpaceShipTwo,VSS Unity VP-03,Active,,Success
Rocket Lab,"Rocket Lab Launch Complex 1A, Rocket Lab Launch Complex 1, Mahia Peninsula, New Zealand",2018-12-16,06:33:00,Electron,This One's For Pickering (VCLS ELaNa XIX),Active,6,Success
ISRO,"Satish Dhawan Space Centre Second Launch Pad, Satish Dhawan Space Centre, India",2018-12-19,10:40:00,GSLV Mk. II,GSAT-7A,Active,,Success
Arianespace,"Soyuz Launch Complex, Guiana Space Centre, French Guiana",2018-12-19,16:37:14,Soyuz STA Fregat,CSO-1,Retired,,Success
Khrunichev,"81/24 (81P), Baikonur Cosmodrome, Republic of Kazakhstan",2018-12-21,00:20:00,Proton-M Briz-M,Blagovest N13L (Kosmos 2533),Active,,Success
CASC,"Launch Area 95A, Jiuquan Satellite Launch Center, People's Republic of China",2018-12-21,23:51:00,Long March 11,Hongyun-1,Active,,Success
SpaceX,"Space Launch Complex 40, Cape Canaveral SFS, FL, USA",2018-12-23,13:51:00,Falcon 9 Block 5,"GPS III SV01 ""Vespucci""",Active,52,Success
CASC,"Launch Complex 2 (LC-2), Xichang Satellite Launch Center, People's Republic of China",2018-12-24,16:53:08,Long March 3C,TJS 3 (TJSW-3),Active,,Success
Roscosmos,"Cosmodrome Site 1S, Vostochny Cosmodrome, Siberia, Russian Federation",2018-12-27,02:07:18,Soyuz 2.1a Fregat-M,Kanopus-V No.5 & Kanopus-V No.6,Active,80,Success
CASC,"Launch Area 94 (SLS-2 / 603), Jiuquan Satellite Launch Center, People's Republic of China",2018-12-29,08:00:05,Long March 2D/YZ-3,Hongyan-1 & Yunhai-2 Group 01,Active,,Success
CASC,"Launch Complex 2 (LC-2), Xichang Satellite Launch Center, People's Republic of China",2019-01-10,17:11:04,Long March 3B,Zhongxing 2D (Chinasat 2D),Active,70,Success
SpaceX,"Space Launch Complex 4E, Vandenberg SFB, CA, USA",2019-01-11,15:31:33,Falcon 9 Block 5,Iridium-8,Active,52,Success
Iranian Space Agency,"Imam Khomeini Spaceport, Semnan Space Center, Islamic Republic of Iran",2019-01-15,00:30:00,Simorgh,Payam,Active,,Failure
JAXA,"Mu Center, Uchinoura Space Center, Japan",2019-01-18,00:50:20,Epsilon,RAPIS-1 & others,Active,39,Success
ULA,"Space Launch Complex 6, Vandenberg SFB, CA, USA",2019-01-19,19:10:00,Delta IV Heavy,NROL-71,Retired,350,Success
CASC,"Launch Area 95A, Jiuquan Satellite Launch Center, People's Republic of China",2019-01-21,05:42:20,Long March 11,"Jilin-1 Hyperspectral 01, 02, Xiaoxiang-1-03, Lingque-1A",Active,,Success
Blue Origin,"West Texas Suborbital Launch Site/ Corn Ranch, Corn Ranch, Van Horn, TX, USA",2019-01-23,15:05:00,New Shepard,NS-10,Retired,,Success
ISRO,"Satish Dhawan Space Centre First Launch Pad, Satish Dhawan Space Centre, India",2019-01-24,18:07:00,PSLV-DL,Microsat-R,Active,,Success
Iranian Space Agency,"Safir Launch Pad, Semnan Space Center, Islamic Republic of Iran",2019-02-05,00:00:00,Safir 1B,Doosti,Active,,Failure
Arianespace,"Ariane Launch Area 3, Guiana Space Centre, French Guiana",2019-02-05,21:01:07,Ariane 5 ECA,Saudi Geostationary Satellite 1/Hellas Sat 4 & GSAT-31,Retired,,Success
Roscosmos,"31/6, Baikonur Cosmodrome, Republic of Kazakhstan",2019-02-21,16:47:14,Soyuz 2.1b Fregat-M,EgyptSat-A,Active,48.5,Success
SpaceX,"Space Launch Complex 40, Cape Canaveral SFS, FL, USA",2019-02-22,01:45:00,Falcon 9 Block 5,"GTO-1 (Beresheet, S5)",Active,52,Success
Virgin Galactic,"Mojave Air and Space Port, Air launch to Suborbital flight",2019-02-22,16:57:00,SpaceShipTwo,VSS Unity VF-01,Active,,Success
Arianespace,"Soyuz Launch Complex, Guiana Space Centre, French Guiana",2019-02-27,21:37:00,Soyuz STB Fregat,OneWeb F6,Retired,,Success
SpaceX,"Launch Complex 39A, Kennedy Space Center, FL, USA",2019-03-02,07:49:00,Falcon 9 Block 5,SpaceX DM-1 (Demonstration Mission 1),Active,52,Success
EXOS Aerospace,"Vertical Launch Area, Spaceport America, NM, USA",2019-03-02,16:45:00,SARGE,Mission 1,Active,,Partial Failure
CASC,"Launch Complex 3 (LC-3/LA-1), Xichang Satellite Launch Center, People's Republic of China",2019-03-09,16:28:04,Long March 3B/E,Zhongxing 6C (Chinasat 6C),Active,70,Success
Roscosmos,"1/5, Baikonur Cosmodrome, Republic of Kazakhstan",2019-03-14,19:14:08,Soyuz FG,Soyuz MS-12,Retired,,Success
ULA,"Space Launch Complex 37B, Cape Canaveral SFS, FL, USA",2019-03-16,00:26:00,"Delta IV M+(5,4)",WGS-10,Retired,,Success
Arianespace,"Ariane Launch Area 1 (ELV), Guiana Space Centre, French Guiana",2019-03-22,01:50:35,Vega,PRISMA,Retired,37,Success
OneSpace,"Launch Area 95A, Jiuquan Satellite Launch Center, People's Republic of China",2019-03-27,09:39:00,OS-M1,Lingque-1B,Retired,,Failure
Rocket Lab,"Rocket Lab Launch Complex 1A, Rocket Lab Launch Complex 1, Mahia Peninsula, New Zealand",2019-03-28,23:27:00,Electron,Two Thumbs Up (DARPA R3D2),Active,6,Success
CASC,"Launch Complex 2 (LC-2), Xichang Satellite Launch Center, People's Republic of China",2019-03-31,15:51:04,Long March 3B/E,Tianlian 2-01,Active,70,Success
ISRO,"Satish Dhawan Space Centre Second Launch Pad, Satish Dhawan Space Centre, India",2019-04-01,03:57:00,PSLV-QL,EMISAT & 28 others,Active,,Success
Roscosmos,"31/6, Baikonur Cosmodrome, Republic of Kazakhstan",2019-04-04,11:01:35,Soyuz 2.1a,Progress MS-11 (72P),Active,80,Success
Arianespace,"Soyuz Launch Complex, Guiana Space Centre, French Guiana",2019-04-04,17:03:37,Soyuz STB Fregat,O3b FM17-20,Retired,,Success
SpaceX,"Launch Complex 39A, Kennedy Space Center, FL, USA",2019-04-11,22:35:00,Falcon Heavy,Arabsat-6A,Active,90,Success
Northrop Grumman Space Systems,"Launch Area 0 A, Wallops Flight Facility, Virginia, USA",2019-04-17,20:46:06,Antares 230,Cygnus CRS NG-11 (S.S. Roger Chaffee),Retired,,Success
CASC,"Launch Complex 3 (LC-3/LA-1), Xichang Satellite Launch Center, People's Republic of China",2019-04-20,14:41:04,Long March 3B/E,Beidou-3 IGSO-1,Active,70,Success
CASC,"Launch Complex 9, Taiyuan Satellite Launch Center, People's Republic of China",2019-04-29,22:52:05,Long March 4B,Tianhui-2-01,Active,,Success
Blue Origin,"West Texas Suborbital Launch Site/ Corn Ranch, Corn Ranch, Van Horn, TX, USA",2019-05-02,13:35:13,New Shepard,NS-11,Retired,,Success
SpaceX,"Space Launch Complex 40, Cape Canaveral SFS, FL, USA",2019-05-04,06:48:58,Falcon 9 Block 5,SpX CRS-17,Active,52,Success
Interstellar Technologies,"Launch Complex 0, Hokkaido Spaceport, Japan",2019-05-04,20:45:00,MOMO v0,Flight 3,Retired,,Success
Rocket Lab,"Rocket Lab Launch Complex 1A, Rocket Lab Launch Complex 1, Mahia Peninsula, New Zealand",2019-05-05,06:00:00,Electron,That's a Funny Looking Cactus (STP-27RD),Active,6,Success
CASC,"Launch Complex 2 (LC-2), Xichang Satellite Launch Center, People's Republic of China",2019-05-17,15:48:05,Long March 3C,Beidou-2 G8,Active,,Success
ISRO,"Satish Dhawan Space Centre First Launch Pad, Satish Dhawan Space Centre, India",2019-05-22,00:00:00,PSLV-CA,RISAT-2B,Active,16,Success
CASC,"Launch Complex 7, Taiyuan Satellite Launch Center, People's Republic of China",2019-05-22,22:49:00,Long March 4C,Yaogan-33,Active,,Failure
SpaceX,"Space Launch Complex 40, Cape Canaveral SFS, FL, USA",2019-05-24,02:30:00,Falcon 9 Block 5,Starlink Demo,Active,52,Success
VKS RF,"43/4 (43R), Plesetsk Cosmodrome, Russian Federation",2019-05-27,06:23:00,Soyuz 2.1b Fregat-M,Glonass-M No. 58 (Kosmos 2534),Active,48.5,Success
Khrunichev,"200/39 (200L), Baikonur Cosmodrome, Republic of Kazakhstan",2019-05-30,17:42:00,Proton-M Briz-M,Yamal-601,Active,,Success
CASC,"Yellow Sea (launch location 1), Haiyang Oriental Spaceport",2019-06-05,04:06:01,Long March 11,Jilin-1 & others,Active,,Success
SpaceX,"Space Launch Complex 4E, Vandenberg SFB, CA, USA",2019-06-12,14:17:00,Falcon 9 Block 5,RADARSAT Constellation,Active,52,Success
Arianespace,"Ariane Launch Area 3, Guiana Space Centre, French Guiana",2019-06-20,21:43:00,Ariane 5 ECA,Eutelsat 7C & AT&T T-16,Retired,,Success
CASC,"Launch Complex 3 (LC-3/LA-1), Xichang Satellite Launch Center, People's Republic of China",2019-06-24,18:09:00,Long March 3B/E,Beidou-3 IGSO-2,Active,70,Success
SpaceX,"Launch Complex 39A, Kennedy Space Center, FL, USA",2019-06-25,06:30:00,Falcon Heavy,STP-2,Active,90,Success
Rocket Lab,"Rocket Lab Launch Complex 1A, Rocket Lab Launch Complex 1, Mahia Peninsula, New Zealand",2019-06-29,04:30:00,Electron,Make It Rain (Rideshare),Active,6,Success
EXOS Aerospace,"Vertical Launch Area, Spaceport America, NM, USA",2019-06-29,18:00:18,SARGE,SARGE Launch 3,Active,,Partial Failure
NASA,"Space Launch Complex 46, Cape Canaveral SFS, FL, USA",2019-07-02,11:00:00,Orion Abort Test Booster,Ascent Abort-2,Retired,,Success
Roscosmos,"Cosmodrome Site 1S, Vostochny Cosmodrome, Siberia, Russian Federation",2019-07-05,05:41:45,Soyuz 2.1b Fregat,Meteor-M No.2-2 & rideshare payloads,Active,80,Success
VKS RF,"43/4 (43R), Plesetsk Cosmodrome, Russian Federation",2019-07-10,17:14:00,Soyuz 2.1v Volga,"Kosmos 2535, Kosmos 2536, Kosmos 2537, Kosmos 2538",Retired,,Success
Arianespace,"Ariane Launch Area 1 (ELV), Guiana Space Centre, French Guiana",2019-07-11,01:53:03,Vega,Falcon Eye 1,Retired,37,Failure
Khrunichev,"31/6, Baikonur Cosmodrome, Republic of Kazakhstan",2019-07-13,12:30:57,Proton-M Blok DM-03,Spektr-RG,Active,65,Success
Roscosmos,"1/5, Baikonur Cosmodrome, Republic of Kazakhstan",2019-07-20,16:28:21,Soyuz FG,Soyuz MS-13,Retired,,Success
ISRO,"Satish Dhawan Space Centre Second Launch Pad, Satish Dhawan Space Centre, India",2019-07-22,09:13:12,Launch Vehicle Mark-3 (GSLV Mk III),Chandrayaan-2,Active,46,Success
i-Space,"Launch Area 95A, Jiuquan Satellite Launch Center, People's Republic of China",2019-07-25,05:00:00,Hyperbola-1,Maiden Flight,Active,,Success
SpaceX,"Space Launch Complex 40, Cape Canaveral SFS, FL, USA",2019-07-25,22:01:56,Falcon 9 Block 5,SpX CRS-18,Active,52,Success
SpaceX,"Suborbital Pad A, SpaceX Starbase, TX, USA",2019-07-26,03:45:00,Starship Prototype,Starhopper 20m Hop,Retired,,Success
CASC,"Launch Complex 3 (LC-3/LA-1), Xichang Satellite Launch Center, People's Republic of China",2019-07-26,03:57:35,Long March 2C,Yaogan-30-05,Active,,Success
Interstellar Technologies,"Launch Complex 0, Hokkaido Spaceport, Japan",2019-07-27,07:20:00,MOMO v0,Flight 4,Retired,,Failure
VKS RF,"43/4 (43R), Plesetsk Cosmodrome, Russian Federation",2019-07-30,05:57:00,Soyuz 2.1a Fregat-M,Meridian-M No.18,Active,80,Success
Roscosmos,"31/6, Baikonur Cosmodrome, Republic of Kazakhstan",2019-07-31,12:10:46,Soyuz 2.1a,Progress MS-12 (73P),Active,80,Success
Khrunichev,"81/24 (81P), Baikonur Cosmodrome, Republic of Kazakhstan",2019-08-05,21:56:00,Proton-M Briz-M,Blagovest No.14L (Kosmos 2539),Active,,Success
Arianespace,"Ariane Launch Area 3, Guiana Space Centre, French Guiana",2019-08-06,19:30:07,Ariane 5 ECA+,EDRS-C & HYLAS 3,Retired,,Success
SpaceX,"Space Launch Complex 40, Cape Canaveral SFS, FL, USA",2019-08-06,23:23:00,Falcon 9 Block 5,Amos-17,Active,52,Success
ULA,"Space Launch Complex 41, Cape Canaveral SFS, FL, USA",2019-08-08,10:13:00,Atlas V 551,AEHF-5,Retired,153,Success
China Rocket,"Launch Area 95A, Jiuquan Satellite Launch Center, People's Republic of China",2019-08-17,04:11:40,Smart Dragon 1,Maiden Flight,Active,,Success
CASC,"Launch Complex 2 (LC-2), Xichang Satellite Launch Center, People's Republic of China",2019-08-19,12:03:04,Long March 3B/E,Zhongxing-18 (Chinasat-18),Active,70,Success
Rocket Lab,"Rocket Lab Launch Complex 1A, Rocket Lab Launch Complex 1, Mahia Peninsula, New Zealand",2019-08-19,12:12:00,Electron,"Look Ma, No Hands (Rideshare)",Active,6,Success
Roscosmos,"31/6, Baikonur Cosmodrome, Republic of Kazakhstan",2019-08-22,03:38:31,Soyuz 2.1a,Soyuz MS-14 Uncrewed,Active,80,Success
ULA,"Space Launch Complex 37B, Cape Canaveral SFS, FL, USA",2019-08-22,13:06:00,"Delta IV M+(4,2)","GPS III SV02 ""Magellan""",Retired,350,Success
SpaceX,"Suborbital Pad A, SpaceX Starbase, TX, USA",2019-08-27,22:02:00,Starship Prototype,Starhopper 150m Hop,Retired,,Success
VKS RF,"133/3 (133L), Plesetsk Cosmodrome, Russian Federation",2019-08-30,14:00:14,Rokot/Briz-KM,Geo-IK-2 N13L (Kosmos 2540),Active,,Success
ExPace,"Launch Area 95A, Jiuquan Satellite Launch Center, People's Republic of China",2019-08-30,23:41:25,Kuaizhou 1A,KX-09 & TY-1-07 (Xiaoxiang-1-07),Active,,Success
CASC,"Launch Complex 9, Taiyuan Satellite Launch Center, People's Republic of China",2019-09-12,03:26:00,Long March 4B,,Active,,Success
CASC,"Launch Area 95A, Jiuquan Satellite Launch Center, People's Republic of China",2019-09-19,06:42:00,Long March 11,,Active,,Success
CASC,"Launch Complex 2 (LC-2), Xichang Satellite Launch Center, People's Republic of China",2019-09-22,21:10:04,Long March 3B/YZ-1,Beidou-3 M23 & M24,Active,70,Success
MHI,"Yoshinobu Launch Complex LP-2, Tanegashima Space Center, Japan",2019-09-24,16:05:05,H-IIB 304,Kounotori 8 (HTV-8),Retired,112.5,Success
CASC,"Launch Area 94 (SLS-2 / 603), Jiuquan Satellite Launch Center, People's Republic of China",2019-09-25,00:54:34,Long March 2D,Yunhai-1-02,Active,30,Success
Roscosmos,"1/5, Baikonur Cosmodrome, Republic of Kazakhstan",2019-09-25,13:57:42,Soyuz FG,Soyuz MS-15,Retired,,Success
VKS RF,"43/4 (43R), Plesetsk Cosmodrome, Russian Federation",2019-09-26,07:46:00,Soyuz 2.1b Fregat,EKS 3 (Tundra 3) (Kosmos 2541),Active,80,Success
CASC,"Launch Complex 9, Taiyuan Satellite Launch Center, People's Republic of China",2019-10-04,18:51:05,Long March 4C,Gaofen-10R,Active,,Success
International Launch Services,"200/39 (200L), Baikonur Cosmodrome, Republic of Kazakhstan",2019-10-09,10:17:56,Proton-M Briz-M,Eutelsat 5 West B & MEV-1,Active,,Success
Northrop Grumman Space Systems,"Cape Canaveral, Air launch to orbit",2019-10-11,02:00:30,Pegasus XL,Ionospheric Connection Explorer (ICON),Active,40,Success
Rocket Lab,"Rocket Lab Launch Complex 1A, Rocket Lab Launch Complex 1, Mahia Peninsula, New Zealand",2019-10-17,01:22:00,Electron,As The Crow Flies (Palisade),Active,6,Success
CASC,"Launch Complex 2 (LC-2), Xichang Satellite Launch Center, People's Republic of China",2019-10-17,15:21:04,Long March 3B/E,TJS-4 (TJSW-4),Active,70,Success
EXOS Aerospace,"Vertical Launch Area, Spaceport America, NM, USA",2019-10-26,17:40:15,SARGE,SARGE Launch 4,Active,,Failure
Northrop Grumman Space Systems,"Launch Area 0 A, Wallops Flight Facility, Virginia, USA",2019-11-02,13:59:47,Antares 230+,Cygnus CRS-2 NG-12 (S.S. Alan Bean),Retired,,Success
CASC,"Launch Complex 9, Taiyuan Satellite Launch Center, People's Republic of China",2019-11-03,03:22:00,Long March 4B,Gaofen-7,Active,,Success
CASC,"Launch Complex 3 (LC-3/LA-1), Xichang Satellite Launch Center, People's Republic of China",2019-11-04,17:43:04,Long March 3B/E,Beidou-3 IGSO-3,Active,70,Success
SpaceX,"Space Launch Complex 40, Cape Canaveral SFS, FL, USA",2019-11-11,14:56:00,Falcon 9 Block 5,Starlink 1,Active,52,Success
ExPace,"Launch Area 95A, Jiuquan Satellite Launch Center, People's Republic of China",2019-11-13,03:40:00,Kuaizhou 1A,Jilin-1-02A,Active,,Success
CASC,"Launch Complex 16, Taiyuan Satellite Launch Center, People's Republic of China",2019-11-13,06:35:00,Long March 6,Ningxia 1 (x5),Active,,Success
ExPace,"Launch Area 95A, Jiuquan Satellite Launch Center, People's Republic of China",2019-11-17,10:00:02,Kuaizhou 1A,,Active,,Success
CASC,"Launch Complex 2 (LC-2), Xichang Satellite Launch Center, People's Republic of China",2019-11-23,00:55:54,Long March 3B/YZ-1,Beidou-3 M21 & M22,Active,70,Success
VKS RF,"43/4 (43R), Plesetsk Cosmodrome, Russian Federation",2019-11-25,17:52:03,Soyuz 2.1v Volga,Kosmos 2542,Retired,,Success
Arianespace,"Ariane Launch Area 3, Guiana Space Centre, French Guiana",2019-11-26,21:23:00,Ariane 5 ECA,TIBA-1 & Inmarsat-5 F5 (Global Xpress-5),Retired,,Success
ISRO,"Satish Dhawan Space Centre Second Launch Pad, Satish Dhawan Space Centre, India",2019-11-27,03:58:00,PSLV XL,Cartosat-3 & others,Active,,Success
CASC,"Launch Complex 9, Taiyuan Satellite Launch Center, People's Republic of China",2019-11-27,23:52:00,Long March 4C,Gaofen-12,Active,,Success
SpaceX,"Space Launch Complex 40, Cape Canaveral SFS, FL, USA",2019-12-05,17:29:24,Falcon 9 Block 5,SpX CRS-19,Active,52,Success
Rocket Lab,"Rocket Lab Launch Complex 1A, Rocket Lab Launch Complex 1, Mahia Peninsula, New Zealand",2019-12-06,08:18:00,Electron,Running Out Of Fingers (Rideshare),Active,6,Success
Roscosmos,"31/6, Baikonur Cosmodrome, Republic of Kazakhstan",2019-12-06,09:34:11,Soyuz 2.1a,Progress MS-13 (74P),Active,80,Success
ExPace,"Mobile Launcher Pad, Taiyuan Satellite Launch Center, People's Republic of China",2019-12-07,02:55:46,Kuaizhou 1A,Jilin-1-02B,Active,,Success
ExPace,"Launch Complex 16, Taiyuan Satellite Launch Center, People's Republic of China",2019-12-07,08:52:00,Kuaizhou 1A,,Active,,Success
VKS RF,"43/3 (43L), Plesetsk Cosmodrome, Russian Federation",2019-12-11,08:54:48,Soyuz 2.1b Fregat-M,Glonass-M No. 59 (Kosmos 2544),Active,48.5,Success
ISRO,"Satish Dhawan Space Centre First Launch Pad, Satish Dhawan Space Centre, India",2019-12-11,09:55:00,PSLV-QL,RISAT-2BR1 & others,Active,,Success
Blue Origin,"West Texas Suborbital Launch Site/ Corn Ranch, Corn Ranch, Van Horn, TX, USA",2019-12-11,17:55:10,New Shepard,NS-12,Retired,,Success
CASC,"Launch Complex 3 (LC-3/LA-1), Xichang Satellite Launch Center, People's Republic of China",2019-12-16,07:22:00,Long March 3B/YZ-1,Beidou-3 M19 & M20,Active,70,Success
SpaceX,"Space Launch Complex 40, Cape Canaveral SFS, FL, USA",2019-12-17,00:10:00,Falcon 9 Block 5,JCSAT-18/KACIFIC-1,Active,52,Success
Arianespace,"Soyuz Launch Complex, Guiana Space Centre, French Guiana",2019-12-18,08:54:20,Soyuz STB Fregat,"CSG-1, CHEOPS, & others",Retired,,Success
CASC,"Launch Complex 9, Taiyuan Satellite Launch Center, People's Republic of China",2019-12-20,03:22:29,Long March 4B,CBERS-4A,Active,,Success
ULA,"Space Launch Complex 41, Cape Canaveral SFS, FL, USA",2019-12-20,11:36:43,Atlas V N22,CST-100 Starliner Orbital Flight Test,Active,110,Success
Khrunichev,"81/24 (81P), Baikonur Cosmodrome, Republic of Kazakhstan",2019-12-24,12:03:02,Proton-M Blok DM-03,Elektro-L No.3,Active,65,Success
VKS RF,"133/3 (133L), Plesetsk Cosmodrome, Russian Federation",2019-12-26,23:11:57,Rokot/Briz-KM,"Gonets-M24, Gonets-M25, Gonets-M26 & Blits-M",Active,,Success
CASC,"101, Wenchang Space Launch Site, People's Republic of China",2019-12-27,12:45:10,Long March 5,Shijian 20,Active,,Success
SpaceX,"Space Launch Complex 40, Cape Canaveral SFS, FL, USA",2020-01-07,02:19:21,Falcon 9 Block 5,Starlink 2,Active,52,Success
CASC,"Launch Complex 2 (LC-2), Xichang Satellite Launch Center, People's Republic of China",2020-01-07,15:20:00,Long March 3B,TJS-5 (TJSW-5),Active,70,Success
CASC,"Launch Complex 9, Taiyuan Satellite Launch Center, People's Republic of China",2020-01-15,02:53:04,Long March 2D,,Active,30,Success
ExPace,"Launch Area 95A, Jiuquan Satellite Launch Center, People's Republic of China",2020-01-16,03:02:00,Kuaizhou 1A,Yinhe-1,Active,,Success
Arianespace,"Ariane Launch Area 3, Guiana Space Centre, French Guiana",2020-01-16,21:05:00,Ariane 5 ECA,Eutelsat Konnect & GSAT-30,Retired,,Success
SpaceX,"Launch Complex 39A, Kennedy Space Center, FL, USA",2020-01-19,15:30:00,Falcon 9 Block 5,Crew Dragon In-Flight Abort Test,Active,52,Success
SpaceX,"Space Launch Complex 40, Cape Canaveral SFS, FL, USA",2020-01-29,14:06:00,Falcon 9 Block 5,Starlink 3,Active,52,Success
Rocket Lab,"Rocket Lab Launch Complex 1A, Rocket Lab Launch Complex 1, Mahia Peninsula, New Zealand",2020-01-31,02:56:00,Electron,Birds of a Feather (NROL-151),Active,6,Success
Arianespace,"31/6, Baikonur Cosmodrome, Republic of Kazakhstan",2020-02-06,21:42:41,Soyuz 2.1b Fregat-M,OneWeb 2,Active,48.5,Success
MHI,"Yoshinobu Launch Complex LP-1, Tanegashima Space Center, Japan",2020-02-09,01:34:00,H-IIA 202,IGS Optical 7,Retired,90,Success
Iranian Space Agency,"Imam Khomeini Spaceport, Semnan Space Center, Islamic Republic of Iran",2020-02-09,15:45:00,Simorgh,Zafar-1,Active,,Failure
ULA,"Space Launch Complex 41, Cape Canaveral SFS, FL, USA",2020-02-10,04:03:00,Atlas V 411,Solar Orbiter,Retired,115,Success
Northrop Grumman Space Systems,"Launch Area 0 A, Wallops Flight Facility, Virginia, USA",2020-02-15,20:21:01,Antares 230+,Cygnus CRS-2 NG-13 (S.S. Robert H. Lawrence.),Retired,,Success
SpaceX,"Space Launch Complex 40, Cape Canaveral SFS, FL, USA",2020-02-17,15:05:55,Falcon 9 Block 5,Starlink 4,Active,52,Success
Arianespace,"Ariane Launch Area 3, Guiana Space Centre, French Guiana",2020-02-18,22:18:07,Ariane 5 ECA+,JCSAT-17 & GEO-KOMPSAT-2B,Retired,,Success
CASC,"Launch Complex 3 (LC-3/LA-1), Xichang Satellite Launch Center, People's Republic of China",2020-02-19,21:07:41,Long March 2D,"XJS-C, XJS-D, XJS-E, XJS-F",Active,30,Success
VKS RF,"43/3 (43L), Plesetsk Cosmodrome, Russian Federation",2020-02-20,08:24:54,Soyuz 2.1a Fregat-M,Meridian-M No.19L,Active,80,Success
SpaceX,"Space Launch Complex 40, Cape Canaveral SFS, FL, USA",2020-03-07,04:50:31,Falcon 9 Block 5,SpX CRS-20,Active,52,Success
CASC,"Launch Complex 2 (LC-2), Xichang Satellite Launch Center, People's Republic of China",2020-03-09,11:55:00,Long March 3B,Beidou-3 G2,Active,70,Success
CASC,"201, Wenchang Space Launch Site, People's Republic of China",2020-03-16,13:34:00,Long March 7A,Maiden Flight,Active,,Failure
VKS RF,"43/4 (43R), Plesetsk Cosmodrome, Russian Federation",2020-03-16,18:28:10,Soyuz 2.1b Fregat-M,Glonass-M No. 60 (Kosmos 2545),Active,48.5,Success
SpaceX,"Launch Complex 39A, Kennedy Space Center, FL, USA",2020-03-18,12:16:39,Falcon 9 Block 5,Starlink 5,Active,52,Success
Arianespace,"31/6, Baikonur Cosmodrome, Republic of Kazakhstan",2020-03-21,17:06:58,Soyuz 2.1b Fregat-M,OneWeb 3,Active,48.5,Success
CASC,"Launch Complex 3 (LC-3/LA-1), Xichang Satellite Launch Center, People's Republic of China",2020-03-24,03:43:05,Long March 2C,Yaogan-30-06,Active,,Success
ULA,"Space Launch Complex 41, Cape Canaveral SFS, FL, USA",2020-03-26,20:18:00,Atlas V 551,AEHF-6,Retired,153,Success
Roscosmos,"31/6, Baikonur Cosmodrome, Republic of Kazakhstan",2020-04-09,08:05:06,Soyuz 2.1a,Soyuz MS-16,Active,80,Success
CASC,"Launch Complex 2 (LC-2), Xichang Satellite Launch Center, People's Republic of China",2020-04-09,11:46:00,Long March 3B,Nusantara Dua,Active,70,Failure
IRGC ASF,"Launch Platform, Shahrud Missile Test Site, Islamic Republic of Iran",2020-04-22,03:58:59,Qased,Noor,Active,,Success
SpaceX,"Launch Complex 39A, Kennedy Space Center, FL, USA",2020-04-22,19:30:00,Falcon 9 Block 5,Starlink 6,Active,52,Success
Roscosmos,"31/6, Baikonur Cosmodrome, Republic of Kazakhstan",2020-04-25,01:51:41,Soyuz 2.1a,Progress MS-14 (75P),Active,80,Success
Virgin Galactic,"Spaceport America, Air launch to Suborbital flight",2020-05-01,15:14:00,SpaceShipTwo,VSS Unity GF08,Active,,Success
CASC,"101, Wenchang Space Launch Site, People's Republic of China",2020-05-05,10:00:27,Long March 5B,Maiden Flight,Active,,Success
ExPace,"Launch Area 95A, Jiuquan Satellite Launch Center, People's Republic of China",2020-05-12,01:16:00,Kuaizhou 1A,"Xingyun-2 01, 02",Active,,Success
ULA,"Space Launch Complex 41, Cape Canaveral SFS, FL, USA",2020-05-17,13:14:00,Atlas V 501,OTV-6 (X-37B) (USSF-7),Retired,120,Success
MHI,"Yoshinobu Launch Complex LP-2, Tanegashima Space Center, Japan",2020-05-20,17:31:00,H-IIB 304,Kounotori 9 (HTV-9),Retired,112.5,Success
VKS RF,"43/4 (43R), Plesetsk Cosmodrome, Russian Federation",2020-05-22,07:31:17,Soyuz 2.1b Fregat,EKS 4 (Tundra 4) (Kosmos 2546),Active,80,Success
Virgin Orbit,"Mojave Air and Space Port, Air launch to orbit",2020-05-25,19:50:00,LauncherOne,Launch Demo,Retired,12,Failure
CASC,"Mobile Launcher Pad, Xichang Satellite Launch Center, People's Republic of China",2020-05-29,20:13:33,Long March 11,XJS-G & XJS-H,Active,,Success
SpaceX,"Launch Complex 39A, Kennedy Space Center, FL, USA",2020-05-30,19:22:45,Falcon 9 Block 5,SpX-DM2 (Demonstration Mission 2),Active,52,Success
CASC,"Launch Area 94 (SLS-2 / 603), Jiuquan Satellite Launch Center, People's Republic of China",2020-05-31,08:53:00,Long March 2D,Gaofen-9-02,Active,30,Success
SpaceX,"Space Launch Complex 40, Cape Canaveral SFS, FL, USA",2020-06-04,01:25:33,Falcon 9 Block 5,Starlink 7,Active,52,Success
CASC,"Launch Complex 9, Taiyuan Satellite Launch Center, People's Republic of China",2020-06-10,18:31:24,Long March 2C,Haiyang 1D,Active,,Success
Rocket Lab,"Rocket Lab Launch Complex 1A, Rocket Lab Launch Complex 1, Mahia Peninsula, New Zealand",2020-06-13,05:12:12,Electron,Don't Stop Me Now (Rideshare),Active,6,Success
SpaceX,"Space Launch Complex 40, Cape Canaveral SFS, FL, USA",2020-06-13,09:21:18,Falcon 9 Block 5,Starlink 8,Active,52,Success
Interstellar Technologies,"Launch Complex 0, Hokkaido Spaceport, Japan",2020-06-13,20:15:00,MOMO v0,Flight 5,Retired,,Failure
CASC,"Launch Area 94 (SLS-2 / 603), Jiuquan Satellite Launch Center, People's Republic of China",2020-06-17,07:19:04,Long March 2D,Gaofen-9-03,Active,30,Success
CASC,"Launch Complex 2 (LC-2), Xichang Satellite Launch Center, People's Republic of China",2020-06-23,01:43:04,Long March 3B,Beidou-3 G3,Active,70,Success
Virgin Galactic,"Spaceport America, Air launch to Suborbital flight",2020-06-25,12:00:00,SpaceShipTwo,VSS Unity GF09,Active,,Success
SpaceX,"Space Launch Complex 40, Cape Canaveral SFS, FL, USA",2020-06-30,20:10:46,Falcon 9 Block 5,"GPS III SV03 ""Columbus""",Active,52,Success
CASC,"Launch Complex 9, Taiyuan Satellite Launch Center, People's Republic of China",2020-07-03,03:10:00,Long March 4B,Gaofen Multimode,Active,,Success
Rocket Lab,"Rocket Lab Launch Complex 1A, Rocket Lab Launch Complex 1, Mahia Peninsula, New Zealand",2020-07-04,21:19:00,Electron,Pics Or It Didn’t Happen (Rideshare),Active,6,Failure
CASC,"Launch Area 94 (SLS-2 / 603), Jiuquan Satellite Launch Center, People's Republic of China",2020-07-04,23:44:04,Long March 2D,Chuangxin 3A (02),Active,30,Success
Israel Aerospace Industries,"Shavit Launch Pad, Palmachim Airbase, State of Israel",2020-07-06,01:00:00,Shavit-2,Ofek-16,Active,,Success
CASC,"Launch Complex 3 (LC-3/LA-1), Xichang Satellite Launch Center, People's Republic of China",2020-07-09,12:11:04,Long March 3B/E,APStar-6D,Active,70,Success
ExPace,"Launch Area 95A, Jiuquan Satellite Launch Center, People's Republic of China",2020-07-10,04:17:00,Kuaizhou 11,Maiden Flight,Active,,Failure
Northrop Grumman Space Systems,"Launch Area 0 B, Wallops Flight Facility, Virginia, USA",2020-07-15,13:46:00,Minotaur IV,NROL-129,Active,,Success
MHI,"Yoshinobu Launch Complex LP-1, Tanegashima Space Center, Japan",2020-07-19,21:58:14,H-IIA 202,Hope (Emirates Mars Mission),Retired,90,Success
SpaceX,"Space Launch Complex 40, Cape Canaveral SFS, FL, USA",2020-07-20,21:30:00,Falcon 9 Block 5,ANASIS-II,Active,52,Success
CASC,"101, Wenchang Space Launch Site, People's Republic of China",2020-07-23,04:41:15,Long March 5,Tianwen-1 (Mars Global Remote Sensing Orbiter and Small Rover),Active,,Success
Roscosmos,"31/6, Baikonur Cosmodrome, Republic of Kazakhstan",2020-07-23,14:26:22,Soyuz 2.1a,Progress MS-15 (76P),Active,80,Success
CASC,"Launch Complex 9, Taiyuan Satellite Launch Center, People's Republic of China",2020-07-25,03:13:00,Long March 4B,Ziyuan-3-03,Active,,Success
ULA,"Space Launch Complex 41, Cape Canaveral SFS, FL, USA",2020-07-30,11:50:00,Atlas V 541,Mars 2020 (Perseverance rover & Ingenuity helicopter),Retired,145,Success
Khrunichev,"200/39 (200L), Baikonur Cosmodrome, Republic of Kazakhstan",2020-07-30,21:25:19,Proton-M Briz-M,Ekspress-80 & Ekspress-103,Active,,Success
SpaceX,"Suborbital Pad A, SpaceX Starbase, TX, USA",2020-08-04,23:57:00,Starship Prototype,Starship SN5 150m Hop,Retired,,Success
CASC,"Launch Area 94 (SLS-2 / 603), Jiuquan Satellite Launch Center, People's Republic of China",2020-08-06,04:01:00,Long March 2D,Gaofen-9-04,Active,30,Success
SpaceX,"Launch Complex 39A, Kennedy Space Center, FL, USA",2020-08-07,05:12:00,Falcon 9 Block 5,Starlink 9,Active,52,Success
Arianespace,"Ariane Launch Area 3, Guiana Space Centre, French Guiana",2020-08-15,22:04:00,Ariane 5 ECA+,"Galaxy 30, MEV-2 & BSAT-4B",Retired,,Success
SpaceX,"Space Launch Complex 40, Cape Canaveral SFS, FL, USA",2020-08-18,14:31:00,Falcon 9 Block 5,Starlink 10,Active,52,Success
CASC,"Launch Area 94 (SLS-2 / 603), Jiuquan Satellite Launch Center, People's Republic of China",2020-08-23,02:27:04,Long March 2D,Gaofen-9-05,Active,30,Success
SpaceX,"Space Launch Complex 40, Cape Canaveral SFS, FL, USA",2020-08-30,23:18:00,Falcon 9 Block 5,SAOCOM 1B,Active,52,Success
Rocket Lab,"Rocket Lab Launch Complex 1A, Rocket Lab Launch Complex 1, Mahia Peninsula, New Zealand",2020-08-31,03:05:47,Electron,I Can’t Believe It’s Not Optical (Capella 2 & First Light),Active,6,Success
Arianespace,"Ariane Launch Area 1 (ELV), Guiana Space Centre, French Guiana",2020-09-03,01:51:10,Vega,SSMS POC,Retired,37,Success
SpaceX,"Launch Complex 39A, Kennedy Space Center, FL, USA",2020-09-03,12:46:14,Falcon 9 Block 5,Starlink 11,Active,52,Success
SpaceX,"Suborbital Pad A, SpaceX Starbase, TX, USA",2020-09-03,17:48:00,Starship Prototype,SN6 150m Hop,Retired,,Success
CASC,"Launch Area 91 (SLS-1 / 921), Jiuquan Satellite Launch Center, People's Republic of China",2020-09-04,07:30:00,Long March 2F/G,Chinese Reusable Space Vehicle,Active,,Success
CASC,"Launch Complex 9, Taiyuan Satellite Launch Center, People's Republic of China",2020-09-07,05:57:05,Long March 4B,Gaofen-11-02,Active,,Success
Astra Space,"Launch Pad 3B, Pacific Spaceport Complex, Alaska, USA",2020-09-12,03:19:00,Astra Rocket 3,Maiden Flight,Retired,2.5,Failure
ExPace,"Launch Area 95A, Jiuquan Satellite Launch Center, People's Republic of China",2020-09-12,05:02:00,Kuaizhou 1A,Jilin-1-02C,Active,,Failure
CASC,"Yellow Sea (launch location 2), Haiyang Oriental Spaceport",2020-09-15,01:23:00,Long March 11,Jilin-1 High Resolution 03B 01-06 & 03C 01-03,Active,,Success
CASC,"Launch Area 94 (SLS-2 / 603), Jiuquan Satellite Launch Center, People's Republic of China",2020-09-21,05:40:04,Long March 4B,Haiyang 2C,Active,,Success
CASC,"Launch Complex 9, Taiyuan Satellite Launch Center, People's Republic of China",2020-09-27,03:23:04,Long March 4B,"Huanjing 2A, 2B",Active,,Success
VKS RF,"43/4 (43R), Plesetsk Cosmodrome, Russian Federation",2020-09-28,11:20:32,Soyuz 2.1b Fregat-M,"Gonets-M27, Gonets-M28, Gonets-M29 & others",Active,48.5,Success
Northrop Grumman Space Systems,"Launch Area 0 A, Wallops Flight Facility, Virginia, USA",2020-10-03,01:16:14,Antares 230+,Cygnus CRS-2 NG-14 (S.S. Kalpana Chawla),Retired,,Success
SpaceX,"Launch Complex 39A, Kennedy Space Center, FL, USA",2020-10-06,11:29:34,Falcon 9 Block 5,Starlink 12,Active,52,Success
CASC,"Launch Complex 2 (LC-2), Xichang Satellite Launch Center, People's Republic of China",2020-10-11,16:57:04,Long March 3B/E,Gaofen 13,Active,70,Success
Blue Origin,"West Texas Suborbital Launch Site/ Corn Ranch, Corn Ranch, Van Horn, TX, USA",2020-10-13,13:37:00,New Shepard,NS-13,Retired,,Success
Roscosmos,"31/6, Baikonur Cosmodrome, Republic of Kazakhstan",2020-10-14,05:45:04,Soyuz 2.1a,Soyuz MS-17,Active,80,Success
SpaceX,"Launch Complex 39A, Kennedy Space Center, FL, USA",2020-10-18,12:25:57,Falcon 9 Block 5,Starlink 13,Active,52,Success
SpaceX,"Space Launch Complex 40, Cape Canaveral SFS, FL, USA",2020-10-24,15:31:34,Falcon 9 Block 5,Starlink 14,Active,52,Success
VKS RF,"43/4 (43R), Plesetsk Cosmodrome, Russian Federation",2020-10-25,19:08:42,Soyuz 2.1b Fregat,Glonass-K1 No. 15 (Kosmos 2547),Active,80,Success
CASC,"Launch Complex 3 (LC-3/LA-1), Xichang Satellite Launch Center, People's Republic of China",2020-10-26,15:19:05,Long March 2C,Yaogan-30-07,Active,,Success
Rocket Lab,"Rocket Lab Launch Complex 1A, Rocket Lab Launch Complex 1, Mahia Peninsula, New Zealand",2020-10-28,21:21:27,Electron,In Focus (Rideshare),Active,6,Success
SpaceX,"Space Launch Complex 40, Cape Canaveral SFS, FL, USA",2020-11-05,23:24:23,Falcon 9 Block 5,"GPS III SV04 ""Sacagawea""",Active,52,Success
CASC,"Launch Complex 16, Taiyuan Satellite Launch Center, People's Republic of China",2020-11-06,03:19:15,Long March 6,Satellogic x 10,Active,,Success
Galactic Energy,"Launch Area 95A, Jiuquan Satellite Launch Center, People's Republic of China",2020-11-07,07:12:00,Ceres-1,Tianqi-11,Active,,Success
ISRO,"Satish Dhawan Space Centre First Launch Pad, Satish Dhawan Space Centre, India",2020-11-07,09:41:00,PSLV-DL,EOS-01 (RISAT-2BR2),Active,,Success
CASC,"Launch Complex 2 (LC-2), Xichang Satellite Launch Center, People's Republic of China",2020-11-12,15:59:04,Long March 3B/E,Tiantong-1-02,Active,70,Success
ULA,"Space Launch Complex 41, Cape Canaveral SFS, FL, USA",2020-11-13,22:32:00,Atlas V 531,NROL-101,Retired,140,Success
SpaceX,"Launch Complex 39A, Kennedy Space Center, FL, USA",2020-11-16,00:27:17,Falcon 9 Block 5,Crew-1,Active,52,Success
Arianespace,"Ariane Launch Area 1 (ELV), Guiana Space Centre, French Guiana",2020-11-17,01:52:20,Vega,SEOSAT-Ingenio & Taranis,Retired,37,Failure
Rocket Lab,"Rocket Lab Launch Complex 1A, Rocket Lab Launch Complex 1, Mahia Peninsula, New Zealand",2020-11-20,02:20:01,Electron,Return to Sender (Rideshare),Active,6,Success
SpaceX,"Space Launch Complex 4E, Vandenberg SFB, CA, USA",2020-11-21,17:17:08,Falcon 9 Block 5,Sentinel-6 Michael Freilich (Sentinel-6A; Jason-CS),Active,52,Success
CASC,"101, Wenchang Space Launch Site, People's Republic of China",2020-11-23,20:30:21,Long March 5,Chang'e 5,Active,,Success
SpaceX,"Space Launch Complex 40, Cape Canaveral SFS, FL, USA",2020-11-25,02:13:12,Falcon 9 Block 5,Starlink 15,Active,52,Success
MHI,"Yoshinobu Launch Complex LP-1, Tanegashima Space Center, Japan",2020-11-29,07:25:00,H-IIA 202,JDRS-1,Retired,90,Success
Arianespace,"Soyuz Launch Complex, Guiana Space Centre, French Guiana",2020-12-02,01:33:28,Soyuz STA Fregat,Falcon Eye 2,Retired,,Success
VKS RF,"43/3 (43L), Plesetsk Cosmodrome, Russian Federation",2020-12-03,01:14:36,Soyuz 2.1b Fregat-M,"Gonets-M30, Gonets-M31, Gonets-M32",Active,48.5,Success
CASC,"Launch Complex 3 (LC-3/LA-1), Xichang Satellite Launch Center, People's Republic of China",2020-12-06,03:57:37,Long March 3B/E,Gaofen 14,Active,70,Success
SpaceX,"Launch Complex 39A, Kennedy Space Center, FL, USA",2020-12-06,16:17:08,Falcon 9 Block 5,Dragon CRS-2 SpX-21,Active,52,Success
CASC,"Mobile Launcher Pad, Xichang Satellite Launch Center, People's Republic of China",2020-12-09,20:14:00,Long March 11,GECAM,Active,,Success
SpaceX,"Suborbital Pad A, SpaceX Starbase, TX, USA",2020-12-09,22:45:25,Starship Prototype,12.5 km Flight,Retired,,Partial Failure
ULA,"Space Launch Complex 37B, Cape Canaveral SFS, FL, USA",2020-12-11,01:09:00,Delta IV Heavy,NROL-44,Retired,350,Success
Virgin Galactic,"Spaceport America, Air launch to Suborbital flight",2020-12-12,15:24:00,SpaceShipTwo,VSS Unity VF-02,Active,,Partial Failure
SpaceX,"Space Launch Complex 40, Cape Canaveral SFS, FL, USA",2020-12-13,17:30:00,Falcon 9 Block 5,SXM-7,Active,52,Success
Khrunichev,"35/1, Plesetsk Cosmodrome, Russian Federation",2020-12-14,05:50:00,Angara A5/Briz-M,Dummy payload,Active,31,Success
Rocket Lab,"Rocket Lab Launch Complex 1A, Rocket Lab Launch Complex 1, Mahia Peninsula, New Zealand",2020-12-15,10:09:27,Electron,The Owl's Night Begins (StriX-α),Active,6,Success
Astra Space,"Launch Pad 3B, Pacific Spaceport Complex, Alaska, USA",2020-12-15,20:55:00,Astra Rocket 3,Flight 2,Retired,2.5,Failure
ISRO,"Satish Dhawan Space Centre First Launch Pad, Satish Dhawan Space Centre, India",2020-12-17,10:11:00,PSLV XL,CMS-01 (GSAT-12R),Active,,Success
Arianespace,"Cosmodrome Site 1S, Vostochny Cosmodrome, Siberia, Russian Federation",2020-12-18,12:26:27,Soyuz 2.1b Fregat-M,OneWeb 4,Active,48.5,Success
SpaceX,"Launch Complex 39A, Kennedy Space Center, FL, USA",2020-12-19,14:00:00,Falcon 9 Block 5,NROL-108,Active,52,Success
CASC,"201, Wenchang Space Launch Site, People's Republic of China",2020-12-22,04:37:37,Long March 8,XJY-7 & others,Active,,Success
CASC,"Launch Area 94 (SLS-2 / 603), Jiuquan Satellite Launch Center, People's Republic of China",2020-12-27,15:44:00,Long March 4C,,Active,,Success
Arianespace,"Soyuz Launch Complex, Guiana Space Centre, French Guiana",2020-12-29,16:42:07,Soyuz STA Fregat,CSO-2,Retired,,Success
SpaceX,"Space Launch Complex 40, Cape Canaveral SFS, FL, USA",2021-01-08,02:15:00,Falcon 9 Block 5,Türksat 5A,Active,52,Success
Blue Origin,"West Texas Suborbital Launch Site/ Corn Ranch, Corn Ranch, Van Horn, TX, USA",2021-01-14,17:19:00,New Shepard,NS-14,Retired,,Success
Virgin Orbit,"Mojave Air and Space Port, Air launch to orbit",2021-01-17,19:38:51,LauncherOne,Launch Demo 2 (VCLS ELaNa XX),Retired,12,Success
CASC,"Launch Complex 2 (LC-2), Xichang Satellite Launch Center, People's Republic of China",2021-01-19,16:25:00,Long March 3B/E,Tiantong-1-03,Active,70,Success
Rocket Lab,"Rocket Lab Launch Complex 1A, Rocket Lab Launch Complex 1, Mahia Peninsula, New Zealand",2021-01-20,07:26:00,Electron,Another One Leaves The Crust (GMS-T),Active,6,Success
SpaceX,"Launch Complex 39A, Kennedy Space Center, FL, USA",2021-01-20,13:02:00,Falcon 9 Block 5,Starlink 16,Active,52,Success
SpaceX,"Space Launch Complex 40, Cape Canaveral SFS, FL, USA",2021-01-24,15:00:00,Falcon 9 Block 5,Transporter 1 (Dedicated SSO Rideshare),Active,52,Success
CASC,"Launch Area 94 (SLS-2 / 603), Jiuquan Satellite Launch Center, People's Republic of China",2021-01-29,04:47:00,Long March 4C,,Active,,Success
i-Space,"Launch Area 95A, Jiuquan Satellite Launch Center, People's Republic of China",2021-02-01,08:15:00,Hyperbola-1,,Active,,Failure
SpaceX,"Suborbital Pad B, SpaceX Starbase, TX, USA",2021-02-02,20:25:15,Starship Prototype,10 km Flight,Retired,,Partial Failure
VKS RF,"43/4 (43R), Plesetsk Cosmodrome, Russian Federation",2021-02-02,20:45:28,Soyuz 2.1b,Lotos-S1,Active,80,Success
SpaceX,"Space Launch Complex 40, Cape Canaveral SFS, FL, USA",2021-02-04,06:19:54,Falcon 9 Block 5,Starlink 18,Active,52,Success
CASC,"Launch Complex 3 (LC-3/LA-1), Xichang Satellite Launch Center, People's Republic of China",2021-02-04,15:36:04,Long March 3B/E,TJSW-6,Active,70,Success
Roscosmos,"31/6, Baikonur Cosmodrome, Republic of Kazakhstan",2021-02-15,04:45:06,Soyuz 2.1a,Progress MS-16,Active,80,Success
SpaceX,"Space Launch Complex 40, Cape Canaveral SFS, FL, USA",2021-02-16,03:59:37,Falcon 9 Block 5,Starlink 19,Active,52,Success
Northrop Grumman Space Systems,"Launch Area 0 A, Wallops Flight Facility, Virginia, USA",2021-02-20,17:36:49,Antares 230+,Cygnus CRS-2 NG-15 (S.S. Katherine Johnson),Retired,,Success
CASC,"Launch Area 94 (SLS-2 / 603), Jiuquan Satellite Launch Center, People's Republic of China",2021-02-24,02:22:00,Long March 4C,,Active,,Success
ISRO,"Satish Dhawan Space Centre First Launch Pad, Satish Dhawan Space Centre, India",2021-02-28,04:54:00,PSLV-DL,Amazonia & 18 others,Active,,Success
Roscosmos,"31/6, Baikonur Cosmodrome, Republic of Kazakhstan",2021-02-28,06:55:01,Soyuz 2.1b Fregat-M,Arktika-M No.1,Active,48.5,Success
SpaceX,"Suborbital Pad A, SpaceX Starbase, TX, USA",2021-03-03,23:15:00,Starship Prototype,10 km Flight,Retired,,Success
SpaceX,"Launch Complex 39A, Kennedy Space Center, FL, USA",2021-03-04,08:24:54,Falcon 9 Block 5,Starlink 17,Active,52,Success
SpaceX,"Space Launch Complex 40, Cape Canaveral SFS, FL, USA",2021-03-11,08:13:29,Falcon 9 Block 5,Starlink 20,Active,52,Success
CASC,"201, Wenchang Space Launch Site, People's Republic of China",2021-03-11,17:51:28,Long March 7A,Shiyan 9 (XJY-6-02),Active,,Success
CASC,"Launch Area 94 (SLS-2 / 603), Jiuquan Satellite Launch Center, People's Republic of China",2021-03-13,02:19:00,Long March 4C,,Active,,Success
SpaceX,"Launch Complex 39A, Kennedy Space Center, FL, USA",2021-03-14,10:01:26,Falcon 9 Block 5,Starlink 21,Active,52,Success
GK Launch Services,"31/6, Baikonur Cosmodrome, Republic of Kazakhstan",2021-03-22,06:07:12,Soyuz 2.1a Fregat-M,CAS500-1 & rideshare,Active,80,Success
Rocket Lab,"Rocket Lab Launch Complex 1A, Rocket Lab Launch Complex 1, Mahia Peninsula, New Zealand",2021-03-22,22:30:00,Electron,They Go Up So Fast (Rideshare),Active,6,Success
SpaceX,"Space Launch Complex 40, Cape Canaveral SFS, FL, USA",2021-03-24,08:28:00,Falcon 9 Block 5,Starlink 22,Active,52,Success
Arianespace,"Cosmodrome Site 1S, Vostochny Cosmodrome, Siberia, Russian Federation",2021-03-25,02:47:33,Soyuz 2.1b Fregat-M,OneWeb 5,Active,48.5,Success
SpaceX,"Suborbital Pad B, SpaceX Starbase, TX, USA",2021-03-30,13:00:00,Starship Prototype,10 km Flight,Retired,,Failure
CASC,"Launch Area 94 (SLS-2 / 603), Jiuquan Satellite Launch Center, People's Republic of China",2021-03-30,22:45:00,Long March 4C,Gaofen-12-02,Active,,Success
SpaceX,"Space Launch Complex 40, Cape Canaveral SFS, FL, USA",2021-04-07,16:34:00,Falcon 9 Block 5,Starlink 23,Active,52,Success
CASC,"Launch Complex 9, Taiyuan Satellite Launch Center, People's Republic of China",2021-04-08,23:01:00,Long March 4B,,Active,,Success
Roscosmos,"31/6, Baikonur Cosmodrome, Republic of Kazakhstan",2021-04-09,07:42:41,Soyuz 2.1a,Soyuz MS-18,Active,80,Success
Blue Origin,"West Texas Suborbital Launch Site/ Corn Ranch, Corn Ranch, Van Horn, TX, USA",2021-04-14,16:49:15,New Shepard,NS-15,Retired,,Success
SpaceX,"Launch Complex 39A, Kennedy Space Center, FL, USA",2021-04-23,09:49:02,Falcon 9 Block 5,Crew-2,Active,52,Success
Arianespace,"Cosmodrome Site 1S, Vostochny Cosmodrome, Siberia, Russian Federation",2021-04-25,22:14:08,Soyuz 2.1b Fregat-M,OneWeb 6,Active,48.5,Success
ULA,"Space Launch Complex 6, Vandenberg SFB, CA, USA",2021-04-26,20:47:00,Delta IV Heavy,NROL-82,Retired,350,Success
CASC,"Launch Complex 16, Taiyuan Satellite Launch Center, People's Republic of China",2021-04-27,03:20:00,Long March 6,"Qilu-1, Qilu-4 & others",Active,,Success
Arianespace,"Ariane Launch Area 1 (ELV), Guiana Space Centre, French Guiana",2021-04-29,01:50:00,Vega,Pléiades Neo 3,Retired,37,Success
CASC,"101, Wenchang Space Launch Site, People's Republic of China",2021-04-29,03:23:15,Long March 5B,Tianhe,Active,,Success
SpaceX,"Space Launch Complex 40, Cape Canaveral SFS, FL, USA",2021-04-29,03:44:30,Falcon 9 Block 5,Starlink 24,Active,52,Success
CASC,"Launch Area 94 (SLS-2 / 603), Jiuquan Satellite Launch Center, People's Republic of China",2021-04-30,07:27:00,Long March 4C,Yaogan 34,Active,,Success
SpaceX,"Launch Complex 39A, Kennedy Space Center, FL, USA",2021-05-04,19:01:00,Falcon 9 Block 5,Starlink 25,Active,52,Success
SpaceX,"Suborbital Pad A, SpaceX Starbase, TX, USA",2021-05-05,22:24:00,Starship Prototype,10 km Flight,Retired,,Success
CASC,"Launch Complex 3 (LC-3/LA-1), Xichang Satellite Launch Center, People's Republic of China",2021-05-06,18:11:05,Long March 2C,Yaogan-30-08,Active,,Success
SpaceX,"Space Launch Complex 40, Cape Canaveral SFS, FL, USA",2021-05-09,06:42:00,Falcon 9 Block 5,Starlink 27,Active,52,Success
Rocket Lab,"Rocket Lab Launch Complex 1A, Rocket Lab Launch Complex 1, Mahia Peninsula, New Zealand",2021-05-15,11:11:00,Electron,Running Out of Toes (BlackSky 8-9),Active,6,Failure
SpaceX,"Launch Complex 39A, Kennedy Space Center, FL, USA",2021-05-15,22:56:00,Falcon 9 Block 5,Starlink 26 & Rideshare,Active,52,Success
ULA,"Space Launch Complex 41, Cape Canaveral SFS, FL, USA",2021-05-18,17:37:00,Atlas V 421,SBIRS GEO-5,Retired,123,Success
CASC,"Launch Area 94 (SLS-2 / 603), Jiuquan Satellite Launch Center, People's Republic of China",2021-05-19,04:03:00,Long March 4B,Haiyang 2D,Active,,Success
Virgin Galactic,"Spaceport America, Air launch to Suborbital flight",2021-05-22,15:27:00,SpaceShipTwo,VSS Unity VF-03,Active,,Success
SpaceX,"Space Launch Complex 40, Cape Canaveral SFS, FL, USA",2021-05-26,18:59:00,Falcon 9 Block 5,Starlink 28,Active,52,Success
Arianespace,"Cosmodrome Site 1S, Vostochny Cosmodrome, Siberia, Russian Federation",2021-05-28,17:38:39,Soyuz 2.1b Fregat-M,OneWeb 7,Active,48.5,Success
CASC,"201, Wenchang Space Launch Site, People's Republic of China",2021-05-29,12:55:29,Long March 7,Tianzhou-2,Active,,Success
CASC,"Launch Complex 2 (LC-2), Xichang Satellite Launch Center, People's Republic of China",2021-06-02,16:17:00,Long March 3B,Fengyun-4B,Active,70,Success
SpaceX,"Launch Complex 39A, Kennedy Space Center, FL, USA",2021-06-03,17:29:15,Falcon 9 Block 5,Dragon CRS-2 SpX-22,Active,52,Success
SpaceX,"Space Launch Complex 40, Cape Canaveral SFS, FL, USA",2021-06-06,04:26:00,Falcon 9 Block 5,SXM-8,Active,52,Success
CASC,"Launch Complex 9, Taiyuan Satellite Launch Center, People's Republic of China",2021-06-11,03:03:00,Long March 2D,Beijing-3,Active,30,Success
Iranian Space Agency,"Imam Khomeini Spaceport, Semnan Space Center, Islamic Republic of Iran",2021-06-12,00:00:00,Simorgh,Unknown,Active,,Failure
Northrop Grumman Space Systems,"Vandenberg Space Force Base, Air launch to orbit",2021-06-13,08:11:00,Pegasus XL,Odyssey (TacRL-2),Active,40,Success
Northrop Grumman Space Systems,"Launch Area 0 B, Wallops Flight Facility, Virginia, USA",2021-06-15,13:35:00,Minotaur I,NROL-111,Active,,Success
CASC,"Launch Area 91 (SLS-1 / 921), Jiuquan Satellite Launch Center, People's Republic of China",2021-06-17,01:22:31,Long March 2F/G,Shenzhou 12,Active,,Success
SpaceX,"Space Launch Complex 40, Cape Canaveral SFS, FL, USA",2021-06-17,16:09:35,Falcon 9 Block 5,GPS III SV05,Active,52,Success
CASC,"Launch Complex 3 (LC-3/LA-1), Xichang Satellite Launch Center, People's Republic of China",2021-06-18,06:30:00,Long March 2C,Yaogan-30-09,Active,,Success
VKS RF,"43/4 (43R), Plesetsk Cosmodrome, Russian Federation",2021-06-25,19:50:00,Soyuz 2.1b,Pion-NKS No. 1 (Kosmos 2550),Active,80,Success
Roscosmos,"31/6, Baikonur Cosmodrome, Republic of Kazakhstan",2021-06-29,23:27:20,Soyuz 2.1a,Progress MS-17 (78P),Active,80,Success
Virgin Orbit,"Mojave Air and Space Port, Air launch to orbit",2021-06-30,14:47:00,LauncherOne,"Tubular Bells, Part One",Retired,12,Success
SpaceX,"Space Launch Complex 40, Cape Canaveral SFS, FL, USA",2021-06-30,19:31:00,Falcon 9 Block 5,Transporter 2 (Dedicated SSO Rideshare),Active,52,Success
Arianespace,"Cosmodrome Site 1S, Vostochny Cosmodrome, Siberia, Russian Federation",2021-07-01,12:48:33,Soyuz 2.1b Fregat-M,OneWeb 8,Active,48.5,Success
CASC,"Launch Complex 9, Taiyuan Satellite Launch Center, People's Republic of China",2021-07-03,02:51:00,Long March 2D,Jilin-1 Wideband-01B & High Resolution 03D,Active,30,Success
Interstellar Technologies,"Launch Complex 0, Hokkaido Spaceport, Japan",2021-07-03,08:45:00,MOMO v1,Flight 7,Active,,Success
CASC,"Launch Area 94 (SLS-2 / 603), Jiuquan Satellite Launch Center, People's Republic of China",2021-07-04,23:28:00,Long March 4C,Fengyun-3E,Active,,Success
CASC,"Launch Complex 2 (LC-2), Xichang Satellite Launch Center, People's Republic of China",2021-07-06,15:53:00,Long March 3C/E,Tianlian 1-05,Active,,Success
CASC,"Launch Complex 16, Taiyuan Satellite Launch Center, People's Republic of China",2021-07-09,11:59:00,Long March 6,Zhongzi Group 02 (Ningxia-1-02),Active,,Success
Virgin Galactic,"Spaceport America, Air launch to Suborbital flight",2021-07-11,15:25:30,SpaceShipTwo,VSS Unity 22,Active,,Success
CASC,"Launch Complex 3 (LC-3/LA-1), Xichang Satellite Launch Center, People's Republic of China",2021-07-19,00:19:00,Long March 2C,Yaogan-30-10,Active,,Success
Blue Origin,"West Texas Suborbital Launch Site/ Corn Ranch, Corn Ranch, Van Horn, TX, USA",2021-07-20,13:12:00,New Shepard,NS-16,Retired,,Success
Khrunichev,"200/39 (200L), Baikonur Cosmodrome, Republic of Kazakhstan",2021-07-21,14:58:25,Proton-M,MLM Nauka,Active,65,Success
CASC,"Launch Area 94 (SLS-2 / 603), Jiuquan Satellite Launch Center, People's Republic of China",2021-07-29,04:01:00,Long March 2D,Tianhui-1-04,Active,30,Success
Rocket Lab,"Rocket Lab Launch Complex 1A, Rocket Lab Launch Complex 1, Mahia Peninsula, New Zealand",2021-07-29,06:00:00,Electron,It’s a Little Chile Up Here (STP-27RM),Active,6,Success
Arianespace,"Ariane Launch Area 3, Guiana Space Centre, French Guiana",2021-07-30,21:00:00,Ariane 5 ECA+,Star One D2 & Eutelsat Quantum,Retired,,Success
Interstellar Technologies,"Launch Complex 0, Hokkaido Spaceport, Japan",2021-07-31,08:00:00,MOMO v1,Flight 6,Active,,Success
i-Space,"Launch Area 95A, Jiuquan Satellite Launch Center, People's Republic of China",2021-08-03,07:39:30,Hyperbola-1,Jilin-1 Mofang-01A (?),Active,,Failure
CASC,"Launch Complex 16, Taiyuan Satellite Launch Center, People's Republic of China",2021-08-04,11:01:00,Long March 6,KL-Beta,Active,,Success
CASC,"Launch Complex 2 (LC-2), Xichang Satellite Launch Center, People's Republic of China",2021-08-05,16:30:04,Long March 3B/E,Zhongxing 2E (Chinasat 2E),Active,70,Success
Northrop Grumman Space Systems,"Launch Area 0 A, Wallops Flight Facility, Virginia, USA",2021-08-10,22:01:05,Antares 230+,Cygnus CRS-2 NG-16 (S.S. Ellison Onizuka),Retired,,Success
ISRO,"Satish Dhawan Space Centre Second Launch Pad, Satish Dhawan Space Centre, India",2021-08-12,00:13:00,GSLV Mk. II,GISAT-1,Active,,Failure
Arianespace,"Ariane Launch Area 1 (ELV), Guiana Space Centre, French Guiana",2021-08-17,01:47:06,Vega,Pléiades Neo 4,Retired,37,Success
CASC,"Launch Complex 9, Taiyuan Satellite Launch Center, People's Republic of China",2021-08-18,22:32:00,Long March 4B,Tianhui-2-02,Active,,Success
Arianespace,"31/6, Baikonur Cosmodrome, Republic of Kazakhstan",2021-08-21,22:13:40,Soyuz 2.1b Fregat-M,OneWeb 9,Active,48.5,Success
CASC,"Launch Area 94 (SLS-2 / 603), Jiuquan Satellite Launch Center, People's Republic of China",2021-08-24,11:15:00,Long March 2C/YZ-1S,RSW-01 - 03,Active,,Success
CASC,"Launch Complex 3 (LC-3/LA-1), Xichang Satellite Launch Center, People's Republic of China",2021-08-24,15:41:00,Long March 3B/E,TJSW-7,Active,70,Success
Blue Origin,"West Texas Suborbital Launch Site/ Corn Ranch, Corn Ranch, Van Horn, TX, USA",2021-08-26,14:31:00,New Shepard,NS-17,Retired,,Success
Astra Space,"Launch Pad 3B, Pacific Spaceport Complex, Alaska, USA",2021-08-28,22:35:00,Astra Rocket 3,STP-27AD1,Retired,2.5,Failure
SpaceX,"Launch Complex 39A, Kennedy Space Center, FL, USA",2021-08-29,07:14:49,Falcon 9 Block 5,Dragon CRS-2 SpX-23,Active,52,Success
Firefly Aerospace,"Space Launch Complex 2W, Vandenberg SFB, CA, USA",2021-09-03,01:59:00,Firefly Alpha,FLTA001 (Maiden Flight),Active,15,Failure
CASC,"Launch Complex 9, Taiyuan Satellite Launch Center, People's Republic of China",2021-09-07,03:01:00,Long March 4C,Gaofen-5-02,Active,,Success
CASC,"Launch Complex 2 (LC-2), Xichang Satellite Launch Center, People's Republic of China",2021-09-09,11:50:00,Long March 3B/E,ChinaSat 9B,Active,70,Success
VKS RF,"43/4 (43R), Plesetsk Cosmodrome, Russian Federation",2021-09-09,19:59:47,Soyuz 2.1v,Razbeg 1 (Kosmos 2551),Retired,,Success
SpaceX,"Space Launch Complex 4E, Vandenberg SFB, CA, USA",2021-09-14,03:55:50,Falcon 9 Block 5,Starlink Group 2-1,Active,52,Success
Arianespace,"31/6, Baikonur Cosmodrome, Republic of Kazakhstan",2021-09-14,18:07:19,Soyuz 2.1b Fregat-M,OneWeb 10,Active,48.5,Success
SpaceX,"Launch Complex 39A, Kennedy Space Center, FL, USA",2021-09-16,00:02:56,Falcon 9 Block 5,Inspiration4,Active,52,Success
TiSPACE,"Pad 1, Whalers Way Orbital Launch Complex, South Australia",2021-09-16,06:39:00,Hapith I,Test Flight,Active,,Failure
CASC,"201, Wenchang Space Launch Site, People's Republic of China",2021-09-20,07:10:11,Long March 7,Tianzhou-3,Active,,Success
ExPace,"Launch Area 95A, Jiuquan Satellite Launch Center, People's Republic of China",2021-09-27,06:19:00,Kuaizhou 1A,Jilin-1-02D,Active,,Success
CASC,"Launch Complex 3 (LC-3/LA-1), Xichang Satellite Launch Center, People's Republic of China",2021-09-27,08:20:00,Long March 3B/E,Shiyan 10,Active,70,Success
ULA,"Space Launch Complex 3E, Vandenberg SFB, CA, USA",2021-09-27,18:12:00,Atlas V 401,Landsat 9,Retired,115,Success
Roscosmos,"31/6, Baikonur Cosmodrome, Republic of Kazakhstan",2021-10-05,08:55:02,Soyuz 2.1a,Soyuz MS-19,Active,80,Success
Blue Origin,"West Texas Suborbital Launch Site/ Corn Ranch, Corn Ranch, Van Horn, TX, USA",2021-10-13,14:49:00,New Shepard,NS-18,Retired,,Success
Arianespace,"Cosmodrome Site 1S, Vostochny Cosmodrome, Siberia, Russian Federation",2021-10-14,09:40:10,Soyuz 2.1b,OneWeb 11,Active,80,Success
CASC,"Launch Complex 9, Taiyuan Satellite Launch Center, People's Republic of China",2021-10-14,10:51:00,Long March 2D,Xihe (CHASE),Active,30,Success
CASC,"Launch Area 91 (SLS-1 / 921), Jiuquan Satellite Launch Center, People's Republic of China",2021-10-15,16:23:56,Long March 2F/G,Shenzhou 13,Active,,Success
ULA,"Space Launch Complex 41, Cape Canaveral SFS, FL, USA",2021-10-16,09:34:00,Atlas V 401,Lucy,Retired,115,Success
KARI,"LC-2, Naro Space Center, South Korea",2021-10-21,08:00:00,KSLV-2 Nuri,Flight Test,Active,,Failure
CASC,"Launch Complex 2 (LC-2), Xichang Satellite Launch Center, People's Republic of China",2021-10-24,01:27:00,Long March 3B/E,Shijian 21,Active,70,Success
Arianespace,"Ariane Launch Area 3, Guiana Space Centre, French Guiana",2021-10-24,02:10:00,Ariane 5 ECA+,SES-17 & Syracuse 4A,Retired,,Success
MHI,"Yoshinobu Launch Complex LP-1, Tanegashima Space Center, Japan",2021-10-26,02:19:37,H-IIA 202,QZS-1R,Retired,90,Success
ExPace,"Launch Area 95A, Jiuquan Satellite Launch Center, People's Republic of China",2021-10-27,06:19:00,Kuaizhou 1A,Jilin-1-02F,Active,,Success
Roscosmos,"31/6, Baikonur Cosmodrome, Republic of Kazakhstan",2021-10-28,00:00:32,Soyuz 2.1a,Progress MS-18 (79P),Active,80,Success
CASC,"Launch Area 94 (SLS-2 / 603), Jiuquan Satellite Launch Center, People's Republic of China",2021-11-03,07:43:00,Long March 2C/YZ-1S,Yaogan-32-02,Active,,Success
CASC,"Launch Complex 16, Taiyuan Satellite Launch Center, People's Republic of China",2021-11-05,02:19:00,Long March 6,SDGSAT-1,Active,,Success
CASC,"Launch Complex 3 (LC-3/LA-1), Xichang Satellite Launch Center, People's Republic of China",2021-11-06,03:00:00,Long March 2D,Yaogan 35 A/B/C,Active,30,Success
JAXA,"Mu Center, Uchinoura Space Center, Japan",2021-11-09,00:55:16,Epsilon,RAISE-2 & others,Active,39,Success
SpaceX,"Launch Complex 39A, Kennedy Space Center, FL, USA",2021-11-11,02:03:31,Falcon 9 Block 5,Crew-3,Active,52,Success
SpaceX,"Space Launch Complex 40, Cape Canaveral SFS, FL, USA",2021-11-13,12:18:56,Falcon 9 Block 5,Starlink Group 4-1,Active,52,Success
Arianespace,"Ariane Launch Area 1 (ELV), Guiana Space Centre, French Guiana",2021-11-16,09:27:55,Vega,CERES,Retired,37,Success
Rocket Lab,"Rocket Lab Launch Complex 1A, Rocket Lab Launch Complex 1, Mahia Peninsula, New Zealand",2021-11-18,01:38:13,Electron,Love At First Insight (BlackSky 10-11),Active,6,Success
CASC,"Launch Complex 9, Taiyuan Satellite Launch Center, People's Republic of China",2021-11-20,01:51:00,Long March 4B,Gaofen-11-03,Active,,Success
Astra Space,"Launch Pad 3B, Pacific Spaceport Complex, Alaska, USA",2021-11-20,06:16:00,Astra Rocket 3,STP-27AD2,Retired,2.5,Success
CASC,"Launch Area 94 (SLS-2 / 603), Jiuquan Satellite Launch Center, People's Republic of China",2021-11-22,23:45:00,Long March 4C,Gaofen-3 02,Active,,Success
SpaceX,"Space Launch Complex 4E, Vandenberg SFB, CA, USA",2021-11-24,06:21:02,Falcon 9 Block 5,Double Asteroid Redirection Test (DART),Active,52,Success
Roscosmos,"31/6, Baikonur Cosmodrome, Republic of Kazakhstan",2021-11-24,13:06:36,Soyuz 2.1b,"Uzlovoy Module (UM) ""Prichal""",Active,80,Success
CASIC,"Launch Area 95A, Jiuquan Satellite Launch Center, People's Republic of China",2021-11-24,23:41:00,Kuaizhou 1A,Shiyan 11,Active,,Success
VKS RF,"43/4 (43R), Plesetsk Cosmodrome, Russian Federation",2021-11-25,01:09:13,Soyuz 2.1b Fregat,Kosmos 2552 (EKS 5/Tundra 5),Active,80,Success
CASC,"Launch Complex 2 (LC-2), Xichang Satellite Launch Center, People's Republic of China",2021-11-26,16:40:04,Long March 3B/E,ChinaSat 1D,Active,70,Success
SpaceX,"Space Launch Complex 40, Cape Canaveral SFS, FL, USA",2021-12-02,23:12:00,Falcon 9 Block 5,Starlink Group 4-3,Active,52,Success
Arianespace,"Soyuz Launch Complex, Guiana Space Centre, French Guiana",2021-12-05,00:19:20,Soyuz STB Fregat,Galileo L11 (FOC FM23-FM24),Retired,,Success
Galactic Energy,"Launch Area 95A, Jiuquan Satellite Launch Center, People's Republic of China",2021-12-07,04:12:30,Ceres-1,Golden Bauhinia 1-03 & others,Active,,Success
ULA,"Space Launch Complex 41, Cape Canaveral SFS, FL, USA",2021-12-07,10:19:00,Atlas V 551,STP-3,Retired,153,Success
Roscosmos,"31/6, Baikonur Cosmodrome, Republic of Kazakhstan",2021-12-08,07:38:15,Soyuz 2.1a,Soyuz MS-20,Active,80,Success
Rocket Lab,"Rocket Lab Launch Complex 1A, Rocket Lab Launch Complex 1, Mahia Peninsula, New Zealand",2021-12-09,00:02:07,Electron,A Data With Destiny (BlackSky 14-15),Active,6,Success
SpaceX,"Launch Complex 39A, Kennedy Space Center, FL, USA",2021-12-09,06:00:00,Falcon 9 Block 5,IXPE,Active,52,Success
CASC,"Launch Area 94 (SLS-2 / 603), Jiuquan Satellite Launch Center, People's Republic of China",2021-12-10,00:11:30,Long March 4B,Shijian 6 Group 05,Active,,Success
Blue Origin,"West Texas Suborbital Launch Site/ Corn Ranch, Corn Ranch, Van Horn, TX, USA",2021-12-11,15:00:42,New Shepard,NS-19,Retired,,Success
Khrunichev,"200/39 (200L), Baikonur Cosmodrome, Republic of Kazakhstan",2021-12-13,12:07:00,Proton-M Briz-M,Ekspress-AMU3 & AMU7,Active,,Success
CASC,"Launch Complex 3 (LC-3/LA-1), Xichang Satellite Launch Center, People's Republic of China",2021-12-13,16:09:00,Long March 3B/E,Tianlian 2-02,Active,70,Success
ExPace,"Launch Area 95A, Jiuquan Satellite Launch Center, People's Republic of China",2021-12-15,02:00:00,Kuaizhou 1A,GeeSAT X 2,Active,,Failure
SpaceX,"Space Launch Complex 4E, Vandenberg SFB, CA, USA",2021-12-18,12:41:40,Falcon 9 Block 5,Starlink Group 4-4,Active,52,Success
SpaceX,"Space Launch Complex 40, Cape Canaveral SFS, FL, USA",2021-12-19,03:58:39,Falcon 9 Block 5,Türksat 5B,Active,52,Success
SpaceX,"Launch Complex 39A, Kennedy Space Center, FL, USA",2021-12-21,10:07:08,Falcon 9 Block 5,Dragon CRS-2 SpX-24,Active,52,Success
MHI,"Yoshinobu Launch Complex LP-1, Tanegashima Space Center, Japan",2021-12-22,15:32:00,H-IIA 204,Inmarsat-6 F1,Retired,90,Success
CASC,"201, Wenchang Space Launch Site, People's Republic of China",2021-12-23,10:12:00,Long March 7A,Shiyan 12-01 & 02,Active,,Success
Arianespace,"Ariane Launch Area 3, Guiana Space Centre, French Guiana",2021-12-25,12:20:07,Ariane 5 ECA+,James Webb Space Telescope (JWST),Retired,,Success
CASC,"Launch Complex 9, Taiyuan Satellite Launch Center, People's Republic of China",2021-12-26,03:11:31,Long March 4C,Zhiyuan 1-02E,Active,,Success
Arianespace,"31/6, Baikonur Cosmodrome, Republic of Kazakhstan",2021-12-27,13:10:37,Soyuz 2.1b Fregat-M,OneWeb 12,Active,48.5,Success
Khrunichev,"35/1, Plesetsk Cosmodrome, Russian Federation",2021-12-27,19:00:00,Angara A5/Blok DM-03,Dummy payload,Active,31,Failure
CASC,"Launch Area 94 (SLS-2 / 603), Jiuquan Satellite Launch Center, People's Republic of China",2021-12-29,11:13:00,Long March 2D,Tianhui 4,Active,30,Success
CASC,"Launch Complex 2 (LC-2), Xichang Satellite Launch Center, People's Republic of China",2021-12-29,16:43:03,Long March 3B/E,TJSW-9,Active,70,Success
Iranian Space Agency,"Imam Khomeini Spaceport, Semnan Space Center, Islamic Republic of Iran",2021-12-30,03:30:00,Simorgh,3 unknown payloads,Active,,Failure
SpaceX,"Launch Complex 39A, Kennedy Space Center, FL, USA",2022-01-06,21:49:10,Falcon 9 Block 5,Starlink Group 4-5,Active,52,Success
SpaceX,"Space Launch Complex 40, Cape Canaveral SFS, FL, USA",2022-01-13,15:25:39,Falcon 9 Block 5,Transporter 3 (Dedicated SSO Rideshare),Active,52,Success
Virgin Orbit,"Mojave Air and Space Port, Air launch to orbit",2022-01-13,22:52:00,LauncherOne,Above the Clouds,Retired,12,Success
CASC,"Launch Complex 9, Taiyuan Satellite Launch Center, People's Republic of China",2022-01-17,02:35:00,Long March 2D,Shiyan 13,Active,30,Success
SpaceX,"Launch Complex 39A, Kennedy Space Center, FL, USA",2022-01-19,02:02:40,Falcon 9 Block 5,Starlink Group 4-6,Active,52,Success
ULA,"Space Launch Complex 41, Cape Canaveral SFS, FL, USA",2022-01-21,19:00:00,Atlas V 511,USSF-8,Retired,130,Success
CASC,"Launch Area 94 (SLS-2 / 603), Jiuquan Satellite Launch Center, People's Republic of China",2022-01-25,23:44:00,Long March 4C,L-SAR 01A,Active,,Success
SpaceX,"Space Launch Complex 40, Cape Canaveral SFS, FL, USA",2022-01-31,23:11:14,Falcon 9 Block 5,CSG-2,Active,52,Success
SpaceX,"Space Launch Complex 4E, Vandenberg SFB, CA, USA",2022-02-02,20:27:26,Falcon 9 Block 5,NROL 87,Active,52,Success
SpaceX,"Launch Complex 39A, Kennedy Space Center, FL, USA",2022-02-03,18:13:20,Falcon 9 Block 5,Starlink Group 4-7,Active,52,Success
VKS RF,"43/4 (43R), Plesetsk Cosmodrome, Russian Federation",2022-02-05,07:00:00,Soyuz 2.1a Fregat-M,Neitron (Kosmos 2553),Active,80,Success
Arianespace,"Soyuz Launch Complex, Guiana Space Centre, French Guiana",2022-02-10,18:09:37,Soyuz STB Fregat,OneWeb 13,Retired,,Success
Astra Space,"Space Launch Complex 46, Cape Canaveral SFS, FL, USA",2022-02-10,20:00:00,Astra Rocket 3,ELaNa 41,Retired,2.5,Failure
ISRO,"Satish Dhawan Space Centre First Launch Pad, Satish Dhawan Space Centre, India",2022-02-14,00:29:00,PSLV XL,EOS-4 (RISAT-1A),Active,,Success
Roscosmos,"31/6, Baikonur Cosmodrome, Republic of Kazakhstan",2022-02-15,04:25:40,Soyuz 2.1a,Progress MS-19 (80P),Active,80,Success
Northrop Grumman Space Systems,"Launch Area 0 A, Wallops Flight Facility, Virginia, USA",2022-02-19,17:40:03,Antares 230+,Cygnus CRS-2 NG-17 (S.S. Piers Sellers),Retired,,Success
SpaceX,"Space Launch Complex 40, Cape Canaveral SFS, FL, USA",2022-02-21,14:44:20,Falcon 9 Block 5,Starlink Group 4-8,Active,52,Success
SpaceX,"Space Launch Complex 4E, Vandenberg SFB, CA, USA",2022-02-25,17:12:10,Falcon 9 Block 5,Starlink Group 4-11,Active,52,Success
CASC,"Launch Area 94 (SLS-2 / 603), Jiuquan Satellite Launch Center, People's Republic of China",2022-02-26,23:44:00,Long March 4C,L-SAR 01B,Active,,Success
CASC,"201, Wenchang Space Launch Site, People's Republic of China",2022-02-27,03:06:30,Long March 8 (Core Only),Hainan-1 to 4 & others,Active,,Success
Rocket Lab,"Rocket Lab Launch Complex 1B, Rocket Lab Launch Complex 1, Mahia Peninsula, New Zealand",2022-02-28,20:37:25,Electron,The Owl’s Night Continues (StriX-β),Active,6,Success
ULA,"Space Launch Complex 41, Cape Canaveral SFS, FL, USA",2022-03-01,21:38:00,Atlas V 541,GOES-T,Retired,145,Success
SpaceX,"Launch Complex 39A, Kennedy Space Center, FL, USA",2022-03-03,14:25:00,Falcon 9 Block 5,Starlink Group 4-9,Active,52,Success
CASC,"Launch Complex 3 (LC-3/LA-1), Xichang Satellite Launch Center, People's Republic of China",2022-03-05,06:01:00,Long March 2C,Yinhe-1 (x6),Active,,Success
IRGC ASF,"Launch Platform, Shahrud Missile Test Site, Islamic Republic of Iran",2022-03-08,05:06:00,Qased,Noor-2,Active,,Success
SpaceX,"Space Launch Complex 40, Cape Canaveral SFS, FL, USA",2022-03-09,13:45:00,Falcon 9 Block 5,Starlink Group 4-10,Active,52,Success
Astra Space,"Launch Pad 3B, Pacific Spaceport Complex, Alaska, USA",2022-03-15,16:22:00,Astra Rocket 3,Spaceflight Astra-1,Retired,2.5,Success
CASC,"Launch Area 94 (SLS-2 / 603), Jiuquan Satellite Launch Center, People's Republic of China",2022-03-17,07:09:00,Long March 4C,Yaogan 34-02,Active,,Success
Roscosmos,"31/6, Baikonur Cosmodrome, Republic of Kazakhstan",2022-03-18,15:55:19,Soyuz 2.1a,Soyuz MS-21,Active,80,Success
SpaceX,"Space Launch Complex 40, Cape Canaveral SFS, FL, USA",2022-03-19,04:42:30,Falcon 9 Block 5,Starlink Group 4-12,Active,52,Success
VKS RF,"43/3 (43L), Plesetsk Cosmodrome, Russian Federation",2022-03-22,12:48:22,Soyuz 2.1a Fregat-M,Meridian-M No.20L,Active,80,Success
CASC,"Launch Complex 9A, Taiyuan Satellite Launch Center, People's Republic of China",2022-03-29,09:50:00,Long March 6A,Demo Flight (Pujiang-2 & Tiankun-2),Active,,Success
CASC,"Launch Area 95A, Jiuquan Satellite Launch Center, People's Republic of China",2022-03-30,02:29:00,Long March 11,Tianping-2 A/B/C,Active,,Success
Blue Origin,"West Texas Suborbital Launch Site/ Corn Ranch, Corn Ranch, Van Horn, TX, USA",2022-03-31,13:57:55,New Shepard,NS-20,Retired,,Success
SpaceX,"Space Launch Complex 40, Cape Canaveral SFS, FL, USA",2022-04-01,16:24:17,Falcon 9 Block 5,Transporter 4 (Dedicated SSO Rideshare),Active,52,Success
Rocket Lab,"Rocket Lab Launch Complex 1A, Rocket Lab Launch Complex 1, Mahia Peninsula, New Zealand",2022-04-02,12:41:38,Electron,Without Mission A Beat (BlackSky 16-17),Active,6,Success
CASC,"Launch Area 94 (SLS-2 / 603), Jiuquan Satellite Launch Center, People's Republic of China",2022-04-06,23:47:00,Long March 4C,Gaofen-3 03,Active,,Success
VKS RF,"43/3 (43L), Plesetsk Cosmodrome, Russian Federation",2022-04-07,11:20:18,Soyuz 2.1b,Kosmos 2554 (Lotos-S1),Active,80,Success
SpaceX,"Launch Complex 39A, Kennedy Space Center, FL, USA",2022-04-08,15:17:11,Falcon 9 Block 5,Axiom Space Mission 1,Active,52,Success
CASC,"Launch Complex 2 (LC-2), Xichang Satellite Launch Center, People's Republic of China",2022-04-15,12:00:00,Long March 3B/E,ChinaSat 6D,Active,70,Success
CASC,"Launch Complex 9, Taiyuan Satellite Launch Center, People's Republic of China",2022-04-15,18:16:00,Long March 4C,Daqi-1 (AEMS),Active,,Success
SpaceX,"Space Launch Complex 4E, Vandenberg SFB, CA, USA",2022-04-17,13:13:12,Falcon 9 Block 5,NROL-85,Active,52,Success
SpaceX,"Space Launch Complex 40, Cape Canaveral SFS, FL, USA",2022-04-21,17:51:40,Falcon 9 Block 5,Starlink Group 4-14,Active,52,Success
SpaceX,"Launch Complex 39A, Kennedy Space Center, FL, USA",2022-04-27,07:52:55,Falcon 9 Block 5,Crew-4,Active,52,Success
CASC,"Launch Area 94 (SLS-2 / 603), Jiuquan Satellite Launch Center, People's Republic of China",2022-04-29,04:11:33,Long March 2C,SuperView Neo 1-01 & 02,Active,,Success
VKS RF,"35/1, Plesetsk Cosmodrome, Russian Federation",2022-04-29,19:55:22,Angara 1.2,Kosmos 2555 (MKA-R),Active,31,Success
SpaceX,"Space Launch Complex 40, Cape Canaveral SFS, FL, USA",2022-04-29,21:27:10,Falcon 9 Block 5,Starlink Group 4-16,Active,52,Success
CASC,"Yellow Sea (launch location 3), Haiyang Oriental Spaceport",2022-04-30,03:30:00,Long March 11,Jilin-1 Gaofen 03D-04 to 07 & 04A,Active,,Success
Rocket Lab,"Rocket Lab Launch Complex 1A, Rocket Lab Launch Complex 1, Mahia Peninsula, New Zealand",2022-05-02,22:49:52,Electron,There and Back Again (Rideshare),Active,6,Success
CASC,"Launch Complex 9, Taiyuan Satellite Launch Center, People's Republic of China",2022-05-05,02:38:00,Long March 2D,Jilin-1 Wideband-01C & High Resolution 03D-27 to 33,Active,30,Success
SpaceX,"Launch Complex 39A, Kennedy Space Center, FL, USA",2022-05-06,09:42:00,Falcon 9 Block 5,Starlink Group 4-17,Active,52,Success
CASC,"201, Wenchang Space Launch Site, People's Republic of China",2022-05-09,17:56:30,Long March 7,Tianzhou-4,Active,,Success
i-Space,"Launch Area 95A, Jiuquan Satellite Launch Center, People's Republic of China",2022-05-13,07:09:00,Hyperbola-1,Jilin-1 Mofang-01A(R),Active,,Failure
SpaceX,"Space Launch Complex 4E, Vandenberg SFB, CA, USA",2022-05-13,22:07:50,Falcon 9 Block 5,Starlink Group 4-13,Active,52,Success
SpaceX,"Space Launch Complex 40, Cape Canaveral SFS, FL, USA",2022-05-14,20:40:50,Falcon 9 Block 5,Starlink Group 4-15,Active,52,Success
SpaceX,"Launch Complex 39A, Kennedy Space Center, FL, USA",2022-05-18,10:59:40,Falcon 9 Block 5,Starlink Group 4-18,Active,52,Success
VKS RF,"43/4 (43R), Plesetsk Cosmodrome, Russian Federation",2022-05-19,08:03:32,Soyuz 2.1a,Kosmos 2556 (Bars-M No. 3),Active,80,Success
ULA,"Space Launch Complex 41, Cape Canaveral SFS, FL, USA",2022-05-19,22:54:47,Atlas V N22,CST-100 Starliner Orbital Flight Test 2 (OFT-2),Active,110,Success
CASC,"Launch Area 94 (SLS-2 / 603), Jiuquan Satellite Launch Center, People's Republic of China",2022-05-20,10:30:00,Long March 2C/YZ-1S,RSW-04 - 06,Active,,Success
SpaceX,"Space Launch Complex 40, Cape Canaveral SFS, FL, USA",2022-05-25,18:35:00,Falcon 9 Block 5,Transporter 5 (Dedicated SSO Rideshare),Active,52,Success
CASC,"Launch Complex 3 (LC-3/LA-1), Xichang Satellite Launch Center, People's Republic of China",2022-06-02,04:00:00,Long March 2C,Geely Constellation Group 01,Active,,Success
Roscosmos,"31/6, Baikonur Cosmodrome, Republic of Kazakhstan",2022-06-03,09:32:54,Soyuz 2.1a,Progress MS-20 (81P),Active,80,Success
Blue Origin,"West Texas Suborbital Launch Site/ Corn Ranch, Corn Ranch, Van Horn, TX, USA",2022-06-04,13:25:02,New Shepard,NS-21,Retired,,Success
CASC,"Launch Area 91 (SLS-1 / 921), Jiuquan Satellite Launch Center, People's Republic of China",2022-06-05,02:44:10,Long March 2F/G,Shenzhou 14,Active,,Success
SpaceX,"Space Launch Complex 40, Cape Canaveral SFS, FL, USA",2022-06-08,21:04:00,Falcon 9 Block 5,Nilesat-301,Active,52,Success
Astra Space,"Space Launch Complex 46, Cape Canaveral SFS, FL, USA",2022-06-12,17:43:00,Astra Rocket 3,TROPICS-1,Retired,2.5,Failure
SpaceX,"Launch Complex 39A, Kennedy Space Center, FL, USA",2022-06-17,16:08:50,Falcon 9 Block 5,Starlink Group 4-19,Active,52,Success
SpaceX,"Space Launch Complex 4E, Vandenberg SFB, CA, USA",2022-06-18,14:19:52,Falcon 9 Block 5,SARah 1,Active,52,Success
SpaceX,"Space Launch Complex 40, Cape Canaveral SFS, FL, USA",2022-06-19,04:27:36,Falcon 9 Block 5,Globalstar-2 FM15 & USA 328-331,Active,52,Success
KARI,"LC-2, Naro Space Center, South Korea",2022-06-21,07:00:00,KSLV-2 Nuri,Flight Test 2,Active,,Success
ExPace,"Launch Area 95A, Jiuquan Satellite Launch Center, People's Republic of China",2022-06-22,02:08:00,Kuaizhou 1A,Tianxing-1,Active,,Success
Arianespace,"Ariane Launch Area 3, Guiana Space Centre, French Guiana",2022-06-22,21:50:07,Ariane 5 ECA+,Measat-3d & GSAT 24,Retired,,Success
CASC,"Launch Complex 3 (LC-3/LA-1), Xichang Satellite Launch Center, People's Republic of China",2022-06-23,02:22:00,Long March 2D,Yaogan 35 Group 02,Active,30,Success
Equatorial Launch Australia,"Suborbital Launch Ramp, Arnhem Space Centre",2022-06-26,14:30:00,Black Brant IX,XQC,Active,,Success
CASC,"Launch Area 94 (SLS-2 / 603), Jiuquan Satellite Launch Center, People's Republic of China",2022-06-27,15:46:00,Long March 4C,Gaofen-12-03,Active,,Success
Rocket Lab,"Rocket Lab Launch Complex 1B, Rocket Lab Launch Complex 1, Mahia Peninsula, New Zealand",2022-06-28,09:55:52,Electron,CAPSTONE,Active,6,Success
SpaceX,"Space Launch Complex 40, Cape Canaveral SFS, FL, USA",2022-06-29,21:04:00,Falcon 9 Block 5,SES-22,Active,52,Success
ISRO,"Satish Dhawan Space Centre Second Launch Pad, Satish Dhawan Space Centre, India",2022-06-30,12:32:00,PSLV-CA,DS-EO & others,Active,16,Success
ULA,"Space Launch Complex 41, Cape Canaveral SFS, FL, USA",2022-07-01,23:15:00,Atlas V 541,USSF-12,Retired,145,Success
Virgin Orbit,"Mojave Air and Space Port, Air launch to orbit",2022-07-02,06:53:00,LauncherOne,Straight Up,Retired,12,Success
Equatorial Launch Australia,"Suborbital Launch Ramp, Arnhem Space Centre",2022-07-06,13:54:00,Black Brant IX,SISTINE,Active,,Success
VKS RF,"43/4 (43R), Plesetsk Cosmodrome, Russian Federation",2022-07-07,09:18:06,Soyuz 2.1b Fregat,Glonass-K1 No. 16 (Kosmos 2557),Active,80,Success
SpaceX,"Space Launch Complex 40, Cape Canaveral SFS, FL, USA",2022-07-07,13:11:00,Falcon 9 Block 5,Starlink Group 4-21,Active,52,Success
SpaceX,"Space Launch Complex 4E, Vandenberg SFB, CA, USA",2022-07-11,01:39:40,Falcon 9 Block 5,Starlink Group 3-1,Active,52,Success
Equatorial Launch Australia,"Suborbital Launch Ramp, Arnhem Space Centre",2022-07-11,11:01:00,Black Brant IX,DEUCE,Active,,Success
CASC,"Launch Complex 2 (LC-2), Xichang Satellite Launch Center, People's Republic of China",2022-07-12,16:30:00,Long March 3B/E,Tianlian 2-03,Active,70,Success
Rocket Lab,"Rocket Lab Launch Complex 1A, Rocket Lab Launch Complex 1, Mahia Peninsula, New Zealand",2022-07-13,06:30:00,Electron,NROL-162 (RASR-3),Active,6,Success
ESA,"Ariane Launch Area 1 (ELV), Guiana Space Centre, French Guiana",2022-07-13,13:13:17,Vega-C,LARES-2 (Maiden flight),Active,48,Success
SpaceX,"Launch Complex 39A, Kennedy Space Center, FL, USA",2022-07-15,00:44:20,Falcon 9 Block 5,Dragon CRS-2 SpX-25,Active,52,Success
CASC,"Launch Complex 9, Taiyuan Satellite Launch Center, People's Republic of China",2022-07-15,22:57:16,Long March 2C,SuperView Neo 2-01 & 02,Active,,Success
SpaceX,"Space Launch Complex 40, Cape Canaveral SFS, FL, USA",2022-07-17,14:20:00,Falcon 9 Block 5,Starlink Group 4-22,Active,52,Success
SpaceX,"Space Launch Complex 4E, Vandenberg SFB, CA, USA",2022-07-22,17:39:40,Falcon 9 Block 5,Starlink Group 3-2,Active,52,Success
CASC,"101, Wenchang Space Launch Site, People's Republic of China",2022-07-24,06:22:32,Long March 5B,Wentian,Active,,Success
SpaceX,"Launch Complex 39A, Kennedy Space Center, FL, USA",2022-07-24,13:38:20,Falcon 9 Block 5,Starlink Group 4-25,Active,52,Success
CAS Space,"Launch Area 130, Jiuquan Satellite Launch Center, People's Republic of China",2022-07-27,04:12:00,Kinetica 1,Maiden Flight,Active,,Success
CASC,"Launch Complex 3 (LC-3/LA-1), Xichang Satellite Launch Center, People's Republic of China",2022-07-29,13:28:00,Long March 2D,Yaogan 35 Group 03,Active,30,Success
VKS RF,"43/4 (43R), Plesetsk Cosmodrome, Russian Federation",2022-08-01,20:25:00,Soyuz 2.1v Volga,Kosmos 2558,Retired,,Success
CASC,"Launch Complex 9, Taiyuan Satellite Launch Center, People's Republic of China",2022-08-04,03:08:00,Long March 4B,Terrestrial Ecosystem Carbon Inventory Satellite (TECIS),Active,,Success
Rocket Lab,"Rocket Lab Launch Complex 1B, Rocket Lab Launch Complex 1, Mahia Peninsula, New Zealand",2022-08-04,05:00:00,Electron,NROL-199 (RASR-4),Active,6,Success
ULA,"Space Launch Complex 41, Cape Canaveral SFS, FL, USA",2022-08-04,10:29:00,Atlas V 421,SBIRS GEO-6,Retired,123,Success
Blue Origin,"West Texas Suborbital Launch Site/ Corn Ranch, Corn Ranch, Van Horn, TX, USA",2022-08-04,13:56:07,New Shepard,NS-22,Retired,,Success
CASC,"Launch Area 91 (SLS-1 / 921), Jiuquan Satellite Launch Center, People's Republic of China",2022-08-04,16:00:00,Long March 2F/G,Chinese Reusable Space Vehicle,Active,,Success
SpaceX,"Space Launch Complex 40, Cape Canaveral SFS, FL, USA",2022-08-04,23:08:48,Falcon 9 Block 5,Danuri (KPLO - Korean Pathfinder Lunar Orbiter),Active,52,Success
ISRO,"Satish Dhawan Space Centre First Launch Pad, Satish Dhawan Space Centre, India",2022-08-07,03:48:00,SSLV,SSLV Demo 1,Active,,Failure
Galactic Energy,"Launch Area 95A, Jiuquan Satellite Launch Center, People's Republic of China",2022-08-09,04:11:00,Ceres-1,Taijing-1-01 & 02,Active,,Success
Roscosmos,"31/6, Baikonur Cosmodrome, Republic of Kazakhstan",2022-08-09,05:52:38,Soyuz 2.1b Fregat-M,Khayyam & rideshare,Active,48.5,Success
SpaceX,"Launch Complex 39A, Kennedy Space Center, FL, USA",2022-08-10,02:14:40,Falcon 9 Block 5,Starlink Group 4-26,Active,52,Success
CASC,"Launch Complex 16, Taiyuan Satellite Launch Center, People's Republic of China",2022-08-10,04:50:00,Long March 6,"Jilin-1 High Resolution 03D-09, 35 to 43 & Infrared A01 to 06",Active,,Success
SpaceX,"Space Launch Complex 4E, Vandenberg SFB, CA, USA",2022-08-12,21:40:20,Falcon 9 Block 5,Starlink Group 3-3,Active,52,Success
CASC,"Launch Complex 3 (LC-3/LA-1), Xichang Satellite Launch Center, People's Republic of China",2022-08-19,17:37:00,Long March 2D,Yaogan 35 Group 04,Active,30,Success
SpaceX,"Space Launch Complex 40, Cape Canaveral SFS, FL, USA",2022-08-19,19:21:20,Falcon 9 Block 5,Starlink Group 4-27,Active,52,Success
CASIC,"Mobile Launcher Pad, Xichang Satellite Launch Center, People's Republic of China",2022-08-23,02:36:00,Kuaizhou 1A,Chuangxin-16,Active,,Success
CASC,"Launch Complex 9, Taiyuan Satellite Launch Center, People's Republic of China",2022-08-24,03:01:00,Long March 2D,Beijing-3B,Active,30,Success
SpaceX,"Space Launch Complex 40, Cape Canaveral SFS, FL, USA",2022-08-28,03:41:20,Falcon 9 Block 5,Starlink Group 4-23,Active,52,Success
SpaceX,"Space Launch Complex 4E, Vandenberg SFB, CA, USA",2022-08-31,05:40:10,Falcon 9 Block 5,Starlink Group 3-4,Active,52,Success
CASC,"Launch Area 94 (SLS-2 / 603), Jiuquan Satellite Launch Center, People's Republic of China",2022-09-02,23:44:00,Long March 4C,Yaogan 33-02,Active,,Success
SpaceX,"Space Launch Complex 40, Cape Canaveral SFS, FL, USA",2022-09-05,02:09:40,Falcon 9 Block 5,Starlink Group 4-20 & Varuna-TDM,Active,52,Success
ExPace,"Launch Area 95A, Jiuquan Satellite Launch Center, People's Republic of China",2022-09-06,02:24:00,Kuaizhou 1A,CentiSpace-1 S3 & S4,Active,,Success
CASC,"Launch Complex 3 (LC-3/LA-1), Xichang Satellite Launch Center, People's Republic of China",2022-09-06,04:19:00,Long March 2D,Yaogan 35 Group 05,Active,30,Success
Arianespace,"Ariane Launch Area 3, Guiana Space Centre, French Guiana",2022-09-07,21:45:07,Ariane 5 ECA+,Eutelsat Konnect VHTS,Retired,,Success
SpaceX,"Launch Complex 39A, Kennedy Space Center, FL, USA",2022-09-11,01:20:00,Falcon 9 Block 5,Starlink Group 4-2 & BlueWalker 3,Active,52,Success
Blue Origin,"West Texas Suborbital Launch Site/ Corn Ranch, Corn Ranch, Van Horn, TX, USA",2022-09-12,14:27:00,New Shepard,NS-23,Retired,,Failure
CASC,"201, Wenchang Space Launch Site, People's Republic of China",2022-09-13,13:18:47,Long March 7A,ChinaSat 1E,Active,,Success
Rocket Lab,"Rocket Lab Launch Complex 1B, Rocket Lab Launch Complex 1, Mahia Peninsula, New Zealand",2022-09-15,20:38:00,Electron,The Owl Spreads Its Wings (StriX 1),Active,6,Success
SpaceX,"Space Launch Complex 40, Cape Canaveral SFS, FL, USA",2022-09-19,00:18:40,Falcon 9 Block 5,Starlink Group 4-34,Active,52,Success
CASC,"Launch Area 94 (SLS-2 / 603), Jiuquan Satellite Launch Center, People's Republic of China",2022-09-20,23:15:00,Long March 2D,Yunhai-1-03,Active,30,Success
Roscosmos,"31/6, Baikonur Cosmodrome, Republic of Kazakhstan",2022-09-21,13:54:49,Soyuz 2.1a,Soyuz MS-22,Active,80,Success
ULA,"Space Launch Complex 6, Vandenberg SFB, CA, USA",2022-09-24,22:25:30,Delta IV Heavy,NROL-91,Retired,350,Success
CASIC,"Mobile Launcher Pad, Taiyuan Satellite Launch Center, People's Republic of China",2022-09-24,22:55:00,Kuaizhou 1A,Shiyan 14 & Shiyan 15,Active,,Success
SpaceX,"Space Launch Complex 40, Cape Canaveral SFS, FL, USA",2022-09-24,23:32:10,Falcon 9 Block 5,Starlink Group 4-35,Active,52,Success
CASC,"Launch Complex 3 (LC-3/LA-1), Xichang Satellite Launch Center, People's Republic of China",2022-09-26,13:38:00,Long March 2D,Yaogan 36,Active,30,Success
CASC,"Launch Complex 16, Taiyuan Satellite Launch Center, People's Republic of China",2022-09-26,23:50:00,Long March 6,Shiyan 16 A/B & Shiyan 17,Active,,Success
Firefly Aerospace,"Space Launch Complex 2W, Vandenberg SFB, CA, USA",2022-10-01,07:01:00,Firefly Alpha,FLTA002 (To The Black),Active,15,Success
ULA,"Space Launch Complex 41, Cape Canaveral SFS, FL, USA",2022-10-04,21:36:00,Atlas V 531,SES-20 & SES-21,Retired,140,Success
SpaceX,"Launch Complex 39A, Kennedy Space Center, FL, USA",2022-10-05,16:00:57,Falcon 9 Block 5,Crew-5,Active,52,Success
SpaceX,"Space Launch Complex 4E, Vandenberg SFB, CA, USA",2022-10-05,23:10:30,Falcon 9 Block 5,Starlink Group 4-29,Active,52,Success
CASC,"Haiyang offshore launch location, Haiyang Oriental Spaceport",2022-10-07,13:10:29,Long March 11,CentiSpace-1 S5 & S6,Active,,Success
Rocket Lab,"Rocket Lab Launch Complex 1B, Rocket Lab Launch Complex 1, Mahia Peninsula, New Zealand",2022-10-07,17:09:21,Electron,It Argos Up From Here (GAzelle),Active,6,Success
SpaceX,"Space Launch Complex 40, Cape Canaveral SFS, FL, USA",2022-10-08,23:05:00,Falcon 9 Block 5,Galaxy 33 & 34,Active,52,Success
CASC,"Launch Area 94 (SLS-2 / 603), Jiuquan Satellite Launch Center, People's Republic of China",2022-10-08,23:43:00,Long March 2D,Advanced Space-borne Solar Observatory (ASO-S),Active,30,Success
VKS RF,"43/3 (43L), Plesetsk Cosmodrome, Russian Federation",2022-10-10,02:52:32,Soyuz 2.1b Fregat,Glonass-K1 No. 17 (Kosmos 2559),Active,80,Success
JAXA,"Mu Center, Uchinoura Space Center, Japan",2022-10-12,00:50:43,Epsilon,RAISE-3 & others,Active,39,Failure
Roscosmos,"81/24 (81P), Baikonur Cosmodrome, Republic of Kazakhstan",2022-10-12,15:00:00,Proton-M Blok DM-03,AngoSat-2,Active,65,Success
CASC,"Launch Complex 9, Taiyuan Satellite Launch Center, People's Republic of China",2022-10-12,22:53:00,Long March 2C,5 m S-SAR-01 (Huanjing-2E),Active,,Success
CASC,"Launch Complex 3 (LC-3/LA-1), Xichang Satellite Launch Center, People's Republic of China",2022-10-14,19:12:00,Long March 2D,Yaogan 36 Group 02,Active,30,Success
SpaceX,"Space Launch Complex 40, Cape Canaveral SFS, FL, USA",2022-10-15,05:22:00,Falcon 9 Block 5,Hotbird 13F,Active,52,Success
VKS RF,"35/1, Plesetsk Cosmodrome, Russian Federation",2022-10-15,19:55:15,Angara 1.2,EMKA-3 (Kosmos 2560),Active,31,Success
SpaceX,"Space Launch Complex 40, Cape Canaveral SFS, FL, USA",2022-10-20,14:50:40,Falcon 9 Block 5,Starlink Group 4-36,Active,52,Success
VKS RF,"43/4 (43R), Plesetsk Cosmodrome, Russian Federation",2022-10-21,19:20:15,Soyuz 2.1v Volga,Kosmos 2561 & Kosmos 2562,Retired,,Success
ISRO,"Satish Dhawan Space Centre Second Launch Pad, Satish Dhawan Space Centre, India",2022-10-22,18:37:40,Launch Vehicle Mark-3 (GSLV Mk III),OneWeb 14,Active,46,Success
Roscosmos,"Cosmodrome Site 1S, Vostochny Cosmodrome, Siberia, Russian Federation",2022-10-22,19:57:09,Soyuz 2.1b Fregat-M,"Gonets-M33, Gonets-M34, Gonets-M35 & Skif-D",Active,48.5,Success
Roscosmos,"31/6, Baikonur Cosmodrome, Republic of Kazakhstan",2022-10-26,00:20:09,Soyuz 2.1a,Progress MS-21 (82P),Active,80,Success
SpaceX,"Space Launch Complex 4E, Vandenberg SFB, CA, USA",2022-10-28,01:14:10,Falcon 9 Block 5,Starlink Group 4-31,Active,52,Success
CASC,"Launch Area 94 (SLS-2 / 603), Jiuquan Satellite Launch Center, People's Republic of China",2022-10-29,01:01:00,Long March 4C,Shiyan 20C,Active,,Success
CASC,"101, Wenchang Space Launch Site, People's Republic of China",2022-10-31,07:37:23,Long March 5B,Mengtian,Active,,Success
SpaceX,"Launch Complex 39A, Kennedy Space Center, FL, USA",2022-11-01,13:41:00,Falcon Heavy,USSF-44,Active,90,Success
VKS RF,"43/4 (43R), Plesetsk Cosmodrome, Russian Federation",2022-11-02,06:47:48,Soyuz 2.1b Fregat,Kosmos 2563 (EKS 6/Tundra 6),Active,80,Success
SpaceX,"Space Launch Complex 40, Cape Canaveral SFS, FL, USA",2022-11-03,05:22:00,Falcon 9 Block 5,Hotbird 13G,Active,52,Success
Rocket Lab,"Rocket Lab Launch Complex 1B, Rocket Lab Launch Complex 1, Mahia Peninsula, New Zealand",2022-11-04,17:27:14,Electron,Catch Me If You Can (MATS),Active,6,Success
CASC,"Launch Complex 2 (LC-2), Xichang Satellite Launch Center, People's Republic of China",2022-11-05,11:50:00,Long March 3B/E,ChinaSat 19,Active,70,Success
Northrop Grumman Space Systems,"Launch Area 0 A, Wallops Flight Facility, Virginia, USA",2022-11-07,10:32:42,Antares 230+,Cygnus CRS-2 NG-18 (S.S. Sally Ride),Retired,,Success
ULA,"Space Launch Complex 3E, Vandenberg SFB, CA, USA",2022-11-10,09:49:00,Atlas V 401,JPSS 2 (Joint Polar Satellite System spacecraft No. 2) & LOFTID,Retired,115,Success
CASC,"Launch Complex 9A, Taiyuan Satellite Launch Center, People's Republic of China",2022-11-11,22:52:00,Long March 6A,Yunhai 3,Active,,Success
CASC,"201, Wenchang Space Launch Site, People's Republic of China",2022-11-12,02:03:12,Long March 7,Tianzhou-5,Active,,Success
SpaceX,"Space Launch Complex 40, Cape Canaveral SFS, FL, USA",2022-11-12,16:06:00,Falcon 9 Block 5,Galaxy 31 & 32,Active,52,Success
CASC,"Launch Area 94 (SLS-2 / 603), Jiuquan Satellite Launch Center, People's Republic of China",2022-11-15,01:38:00,Long March 4C,Yaogan 34-03,Active,,Success
Galactic Energy,"Launch Area 95A, Jiuquan Satellite Launch Center, People's Republic of China",2022-11-16,06:20:00,Ceres-1,"Jilin-1 High Resolution 03D-08, 51 to 54",Active,,Success
NASA,"Launch Complex 39B, Kennedy Space Center, FL, USA",2022-11-16,06:47:44,Space Launch System Block 1,Artemis I,Active,2000,Success
SpaceX,"Space Launch Complex 40, Cape Canaveral SFS, FL, USA",2022-11-23,02:57:00,Falcon 9 Block 5,Eutelsat 10B,Active,52,Success
ISRO,"Satish Dhawan Space Centre First Launch Pad, Satish Dhawan Space Centre, India",2022-11-26,06:26:00,PSLV XL,EOS-6 (Oceansat-3) & rideshare,Active,,Success
SpaceX,"Launch Complex 39A, Kennedy Space Center, FL, USA",2022-11-26,19:20:43,Falcon 9 Block 5,Dragon CRS-2 SpX-26,Active,52,Success
CASC,"Launch Complex 3 (LC-3/LA-1), Xichang Satellite Launch Center, People's Republic of China",2022-11-27,12:23:00,Long March 2D,Yaogan 36 Group 03,Active,30,Success
VKS RF,"43/3 (43L), Plesetsk Cosmodrome, Russian Federation",2022-11-28,15:13:50,Soyuz 2.1b Fregat-M,Glonass-M No. 61 (Kosmos 2564),Active,48.5,Success
CASC,"Launch Area 91 (SLS-1 / 921), Jiuquan Satellite Launch Center, People's Republic of China",2022-11-29,15:08:17,Long March 2F/G,Shenzhou 15,Active,,Success
VKS RF,"43/4 (43R), Plesetsk Cosmodrome, Russian Federation",2022-11-30,21:10:25,Soyuz 2.1b,Kosmos 2565 (Lotos-S1 #7),Active,80,Success
ExPace,"Launch Area 95A, Jiuquan Satellite Launch Center, People's Republic of China",2022-12-07,01:15:00,Kuaizhou 11,Xingyun VDES,Active,,Success
CASC,"Launch Complex 9, Taiyuan Satellite Launch Center, People's Republic of China",2022-12-08,18:31:00,Long March 2D,Gaofen-5-01A,Active,30,Success
SpaceX,"Launch Complex 39A, Kennedy Space Center, FL, USA",2022-12-08,22:27:48,Falcon 9 Block 5,OneWeb 15,Active,52,Success
China Rocket,"Yellow Sea (launch location 4), Haiyang Oriental Spaceport",2022-12-09,06:35:00,Smart Dragon 3,Maiden Flight,Active,,Success
SpaceX,"Space Launch Complex 40, Cape Canaveral SFS, FL, USA",2022-12-11,07:38:13,Falcon 9 Block 5,Hakuto-R M1 & Lunar Flashlight,Active,52,Success
CASC,"Launch Area 94 (SLS-2 / 603), Jiuquan Satellite Launch Center, People's Republic of China",2022-12-12,08:22:00,Long March 4C,Shiyan 20A & 20B,Active,,Success
Arianespace,"Ariane Launch Area 3, Guiana Space Centre, French Guiana",2022-12-13,20:30:07,Ariane 5 ECA+,"Galaxy 35 & 36, MTG-I1",Retired,,Success
LandSpace,"Launch Area 96A, Jiuquan Satellite Launch Center, People's Republic of China",2022-12-14,08:30:25,Zhuque-2,Maiden Flight,Retired,,Failure
CASC,"Launch Complex 3 (LC-3/LA-1), Xichang Satellite Launch Center, People's Republic of China",2022-12-14,18:25:00,Long March 2D,Yaogan 36 Group 04,Active,30,Success
CASC,"Mobile Launcher Pad, Xichang Satellite Launch Center, People's Republic of China",2022-12-16,06:17:00,Long March 11,Shiyan 21,Active,,Success
SpaceX,"Space Launch Complex 4E, Vandenberg SFB, CA, USA",2022-12-16,11:46:47,Falcon 9 Block 5,SWOT (Surface Water and Ocean Topography),Active,52,Success
SpaceX,"Space Launch Complex 40, Cape Canaveral SFS, FL, USA",2022-12-16,22:48:00,Falcon 9 Block 5,O3b mPower 1 & 2,Active,52,Success
SpaceX,"Launch Complex 39A, Kennedy Space Center, FL, USA",2022-12-17,21:32:30,Falcon 9 Block 5,Starlink Group 4-37,Active,52,Success
Arianespace,"Ariane Launch Area 1 (ELV), Guiana Space Centre, French Guiana",2022-12-21,01:47:31,Vega-C,Pléiades Neo 5 & 6,Active,48,Failure
CASC,"Launch Complex 9, Taiyuan Satellite Launch Center, People's Republic of China",2022-12-27,07:37:00,Long March 4B,Gaofen-11-04,Active,,Success
SpaceX,"Space Launch Complex 40, Cape Canaveral SFS, FL, USA",2022-12-28,09:34:00,Falcon 9 Block 5,Starlink Group 5-1,Active,52,Success
CASC,"Launch Complex 2 (LC-2), Xichang Satellite Launch Center, People's Republic of China",2022-12-29,04:43:00,Long March 3B/E,Shiyan 10-02,Active,70,Success
SpaceX,"Space Launch Complex 4E, Vandenberg SFB, CA, USA",2022-12-30,07:38:00,Falcon 9 Block 5,EROS-C3,Active,52,Success
SpaceX,"Space Launch Complex 40, Cape Canaveral SFS, FL, USA",2023-01-03,14:55:56,Falcon 9 Block 5,Transporter 6 (Dedicated SSO Rideshare),Active,52,Success
CASC,"201, Wenchang Space Launch Site, People's Republic of China",2023-01-08,22:00:00,Long March 7A,Shijian 23,Active,,Success
Galactic Energy,"Launch Area 95A, Jiuquan Satellite Launch Center, People's Republic of China",2023-01-09,05:04:00,Ceres-1,5 satellites,Active,,Success
Virgin Orbit,"Spaceport Cornwall, Air launch to orbit",2023-01-09,23:08:00,LauncherOne,Start Me Up,Retired,12,Failure
SpaceX,"Space Launch Complex 40, Cape Canaveral SFS, FL, USA",2023-01-10,04:50:17,Falcon 9 Block 5,OneWeb 16,Active,52,Success
Long Wall,"Launch Pad 3C, Pacific Spaceport Complex, Alaska, USA",2023-01-10,23:27:30,RS1,Maiden Flight,Retired,12,Failure
CASC,"Launch Complex 3 (LC-3/LA-1), Xichang Satellite Launch Center, People's Republic of China",2023-01-12,18:10:00,Long March 2C,APStar 6E,Active,,Success
CASC,"Launch Area 94 (SLS-2 / 603), Jiuquan Satellite Launch Center, People's Republic of China",2023-01-13,07:00:00,Long March 2D,Yaogan 37 & Shiyan 22A/B,Active,30,Success
CASC,"Launch Complex 9, Taiyuan Satellite Launch Center, People's Republic of China",2023-01-15,03:14:00,Long March 2D,"6 x Jilin-1, Qilu-2/3 & others",Active,30,Success
SpaceX,"Launch Complex 39A, Kennedy Space Center, FL, USA",2023-01-15,22:56:00,Falcon Heavy,USSF-67,Active,90,Success
SpaceX,"Space Launch Complex 40, Cape Canaveral SFS, FL, USA",2023-01-18,12:24:00,Falcon 9 Block 5,GPS III SV06,Active,52,Success
SpaceX,"Space Launch Complex 4E, Vandenberg SFB, CA, USA",2023-01-19,15:43:10,Falcon 9 Block 5,Starlink Group 2-4,Active,52,Success
Rocket Lab,"Rocket Lab Launch Complex 2 (Launch Area 0 C), Wallops Flight Facility, Virginia, USA",2023-01-24,23:00:00,Electron,Virginia is for Launch Lovers (Hawk 6A-C),Active,6,Success
MHI,"Yoshinobu Launch Complex LP-1, Tanegashima Space Center, Japan",2023-01-26,01:50:21,H-IIA 202,IGS Radar 7,Retired,90,Success
SpaceX,"Space Launch Complex 40, Cape Canaveral SFS, FL, USA",2023-01-26,09:32:20,Falcon 9 Block 5,Starlink Group 5-2,Active,52,Success
SpaceX,"Space Launch Complex 4E, Vandenberg SFB, CA, USA",2023-01-31,16:15:00,Falcon 9 Block 5,Starlink Group 2-6 & ION SCV009,Active,52,Success
SpaceX,"Launch Complex 39A, Kennedy Space Center, FL, USA",2023-02-02,07:58:20,Falcon 9 Block 5,Starlink Group 5-3,Active,52,Success
Khrunichev,"81/24 (81P), Baikonur Cosmodrome, Republic of Kazakhstan",2023-02-05,09:12:52,Proton-M Blok DM-03,Elektro-L No.4,Active,65,Success
SpaceX,"Space Launch Complex 40, Cape Canaveral SFS, FL, USA",2023-02-07,01:32:00,Falcon 9 Block 5,Amazonas Nexus,Active,52,Success
Roscosmos,"31/6, Baikonur Cosmodrome, Republic of Kazakhstan",2023-02-09,06:15:36,Soyuz 2.1a,Progress MS-22 (83P),Active,80,Success
ISRO,"Satish Dhawan Space Centre First Launch Pad, Satish Dhawan Space Centre, India",2023-02-10,03:48:00,SSLV,EOS-7 & rideshare (SSLV Demo 2),Active,,Success
SpaceX,"Space Launch Complex 40, Cape Canaveral SFS, FL, USA",2023-02-12,05:10:10,Falcon 9 Block 5,Starlink Group 5-4,Active,52,Success
SpaceX,"Space Launch Complex 4E, Vandenberg SFB, CA, USA",2023-02-17,19:12:20,Falcon 9 Block 5,Starlink Group 2-5,Active,52,Success
SpaceX,"Space Launch Complex 40, Cape Canaveral SFS, FL, USA",2023-02-18,03:59:00,Falcon 9 Block 5,Inmarsat-6 F2,Active,52,Success
CASC,"Launch Complex 2 (LC-2), Xichang Satellite Launch Center, People's Republic of China",2023-02-23,11:49:00,Long March 3B/E,ChinaSat 26,Active,70,Success
Roscosmos,"31/6, Baikonur Cosmodrome, Republic of Kazakhstan",2023-02-24,00:24:27,Soyuz 2.1a,Soyuz MS-23,Active,80,Success
CASC,"Launch Area 94 (SLS-2 / 603), Jiuquan Satellite Launch Center, People's Republic of China",2023-02-24,04:01:00,Long March 2C,Horus 1,Active,,Success
SpaceX,"Space Launch Complex 40, Cape Canaveral SFS, FL, USA",2023-02-27,23:13:50,Falcon 9 Block 5,Starlink Group 6-1,Active,52,Success
SpaceX,"Launch Complex 39A, Kennedy Space Center, FL, USA",2023-03-02,05:34:14,Falcon 9 Block 5,Crew-6,Active,52,Success
SpaceX,"Space Launch Complex 4E, Vandenberg SFB, CA, USA",2023-03-03,18:38:50,Falcon 9 Block 5,Starlink Group 2-7,Active,52,Success
IRGC ASF,"Launch Platform, Shahrud Missile Test Site, Islamic Republic of Iran",2023-03-04,00:00:00,Qaem 100,Nahid-1,Active,,Failure
MHI,"Yoshinobu Launch Complex LP-2, Tanegashima Space Center, Japan",2023-03-07,01:37:55,H3-22,ALOS-3 (Maiden flight),Active,50,Failure
SpaceX,"Space Launch Complex 40, Cape Canaveral SFS, FL, USA",2023-03-09,19:13:28,Falcon 9 Block 5,OneWeb 17,Active,52,Success
CASC,"Launch Complex 9, Taiyuan Satellite Launch Center, People's Republic of China",2023-03-09,22:41:00,Long March 4C,Tianhui-6 A/B,Active,,Success
Khrunichev,"200/39 (200L), Baikonur Cosmodrome, Republic of Kazakhstan",2023-03-12,23:13:00,Proton-M Briz-M,Olymp-K #2 (Luch 5X),Active,,Success
CASC,"Launch Area 94 (SLS-2 / 603), Jiuquan Satellite Launch Center, People's Republic of China",2023-03-13,04:02:00,Long March 2C,Horus 2,Active,,Success
SpaceX,"Launch Complex 39A, Kennedy Space Center, FL, USA",2023-03-15,00:30:42,Falcon 9 Block 5,Dragon CRS-2 SpX-27,Active,52,Success
CASC,"Launch Area 95A, Jiuquan Satellite Launch Center, People's Republic of China",2023-03-15,11:41:00,Long March 11,Shiyan 19,Active,,Success
Rocket Lab,"Rocket Lab Launch Complex 2 (Launch Area 0 C), Wallops Flight Facility, Virginia, USA",2023-03-16,22:38:59,Electron,Stronger Together (Capella 9-10),Active,6,Success
CASC,"Launch Complex 2 (LC-2), Xichang Satellite Launch Center, People's Republic of China",2023-03-17,08:33:00,Long March 3B/E,Gaofen 13-02,Active,70,Success
SpaceX,"Space Launch Complex 4E, Vandenberg SFB, CA, USA",2023-03-17,19:26:40,Falcon 9 Block 5,Starlink Group 2-8,Active,52,Success
SpaceX,"Space Launch Complex 40, Cape Canaveral SFS, FL, USA",2023-03-17,23:38:00,Falcon 9 Block 5,SES-18 & SES-19,Active,52,Success
Innospace,"HANBIT Pad, Alcântara Space Center, Federative Republic of Brazil",2023-03-19,17:52:00,HANBIT-TLV,SISNAV,Retired,,Success
ExPace,"Launch Area 95A, Jiuquan Satellite Launch Center, People's Republic of China",2023-03-22,09:09:00,Kuaizhou 1A,Tianmu-1 03-06,Active,,Success
Relativity Space,"Launch Complex 16, Cape Canaveral SFS, FL, USA",2023-03-23,03:25:00,Terran 1,"Good Luck, Have Fun (Maiden Flight)",Retired,12,Failure
VKS RF,"43/3 (43L), Plesetsk Cosmodrome, Russian Federation",2023-03-23,06:40:11,Soyuz 2.1a,Kosmos 2567 (Bars-M No. 4),Active,80,Success
Rocket Lab,"Rocket Lab Launch Complex 1B, Rocket Lab Launch Complex 1, Mahia Peninsula, New Zealand",2023-03-24,09:14:56,Electron,The Beat Goes On (BlackSky 18-19),Active,6,Success
SpaceX,"Space Launch Complex 40, Cape Canaveral SFS, FL, USA",2023-03-24,15:43:10,Falcon 9 Block 5,Starlink Group 5-5,Active,52,Success
ISRO,"Satish Dhawan Space Centre Second Launch Pad, Satish Dhawan Space Centre, India",2023-03-26,03:30:20,Launch Vehicle Mark-3 (GSLV Mk III),OneWeb 18,Active,46,Success
Israel Aerospace Industries,"Shavit Launch Pad, Palmachim Airbase, State of Israel",2023-03-28,23:10:00,Shavit-2,Ofek-13,Active,,Success
VKS RF,"43/4 (43R), Plesetsk Cosmodrome, Russian Federation",2023-03-29,19:57:02,Soyuz 2.1v Volga,Kosmos 2568 (EO MKA-4),Retired,,Success
SpaceX,"Space Launch Complex 40, Cape Canaveral SFS, FL, USA",2023-03-29,20:01:00,Falcon 9 Block 5,Starlink Group 5-10,Active,52,Success
CASC,"Launch Complex 9, Taiyuan Satellite Launch Center, People's Republic of China",2023-03-30,10:50:00,Long March 2D,PIESAT-1 x 4,Active,30,Success
CASC,"Launch Area 94 (SLS-2 / 603), Jiuquan Satellite Launch Center, People's Republic of China",2023-03-31,06:27:00,Long March 4C,Yaogan 34-04,Active,,Success
Space Pioneer,"Launch Area 120, Jiuquan Satellite Launch Center, People's Republic of China",2023-04-02,08:48:15,Tianlong-2,Demo Flight,Active,,Success
SpaceX,"Space Launch Complex 4E, Vandenberg SFB, CA, USA",2023-04-02,14:29:00,Falcon 9 Block 5,SDA Tranche 0A,Active,52,Success
i-Space,"Launch Area 95A, Jiuquan Satellite Launch Center, People's Republic of China",2023-04-07,04:00:00,Hyperbola-1,Dummy Payload,Active,,Success
SpaceX,"Space Launch Complex 40, Cape Canaveral SFS, FL, USA",2023-04-07,04:30:00,Falcon 9 Block 5,Intelsat 40e,Active,52,Success
Arianespace,"Ariane Launch Area 3, Guiana Space Centre, French Guiana",2023-04-14,12:14:29,Ariane 5 ECA+,JUICE (JUpiter ICy moons Explorer),Retired,,Success
SpaceX,"Space Launch Complex 4E, Vandenberg SFB, CA, USA",2023-04-15,06:47:39,Falcon 9 Block 5,Transporter 7 (Dedicated SSO Rideshare),Active,52,Success
CASC,"Launch Area 94 (SLS-2 / 603), Jiuquan Satellite Launch Center, People's Republic of China",2023-04-16,01:36:30,Long March 4B,Fengyun-3G,Active,,Success
SpaceX,"Space Launch Complex 40, Cape Canaveral SFS, FL, USA",2023-04-19,14:31:10,Falcon 9 Block 5,Starlink Group 6-2,Active,52,Success
SpaceX,"Orbital Launch Pad 1, SpaceX Starbase, TX, USA",2023-04-20,13:33:09,Starship V1,Integrated Flight Test,Retired,,Failure
ISRO,"Satish Dhawan Space Centre First Launch Pad, Satish Dhawan Space Centre, India",2023-04-22,08:50:00,PSLV-CA,TeLEOS-2,Active,16,Success
Virgin Galactic,"Spaceport America, Air launch to Suborbital flight",2023-04-26,13:47:00,SpaceShipTwo,VSS Unity 24,Active,,Success
SpaceX,"Space Launch Complex 4E, Vandenberg SFB, CA, USA",2023-04-27,13:40:50,Falcon 9 Block 5,Starlink Group 3-5,Active,52,Success
SpaceX,"Space Launch Complex 40, Cape Canaveral SFS, FL, USA",2023-04-28,22:12:00,Falcon 9 Block 5,O3b mPower 3 & 4,Active,52,Success
SpaceX,"Launch Complex 39A, Kennedy Space Center, FL, USA",2023-05-01,00:26:00,Falcon Heavy,ViaSat-3 F1 (ViaSat-3 Americas) & others,Active,90,Success
SpaceX,"Space Launch Complex 40, Cape Canaveral SFS, FL, USA",2023-05-04,07:31:00,Falcon 9 Block 5,Starlink Group 5-6,Active,52,Success
Rocket Lab,"Rocket Lab Launch Complex 1B, Rocket Lab Launch Complex 1, Mahia Peninsula, New Zealand",2023-05-08,01:00:00,Electron,TROPICS-2,Active,6,Success
CASC,"201, Wenchang Space Launch Site, People's Republic of China",2023-05-10,13:22:51,Long March 7,Tianzhou-6,Active,,Success
SpaceX,"Space Launch Complex 4E, Vandenberg SFB, CA, USA",2023-05-10,20:09:00,Falcon 9 Block 5,Starlink Group 2-9,Active,52,Success
SpaceX,"Space Launch Complex 40, Cape Canaveral SFS, FL, USA",2023-05-14,05:03:50,Falcon 9 Block 5,Starlink Group 5-9,Active,52,Success
CASC,"Launch Complex 2 (LC-2), Xichang Satellite Launch Center, People's Republic of China",2023-05-17,02:49:00,Long March 3B,Beidou-3 G4,Active,70,Success
SpaceX,"Space Launch Complex 40, Cape Canaveral SFS, FL, USA",2023-05-19,06:19:30,Falcon 9 Block 5,Starlink Group 6-3,Active,52,Success
SpaceX,"Space Launch Complex 4E, Vandenberg SFB, CA, USA",2023-05-20,13:16:33,Falcon 9 Block 5,Iridium-9 & OneWeb 19,Active,52,Success
CASC,"Launch Area 94 (SLS-2 / 603), Jiuquan Satellite Launch Center, People's Republic of China",2023-05-21,08:00:00,Long March 2C,MUST-1A/B & Luojia-2 01,Active,,Success
SpaceX,"Launch Complex 39A, Kennedy Space Center, FL, USA",2023-05-21,21:37:09,Falcon 9 Block 5,Axiom Space Mission 2,Active,52,Success
Roscosmos,"31/6, Baikonur Cosmodrome, Republic of Kazakhstan",2023-05-24,12:56:06,Soyuz 2.1a,Progress MS-23 (84P),Active,80,Success
KARI,"LC-2, Naro Space Center, South Korea",2023-05-25,09:24:00,KSLV-2 Nuri,NEXTSat-2 & SNIPE,Active,,Success
Virgin Galactic,"Spaceport America, Air launch to Suborbital flight",2023-05-25,16:23:00,SpaceShipTwo,VSS Unity 25,Active,,Success
Rocket Lab,"Rocket Lab Launch Complex 1B, Rocket Lab Launch Complex 1, Mahia Peninsula, New Zealand",2023-05-26,03:46:00,Electron,TROPICS-3,Active,6,Success
Roscosmos,"Cosmodrome Site 1S, Vostochny Cosmodrome, Siberia, Russian Federation",2023-05-26,21:14:51,Soyuz 2.1a Fregat-M,Kondor-FKA No.1,Active,80,Success
SpaceX,"Space Launch Complex 40, Cape Canaveral SFS, FL, USA",2023-05-27,04:30:00,Falcon 9 Block 5,BADR-8,Active,52,Success
ISRO,"Satish Dhawan Space Centre Second Launch Pad, Satish Dhawan Space Centre, India",2023-05-29,05:12:00,GSLV Mk. II,IRNSS-1J (NVS-01),Active,,Success
CASC,"Launch Area 91 (SLS-1 / 921), Jiuquan Satellite Launch Center, People's Republic of China",2023-05-30,01:31:10,Long March 2F/G,Shenzhou 16,Active,,Success
NADA,"Malligyong-1 Pad, Sohae Satellite Launching Station,  Cholsan County, North Pyongan Province, Democratic People's Republic of Korea",2023-05-30,21:27:00,Chollima-1,Malligyong-1a,Active,,Failure
SpaceX,"Space Launch Complex 4E, Vandenberg SFB, CA, USA",2023-05-31,06:02:30,Falcon 9 Block 5,Starlink Group 2-10,Active,52,Success
SpaceX,"Space Launch Complex 40, Cape Canaveral SFS, FL, USA",2023-06-04,12:20:00,Falcon 9 Block 5,Starlink Group 6-4,Active,52,Success
SpaceX,"Launch Complex 39A, Kennedy Space Center, FL, USA",2023-06-05,15:47:00,Falcon 9 Block 5,Dragon CRS-2 SpX-28,Active,52,Success
CAS Space,"Launch Area 130, Jiuquan Satellite Launch Center, People's Republic of China",2023-06-07,04:10:02,Kinetica 1,Flight 2,Active,,Success
ExPace,"Launch Area 95A, Jiuquan Satellite Launch Center, People's Republic of China",2023-06-09,02:35:30,Kuaizhou 1A,Longjiang 3,Active,,Success
SpaceX,"Space Launch Complex 40, Cape Canaveral SFS, FL, USA",2023-06-12,07:10:50,Falcon 9 Block 5,Starlink Group 5-11,Active,52,Success
SpaceX,"Space Launch Complex 4E, Vandenberg SFB, CA, USA",2023-06-12,21:35:00,Falcon 9 Block 5,Transporter 8 (Dedicated SSO Rideshare),Active,52,Success
CASC,"Launch Complex 9, Taiyuan Satellite Launch Center, People's Republic of China",2023-06-15,05:30:00,Long March 2D,41 x Jilin-1,Active,30,Success
Rocket Lab,"Rocket Lab Launch Complex 2 (Launch Area 0 C), Wallops Flight Facility, Virginia, USA",2023-06-18,01:24:00,Electron,Scout's Arrow (DYNAMO-A),Active,6,Success
SpaceX,"Space Launch Complex 40, Cape Canaveral SFS, FL, USA",2023-06-18,22:21:00,Falcon 9 Block 5,Satria-1,Active,52,Success
CASC,"Launch Complex 16, Taiyuan Satellite Launch Center, People's Republic of China",2023-06-20,03:18:00,Long March 6,Shiyan 25,Active,,Success
SpaceX,"Space Launch Complex 4E, Vandenberg SFB, CA, USA",2023-06-22,07:19:00,Falcon 9 Block 5,Starlink Group 5-7,Active,52,Success
ULA,"Space Launch Complex 37B, Cape Canaveral SFS, FL, USA",2023-06-22,09:18:00,Delta IV Heavy,NROL-68,Retired,350,Success
SpaceX,"Space Launch Complex 40, Cape Canaveral SFS, FL, USA",2023-06-23,15:35:10,Falcon 9 Block 5,Starlink Group 5-12,Active,52,Success
Roscosmos,"Cosmodrome Site 1S, Vostochny Cosmodrome, Siberia, Russian Federation",2023-06-27,11:34:49,Soyuz 2.1b Fregat-M,Meteor-M No.2-3 & others,Active,48.5,Success
Virgin Galactic,"Spaceport America, Air launch to Suborbital flight",2023-06-29,15:28:38,SpaceShipTwo,Galactic 01,Active,,Success
SpaceX,"Space Launch Complex 40, Cape Canaveral SFS, FL, USA",2023-07-01,15:12:00,Falcon 9 Block 5,Euclid,Active,52,Success
Arianespace,"Ariane Launch Area 3, Guiana Space Centre, French Guiana",2023-07-05,22:00:07,Ariane 5 ECA+,Syracuse 4B & Heinrich Hertz (H2Sat),Retired,,Success
SpaceX,"Space Launch Complex 4E, Vandenberg SFB, CA, USA",2023-07-07,19:29:50,Falcon 9 Block 5,Starlink Group 5-13,Active,52,Success
CASC,"Launch Area 94 (SLS-2 / 603), Jiuquan Satellite Launch Center, People's Republic of China",2023-07-09,11:00:00,Long March 2C/YZ-1S,2 x SatNet test satellites,Active,,Success
SpaceX,"Space Launch Complex 40, Cape Canaveral SFS, FL, USA",2023-07-10,03:58:50,Falcon 9 Block 5,Starlink Group 6-5,Active,52,Success
LandSpace,"Launch Area 96A, Jiuquan Satellite Launch Center, People's Republic of China",2023-07-12,01:00:00,Zhuque-2,Flight 2,Retired,,Success
ISRO,"Satish Dhawan Space Centre Second Launch Pad, Satish Dhawan Space Centre, India",2023-07-14,09:05:17,Launch Vehicle Mark-3 (GSLV Mk III),Chandrayaan-3,Active,46,Success
SpaceX,"Space Launch Complex 40, Cape Canaveral SFS, FL, USA",2023-07-16,03:50:00,Falcon 9 Block 5,Starlink Group 5-15,Active,52,Success
Rocket Lab,"Rocket Lab Launch Complex 1B, Rocket Lab Launch Complex 1, Mahia Peninsula, New Zealand",2023-07-18,01:27:00,Electron,Baby Come Back (Rideshare),Active,6,Success
ExPace,"Launch Area 95A, Jiuquan Satellite Launch Center, People's Republic of China",2023-07-20,03:20:00,Kuaizhou 1A,Tianmu-1 07-10,Active,,Success
SpaceX,"Space Launch Complex 4E, Vandenberg SFB, CA, USA",2023-07-20,04:09:30,Falcon 9 Block 5,Starlink Group 6-15,Active,52,Success
Galactic Energy,"Launch Area 95A, Jiuquan Satellite Launch Center, People's Republic of China",2023-07-22,05:07:00,Ceres-1,Qiankun-1 & Xingshidai‐16,Active,,Success
CASC,"Launch Complex 9, Taiyuan Satellite Launch Center, People's Republic of China",2023-07-23,02:50:00,Long March 2D,Skysight AS-01 to 03 & Lingxi-03,Active,30,Success
SpaceX,"Space Launch Complex 40, Cape Canaveral SFS, FL, USA",2023-07-24,00:50:30,Falcon 9 Block 5,Starlink Group 6-6,Active,52,Success
CASC,"Launch Complex 3 (LC-3/LA-1), Xichang Satellite Launch Center, People's Republic of China",2023-07-26,20:02:00,Long March 2D,Yaogan 36 Group 05,Active,30,Success
SpaceX,"Space Launch Complex 40, Cape Canaveral SFS, FL, USA",2023-07-28,04:01:10,Falcon 9 Block 5,Starlink Group 6-7,Active,52,Success
SpaceX,"Launch Complex 39A, Kennedy Space Center, FL, USA",2023-07-29,03:04:00,Falcon Heavy,EchoStar 24/Jupiter-3,Active,90,Success
ISRO,"Satish Dhawan Space Centre First Launch Pad, Satish Dhawan Space Centre, India",2023-07-30,01:01:00,PSLV-CA,DS-SAR,Active,16,Success
Northrop Grumman Space Systems,"Launch Area 0 A, Wallops Flight Facility, Virginia, USA",2023-08-02,00:31:14,Antares 230+,Cygnus CRS-2 NG-19 (S.S. Laurel Clark),Retired,,Success
CASC,"Launch Area 94 (SLS-2 / 603), Jiuquan Satellite Launch Center, People's Republic of China",2023-08-03,03:47:47,Long March 4C,Fengyun-3F,Active,,Success
SpaceX,"Space Launch Complex 40, Cape Canaveral SFS, FL, USA",2023-08-03,05:00:00,Falcon 9 Block 5,Galaxy 37,Active,52,Success
SpaceX,"Space Launch Complex 40, Cape Canaveral SFS, FL, USA",2023-08-07,02:41:10,Falcon 9 Block 5,Starlink Group 6-8,Active,52,Success
VKS RF,"43/3 (43L), Plesetsk Cosmodrome, Russian Federation",2023-08-07,13:19:25,Soyuz 2.1b Fregat-M,Glonass-K2 No. 13 (Kosmos 2569),Active,48.5,Success
SpaceX,"Space Launch Complex 4E, Vandenberg SFB, CA, USA",2023-08-08,03:57:00,Falcon 9 Block 5,Starlink Group 6-20,Active,52,Success
CASC,"Launch Complex 9, Taiyuan Satellite Launch Center, People's Republic of China",2023-08-08,22:53:00,Long March 2C,5 m S-SAR-02 (Huanjing-2F),Active,,Success
Galactic Energy,"Launch Area 95A, Jiuquan Satellite Launch Center, People's Republic of China",2023-08-10,04:03:50,Ceres-1,7 satellites,Active,,Success
Virgin Galactic,"Spaceport America, Air launch to Suborbital flight",2023-08-10,15:17:00,SpaceShipTwo,Galactic 02,Active,,Success
Roscosmos,"Cosmodrome Site 1S, Vostochny Cosmodrome, Siberia, Russian Federation",2023-08-10,23:10:57,Soyuz 2.1b Fregat-M,Luna 25,Active,48.5,Success
SpaceX,"Space Launch Complex 40, Cape Canaveral SFS, FL, USA",2023-08-11,05:17:40,Falcon 9 Block 5,Starlink Group 6-9,Active,52,Success
CASC,"Launch Complex 2 (LC-2), Xichang Satellite Launch Center, People's Republic of China",2023-08-12,17:26:00,Long March 3B/E,L-SAR4-01 (LTDC-4A),Active,70,Success
ExPace,"Mobile Launcher Pad, Xichang Satellite Launch Center, People's Republic of China",2023-08-14,05:32:00,Kuaizhou 1A,HEAD-3A/B/C/D/E,Active,,Success
SpaceX,"Space Launch Complex 40, Cape Canaveral SFS, FL, USA",2023-08-17,03:36:50,Falcon 9 Block 5,Starlink Group 6-10,Active,52,Success
CASC,"Launch Area 94 (SLS-2 / 603), Jiuquan Satellite Launch Center, People's Republic of China",2023-08-20,17:45:00,Long March 4C,Gaofen-12 04,Active,,Success
SpaceX,"Space Launch Complex 4E, Vandenberg SFB, CA, USA",2023-08-22,09:37:30,Falcon 9 Block 5,Starlink Group 7-1,Active,52,Success
Roscosmos,"31/6, Baikonur Cosmodrome, Republic of Kazakhstan",2023-08-23,01:08:10,Soyuz 2.1a,Progress MS-24 (85P),Active,80,Success
NADA,"Malligyong-1 Pad, Sohae Satellite Launching Station,  Cholsan County, North Pyongan Province, Democratic People's Republic of Korea",2023-08-23,18:54:00,Chollima-1,Malligyong-1b,Active,,Failure
Rocket Lab,"Rocket Lab Launch Complex 1B, Rocket Lab Launch Complex 1, Mahia Peninsula, New Zealand",2023-08-23,23:45:00,Electron,We Love the Nightlife (Capella Acadia 1),Active,6,Success
Galactic Energy,"Launch Area 95A, Jiuquan Satellite Launch Center, People's Republic of China",2023-08-25,04:59:00,Ceres-1,Jilin-1 Wideband-02A,Active,,Success
SpaceX,"Launch Complex 39A, Kennedy Space Center, FL, USA",2023-08-26,07:27:27,Falcon 9 Block 5,Crew-7,Active,52,Success
SpaceX,"Space Launch Complex 40, Cape Canaveral SFS, FL, USA",2023-08-27,01:05:40,Falcon 9 Block 5,Starlink Group 6-11,Active,52,Success
CASC,"Launch Complex 3 (LC-3/LA-1), Xichang Satellite Launch Center, People's Republic of China",2023-08-31,07:36:00,Long March 2D,Yaogan 39 Group 01,Active,30,Success
SpaceX,"Space Launch Complex 40, Cape Canaveral SFS, FL, USA",2023-09-01,02:21:50,Falcon 9 Block 5,Starlink Group 6-13,Active,52,Success
ISRO,"Satish Dhawan Space Centre Second Launch Pad, Satish Dhawan Space Centre, India",2023-09-02,06:20:00,PSLV XL,Aditya-L1,Active,,Success
SpaceX,"Space Launch Complex 4E, Vandenberg SFB, CA, USA",2023-09-02,14:25:00,Falcon 9 Block 5,SDA Tranche 0B,Active,52,Success
SpaceX,"Launch Complex 39A, Kennedy Space Center, FL, USA",2023-09-04,02:47:20,Falcon 9 Block 5,Starlink Group 6-12,Active,52,Success
Galactic Energy,"Haiyang offshore launch location, Haiyang Oriental Spaceport",2023-09-05,09:34:46,Ceres-1S,Tianqi 21-24,Active,,Success
CASC,"Launch Area 94 (SLS-2 / 603), Jiuquan Satellite Launch Center, People's Republic of China",2023-09-06,18:14:00,Long March 4C,Yaogan 33-03,Active,,Success
JAXA,"Yoshinobu Launch Complex LP-1, Tanegashima Space Center, Japan",2023-09-06,23:42:11,H-IIA 202,XRISM & SLIM,Retired,90,Success
Virgin Galactic,"Spaceport America, Air launch to Suborbital flight",2023-09-08,15:22:00,SpaceShipTwo,Galactic 03,Active,,Success
SpaceX,"Space Launch Complex 40, Cape Canaveral SFS, FL, USA",2023-09-09,03:12:50,Falcon 9 Block 5,Starlink Group 6-14,Active,52,Success
CASC,"Launch Complex 9A, Taiyuan Satellite Launch Center, People's Republic of China",2023-09-10,04:30:00,Long March 6A,Yaogan 40,Active,,Success
ULA,"Space Launch Complex 41, Cape Canaveral SFS, FL, USA",2023-09-10,12:47:00,Atlas V 551,NROL-107 (Silent Barker),Retired,153,Success
SpaceX,"Space Launch Complex 4E, Vandenberg SFB, CA, USA",2023-09-12,06:57:50,Falcon 9 Block 5,Starlink Group 7-2,Active,52,Success
Firefly Aerospace,"Space Launch Complex 2W, Vandenberg SFB, CA, USA",2023-09-15,02:28:00,Firefly Alpha,FLTA003 (VICTUS NOX),Active,15,Success
Roscosmos,"31/6, Baikonur Cosmodrome, Republic of Kazakhstan",2023-09-15,15:44:35,Soyuz 2.1a,Soyuz MS-24,Active,80,Success
SpaceX,"Space Launch Complex 40, Cape Canaveral SFS, FL, USA",2023-09-16,03:38:20,Falcon 9 Block 5,Starlink Group 6-16,Active,52,Success
CASC,"Launch Complex 3 (LC-3/LA-1), Xichang Satellite Launch Center, People's Republic of China",2023-09-17,04:13:00,Long March 2D,Yaogan 39 Group 02,Active,30,Success
Rocket Lab,"Rocket Lab Launch Complex 1B, Rocket Lab Launch Complex 1, Mahia Peninsula, New Zealand",2023-09-19,06:55:00,Electron,We Will Never Desert You (Capella Acadia 2),Active,6,Failure
SpaceX,"Space Launch Complex 40, Cape Canaveral SFS, FL, USA",2023-09-20,03:38:10,Falcon 9 Block 5,Starlink Group 6-17,Active,52,Success
Galactic Energy,"Launch Area 95A, Jiuquan Satellite Launch Center, People's Republic of China",2023-09-21,04:59:10,Ceres-1,Jilin-1 High Resolution 04B,Active,,Failure
SpaceX,"Space Launch Complex 40, Cape Canaveral SFS, FL, USA",2023-09-24,03:38:30,Falcon 9 Block 5,Starlink Group 6-18,Active,52,Success
SpaceX,"Space Launch Complex 4E, Vandenberg SFB, CA, USA",2023-09-25,08:48:20,Falcon 9 Block 5,Starlink Group 7-3,Active,52,Success
CASC,"Launch Area 94 (SLS-2 / 603), Jiuquan Satellite Launch Center, People's Republic of China",2023-09-26,20:15:00,Long March 4C,Yaogan 33-04,Active,,Success
IRGC ASF,"Launch Platform, Shahrud Missile Test Site, Islamic Republic of Iran",2023-09-27,06:00:00,Qased,Noor-3,Active,,Success
SpaceX,"Space Launch Complex 40, Cape Canaveral SFS, FL, USA",2023-09-30,02:00:00,Falcon 9 Block 5,Starlink Group 6-19,Active,52,Success
CASC,"Launch Complex 3 (LC-3/LA-1), Xichang Satellite Launch Center, People's Republic of China",2023-10-05,00:24:00,Long March 2D,Yaogan 39 Group 03,Active,30,Success
SpaceX,"Space Launch Complex 40, Cape Canaveral SFS, FL, USA",2023-10-05,05:36:30,Falcon 9 Block 5,Starlink Group 6-21,Active,52,Success
Virgin Galactic,"Spaceport America, Air launch to Suborbital flight",2023-10-06,16:10:30,SpaceShipTwo,Galactic 04,Active,,Success
ULA,"Space Launch Complex 41, Cape Canaveral SFS, FL, USA",2023-10-06,18:06:00,Atlas V 501,Amazon Leo (Project Kuiper) Protoflight Mission,Retired,120,Success
Payload Aerospace S.L.,"Médano del Loro, El Arenosillo Test Centre",2023-10-07,00:19:00,Miura 1,SN1 Test Flight,Active,,Success
Arianespace,"Ariane Launch Area 1 (ELV), Guiana Space Centre, French Guiana",2023-10-09,01:36:25,Vega,"THEOS-2, TRITON & others",Retired,37,Success
SpaceX,"Space Launch Complex 4E, Vandenberg SFB, CA, USA",2023-10-09,07:43:00,Falcon 9 Block 5,Starlink Group 7-4,Active,52,Success
SpaceX,"Launch Complex 39A, Kennedy Space Center, FL, USA",2023-10-13,14:19:43,Falcon Heavy,Psyche,Active,90,Success
SpaceX,"Space Launch Complex 40, Cape Canaveral SFS, FL, USA",2023-10-13,23:01:10,Falcon 9 Block 5,Starlink Group 6-22,Active,52,Success
CASC,"Launch Area 94 (SLS-2 / 603), Jiuquan Satellite Launch Center, People's Republic of China",2023-10-15,00:54:00,Long March 2D,Yunhai-1-04,Active,30,Success
SpaceX,"Space Launch Complex 40, Cape Canaveral SFS, FL, USA",2023-10-18,00:39:00,Falcon 9 Block 5,Starlink Group 6-23,Active,52,Success
ISRO,"Satish Dhawan Space Centre First Launch Pad, Satish Dhawan Space Centre, India",2023-10-21,04:30:00,Gaganyaan Abort Test Booster,TV-D1,Active,,Success
SpaceX,"Space Launch Complex 4E, Vandenberg SFB, CA, USA",2023-10-21,08:23:00,Falcon 9 Block 5,Starlink Group 7-5,Active,52,Success
SpaceX,"Space Launch Complex 40, Cape Canaveral SFS, FL, USA",2023-10-22,02:17:00,Falcon 9 Block 5,Starlink Group 6-24,Active,52,Success
CASC,"Launch Complex 3 (LC-3/LA-1), Xichang Satellite Launch Center, People's Republic of China",2023-10-23,20:03:00,Long March 2D,Yaogan 39 Group 04,Active,30,Success
CASC,"Launch Area 91 (SLS-1 / 921), Jiuquan Satellite Launch Center, People's Republic of China",2023-10-26,03:14:02,Long March 2F/G,Shenzhou 17,Active,,Success
VKS RF,"43/3 (43L), Plesetsk Cosmodrome, Russian Federation",2023-10-27,06:04:43,Soyuz 2.1b,Kosmos 2570 (Lotos-S1 #8),Active,80,Success
SpaceX,"Space Launch Complex 4E, Vandenberg SFB, CA, USA",2023-10-29,09:00:00,Falcon 9 Block 5,Starlink Group 7-6,Active,52,Success
SpaceX,"Space Launch Complex 40, Cape Canaveral SFS, FL, USA",2023-10-30,23:20:30,Falcon 9 Block 5,Starlink Group 6-25,Active,52,Success
CASC,"Launch Complex 9A, Taiyuan Satellite Launch Center, People's Republic of China",2023-10-31,22:50:00,Long March 6A,Tianhui 5,Active,,Success
Virgin Galactic,"Spaceport America, Air launch to Suborbital flight",2023-11-02,15:44:00,SpaceShipTwo,Galactic 05,Active,,Success
CASC,"201, Wenchang Space Launch Site, People's Republic of China",2023-11-03,14:54:00,Long March 7A,TJSW-10,Active,,Success
SpaceX,"Space Launch Complex 40, Cape Canaveral SFS, FL, USA",2023-11-04,00:37:20,Falcon 9 Block 5,Starlink Group 6-26,Active,52,Success
SpaceX,"Space Launch Complex 40, Cape Canaveral SFS, FL, USA",2023-11-08,05:05:30,Falcon 9 Block 5,Starlink Group 6-27,Active,52,Success
CASC,"Launch Complex 2 (LC-2), Xichang Satellite Launch Center, People's Republic of China",2023-11-09,11:23:00,Long March 3B/E,ChinaSat 6E,Active,70,Success
SpaceX,"Launch Complex 39A, Kennedy Space Center, FL, USA",2023-11-10,01:28:14,Falcon 9 Block 5,Dragon CRS-2 SpX-29,Active,52,Success
SpaceX,"Space Launch Complex 4E, Vandenberg SFB, CA, USA",2023-11-11,18:49:00,Falcon 9 Block 5,Transporter 9 (Dedicated SSO Rideshare),Active,52,Success
SpaceX,"Space Launch Complex 40, Cape Canaveral SFS, FL, USA",2023-11-12,21:08:00,Falcon 9 Block 5,O3b mPower 5 & 6,Active,52,Success
CASC,"Launch Area 94 (SLS-2 / 603), Jiuquan Satellite Launch Center, People's Republic of China",2023-11-16,03:55:00,Long March 2C/YZ-1S,Haiyang 3-01,Active,,Success
SpaceX,"Space Launch Complex 40, Cape Canaveral SFS, FL, USA",2023-11-18,05:05:50,Falcon 9 Block 5,Starlink Group 6-28,Active,52,Success
SpaceX,"Orbital Launch Pad 1, SpaceX Starbase, TX, USA",2023-11-18,13:02:50,Starship V1,Integrated Flight Test 2,Retired,,Partial Failure
SpaceX,"Space Launch Complex 4E, Vandenberg SFB, CA, USA",2023-11-20,10:30:40,Falcon 9 Block 5,Starlink Group 7-7,Active,52,Success
NADA,"Malligyong-1 Pad, Sohae Satellite Launching Station,  Cholsan County, North Pyongan Province, Democratic People's Republic of Korea",2023-11-21,13:42:58,Chollima-1,Malligyong-1c,Active,,Success
SpaceX,"Space Launch Complex 40, Cape Canaveral SFS, FL, USA",2023-11-22,07:47:40,Falcon 9 Block 5,Starlink Group 6-29,Active,52,Success
CASC,"Launch Complex 3 (LC-3/LA-1), Xichang Satellite Launch Center, People's Republic of China",2023-11-23,10:00:04,Long March 2D/YZ-3,3 x SatNet test satellites,Active,,Success
VKS RF,"43/4 (43R), Plesetsk Cosmodrome, Russian Federation",2023-11-25,20:58:06,Soyuz 2.1b,Razdan No. 1?,Active,80,Success
SpaceX,"Space Launch Complex 40, Cape Canaveral SFS, FL, USA",2023-11-28,04:20:00,Falcon 9 Block 5,Starlink Group 6-30,Active,52,Success
Roscosmos,"31/6, Baikonur Cosmodrome, Republic of Kazakhstan",2023-12-01,09:25:11,Soyuz 2.1a,Progress MS-25 (86P),Active,80,Success
SpaceX,"Space Launch Complex 4E, Vandenberg SFB, CA, USA",2023-12-01,18:19:00,Falcon 9 Block 5,425 Project Flight 1 & rideshare,Active,52,Success
SpaceX,"Space Launch Complex 40, Cape Canaveral SFS, FL, USA",2023-12-03,04:00:50,Falcon 9 Block 5,Starlink Group 6-31,Active,52,Success
CASC,"Launch Area 94 (SLS-2 / 603), Jiuquan Satellite Launch Center, People's Republic of China",2023-12-04,04:10:00,Long March 2C,MisrSat-2,Active,,Success
Agency for Defense Development,"ADD Offshore launch platform, Sea Launch",2023-12-04,05:00:00,Mir (3 stage),S-STEP,Retired,,Success
Galactic Energy,"Launch Area 95A, Jiuquan Satellite Launch Center, People's Republic of China",2023-12-04,23:33:00,Ceres-1,Tianyan-16 & Starpool-01A,Active,,Success
China Rocket,"South China Sea (launch location 1), Haiyang Oriental Spaceport",2023-12-05,19:24:00,Smart Dragon 3,SatNet test satellite,Active,,Success
SpaceX,"Space Launch Complex 40, Cape Canaveral SFS, FL, USA",2023-12-07,05:07:30,Falcon 9 Block 5,Starlink Group 6-33,Active,52,Success
SpaceX,"Space Launch Complex 4E, Vandenberg SFB, CA, USA",2023-12-08,08:03:40,Falcon 9 Block 5,Starlink Group 7-8,Active,52,Success
LandSpace,"Launch Area 96A, Jiuquan Satellite Launch Center, People's Republic of China",2023-12-08,23:39:03,Zhuque-2,Flight 3,Retired,,Success
CASC,"Launch Complex 3 (LC-3/LA-1), Xichang Satellite Launch Center, People's Republic of China",2023-12-10,01:58:00,Long March 2D,Yaogan 39 Group 05,Active,30,Success
CASC,"Launch Area 91 (SLS-1 / 921), Jiuquan Satellite Launch Center, People's Republic of China",2023-12-14,14:12:00,Long March 2F/G,Chinese Reusable Space Vehicle,Active,,Success
Rocket Lab,"Rocket Lab Launch Complex 1B, Rocket Lab Launch Complex 1, Mahia Peninsula, New Zealand",2023-12-15,04:05:54,Electron,The Moon God Awakens (QPS-SAR-5),Active,6,Success
CASC,"101, Wenchang Space Launch Site, People's Republic of China",2023-12-15,13:41:00,Long March 5,Yaogan 41,Active,,Success
Roscosmos,"31/6, Baikonur Cosmodrome, Republic of Kazakhstan",2023-12-16,09:17:48,Soyuz 2.1b Fregat-M,Arktika-M No.2,Active,48.5,Success
i-Space,"Launch Area 95A, Jiuquan Satellite Launch Center, People's Republic of China",2023-12-17,07:00:00,Hyperbola-1,DEAR-1,Active,,Success
SpaceX,"Space Launch Complex 40, Cape Canaveral SFS, FL, USA",2023-12-19,04:01:00,Falcon 9 Block 5,Starlink Group 6-34,Active,52,Success
Blue Origin,"West Texas Suborbital Launch Site/ Corn Ranch, Corn Ranch, Van Horn, TX, USA",2023-12-19,16:42:28,New Shepard,NS-24,Retired,,Success
VKS RF,"43/4 (43R), Plesetsk Cosmodrome, Russian Federation",2023-12-21,08:48:39,Soyuz 2.1b,Kosmos 2573 (Bars-M No. 5?),Active,80,Success
Firefly Aerospace,"Space Launch Complex 2W, Vandenberg SFB, CA, USA",2023-12-22,17:32:30,Firefly Alpha,FLTA004 (Fly the Lightning),Active,15,Partial Failure
SpaceX,"Space Launch Complex 40, Cape Canaveral SFS, FL, USA",2023-12-23,05:33:00,Falcon 9 Block 5,Starlink Group 6-32,Active,52,Success
SpaceX,"Space Launch Complex 4E, Vandenberg SFB, CA, USA",2023-12-24,13:11:00,Falcon 9 Block 5,SARah 2 & 3,Active,52,Success
ExPace,"Launch Area 95A, Jiuquan Satellite Launch Center, People's Republic of China",2023-12-25,01:00:00,Kuaizhou 1A,Tianmu-1 11-14,Active,,Success
CASC,"South China Sea (launch location 1), Haiyang Oriental Spaceport",2023-12-25,22:39:00,Long March 11,Shiyan 24C,Active,,Success
CASC,"Launch Complex 2 (LC-2), Xichang Satellite Launch Center, People's Republic of China",2023-12-26,03:26:00,Long March 3B/YZ-1,Beidou-3 M26 & M28,Active,70,Success
ExPace,"Launch Area 95A, Jiuquan Satellite Launch Center, People's Republic of China",2023-12-27,06:50:00,Kuaizhou 1A,Tianmu-1 19-22,Active,,Success
VKS RF,"43/4 (43R), Plesetsk Cosmodrome, Russian Federation",2023-12-27,07:03:44,Soyuz 2.1v,Kosmos 2574,Retired,,Success
SpaceX,"Launch Complex 39A, Kennedy Space Center, FL, USA",2023-12-29,01:07:00,Falcon Heavy,OTV-7 (X-37B) (USSF-52),Active,90,Success
SpaceX,"Space Launch Complex 40, Cape Canaveral SFS, FL, USA",2023-12-29,04:01:40,Falcon 9 Block 5,Starlink Group 6-36,Active,52,Success
CASC,"Launch Area 94 (SLS-2 / 603), Jiuquan Satellite Launch Center, People's Republic of China",2023-12-30,00:13:00,Long March 2C/YZ-1S,3 x SatNet test satellites,Active,,Success
ISRO,"Satish Dhawan Space Centre First Launch Pad, Satish Dhawan Space Centre, India",2024-01-01,03:40:00,PSLV-DL,XPoSat,Active,,Success
SpaceX,"Space Launch Complex 4E, Vandenberg SFB, CA, USA",2024-01-03,03:44:20,Falcon 9 Block 5,Starlink Group 7-9,Active,52,Success
SpaceX,"Space Launch Complex 40, Cape Canaveral SFS, FL, USA",2024-01-03,23:04:00,Falcon 9 Block 5,Ovzon-3,Active,52,Success
ExPace,"Launch Area 95A, Jiuquan Satellite Launch Center, People's Republic of China",2024-01-05,11:20:00,Kuaizhou 1A,Tianmu-1 15-18,Active,,Success
SpaceX,"Space Launch Complex 40, Cape Canaveral SFS, FL, USA",2024-01-07,22:35:40,Falcon 9 Block 5,Starlink Group 6-35,Active,52,Success
ULA,"Space Launch Complex 41, Cape Canaveral SFS, FL, USA",2024-01-08,07:18:38,Vulcan VC2S,Peregrine lunar lander (Maiden flight),Active,,Success
CASC,"Launch Complex 3 (LC-3/LA-1), Xichang Satellite Launch Center, People's Republic of China",2024-01-09,07:03:00,Long March 2C,Einstein Probe,Active,,Success
ExPace,"Launch Area 95A, Jiuquan Satellite Launch Center, People's Republic of China",2024-01-11,03:52:00,Kuaizhou 1A,Tianxing-1-02,Active,,Success
Orienspace,"Haiyang offshore launch location, Haiyang Oriental Spaceport",2024-01-11,05:30:00,Gravity-1,Maiden flight,Retired,,Success
MHI,"Yoshinobu Launch Complex LP-1, Tanegashima Space Center, Japan",2024-01-12,04:44:26,H-IIA 202,IGS Optical 8,Retired,90,Success
SpaceX,"Space Launch Complex 4E, Vandenberg SFB, CA, USA",2024-01-14,08:59:30,Falcon 9 Block 5,Starlink Group 7-10,Active,52,Success
SpaceX,"Space Launch Complex 40, Cape Canaveral SFS, FL, USA",2024-01-15,01:52:00,Falcon 9 Block 5,Starlink Group 6-37,Active,52,Success
CASC,"201, Wenchang Space Launch Site, People's Republic of China",2024-01-17,14:27:30,Long March 7,Tianzhou 7,Active,,Success
SpaceX,"Launch Complex 39A, Kennedy Space Center, FL, USA",2024-01-18,21:49:11,Falcon 9 Block 5,Axiom Space Mission 3,Active,52,Success
IRGC ASF,"Launch Platform, Shahrud Missile Test Site, Islamic Republic of Iran",2024-01-20,06:28:34,Qaem 100,Soraya,Active,,Success
CAS Space,"Launch Area 130, Jiuquan Satellite Launch Center, People's Republic of China",2024-01-23,04:03:00,Kinetica 1,Flight 3,Active,,Success
SpaceX,"Space Launch Complex 4E, Vandenberg SFB, CA, USA",2024-01-24,00:35:00,Falcon 9 Block 5,Starlink Group 7-11,Active,52,Success
Virgin Galactic,"Spaceport America, Air launch to Suborbital flight",2024-01-26,17:42:05,SpaceShipTwo,Galactic 06,Active,,Success
Iranian Space Agency,"Imam Khomeini Spaceport, Semnan Space Center, Islamic Republic of Iran",2024-01-28,00:04:00,Simorgh,"Mahda, Keyhan-2 & Hatef-1",Active,,Success
SpaceX,"Launch Complex 39A, Kennedy Space Center, FL, USA",2024-01-29,01:10:00,Falcon 9 Block 5,Starlink Group 6-38,Active,52,Success
SpaceX,"Space Launch Complex 4E, Vandenberg SFB, CA, USA",2024-01-29,05:57:20,Falcon 9 Block 5,Starlink Group 7-12,Active,52,Success
SpaceX,"Space Launch Complex 40, Cape Canaveral SFS, FL, USA",2024-01-30,17:07:21,Falcon 9 Block 5,Cygnus CRS-2 NG-20 (S.S. Patricia “Patty” Hilliard Robertson),Active,52,Success
Rocket Lab,"Rocket Lab Launch Complex 1B, Rocket Lab Launch Complex 1, Mahia Peninsula, New Zealand",2024-01-31,06:34:00,Electron,Four Of A Kind (NorthStar 1),Active,6,Success
CASC,"Launch Complex 3 (LC-3/LA-1), Xichang Satellite Launch Center, People's Republic of China",2024-02-02,23:37:00,Long March 2C,Geely Constellation Group 02,Active,,Success
China Rocket,"South China Sea (launch location 2), Haiyang Oriental Spaceport",2024-02-03,03:06:00,Smart Dragon 3,9 satellites,Active,,Success
SpaceX,"Space Launch Complex 40, Cape Canaveral SFS, FL, USA",2024-02-08,06:33:36,Falcon 9 Block 5,"PACE (Plankton, Aerosol, Cloud, ocean Ecosystem)",Active,52,Success
VKS RF,"43/4 (43R), Plesetsk Cosmodrome, Russian Federation",2024-02-09,07:03:44,Soyuz 2.1v,Kosmos 2575,Retired,,Success
SpaceX,"Space Launch Complex 4E, Vandenberg SFB, CA, USA",2024-02-10,00:34:00,Falcon 9 Block 5,Starlink Group 7-13,Active,52,Success
SpaceX,"Space Launch Complex 40, Cape Canaveral SFS, FL, USA",2024-02-14,22:30:00,Falcon 9 Block 5,USSF-124,Active,52,Success
Roscosmos,"31/6, Baikonur Cosmodrome, Republic of Kazakhstan",2024-02-15,03:25:06,Soyuz 2.1a,Progress MS-26 (87P),Active,80,Success
SpaceX,"Launch Complex 39A, Kennedy Space Center, FL, USA",2024-02-15,06:05:37,Falcon 9 Block 5,Nova-C IM-1,Active,52,Success
SpaceX,"Space Launch Complex 4E, Vandenberg SFB, CA, USA",2024-02-15,21:34:30,Falcon 9 Block 5,Starlink Group 7-14,Active,52,Success
MHI,"Yoshinobu Launch Complex LP-2, Tanegashima Space Center, Japan",2024-02-17,00:22:55,H3-22,"VEP 4, CE-SAT-1E & TIRSAT",Active,50,Success
ISRO,"Satish Dhawan Space Centre Second Launch Pad, Satish Dhawan Space Centre, India",2024-02-17,12:05:00,GSLV Mk. II,INSAT-3DS,Active,,Success
Rocket Lab,"Rocket Lab Launch Complex 1B, Rocket Lab Launch Complex 1, Mahia Peninsula, New Zealand",2024-02-18,14:52:00,Electron,On Closer Inspection (ADRAS-J),Active,6,Success
SpaceX,"Space Launch Complex 40, Cape Canaveral SFS, FL, USA",2024-02-20,20:11:00,Falcon 9 Block 5,HTS-113BT (Merah Putih 2),Active,52,Success
SpaceX,"Space Launch Complex 4E, Vandenberg SFB, CA, USA",2024-02-23,04:11:50,Falcon 9 Block 5,Starlink Group 7-15,Active,52,Success
CASC,"101, Wenchang Space Launch Site, People's Republic of China",2024-02-23,11:30:00,Long March 5,TJSW-11,Active,,Success
SpaceX,"Space Launch Complex 40, Cape Canaveral SFS, FL, USA",2024-02-25,22:06:00,Falcon 9 Block 5,Starlink Group 6-39,Active,52,Success
Roscosmos,"Cosmodrome Site 1S, Vostochny Cosmodrome, Siberia, Russian Federation",2024-02-29,05:43:26,Soyuz 2.1b Fregat-M,Meteor-M No.2-4 & others,Active,48.5,Success
CASC,"Launch Complex 2 (LC-2), Xichang Satellite Launch Center, People's Republic of China",2024-02-29,13:03:00,Long March 3B/E,WHG-01,Active,70,Success
SpaceX,"Space Launch Complex 40, Cape Canaveral SFS, FL, USA",2024-02-29,15:30:00,Falcon 9 Block 5,Starlink Group 6-40,Active,52,Success
SpaceX,"Launch Complex 39A, Kennedy Space Center, FL, USA",2024-03-04,03:53:38,Falcon 9 Block 5,Crew-8,Active,52,Success
SpaceX,"Space Launch Complex 4E, Vandenberg SFB, CA, USA",2024-03-04,22:05:00,Falcon 9 Block 5,Transporter 10 (Dedicated SSO Rideshare),Active,52,Success
SpaceX,"Space Launch Complex 40, Cape Canaveral SFS, FL, USA",2024-03-04,23:56:00,Falcon 9 Block 5,Starlink Group 6-41,Active,52,Success
SpaceX,"Space Launch Complex 40, Cape Canaveral SFS, FL, USA",2024-03-10,23:05:00,Falcon 9 Block 5,Starlink Group 6-43,Active,52,Success
SpaceX,"Space Launch Complex 4E, Vandenberg SFB, CA, USA",2024-03-11,04:09:00,Falcon 9 Block 5,Starlink Group 7-17,Active,52,Success
Rocket Lab,"Rocket Lab Launch Complex 1B, Rocket Lab Launch Complex 1, Mahia Peninsula, New Zealand",2024-03-12,15:03:00,Electron,Owl Night Long (StriX-3),Active,6,Success
Space One,"Space One Launch Pad, Spaceport Kii, Japan",2024-03-13,02:01:12,Kii-based Advanced & Instant ROcket System,Maiden Flight,Active,9,Failure
CASC,"Launch Complex 3 (LC-3/LA-1), Xichang Satellite Launch Center, People's Republic of China",2024-03-13,12:51:00,Long March 2C/YZ-1S,DRO-A/B,Active,,Partial Failure
SpaceX,"Orbital Launch Pad 1, SpaceX Starbase, TX, USA",2024-03-14,13:25:00,Starship V1,Integrated Flight Test 3,Retired,,Success
SpaceX,"Launch Complex 39A, Kennedy Space Center, FL, USA",2024-03-16,00:21:00,Falcon 9 Block 5,Starlink Group 6-44,Active,52,Success
SpaceX,"Space Launch Complex 4E, Vandenberg SFB, CA, USA",2024-03-19,02:28:00,Falcon 9 Block 5,Starlink Group 7-16,Active,52,Success
CASC,"201, Wenchang Space Launch Site, People's Republic of China",2024-03-20,00:31:28,Long March 8,Queqiao-2,Active,,Success
CASC,"Launch Area 94 (SLS-2 / 603), Jiuquan Satellite Launch Center, People's Republic of China",2024-03-21,05:27:00,Long March 2D/YZ-3,Yunhai-2 Group 02,Active,,Success
Rocket Lab,"Rocket Lab Launch Complex 2 (Launch Area 0 C), Wallops Flight Facility, Virginia, USA",2024-03-21,07:25:00,Electron,Live and Let Fly (NROL-123),Active,6,Success
SpaceX,"Space Launch Complex 40, Cape Canaveral SFS, FL, USA",2024-03-21,20:55:09,Falcon 9 Block 5,Dragon CRS-2 SpX-30,Active,52,Success
Roscosmos,"31/6, Baikonur Cosmodrome, Republic of Kazakhstan",2024-03-23,12:36:10,Soyuz 2.1a,Soyuz MS-25,Active,80,Success
SpaceX,"Launch Complex 39A, Kennedy Space Center, FL, USA",2024-03-24,03:09:00,Falcon 9 Block 5,Starlink Group 6-42,Active,52,Success
SpaceX,"Space Launch Complex 40, Cape Canaveral SFS, FL, USA",2024-03-25,23:42:00,Falcon 9 Block 5,Starlink Group 6-46,Active,52,Success
CASC,"Launch Complex 9A, Taiyuan Satellite Launch Center, People's Republic of China",2024-03-26,22:51:00,Long March 6A,Yunhai 3-02,Active,,Success
SpaceX,"Launch Complex 39A, Kennedy Space Center, FL, USA",2024-03-30,21:52:00,Falcon 9 Block 5,Eutelsat 36D,Active,52,Success
SpaceX,"Space Launch Complex 40, Cape Canaveral SFS, FL, USA",2024-03-31,01:30:00,Falcon 9 Block 5,Starlink Group 6-45,Active,52,Success
Roscosmos,"31/6, Baikonur Cosmodrome, Republic of Kazakhstan",2024-03-31,09:36:45,Soyuz 2.1b,Resurs-P No.4,Active,80,Success
SpaceX,"Space Launch Complex 4E, Vandenberg SFB, CA, USA",2024-04-02,02:30:00,Falcon 9 Block 5,Starlink Group 7-18,Active,52,Success
CASC,"Launch Complex 3 (LC-3/LA-1), Xichang Satellite Launch Center, People's Republic of China",2024-04-02,22:56:00,Long March 2D,Yaogan 42-01,Active,30,Success
SpaceX,"Space Launch Complex 40, Cape Canaveral SFS, FL, USA",2024-04-05,09:12:00,Falcon 9 Block 5,Starlink Group 6-47,Active,52,Success
SpaceX,"Space Launch Complex 4E, Vandenberg SFB, CA, USA",2024-04-07,02:25:00,Falcon 9 Block 5,Starlink Group 8-1,Active,52,Success
SpaceX,"Launch Complex 39A, Kennedy Space Center, FL, USA",2024-04-07,23:16:57,Falcon 9 Block 5,Bandwagon 1 (Dedicated Mid-Inclination Rideshare),Active,52,Success
ULA,"Space Launch Complex 37B, Cape Canaveral SFS, FL, USA",2024-04-09,16:53:00,Delta IV Heavy,NROL-70,Retired,350,Success
SpaceX,"Space Launch Complex 40, Cape Canaveral SFS, FL, USA",2024-04-10,05:40:00,Falcon 9 Block 5,Starlink Group 6-48,Active,52,Success
Khrunichev,"Cosmodrome Site 1A, Vostochny Cosmodrome, Siberia, Russian Federation",2024-04-11,09:00:00,Angara A5/Blok DM-03,Vostochny Angara Test Flight,Active,31,Success
SpaceX,"Space Launch Complex 4E, Vandenberg SFB, CA, USA",2024-04-11,14:25:00,Falcon 9 Block 5,USSF-62,Active,52,Success
SpaceX,"Space Launch Complex 40, Cape Canaveral SFS, FL, USA",2024-04-13,01:40:00,Falcon 9 Block 5,Starlink Group 6-49,Active,52,Success
CASC,"Launch Area 94 (SLS-2 / 603), Jiuquan Satellite Launch Center, People's Republic of China",2024-04-15,04:12:00,Long March 2D,SuperView Neo 3-01,Active,30,Success
SpaceX,"Launch Complex 39A, Kennedy Space Center, FL, USA",2024-04-17,21:26:00,Falcon 9 Block 5,Starlink Group 6-51,Active,52,Success
SpaceX,"Space Launch Complex 40, Cape Canaveral SFS, FL, USA",2024-04-18,22:40:00,Falcon 9 Block 5,Starlink Group 6-52,Active,52,Success
CASC,"Launch Complex 3 (LC-3/LA-1), Xichang Satellite Launch Center, People's Republic of China",2024-04-20,23:45:00,Long March 2D,Yaogan 42-02,Active,30,Success
SpaceX,"Space Launch Complex 40, Cape Canaveral SFS, FL, USA",2024-04-23,22:17:00,Falcon 9 Block 5,Starlink Group 6-53,Active,52,Success
Rocket Lab,"Rocket Lab Launch Complex 1B, Rocket Lab Launch Complex 1, Mahia Peninsula, New Zealand",2024-04-23,22:32:00,Electron,Beginning Of The Swarm (ACS3 & NeonSat-1),Active,6,Success
CASC,"Launch Area 91 (SLS-1 / 921), Jiuquan Satellite Launch Center, People's Republic of China",2024-04-25,12:59:00,Long March 2F/G,Shenzhou 18,Active,,Success
SpaceX,"Launch Complex 39A, Kennedy Space Center, FL, USA",2024-04-28,00:34:00,Falcon 9 Block 5,Galileo L12 (FOC FM25 & FM27),Active,52,Success
SpaceX,"Space Launch Complex 40, Cape Canaveral SFS, FL, USA",2024-04-28,22:08:00,Falcon 9 Block 5,Starlink Group 6-54,Active,52,Success
SpaceX,"Space Launch Complex 4E, Vandenberg SFB, CA, USA",2024-05-02,18:36:00,Falcon 9 Block 5,WorldView Legion 1 & 2,Active,52,Success
SpaceX,"Space Launch Complex 40, Cape Canaveral SFS, FL, USA",2024-05-03,02:37:00,Falcon 9 Block 5,Starlink Group 6-55,Active,52,Success
HyImpulse,"Pad 1, Koonibba Test Range, South Australia",2024-05-03,05:10:00,SR75,Maiden Flight,Active,,Success
CASC,"101, Wenchang Space Launch Site, People's Republic of China",2024-05-03,09:27:29,Long March 5,Chang'e 6,Active,,Success
SpaceX,"Space Launch Complex 40, Cape Canaveral SFS, FL, USA",2024-05-06,18:14:00,Falcon 9 Block 5,Starlink Group 6-57,Active,52,Success
CASC,"Launch Complex 9A, Taiyuan Satellite Launch Center, People's Republic of China",2024-05-07,03:21:00,Long March 6C,Maiden Flight,Active,,Success
SpaceX,"Launch Complex 39A, Kennedy Space Center, FL, USA",2024-05-08,18:42:00,Falcon 9 Block 5,Starlink Group 6-56,Active,52,Success
CASC,"Launch Complex 2 (LC-2), Xichang Satellite Launch Center, People's Republic of China",2024-05-09,01:43:00,Long March 3B/E,ZHTW 1-01,Active,70,Success
SpaceX,"Space Launch Complex 4E, Vandenberg SFB, CA, USA",2024-05-10,04:30:00,Falcon 9 Block 5,Starlink Group 8-2,Active,52,Success
CASC,"Launch Area 94 (SLS-2 / 603), Jiuquan Satellite Launch Center, People's Republic of China",2024-05-11,23:43:00,Long March 4C,Shiyan 23,Active,,Success
SpaceX,"Space Launch Complex 40, Cape Canaveral SFS, FL, USA",2024-05-13,00:53:00,Falcon 9 Block 5,Starlink Group 6-58,Active,52,Success
SpaceX,"Space Launch Complex 4E, Vandenberg SFB, CA, USA",2024-05-14,18:39:00,Falcon 9 Block 5,Starlink Group 8-7,Active,52,Success
VKS RF,"43/4 (43R), Plesetsk Cosmodrome, Russian Federation",2024-05-16,21:21:39,Soyuz 2.1b Fregat-M,Kosmos 2576,Active,48.5,Success
SpaceX,"Space Launch Complex 40, Cape Canaveral SFS, FL, USA",2024-05-18,00:32:00,Falcon 9 Block 5,Starlink Group 6-59,Active,52,Success
Blue Origin,"West Texas Suborbital Launch Site/ Corn Ranch, Corn Ranch, Van Horn, TX, USA",2024-05-19,14:35:09,New Shepard,NS-25,Retired,,Success
CASC,"Launch Complex 9, Taiyuan Satellite Launch Center, People's Republic of China",2024-05-20,03:06:00,Long March 2D,Beijing 3C,Active,30,Success
ExPace,"Launch Area 95A, Jiuquan Satellite Launch Center, People's Republic of China",2024-05-21,04:15:00,Kuaizhou 11,Wuhan-1 and others,Active,,Success
SpaceX,"Space Launch Complex 4E, Vandenberg SFB, CA, USA",2024-05-22,08:00:00,Falcon 9 Block 5,NROL-146,Active,52,Success
SpaceX,"Space Launch Complex 40, Cape Canaveral SFS, FL, USA",2024-05-23,02:35:00,Falcon 9 Block 5,Starlink Group 6-62,Active,52,Success
SpaceX,"Launch Complex 39A, Kennedy Space Center, FL, USA",2024-05-24,02:45:00,Falcon 9 Block 5,Starlink Group 6-63,Active,52,Success
Rocket Lab,"Rocket Lab Launch Complex 1B, Rocket Lab Launch Complex 1, Mahia Peninsula, New Zealand",2024-05-25,07:41:00,Electron,"Ready, Aim, PREFIRE (PREFIRE 1)",Active,6,Success
NADA,"Malligyong-1 Pad, Sohae Satellite Launching Station,  Cholsan County, North Pyongan Province, Democratic People's Republic of Korea",2024-05-27,13:44:00,Chollima-1,Malligyong-1-1,Active,,Failure
SpaceX,"Space Launch Complex 40, Cape Canaveral SFS, FL, USA",2024-05-28,14:24:00,Falcon 9 Block 5,Starlink Group 6-60,Active,52,Success
SpaceX,"Space Launch Complex 4E, Vandenberg SFB, CA, USA",2024-05-28,22:20:10,Falcon 9 Block 5,EarthCARE,Active,52,Success
Galactic Energy,"Rizhao offshore launch location, Haiyang Oriental Spaceport",2024-05-29,08:12:27,Ceres-1S,Tianqi 25-28,Active,,Success
Roscosmos,"31/6, Baikonur Cosmodrome, Republic of Kazakhstan",2024-05-30,09:42:59,Soyuz 2.1a,Progress MS-27 (88P),Active,80,Success
CASC,"Launch Complex 2 (LC-2), Xichang Satellite Launch Center, People's Republic of China",2024-05-30,12:12:04,Long March 3B/E,Paksat MM1(R),Active,70,Success
Galactic Energy,"Launch Area 95A, Jiuquan Satellite Launch Center, People's Republic of China",2024-05-30,23:39:00,Ceres-1,5 satellites,Active,,Success
SpaceX,"Space Launch Complex 40, Cape Canaveral SFS, FL, USA",2024-06-01,02:37:00,Falcon 9 Block 5,Starlink Group 6-64,Active,52,Success
SpaceX,"Space Launch Complex 40, Cape Canaveral SFS, FL, USA",2024-06-05,02:16:00,Falcon 9 Block 5,Starlink Group 8-5,Active,52,Success
Rocket Lab,"Rocket Lab Launch Complex 1B, Rocket Lab Launch Complex 1, Mahia Peninsula, New Zealand",2024-06-05,03:15:00,Electron,PREFIRE And Ice (PREFIRE 2),Active,6,Success
ULA,"Space Launch Complex 41, Cape Canaveral SFS, FL, USA",2024-06-05,14:52:15,Atlas V N22,CST-100 Starliner Crewed Flight Test,Active,110,Success
Galactic Energy,"Launch Area 95A, Jiuquan Satellite Launch Center, People's Republic of China",2024-06-06,05:00:00,Ceres-1,3 satellites,Active,,Success
SpaceX,"Orbital Launch Pad 1, SpaceX Starbase, TX, USA",2024-06-06,12:50:00,Starship V1,Integrated Flight Test 4,Retired,,Success
SpaceX,"Space Launch Complex 40, Cape Canaveral SFS, FL, USA",2024-06-08,01:56:00,Falcon 9 Block 5,Starlink Group 10-1,Active,52,Success
SpaceX,"Space Launch Complex 4E, Vandenberg SFB, CA, USA",2024-06-08,12:58:00,Falcon 9 Block 5,Starlink Group 8-8,Active,52,Success
Virgin Galactic,"Spaceport America, Air launch to Suborbital flight",2024-06-08,15:26:00,SpaceShipTwo,Galactic 07,Active,,Success
SpaceX,"Space Launch Complex 4E, Vandenberg SFB, CA, USA",2024-06-19,03:40:00,Falcon 9 Block 5,Starlink Group 9-1,Active,52,Success
Rocket Lab,"Rocket Lab Launch Complex 1B, Rocket Lab Launch Complex 1, Mahia Peninsula, New Zealand",2024-06-20,18:13:00,Electron,No Time Toulouse (Kinéis 1-5),Active,6,Success
SpaceX,"Space Launch Complex 40, Cape Canaveral SFS, FL, USA",2024-06-20,21:35:00,Falcon 9 Block 5,Astra 1P/SES-24,Active,52,Success
CASC,"Launch Complex 3 (LC-3/LA-1), Xichang Satellite Launch Center, People's Republic of China",2024-06-22,07:00:00,Long March 2C,Space Variable Objects Monitor (SVOM),Active,,Success
SpaceX,"Space Launch Complex 40, Cape Canaveral SFS, FL, USA",2024-06-23,17:15:00,Falcon 9 Block 5,Starlink Group 10-2,Active,52,Success
SpaceX,"Space Launch Complex 4E, Vandenberg SFB, CA, USA",2024-06-24,03:47:00,Falcon 9 Block 5,Starlink Group 9-2,Active,52,Success
SpaceX,"Launch Complex 39A, Kennedy Space Center, FL, USA",2024-06-25,21:26:00,Falcon Heavy,GOES-U,Active,90,Success
SpaceX,"Space Launch Complex 40, Cape Canaveral SFS, FL, USA",2024-06-27,11:14:00,Falcon 9 Block 5,Starlink Group 10-3,Active,52,Success
SpaceX,"Space Launch Complex 4E, Vandenberg SFB, CA, USA",2024-06-29,03:14:00,Falcon 9 Block 5,NROL-186,Active,52,Success
CASC,"201, Wenchang Space Launch Site, People's Republic of China",2024-06-29,11:57:00,Long March 7A,ChinaSat 3A,Active,,Success
MHI,"Yoshinobu Launch Complex LP-2, Tanegashima Space Center, Japan",2024-07-01,03:06:42,H3-22,Advanced Land Observing Satellite-4 (ALOS-4),Active,50,Success
SpaceX,"Space Launch Complex 40, Cape Canaveral SFS, FL, USA",2024-07-03,08:55:00,Falcon 9 Block 5,Starlink Group 8-9,Active,52,Success
Firefly Aerospace,"Space Launch Complex 2W, Vandenberg SFB, CA, USA",2024-07-04,04:04:00,Firefly Alpha,FLTA005 (Noise of Summer),Active,15,Success
CASC,"Launch Complex 9A, Taiyuan Satellite Launch Center, People's Republic of China",2024-07-04,22:49:00,Long March 6A,Tianhui 5 Group 02,Active,,Success
SpaceX,"Space Launch Complex 40, Cape Canaveral SFS, FL, USA",2024-07-08,23:30:00,Falcon 9 Block 5,Türksat 6A,Active,52,Success
ESA,"Ariane Launch Area 4, Guiana Space Centre, French Guiana",2024-07-09,19:00:00,Ariane 62,Maiden Flight,Active,85,Success
i-Space,"Launch Area 95A, Jiuquan Satellite Launch Center, People's Republic of China",2024-07-10,23:40:00,Hyperbola-1,Yunyao-1 15-17,Active,,Failure
SpaceX,"Space Launch Complex 4E, Vandenberg SFB, CA, USA",2024-07-12,02:35:00,Falcon 9 Block 5,Starlink Group 9-3,Active,52,Failure
CASC,"Launch Complex 9, Taiyuan Satellite Launch Center, People's Republic of China",2024-07-19,03:03:00,Long March 4B,Gaofen-11-05,Active,,Success
SpaceX,"Launch Complex 39A, Kennedy Space Center, FL, USA",2024-07-27,05:45:00,Falcon 9 Block 5,Starlink Group 10-9,Active,52,Success
SpaceX,"Space Launch Complex 40, Cape Canaveral SFS, FL, USA",2024-07-28,05:09:00,Falcon 9 Block 5,Starlink Group 10-4,Active,52,Success
SpaceX,"Space Launch Complex 4E, Vandenberg SFB, CA, USA",2024-07-28,09:22:00,Falcon 9 Block 5,Starlink Group 9-4,Active,52,Success
ULA,"Space Launch Complex 41, Cape Canaveral SFS, FL, USA",2024-07-30,10:45:00,Atlas V 551,USSF-51,Retired,153,Success
CASC,"Launch Complex 2 (LC-2), Xichang Satellite Launch Center, People's Republic of China",2024-08-01,13:14:00,Long March 3B/E,WHG-02,Active,70,Success
SpaceX,"Launch Complex 39A, Kennedy Space Center, FL, USA",2024-08-02,05:01:00,Falcon 9 Block 5,Starlink Group 10-6,Active,52,Success
Rocket Lab,"Rocket Lab Launch Complex 1B, Rocket Lab Launch Complex 1, Mahia Peninsula, New Zealand",2024-08-02,16:39:00,Electron,"Owl For One, One For Owl (StriX Launch 5)",Active,6,Success
SpaceX,"Space Launch Complex 4E, Vandenberg SFB, CA, USA",2024-08-04,07:24:00,Falcon 9 Block 5,Starlink Group 11-1,Active,52,Success
SpaceX,"Space Launch Complex 40, Cape Canaveral SFS, FL, USA",2024-08-04,15:02:53,Falcon 9 Block 5,Cygnus CRS-2 NG-21 (S.S. Francis R. “Dick” Scobee),Active,52,Success
CASC,"Launch Complex 9A, Taiyuan Satellite Launch Center, People's Republic of China",2024-08-06,06:42:00,Long March 6A,SpaceSail Polar Group #1,Active,,Success
SpaceX,"Space Launch Complex 40, Cape Canaveral SFS, FL, USA",2024-08-10,12:50:00,Falcon 9 Block 5,Starlink Group 8-3,Active,52,Success
Rocket Lab,"Rocket Lab Launch Complex 1B, Rocket Lab Launch Complex 1, Mahia Peninsula, New Zealand",2024-08-11,13:18:00,Electron,A Sky Full of SARs (Capella Acadia 3),Active,6,Success
SpaceX,"Space Launch Complex 4E, Vandenberg SFB, CA, USA",2024-08-12,02:02:00,Falcon 9 Block 5,Arctic Satellite Broadband Mission (ASBM),Active,52,Success
SpaceX,"Launch Complex 39A, Kennedy Space Center, FL, USA",2024-08-12,10:37:00,Falcon 9 Block 5,Starlink Group 10-7,Active,52,Success
Roscosmos,"31/6, Baikonur Cosmodrome, Republic of Kazakhstan",2024-08-15,03:20:18,Soyuz 2.1a,Progress MS-28 (89P),Active,80,Success
SpaceX,"Space Launch Complex 40, Cape Canaveral SFS, FL, USA",2024-08-15,13:00:00,Falcon 9 Block 5,WorldView Legion 3 & 4,Active,52,Success
ISRO,"Satish Dhawan Space Centre First Launch Pad, Satish Dhawan Space Centre, India",2024-08-16,03:47:00,SSLV,EOS-08/Microsat-2C,Active,,Success
CASC,"Launch Complex 3 (LC-3/LA-1), Xichang Satellite Launch Center, People's Republic of China",2024-08-16,07:35:00,Long March 4B,Yaogan 43 Group 01,Active,,Success
SpaceX,"Space Launch Complex 4E, Vandenberg SFB, CA, USA",2024-08-16,18:56:00,Falcon 9 Block 5,Transporter 11 (Dedicated SSO Rideshare),Active,52,Success
SpaceX,"Space Launch Complex 40, Cape Canaveral SFS, FL, USA",2024-08-20,13:20:00,Falcon 9 Block 5,Starlink Group 10-5,Active,52,Success
CASC,"201, Wenchang Space Launch Site, People's Republic of China",2024-08-22,12:25:00,Long March 7A,ChinaSat 4A,Active,,Success
SpaceX,"Space Launch Complex 40, Cape Canaveral SFS, FL, USA",2024-08-28,07:48:00,Falcon 9 Block 5,Starlink Group 8-6,Active,52,Success
Galactic Energy,"Haiyang offshore launch location, Haiyang Oriental Spaceport",2024-08-29,05:22:00,Ceres-1S,6 satellites,Active,,Success
Blue Origin,"West Texas Suborbital Launch Site/ Corn Ranch, Corn Ranch, Van Horn, TX, USA",2024-08-29,13:07:03,New Shepard,NS-26,Retired,,Success
SpaceX,"Space Launch Complex 40, Cape Canaveral SFS, FL, USA",2024-08-31,07:43:00,Falcon 9 Block 5,Starlink Group 8-10,Active,52,Success
SpaceX,"Space Launch Complex 4E, Vandenberg SFB, CA, USA",2024-08-31,08:48:00,Falcon 9 Block 5,Starlink Group 9-5,Active,52,Success
CASC,"Launch Complex 3 (LC-3/LA-1), Xichang Satellite Launch Center, People's Republic of China",2024-09-03,01:22:00,Long March 4B,Yaogan 43 Group 02,Active,,Success
Arianespace,"Ariane Launch Area 1 (ELV), Guiana Space Centre, French Guiana",2024-09-05,01:50:15,Vega,Sentinel-2C,Retired,37,Success
SpaceX,"Space Launch Complex 40, Cape Canaveral SFS, FL, USA",2024-09-05,15:33:00,Falcon 9 Block 5,Starlink Group 8-11,Active,52,Success
CASC,"Launch Complex 16, Taiyuan Satellite Launch Center, People's Republic of China",2024-09-05,18:30:00,Long March 6,Geely Constellation Group 03,Active,,Success
SpaceX,"Space Launch Complex 4E, Vandenberg SFB, CA, USA",2024-09-06,03:20:00,Falcon 9 Block 5,NROL-113,Active,52,Success
SpaceX,"Launch Complex 39A, Kennedy Space Center, FL, USA",2024-09-10,09:23:49,Falcon 9 Block 5,Polaris Dawn,Active,52,Success
Roscosmos,"31/6, Baikonur Cosmodrome, Republic of Kazakhstan",2024-09-11,16:23:12,Soyuz 2.1a,Soyuz MS-26,Active,80,Success
SpaceX,"Space Launch Complex 40, Cape Canaveral SFS, FL, USA",2024-09-12,08:52:00,Falcon 9 Block 5,BlueBird Block 1,Active,52,Success
SpaceX,"Space Launch Complex 4E, Vandenberg SFB, CA, USA",2024-09-13,01:45:00,Falcon 9 Block 5,Starlink Group 9-6,Active,52,Success
IRGC ASF,"Launch Platform, Shahrud Missile Test Site, Islamic Republic of Iran",2024-09-14,05:58:00,Qaem 100,Chamran-1,Active,,Success
VKS RF,"35/1, Plesetsk Cosmodrome, Russian Federation",2024-09-17,07:01:00,Angara 1.2,Kosmos 2577 & 2578,Active,31,Success
SpaceX,"Space Launch Complex 40, Cape Canaveral SFS, FL, USA",2024-09-17,22:50:49,Falcon 9 Block 5,Galileo L13 (FOC FM26 & FM32),Active,52,Success
CASC,"Launch Complex 2 (LC-2), Xichang Satellite Launch Center, People's Republic of China",2024-09-19,01:14:00,Long March 3B/YZ-1,Beidou-3 M25 & M27,Active,70,Success
CASC,"Launch Complex 9, Taiyuan Satellite Launch Center, People's Republic of China",2024-09-20,04:11:00,Long March 2D,Jilin-1 Wideband 02B-01 to 06,Active,30,Success
ExPace,"Mobile Launcher Pad, Xichang Satellite Launch Center, People's Republic of China",2024-09-20,09:43:00,Kuaizhou 1A,Tianqi 29-32,Active,,Success
SpaceX,"Space Launch Complex 4E, Vandenberg SFB, CA, USA",2024-09-20,13:50:00,Falcon 9 Block 5,Starlink Group 9-17,Active,52,Success
Rocket Lab,"Rocket Lab Launch Complex 1A, Rocket Lab Launch Complex 1, Mahia Peninsula, New Zealand",2024-09-20,23:01:00,Electron,Kinéis Killed the RadIoT Star (Kinéis 6-10),Active,6,Success
China Rocket,"Haiyang offshore launch location, Haiyang Oriental Spaceport",2024-09-24,02:31:00,Smart Dragon 3,8 satellites,Active,,Success
CAS Space,"Launch Area 130, Jiuquan Satellite Launch Center, People's Republic of China",2024-09-24,23:33:00,Kinetica 1,5 satellites,Active,,Success
SpaceX,"Space Launch Complex 4E, Vandenberg SFB, CA, USA",2024-09-25,04:01:20,Falcon 9 Block 5,Starlink Group 9-8,Active,52,Success
MHI,"Yoshinobu Launch Complex LP-1, Tanegashima Space Center, Japan",2024-09-26,05:24:20,H-IIA 202,IGS Radar 8,Retired,90,Success
CASC,"Launch Area 94 (SLS-2 / 603), Jiuquan Satellite Launch Center, People's Republic of China",2024-09-27,10:30:00,Long March 2D,Shijian 19,Active,30,Success
SpaceX,"Space Launch Complex 40, Cape Canaveral SFS, FL, USA",2024-09-28,17:17:21,Falcon 9 Block 5,Crew-9,Active,52,Success
ULA,"Space Launch Complex 41, Cape Canaveral SFS, FL, USA",2024-10-04,11:25:00,Vulcan VC2S,Certification Flight 2,Active,,Success
SpaceX,"Space Launch Complex 40, Cape Canaveral SFS, FL, USA",2024-10-07,14:52:11,Falcon 9 Block 5,Hera,Active,52,Success
CASC,"Launch Complex 2 (LC-2), Xichang Satellite Launch Center, People's Republic of China",2024-10-10,13:50:00,Long March 3B/E,WHG-03,Active,70,Success
SpaceX,"Orbital Launch Pad 1, SpaceX Starbase, TX, USA",2024-10-13,12:25:00,Starship V1,Integrated Flight Test 5,Retired,,Success
SpaceX,"Launch Complex 39A, Kennedy Space Center, FL, USA",2024-10-14,16:06:00,Falcon Heavy,Europa Clipper,Active,90,Success
SpaceX,"Space Launch Complex 40, Cape Canaveral SFS, FL, USA",2024-10-15,06:10:00,Falcon 9 Block 5,Starlink Group 10-10,Active,52,Success
SpaceX,"Space Launch Complex 4E, Vandenberg SFB, CA, USA",2024-10-15,08:21:00,Falcon 9 Block 5,Starlink Group 9-7,Active,52,Success
CASC,"Launch Complex 9A, Taiyuan Satellite Launch Center, People's Republic of China",2024-10-15,11:06:00,Long March 6A,SpaceSail Polar Group #2,Active,,Success
CASC,"Launch Area 94 (SLS-2 / 603), Jiuquan Satellite Launch Center, People's Republic of China",2024-10-15,23:45:00,Long March 4C,Gaofen-12 05,Active,,Success
SpaceX,"Space Launch Complex 40, Cape Canaveral SFS, FL, USA",2024-10-18,23:31:00,Falcon 9 Block 5,Starlink Group 8-19,Active,52,Success
SpaceX,"Space Launch Complex 4E, Vandenberg SFB, CA, USA",2024-10-20,05:13:00,Falcon 9 Block 5,OneWeb 20,Active,52,Success
CASC,"Launch Complex 16, Taiyuan Satellite Launch Center, People's Republic of China",2024-10-22,00:10:00,Long March 6,Tianping-3,Active,,Success
CASC,"Launch Complex 3 (LC-3/LA-1), Xichang Satellite Launch Center, People's Republic of China",2024-10-23,01:09:00,Long March 2C,Yaogan 43 Group 03,Active,,Success
Blue Origin,"West Texas Suborbital Launch Site/ Corn Ranch, Corn Ranch, Van Horn, TX, USA",2024-10-23,15:27:00,New Shepard,NS-27,Retired,,Success
SpaceX,"Space Launch Complex 40, Cape Canaveral SFS, FL, USA",2024-10-23,21:47:00,Falcon 9 Block 5,Starlink Group 6-61,Active,52,Success
SpaceX,"Space Launch Complex 4E, Vandenberg SFB, CA, USA",2024-10-24,17:14:00,Falcon 9 Block 5,NROL-167,Active,52,Success
SpaceX,"Space Launch Complex 40, Cape Canaveral SFS, FL, USA",2024-10-26,21:47:00,Falcon 9 Block 5,Starlink Group 10-8,Active,52,Success
CASC,"Launch Area 91 (SLS-1 / 921), Jiuquan Satellite Launch Center, People's Republic of China",2024-10-29,20:27:34,Long March 2F/G,Shenzhou 19,Active,,Success
SpaceX,"Space Launch Complex 4E, Vandenberg SFB, CA, USA",2024-10-30,12:07:00,Falcon 9 Block 5,Starlink Group 9-9,Active,52,Success
SpaceX,"Space Launch Complex 40, Cape Canaveral SFS, FL, USA",2024-10-30,21:10:00,Falcon 9 Block 5,Starlink Group 10-13,Active,52,Success
VKS RF,"43/4 (43R), Plesetsk Cosmodrome, Russian Federation",2024-10-31,07:51:31,Soyuz 2.1a,Kosmos 2579 (Bars-M No. 6),Active,80,Success
MHI,"Yoshinobu Launch Complex LP-2, Tanegashima Space Center, Japan",2024-11-04,06:48:00,H3-22,DSN 3 (Kirameki 3),Active,50,Success
Roscosmos,"Cosmodrome Site 1S, Vostochny Cosmodrome, Siberia, Russian Federation",2024-11-04,23:18:40,Soyuz 2.1b Fregat-M,Ionosfera-M 1 & 2,Active,48.5,Success
SpaceX,"Launch Complex 39A, Kennedy Space Center, FL, USA",2024-11-05,02:29:31,Falcon 9 Block 5,Dragon CRS-2 SpX-31,Active,52,Success
Rocket Lab,"Rocket Lab Launch Complex 1B, Rocket Lab Launch Complex 1, Mahia Peninsula, New Zealand",2024-11-05,10:54:00,Electron,"Changes In Latitudes, Changes In Attitudes (Protosat-1)",Active,6,Success
SpaceX,"Space Launch Complex 40, Cape Canaveral SFS, FL, USA",2024-11-07,20:19:00,Falcon 9 Block 5,Starlink Group 6-77,Active,52,Success
CASC,"Launch Area 94 (SLS-2 / 603), Jiuquan Satellite Launch Center, People's Republic of China",2024-11-09,03:39:00,Long March 2C,PIESAT-2 01-04,Active,,Success
SpaceX,"Space Launch Complex 4E, Vandenberg SFB, CA, USA",2024-11-09,06:14:00,Falcon 9 Block 5,Starlink Group 9-10,Active,52,Success
CAS Space,"Launch Area 130, Jiuquan Satellite Launch Center, People's Republic of China",2024-11-11,04:03:00,Kinetica 1,15 satellites,Active,,Success
SpaceX,"Launch Complex 39A, Kennedy Space Center, FL, USA",2024-11-11,17:22:00,Falcon 9 Block 5,Koreasat 6A,Active,52,Success
SpaceX,"Space Launch Complex 40, Cape Canaveral SFS, FL, USA",2024-11-11,21:28:00,Falcon 9 Block 5,Starlink Group 6-69,Active,52,Success
CASC,"Launch Complex 9, Taiyuan Satellite Launch Center, People's Republic of China",2024-11-13,22:42:00,Long March 4B,Haiyang 4-01,Active,,Success
SpaceX,"Space Launch Complex 4E, Vandenberg SFB, CA, USA",2024-11-14,05:23:00,Falcon 9 Block 5,Starlink Group 9-11,Active,52,Success
SpaceX,"Space Launch Complex 40, Cape Canaveral SFS, FL, USA",2024-11-14,13:21:00,Falcon 9 Block 5,Starlink Group 6-68,Active,52,Success
CASC,"201, Wenchang Space Launch Site, People's Republic of China",2024-11-15,15:13:18,Long March 7,Tianzhou-8,Active,,Success
SpaceX,"Launch Complex 39A, Kennedy Space Center, FL, USA",2024-11-17,22:28:00,Falcon 9 Block 5,Optus-X/TD7,Active,52,Success
SpaceX,"Space Launch Complex 4E, Vandenberg SFB, CA, USA",2024-11-18,05:53:30,Falcon 9 Block 5,Starlink Group 9-12,Active,52,Success
SpaceX,"Space Launch Complex 40, Cape Canaveral SFS, FL, USA",2024-11-18,18:31:00,Falcon 9 Block 5,GSAT-20 (GSAT-N2),Active,52,Success
SpaceX,"Orbital Launch Pad 1, SpaceX Starbase, TX, USA",2024-11-19,22:00:00,Starship V1,Integrated Flight Test 6,Retired,,Success
Roscosmos,"31/6, Baikonur Cosmodrome, Republic of Kazakhstan",2024-11-21,12:22:23,Soyuz 2.1a,Progress MS-29 (90P),Active,80,Success
SpaceX,"Space Launch Complex 40, Cape Canaveral SFS, FL, USA",2024-11-21,16:07:50,Falcon 9 Block 5,Starlink Group 6-66,Active,52,Success
Blue Origin,"West Texas Suborbital Launch Site/ Corn Ranch, Corn Ranch, Van Horn, TX, USA",2024-11-22,15:30:00,New Shepard,NS-28,Retired,,Success
SpaceX,"Space Launch Complex 4E, Vandenberg SFB, CA, USA",2024-11-24,05:25:30,Falcon 9 Block 5,Starlink Group 9-13,Active,52,Success
Rocket Lab,"Rocket Lab Launch Complex 2 (Launch Area 0 C), Wallops Flight Facility, Virginia, USA",2024-11-24,06:00:00,Electron,Leidos-2,Active,6,Success
CASC,"Launch Area 94 (SLS-2 / 603), Jiuquan Satellite Launch Center, People's Republic of China",2024-11-24,23:39:00,Long March 2C,SuperView Neo 2-03 & 04,Active,,Success
Rocket Lab,"Rocket Lab Launch Complex 1B, Rocket Lab Launch Complex 1, Mahia Peninsula, New Zealand",2024-11-25,03:55:00,Electron,Ice AIS Baby (Kinéis 11-15),Active,6,Success
SpaceX,"Space Launch Complex 40, Cape Canaveral SFS, FL, USA",2024-11-25,10:02:20,Falcon 9 Block 5,Starlink Group 12-1,Active,52,Success
LandSpace,"Launch Area 96A, Jiuquan Satellite Launch Center, People's Republic of China",2024-11-27,02:00:00,Zhuque-2E,Guangchuan-01 & 02,Active,,Success
SpaceX,"Launch Complex 39A, Kennedy Space Center, FL, USA",2024-11-27,04:41:30,Falcon 9 Block 5,Starlink Group 6-76,Active,52,Success
Roscosmos,"Cosmodrome Site 1S, Vostochny Cosmodrome, Siberia, Russian Federation",2024-11-29,21:50:25,Soyuz 2.1a Fregat-M,Kondor-FKA No.2,Active,80,Success
SpaceX,"Space Launch Complex 40, Cape Canaveral SFS, FL, USA",2024-11-30,05:00:00,Falcon 9 Block 5,Starlink Group 6-65,Active,52,Success
SpaceX,"Space Launch Complex 4E, Vandenberg SFB, CA, USA",2024-11-30,08:10:00,Falcon 9 Block 5,NROL-126,Active,52,Success
CASC,"Commercial LC-2, Wenchang Space Launch Site, People's Republic of China",2024-11-30,14:25:00,Long March 12,Maiden Flight,Active,,Success
CASC,"Launch Complex 3 (LC-3/LA-1), Xichang Satellite Launch Center, People's Republic of China",2024-12-03,05:56:00,Long March 3B/E,TJSW-13,Active,70,Success
ExPace,"Mobile Launcher Pad, Xichang Satellite Launch Center, People's Republic of China",2024-12-04,04:46:00,Kuaizhou 1A,Haishao-1,Active,,Success
SpaceX,"Space Launch Complex 40, Cape Canaveral SFS, FL, USA",2024-12-04,10:13:10,Falcon 9 Block 5,Starlink Group 6-70,Active,52,Success
VKS RF,"43/4 (43R), Plesetsk Cosmodrome, Russian Federation",2024-12-04,18:03:13,Soyuz 2.1b,Kosmos 2580 (Lotos-S1 #9),Active,80,Success
SpaceX,"Space Launch Complex 4E, Vandenberg SFB, CA, USA",2024-12-05,03:05:00,Falcon 9 Block 5,Starlink Group 9-14,Active,52,Success
CASC,"Launch Complex 9A, Taiyuan Satellite Launch Center, People's Republic of China",2024-12-05,04:41:00,Long March 6A,SpaceSail Polar Group #3,Active,,Success
ISRO,"Satish Dhawan Space Centre First Launch Pad, Satish Dhawan Space Centre, India",2024-12-05,10:34:00,PSLV XL,Proba-3,Active,,Success
SpaceX,"Launch Complex 39A, Kennedy Space Center, FL, USA",2024-12-05,16:10:00,Falcon 9 Block 5,Sirius SXM-9,Active,52,Success
Arianespace,"Ariane Launch Area 1 (ELV), Guiana Space Centre, French Guiana",2024-12-05,21:20:33,Vega-C,Sentinel-1C,Active,48,Success
Iranian Space Agency,"Imam Khomeini Spaceport, Semnan Space Center, Islamic Republic of Iran",2024-12-06,03:14:00,Simorgh,Fakhr-1 & Saman-1,Active,,Success
SpaceX,"Space Launch Complex 40, Cape Canaveral SFS, FL, USA",2024-12-08,05:12:30,Falcon 9 Block 5,Starlink Group 12-5,Active,52,Success
CASC,"Launch Area 94 (SLS-2 / 603), Jiuquan Satellite Launch Center, People's Republic of China",2024-12-12,07:17:00,Long March 2D/YZ-3,High Speed Laser Diamond Constellation Test System,Active,,Success
SpaceX,"Space Launch Complex 4E, Vandenberg SFB, CA, USA",2024-12-13,21:55:40,Falcon 9 Block 5,Starlink Group 11-2,Active,52,Success
Rocket Lab,"Rocket Lab Launch Complex 2 (Launch Area 0 C), Wallops Flight Facility, Virginia, USA",2024-12-14,01:00:00,Electron,Stonehenge,Active,6,Success
CASC,"101, Wenchang Space Launch Site, People's Republic of China",2024-12-16,10:00:00,Long March 5B/YZ-2,SatNet LEO Group 01,Active,,Success
CASC,"Launch Complex 9, Taiyuan Satellite Launch Center, People's Republic of China",2024-12-16,18:50:00,Long March 2D,PIESAT-2 09-12,Active,30,Success
SpaceX,"Space Launch Complex 40, Cape Canaveral SFS, FL, USA",2024-12-17,00:52:00,Falcon 9 Block 5,GPS III SV07 (RRT-1),Active,52,Success
SpaceX,"Space Launch Complex 4E, Vandenberg SFB, CA, USA",2024-12-17,13:19:00,Falcon 9 Block 5,NROL-149,Active,52,Success
SpaceX,"Launch Complex 39A, Kennedy Space Center, FL, USA",2024-12-17,22:26:00,Falcon 9 Block 5,O3b mPower 7 & 8,Active,52,Success
Space One,"Space One Launch Pad, Spaceport Kii, Japan",2024-12-18,02:00:00,Kii-based Advanced & Instant ROcket System,Flight 2,Active,9,Failure
Galactic Energy,"Rizhao offshore launch location, Haiyang Oriental Spaceport",2024-12-19,10:18:00,Ceres-1S,Tianqi 33-36,Active,,Success
CASC,"Launch Complex 2 (LC-2), Xichang Satellite Launch Center, People's Republic of China",2024-12-20,15:12:00,Long March 3B/E,TJSW-12,Active,70,Success
SpaceX,"Space Launch Complex 4E, Vandenberg SFB, CA, USA",2024-12-21,11:34:24,Falcon 9 Block 5,Bandwagon 2 (Dedicated Mid-Inclination Rideshare),Active,52,Success
Rocket Lab,"Rocket Lab Launch Complex 1B, Rocket Lab Launch Complex 1, Mahia Peninsula, New Zealand",2024-12-21,14:17:00,Electron,Owl The Way Up (StriX Launch 6),Active,6,Success
SpaceX,"Launch Complex 39A, Kennedy Space Center, FL, USA",2024-12-23,05:35:30,Falcon 9 Block 5,Starlink Group 12-2,Active,52,Success
Roscosmos,"31/6, Baikonur Cosmodrome, Republic of Kazakhstan",2024-12-25,07:45:42,Soyuz 2.1b,Resurs-P No.5,Active,80,Success
CAS Space,"Launch Area 130, Jiuquan Satellite Launch Center, People's Republic of China",2024-12-27,01:03:31,Kinetica 1,DEAR-3 & 10 other satellites,Active,,Failure
SpaceX,"Space Launch Complex 4E, Vandenberg SFB, CA, USA",2024-12-29,01:58:30,Falcon 9 Block 5,Starlink Group 11-3,Active,52,Success
SpaceX,"Space Launch Complex 40, Cape Canaveral SFS, FL, USA",2024-12-29,05:00:00,Falcon 9 Block 5,Astranis: From One to Many (4x Astranis MicroGEO),Active,52,Success
ISRO,"Satish Dhawan Space Centre First Launch Pad, Satish Dhawan Space Centre, India",2024-12-30,16:30:15,PSLV-CA,SPADEX (Space Docking Experiment),Active,16,Success
SpaceX,"Launch Complex 39A, Kennedy Space Center, FL, USA",2024-12-31,05:39:10,Falcon 9 Block 5,Starlink Group 12-6,Active,52,Success
SpaceX,"Space Launch Complex 40, Cape Canaveral SFS, FL, USA",2025-01-04,01:27:00,Falcon 9 Block 5,Thuraya 4-NGS,Active,52,Success
CASC,"Launch Complex 3 (LC-3/LA-1), Xichang Satellite Launch Center, People's Republic of China",2025-01-06,20:00:00,Long March 3B/E,Shijian 25,Active,70,Success
SpaceX,"Space Launch Complex 40, Cape Canaveral SFS, FL, USA",2025-01-06,20:43:59,Falcon 9 Block 5,Starlink Group 6-71,Active,52,Success
SpaceX,"Launch Complex 39A, Kennedy Space Center, FL, USA",2025-01-08,15:27:00,Falcon 9 Block 5,Starlink Group 12-11,Active,52,Success
SpaceX,"Space Launch Complex 4E, Vandenberg SFB, CA, USA",2025-01-10,03:53:49,Falcon 9 Block 5,NROL-153,Active,52,Success
SpaceX,"Space Launch Complex 40, Cape Canaveral SFS, FL, USA",2025-01-10,19:11:20,Falcon 9 Block 5,Starlink Group 12-12,Active,52,Success
China Rocket,"Haiyang offshore launch location, Haiyang Oriental Spaceport",2025-01-13,03:00:00,Smart Dragon 3,10 x CentiSpace-1,Active,,Success
SpaceX,"Space Launch Complex 40, Cape Canaveral SFS, FL, USA",2025-01-13,16:47:09,Falcon 9 Block 5,Starlink Group 12-4,Active,52,Success
SpaceX,"Space Launch Complex 4E, Vandenberg SFB, CA, USA",2025-01-14,19:09:00,Falcon 9 Block 5,Transporter 12 (Dedicated SSO Rideshare),Active,52,Success
SpaceX,"Launch Complex 39A, Kennedy Space Center, FL, USA",2025-01-15,06:11:39,Falcon 9 Block 5,Blue Ghost Lunar Lander Mission 1 & Hakuto-R M2 “Resilience”,Active,52,Success
Blue Origin,"Launch Complex 36A, Cape Canaveral SFS, FL, USA",2025-01-16,07:03:00,New Glenn,Maiden Flight,Active,,Success
SpaceX,"Orbital Launch Pad 1, SpaceX Starbase, TX, USA",2025-01-16,22:37:00,Starship V2,Flight 7,Retired,,Failure
CASC,"Launch Area 94 (SLS-2 / 603), Jiuquan Satellite Launch Center, People's Republic of China",2025-01-17,04:07:00,Long March 2D,PRSC-EO1,Active,30,Success
Galactic Energy,"Launch Area 95A, Jiuquan Satellite Launch Center, People's Republic of China",2025-01-20,10:11:00,Ceres-1,5 satellites,Active,,Success
SpaceX,"Launch Complex 39A, Kennedy Space Center, FL, USA",2025-01-21,05:24:50,Falcon 9 Block 5,Starlink Group 13-1,Active,52,Success
SpaceX,"Space Launch Complex 4E, Vandenberg SFB, CA, USA",2025-01-21,15:45:50,Falcon 9 Block 5,Starlink Group 11-8,Active,52,Success
CASC,"Launch Complex 9A, Taiyuan Satellite Launch Center, People's Republic of China",2025-01-23,05:15:00,Long March 6A,SpaceSail Polar Group #4,Active,,Success
CASC,"Launch Complex 2 (LC-2), Xichang Satellite Launch Center, People's Republic of China",2025-01-23,15:32:00,Long March 3B/E,TJSW-14,Active,70,Success
SpaceX,"Space Launch Complex 4E, Vandenberg SFB, CA, USA",2025-01-24,14:07:00,Falcon 9 Block 5,Starlink Group 11-6,Active,52,Success
SpaceX,"Space Launch Complex 40, Cape Canaveral SFS, FL, USA",2025-01-27,22:05:00,Falcon 9 Block 5,Starlink Group 12-7,Active,52,Success
ISRO,"Satish Dhawan Space Centre Second Launch Pad, Satish Dhawan Space Centre, India",2025-01-29,00:53:00,GSLV Mk. II,IRNSS-1K (NVS-02),Active,,Success
SpaceX,"Launch Complex 39A, Kennedy Space Center, FL, USA",2025-01-30,01:34:00,Falcon 9 Block 5,SpainSat NG I,Active,52,Success
SpaceX,"Space Launch Complex 4E, Vandenberg SFB, CA, USA",2025-02-01,23:02:10,Falcon 9 Block 5,Starlink Group 11-4,Active,52,Success
MHI,"Yoshinobu Launch Complex LP-2, Tanegashima Space Center, Japan",2025-02-02,08:30:00,H3-22,Michibiki 6 (QZS-6),Active,50,Success
SpaceX,"Space Launch Complex 40, Cape Canaveral SFS, FL, USA",2025-02-04,10:15:00,Falcon 9 Block 5,Starlink Group 12-3,Active,52,Success
Blue Origin,"West Texas Suborbital Launch Site/ Corn Ranch, Corn Ranch, Van Horn, TX, USA",2025-02-04,16:00:00,New Shepard,NS-29,Retired,,Success
SpaceX,"Launch Complex 39A, Kennedy Space Center, FL, USA",2025-02-04,23:13:00,Falcon 9 Block 5,WorldView Legion 5 & 6,Active,52,Success
VKS RF,"43/4 (43R), Plesetsk Cosmodrome, Russian Federation",2025-02-05,03:59:24,Soyuz 2.1v Volga,Kosmos 2581/2582/2583,Retired,,Success
SpaceX,"Space Launch Complex 40, Cape Canaveral SFS, FL, USA",2025-02-08,19:18:30,Falcon 9 Block 5,Starlink Group 12-9,Active,52,Success
Rocket Lab,"Rocket Lab Launch Complex 1A, Rocket Lab Launch Complex 1, Mahia Peninsula, New Zealand",2025-02-08,20:43:00,Electron,IoT 4 You and Me (Kinéis 16-20),Active,6,Success
SpaceX,"Space Launch Complex 4E, Vandenberg SFB, CA, USA",2025-02-11,02:09:40,Falcon 9 Block 5,Starlink Group 11-10,Active,52,Success
CASC,"201, Wenchang Space Launch Site, People's Republic of China",2025-02-11,09:30:00,Long March 8A,SatNet LEO Group 02 (Demo Flight),Active,,Success
SpaceX,"Space Launch Complex 40, Cape Canaveral SFS, FL, USA",2025-02-11,18:53:20,Falcon 9 Block 5,Starlink Group 12-18,Active,52,Success
SpaceX,"Space Launch Complex 40, Cape Canaveral SFS, FL, USA",2025-02-15,06:14:10,Falcon 9 Block 5,Starlink Group 12-8,Active,52,Success
Rocket Lab,"Rocket Lab Launch Complex 1B, Rocket Lab Launch Complex 1, Mahia Peninsula, New Zealand",2025-02-18,23:17:00,Electron,Fasten Your Space Belts (BlackSky Gen-3 1),Active,6,Success
SpaceX,"Space Launch Complex 40, Cape Canaveral SFS, FL, USA",2025-02-18,23:21:50,Falcon 9 Block 5,Starlink Group 10-12,Active,52,Success
SpaceX,"Space Launch Complex 40, Cape Canaveral SFS, FL, USA",2025-02-21,15:19:00,Falcon 9 Block 5,Starlink Group 12-14,Active,52,Success
CASC,"Launch Complex 2 (LC-2), Xichang Satellite Launch Center, People's Republic of China",2025-02-22,12:11:00,Long March 3B/E,ChinaSat 10R,Active,70,Success
SpaceX,"Space Launch Complex 4E, Vandenberg SFB, CA, USA",2025-02-23,01:38:20,Falcon 9 Block 5,Starlink Group 15-1,Active,52,Success
Blue Origin,"West Texas Suborbital Launch Site/ Corn Ranch, Corn Ranch, Van Horn, TX, USA",2025-02-25,15:49:11,New Shepard,NS-30,Retired,,Success
SpaceX,"Launch Complex 39A, Kennedy Space Center, FL, USA",2025-02-27,00:16:30,Falcon 9 Block 5,Nova-C IM-2 & Others,Active,52,Success
SpaceX,"Space Launch Complex 40, Cape Canaveral SFS, FL, USA",2025-02-27,03:34:20,Falcon 9 Block 5,Starlink Group 12-13,Active,52,Success
CASC,"Launch Area 94 (SLS-2 / 603), Jiuquan Satellite Launch Center, People's Republic of China",2025-02-27,07:08:00,Long March 2C,SuperView Neo 1-03 & 04,Active,,Success
Roscosmos,"31/6, Baikonur Cosmodrome, Republic of Kazakhstan",2025-02-27,21:24:27,Soyuz 2.1a,Progress MS-30 (91P),Active,80,Success
ExPace,"Launch Area 95A, Jiuquan Satellite Launch Center, People's Republic of China",2025-03-01,10:00:00,Kuaizhou 1A,Unknown Payload,Active,,Failure
VKS RF,"43/3 (43L), Plesetsk Cosmodrome, Russian Federation",2025-03-02,22:22:17,Soyuz 2.1b Fregat-M,Glonass-K2 No. 14 (Kosmos 2584),Active,48.5,Success
SpaceX,"Space Launch Complex 40, Cape Canaveral SFS, FL, USA",2025-03-03,02:24:00,Falcon 9 Block 5,Starlink Group 12-20,Active,52,Success
Arianespace,"Ariane Launch Area 4, Guiana Space Centre, French Guiana",2025-03-06,16:24:26,Ariane 62,CSO-3,Active,85,Success
SpaceX,"Orbital Launch Pad 1, SpaceX Starbase, TX, USA",2025-03-06,23:30:00,Starship V2,Flight 8,Retired,,Failure
CASC,"Launch Complex 3 (LC-3/LA-1), Xichang Satellite Launch Center, People's Republic of China",2025-03-09,17:17:00,Long March 3B/E,TJSW-15,Active,70,Success
CASC,"Commercial LC-1, Wenchang Space Launch Site, People's Republic of China",2025-03-11,16:38:00,Long March 8,SpaceSail Polar Group #5,Active,,Success
SpaceX,"Space Launch Complex 4E, Vandenberg SFB, CA, USA",2025-03-12,03:10:12,Falcon 9 Block 5,SPHEREx & PUNCH,Active,52,Success
SpaceX,"Space Launch Complex 40, Cape Canaveral SFS, FL, USA",2025-03-13,02:35:30,Falcon 9 Block 5,Starlink Group 12-21,Active,52,Success
SpaceX,"Launch Complex 39A, Kennedy Space Center, FL, USA",2025-03-14,23:03:48,Falcon 9 Block 5,Crew-10,Active,52,Success
Rocket Lab,"Rocket Lab Launch Complex 1B, Rocket Lab Launch Complex 1, Mahia Peninsula, New Zealand",2025-03-15,00:00:00,Electron,The Lightning God Reigns (iQPS Launch 1),Active,6,Success
CASC,"Launch Area 94 (SLS-2 / 603), Jiuquan Satellite Launch Center, People's Republic of China",2025-03-15,04:11:00,Long March 2D,SuperView Neo 3-02,Active,30,Success
SpaceX,"Space Launch Complex 4E, Vandenberg SFB, CA, USA",2025-03-15,06:43:00,Falcon 9 Block 5,Transporter 13 (Dedicated SSO Rideshare),Active,52,Success
SpaceX,"Space Launch Complex 40, Cape Canaveral SFS, FL, USA",2025-03-15,11:35:10,Falcon 9 Block 5,Starlink Group 12-16,Active,52,Success
VKS RF,"35/1, Plesetsk Cosmodrome, Russian Federation",2025-03-16,10:49:26,Angara 1.2,"3 x Rodnik (Kosmos 2585, 2586, 2587)",Active,31,Success
Galactic Energy,"Launch Area 95A, Jiuquan Satellite Launch Center, People's Republic of China",2025-03-17,08:07:00,Ceres-1,8 satellites,Active,,Success
Rocket Lab,"Rocket Lab Launch Complex 1A, Rocket Lab Launch Complex 1, Mahia Peninsula, New Zealand",2025-03-18,01:31:00,Electron,High Five (Kinéis 21-25),Active,6,Success
SpaceX,"Space Launch Complex 40, Cape Canaveral SFS, FL, USA",2025-03-18,19:57:50,Falcon 9 Block 5,Starlink Group 12-25,Active,52,Success
SpaceX,"Space Launch Complex 4E, Vandenberg SFB, CA, USA",2025-03-21,06:49:00,Falcon 9 Block 5,NROL-57,Active,52,Success
Galactic Energy,"Launch Area 95A, Jiuquan Satellite Launch Center, People's Republic of China",2025-03-21,11:07:00,Ceres-1,Yunyao-1 43-48,Active,,Success
SpaceX,"Space Launch Complex 40, Cape Canaveral SFS, FL, USA",2025-03-24,17:48:00,Falcon 9 Block 5,NROL-69,Active,52,Success
Rocket Lab,"Rocket Lab Launch Complex 1B, Rocket Lab Launch Complex 1, Mahia Peninsula, New Zealand",2025-03-26,15:30:00,Electron,Finding Hot Wildfires Near You (OroraTech OTC-P1),Active,6,Success
CASC,"Launch Complex 2 (LC-2), Xichang Satellite Launch Center, People's Republic of China",2025-03-26,15:55:00,Long March 3B/E,Tianlian 2-04,Active,70,Success
SpaceX,"Space Launch Complex 4E, Vandenberg SFB, CA, USA",2025-03-26,22:11:40,Falcon 9 Block 5,Starlink Group 11-7,Active,52,Success
CASC,"201, Wenchang Space Launch Site, People's Republic of China",2025-03-29,16:05:00,Long March 7A,TJSW-16,Active,,Success
Isar Aerospace,"Orbital Launch Pad, Andøya Spaceport",2025-03-30,10:30:00,Spectrum,Maiden Flight,Retired,,Failure
SpaceX,"Space Launch Complex 40, Cape Canaveral SFS, FL, USA",2025-03-31,19:52:50,Falcon 9 Block 5,Starlink Group 6-80,Active,52,Success
SpaceX,"Launch Complex 39A, Kennedy Space Center, FL, USA",2025-04-01,01:46:50,Falcon 9 Block 5,Fram2,Active,52,Success
CASC,"Launch Area 94 (SLS-2 / 603), Jiuquan Satellite Launch Center, People's Republic of China",2025-04-01,04:00:00,Long March 2D,4 x SatNet test satellites,Active,30,Success
CASC,"Launch Complex 16, Taiyuan Satellite Launch Center, People's Republic of China",2025-04-03,02:12:00,Long March 6,Tianping-3A-02,Active,,Success
SpaceX,"Space Launch Complex 4E, Vandenberg SFB, CA, USA",2025-04-04,01:02:50,Falcon 9 Block 5,Starlink Group 11-13,Active,52,Success
SpaceX,"Space Launch Complex 40, Cape Canaveral SFS, FL, USA",2025-04-06,03:07:20,Falcon 9 Block 5,Starlink Group 6-72,Active,52,Success
SpaceX,"Space Launch Complex 4E, Vandenberg SFB, CA, USA",2025-04-07,23:06:10,Falcon 9 Block 5,Starlink Group 11-11,Active,52,Success
Roscosmos,"31/6, Baikonur Cosmodrome, Republic of Kazakhstan",2025-04-08,05:47:15,Soyuz 2.1a,Soyuz MS-27,Active,80,Success
CASC,"Launch Complex 3 (LC-3/LA-1), Xichang Satellite Launch Center, People's Republic of China",2025-04-10,16:47:00,Long March 3B/E,TJSW-17,Active,70,Success
SpaceX,"Space Launch Complex 4E, Vandenberg SFB, CA, USA",2025-04-12,12:25:00,Falcon 9 Block 5,NROL-192,Active,52,Success
SpaceX,"Launch Complex 39A, Kennedy Space Center, FL, USA",2025-04-13,00:53:30,Falcon 9 Block 5,Starlink Group 12-17,Active,52,Success
SpaceX,"Space Launch Complex 40, Cape Canaveral SFS, FL, USA",2025-04-14,04:00:10,Falcon 9 Block 5,Starlink Group 6-73,Active,52,Success
Blue Origin,"West Texas Suborbital Launch Site/ Corn Ranch, Corn Ranch, Van Horn, TX, USA",2025-04-14,13:30:00,New Shepard,NS-31,Retired,,Success
Northrop Grumman Space Systems,"Space Launch Complex 8, Vandenberg SFB, CA, USA",2025-04-16,19:33:00,Minotaur IV,NROL-174,Active,,Success
CASC,"Launch Complex 9A, Taiyuan Satellite Launch Center, People's Republic of China",2025-04-18,22:51:00,Long March 6A,Shiyan 27 01-06,Active,,Success
SpaceX,"Space Launch Complex 4E, Vandenberg SFB, CA, USA",2025-04-20,12:29:00,Falcon 9 Block 5,NROL-145,Active,52,Success
SpaceX,"Launch Complex 39A, Kennedy Space Center, FL, USA",2025-04-21,08:15:45,Falcon 9 Block 5,Dragon CRS-2 SpX-32,Active,52,Success
SpaceX,"Space Launch Complex 40, Cape Canaveral SFS, FL, USA",2025-04-22,00:48:34,Falcon 9 Block 5,Bandwagon 3 (Dedicated Mid-Inclination Rideshare),Active,52,Success
CASC,"Launch Area 91 (SLS-1 / 921), Jiuquan Satellite Launch Center, People's Republic of China",2025-04-24,09:17:31,Long March 2F/G,Shenzhou 20,Active,,Success
SpaceX,"Space Launch Complex 40, Cape Canaveral SFS, FL, USA",2025-04-25,01:52:40,Falcon 9 Block 5,Starlink Group 6-74,Active,52,Success
CASC,"Launch Complex 2 (LC-2), Xichang Satellite Launch Center, People's Republic of China",2025-04-27,15:54:00,Long March 3B/E,Tianlian 2-05,Active,70,Success
SpaceX,"Space Launch Complex 40, Cape Canaveral SFS, FL, USA",2025-04-28,02:09:40,Falcon 9 Block 5,Starlink Group 12-23,Active,52,Success
CASC,"101, Wenchang Space Launch Site, People's Republic of China",2025-04-28,20:10:00,Long March 5B/YZ-2,SatNet LEO Group 03,Active,,Success
SpaceX,"Space Launch Complex 4E, Vandenberg SFB, CA, USA",2025-04-28,20:42:30,Falcon 9 Block 5,Starlink Group 11-9,Active,52,Success
ULA,"Space Launch Complex 41, Cape Canaveral SFS, FL, USA",2025-04-28,23:01:00,Atlas V 551,Amazon Leo (KA-01),Retired,153,Success
SpaceX,"Launch Complex 39A, Kennedy Space Center, FL, USA",2025-04-29,02:34:10,Falcon 9 Block 5,Starlink Group 12-10,Active,52,Success
Arianespace,"Ariane Launch Area 1 (ELV), Guiana Space Centre, French Guiana",2025-04-29,09:15:52,Vega-C,Biomass,Active,48,Success
Firefly Aerospace,"Space Launch Complex 2W, Vandenberg SFB, CA, USA",2025-04-29,13:37:00,Firefly Alpha,FLTA006 (Message in a Booster),Active,15,Failure
SpaceX,"Space Launch Complex 40, Cape Canaveral SFS, FL, USA",2025-05-02,01:51:10,Falcon 9 Block 5,Starlink Group 6-75,Active,52,Success
SpaceX,"Launch Complex 39A, Kennedy Space Center, FL, USA",2025-05-04,08:54:40,Falcon 9 Block 5,Starlink Group 6-84,Active,52,Success
SpaceX,"Space Launch Complex 40, Cape Canaveral SFS, FL, USA",2025-05-07,01:17:20,Falcon 9 Block 5,Starlink Group 6-93,Active,52,Success
SpaceX,"Space Launch Complex 4E, Vandenberg SFB, CA, USA",2025-05-10,00:19:50,Falcon 9 Block 5,Starlink Group 15-3,Active,52,Success
SpaceX,"Space Launch Complex 40, Cape Canaveral SFS, FL, USA",2025-05-10,06:28:00,Falcon 9 Block 5,Starlink Group 6-91,Active,52,Success
CASC,"Launch Complex 9A, Taiyuan Satellite Launch Center, People's Republic of China",2025-05-11,13:27:00,Long March 6A,Yaogan 40 Group 02,Active,,Success
CASC,"Launch Complex 3 (LC-3/LA-1), Xichang Satellite Launch Center, People's Republic of China",2025-05-12,18:09:00,Long March 3C/E,TJSW-19,Active,,Success
SpaceX,"Space Launch Complex 4E, Vandenberg SFB, CA, USA",2025-05-13,01:15:10,Falcon 9 Block 5,Starlink Group 15-4,Active,52,Success
SpaceX,"Launch Complex 39A, Kennedy Space Center, FL, USA",2025-05-13,05:02:20,Falcon 9 Block 5,Starlink Group 6-83,Active,52,Success
CASC,"Launch Area 94 (SLS-2 / 603), Jiuquan Satellite Launch Center, People's Republic of China",2025-05-14,04:12:00,Long March 2D,Space Computing Constellation,Active,30,Success
SpaceX,"Space Launch Complex 40, Cape Canaveral SFS, FL, USA",2025-05-14,16:38:50,Falcon 9 Block 5,Starlink Group 6-67,Active,52,Success
SpaceX,"Space Launch Complex 4E, Vandenberg SFB, CA, USA",2025-05-16,13:43:50,Falcon 9 Block 5,Starlink Group 15-5,Active,52,Success
LandSpace,"Launch Area 96A, Jiuquan Satellite Launch Center, People's Republic of China",2025-05-17,04:12:00,Zhuque-2E,6 satellites,Active,,Success
Rocket Lab,"Rocket Lab Launch Complex 1A, Rocket Lab Launch Complex 1, Mahia Peninsula, New Zealand",2025-05-17,08:17:00,Electron,The Sea God Sees (iQPS Launch 2),Active,6,Success
ISRO,"Satish Dhawan Space Centre First Launch Pad, Satish Dhawan Space Centre, India",2025-05-18,00:29:00,PSLV XL,EOS-09 (RISAT-1B),Active,,Failure
Galactic Energy,"Rizhao offshore launch location, Haiyang Oriental Spaceport",2025-05-19,07:38:00,Ceres-1S,Tianqi 16-18 & 20,Active,,Success
CASC,"201, Wenchang Space Launch Site, People's Republic of China",2025-05-20,11:50:00,Long March 7A,ChinaSat 3B,Active,,Success
SpaceX,"Space Launch Complex 40, Cape Canaveral SFS, FL, USA",2025-05-21,03:19:10,Falcon 9 Block 5,Starlink Group 12-15,Active,52,Success
CAS Space,"Launch Area 130, Jiuquan Satellite Launch Center, People's Republic of China",2025-05-21,04:05:00,Kinetica 1,6 satellites,Active,,Success
VKS RF,"43/4 (43R), Plesetsk Cosmodrome, Russian Federation",2025-05-23,08:36:00,Soyuz 2.1b Fregat-M,Kosmos 2588,Active,48.5,Success
SpaceX,"Space Launch Complex 4E, Vandenberg SFB, CA, USA",2025-05-23,22:32:20,Falcon 9 Block 5,Starlink Group 11-16,Active,52,Success
SpaceX,"Space Launch Complex 40, Cape Canaveral SFS, FL, USA",2025-05-24,17:19:10,Falcon 9 Block 5,Starlink Group 12-22,Active,52,Success
SpaceX,"Space Launch Complex 4E, Vandenberg SFB, CA, USA",2025-05-27,16:57:15,Falcon 9 Block 5,Starlink Group 17-1,Active,52,Success
SpaceX,"Orbital Launch Pad 1, SpaceX Starbase, TX, USA",2025-05-27,23:36:00,Starship V2,Flight 9,Retired,,Failure
SpaceX,"Launch Complex 39A, Kennedy Space Center, FL, USA",2025-05-28,13:30:00,Falcon 9 Block 5,Starlink Group 10-32,Active,52,Success
CASC,"Launch Complex 2 (LC-2), Xichang Satellite Launch Center, People's Republic of China",2025-05-28,17:31:00,Long March 3B/E,Tianwen-2,Active,70,Success
CASC,"Launch Area 94 (SLS-2 / 603), Jiuquan Satellite Launch Center, People's Republic of China",2025-05-29,04:12:00,Long March 4B,Shijian 26,Active,,Success
SpaceX,"Space Launch Complex 40, Cape Canaveral SFS, FL, USA",2025-05-30,17:37:59,Falcon 9 Block 5,GPS III SV08,Active,52,Success
Blue Origin,"West Texas Suborbital Launch Site/ Corn Ranch, Corn Ranch, Van Horn, TX, USA",2025-05-31,13:39:11,New Shepard,NS-32,Retired,,Success
SpaceX,"Space Launch Complex 4E, Vandenberg SFB, CA, USA",2025-05-31,20:10:00,Falcon 9 Block 5,Starlink Group 11-18,Active,52,Success
Rocket Lab,"Rocket Lab Launch Complex 1B, Rocket Lab Launch Complex 1, Mahia Peninsula, New Zealand",2025-06-02,23:57:00,Electron,Full Stream Ahead (BlackSky Gen-3 2),Active,6,Success
SpaceX,"Space Launch Complex 40, Cape Canaveral SFS, FL, USA",2025-06-03,04:43:40,Falcon 9 Block 5,Starlink Group 12-19,Active,52,Success
SpaceX,"Space Launch Complex 4E, Vandenberg SFB, CA, USA",2025-06-04,23:40:30,Falcon 9 Block 5,Starlink Group 11-22,Active,52,Success
CASC,"Launch Complex 9A, Taiyuan Satellite Launch Center, People's Republic of China",2025-06-05,20:45:00,Long March 6A,SatNet LEO Group 04,Active,,Success
SpaceX,"Space Launch Complex 40, Cape Canaveral SFS, FL, USA",2025-06-07,04:54:00,Falcon 9 Block 5,Sirius SXM-10,Active,52,Success
SpaceX,"Space Launch Complex 4E, Vandenberg SFB, CA, USA",2025-06-08,14:20:10,Falcon 9 Block 5,Starlink Group 15-8,Active,52,Success
SpaceX,"Space Launch Complex 40, Cape Canaveral SFS, FL, USA",2025-06-10,13:05:40,Falcon 9 Block 5,Starlink Group 12-24,Active,52,Success
Rocket Lab,"Rocket Lab Launch Complex 1A, Rocket Lab Launch Complex 1, Mahia Peninsula, New Zealand",2025-06-11,15:31:00,Electron,The Mountain God Guards (iQPS Launch 3),Active,6,Success
SpaceX,"Space Launch Complex 4E, Vandenberg SFB, CA, USA",2025-06-13,01:54:50,Falcon 9 Block 5,Starlink Group 15-6,Active,52,Success
SpaceX,"Space Launch Complex 40, Cape Canaveral SFS, FL, USA",2025-06-13,15:29:00,Falcon 9 Block 5,Starlink Group 12-26,Active,52,Success
CASC,"Launch Area 94 (SLS-2 / 603), Jiuquan Satellite Launch Center, People's Republic of China",2025-06-14,07:56:00,Long March 2D,Zhangheng-1-02,Active,30,Success
SpaceX,"Space Launch Complex 4E, Vandenberg SFB, CA, USA",2025-06-17,03:36:50,Falcon 9 Block 5,Starlink Group 15-9,Active,52,Success
SpaceX,"Space Launch Complex 40, Cape Canaveral SFS, FL, USA",2025-06-18,05:55:10,Falcon 9 Block 5,Starlink Group 10-18,Active,52,Success
VKS RF,"35/1, Plesetsk Cosmodrome, Russian Federation",2025-06-19,03:01:20,Angara A5/Briz-M,Kosmos 2589 & 2590,Active,31,Success
CASC,"Launch Complex 2 (LC-2), Xichang Satellite Launch Center, People's Republic of China",2025-06-20,12:37:00,Long March 3B/E,ChinaSat 9C,Active,70,Success
SpaceX,"Space Launch Complex 40, Cape Canaveral SFS, FL, USA",2025-06-23,05:58:30,Falcon 9 Block 5,Starlink Group 10-23,Active,52,Success
ULA,"Space Launch Complex 41, Cape Canaveral SFS, FL, USA",2025-06-23,10:54:30,Atlas V 551,Amazon Leo (KA-02),Retired,153,Success
SpaceX,"Space Launch Complex 4E, Vandenberg SFB, CA, USA",2025-06-23,21:25:30,Falcon 9 Block 5,Transporter 14 (Dedicated SSO Rideshare),Active,52,Success
SpaceX,"Launch Complex 39A, Kennedy Space Center, FL, USA",2025-06-25,06:31:52,Falcon 9 Block 5,Axiom Space Mission 4,Active,52,Success
SpaceX,"Space Launch Complex 40, Cape Canaveral SFS, FL, USA",2025-06-25,19:54:50,Falcon 9 Block 5,Starlink Group 10-16,Active,52,Success
Rocket Lab,"Rocket Lab Launch Complex 1A, Rocket Lab Launch Complex 1, Mahia Peninsula, New Zealand",2025-06-26,17:28:00,Electron,Get The Hawk Outta Here (4x HawkEye 360),Active,6,Success
SpaceX,"Space Launch Complex 40, Cape Canaveral SFS, FL, USA",2025-06-28,04:26:00,Falcon 9 Block 5,Starlink Group 10-34,Active,52,Success
Rocket Lab,"Rocket Lab Launch Complex 1B, Rocket Lab Launch Complex 1, Mahia Peninsula, New Zealand",2025-06-28,07:08:00,Electron,Symphony In The Stars (EchoStar Lyra-4),Active,6,Success
JAXA,"Yoshinobu Launch Complex LP-1, Tanegashima Space Center, Japan",2025-06-28,16:33:03,H-IIA 202,GOSAT-GW (Ibuki GW),Retired,90,Success
SpaceX,"Space Launch Complex 4E, Vandenberg SFB, CA, USA",2025-06-28,17:13:00,Falcon 9 Block 5,Starlink Group 15-7,Active,52,Success
Blue Origin,"West Texas Suborbital Launch Site/ Corn Ranch, Corn Ranch, Van Horn, TX, USA",2025-06-29,14:39:56,New Shepard,NS-33,Retired,,Success
SpaceX,"Launch Complex 39A, Kennedy Space Center, FL, USA",2025-07-01,21:04:00,Falcon 9 Block 5,MTG-S1,Active,52,Success
SpaceX,"Space Launch Complex 40, Cape Canaveral SFS, FL, USA",2025-07-02,06:28:10,Falcon 9 Block 5,Starlink Group 10-25,Active,52,Success
CASC,"Launch Complex 3 (LC-3/LA-1), Xichang Satellite Launch Center, People's Republic of China",2025-07-03,09:35:00,Long March 4C,Shiyan 28 B-01,Active,,Success
Roscosmos,"31/6, Baikonur Cosmodrome, Republic of Kazakhstan",2025-07-03,19:32:40,Soyuz 2.1a,Progress MS-31 (92P),Active,80,Success
SpaceX,"Space Launch Complex 40, Cape Canaveral SFS, FL, USA",2025-07-08,08:21:00,Falcon 9 Block 5,Starlink Group 10-28,Active,52,Success
SpaceX,"Space Launch Complex 40, Cape Canaveral SFS, FL, USA",2025-07-13,05:04:00,Falcon 9 Block 5,Dror-1,Active,52,Success
CASC,"201, Wenchang Space Launch Site, People's Republic of China",2025-07-14,21:34:23,Long March 7,Tianzhou-9,Active,,Success
SpaceX,"Space Launch Complex 4E, Vandenberg SFB, CA, USA",2025-07-16,02:05:20,Falcon 9 Block 5,Starlink Group 15-2,Active,52,Success
SpaceX,"Space Launch Complex 40, Cape Canaveral SFS, FL, USA",2025-07-16,06:30:00,Falcon 9 Block 5,Amazon Leo (KF-01),Active,52,Success
SpaceX,"Space Launch Complex 4E, Vandenberg SFB, CA, USA",2025-07-19,03:52:59,Falcon 9 Block 5,Starlink Group 17-3,Active,52,Success
SpaceX,"Space Launch Complex 40, Cape Canaveral SFS, FL, USA",2025-07-22,21:12:00,Falcon 9 Block 5,O3b mPower 9-10,Active,52,Success
SpaceX,"Space Launch Complex 4E, Vandenberg SFB, CA, USA",2025-07-23,18:13:00,Falcon 9 Block 5,TRACERS,Active,52,Success
Roscosmos,"Cosmodrome Site 1S, Vostochny Cosmodrome, Siberia, Russian Federation",2025-07-25,05:54:04,Soyuz 2.1b Fregat-M,Ionosfera-M 3 & 4,Active,48.5,Success
Arianespace,"Ariane Launch Area 1 (ELV), Guiana Space Centre, French Guiana",2025-07-26,02:03:48,Vega-C,CO3D & MicroCarb,Active,48,Success
SpaceX,"Space Launch Complex 40, Cape Canaveral SFS, FL, USA",2025-07-26,09:01:40,Falcon 9 Block 5,Starlink Group 10-26,Active,52,Success
SpaceX,"Space Launch Complex 4E, Vandenberg SFB, CA, USA",2025-07-27,04:31:09,Falcon 9 Block 5,Starlink Group 17-2,Active,52,Success
CASC,"Launch Complex 9A, Taiyuan Satellite Launch Center, People's Republic of China",2025-07-27,10:03:00,Long March 6A,SatNet LEO Group 05,Active,,Success
i-Space,"Launch Area 95A, Jiuquan Satellite Launch Center, People's Republic of China",2025-07-29,04:11:00,Hyperbola-1,Kunpeng-03,Active,,Success
Gilmour Space Technologies,"Eris Pad, Bowen Orbital Spaceport",2025-07-29,22:35:00,Eris Block 1,Maiden Flight,Active,,Failure
SpaceX,"Space Launch Complex 40, Cape Canaveral SFS, FL, USA",2025-07-30,03:37:50,Falcon 9 Block 5,Starlink Group 10-29,Active,52,Success
CASC,"Commercial LC-1, Wenchang Space Launch Site, People's Republic of China",2025-07-30,07:49:00,Long March 8A,SatNet LEO Group 06,Active,,Success
ISRO,"Satish Dhawan Space Centre Second Launch Pad, Satish Dhawan Space Centre, India",2025-07-30,12:10:00,GSLV Mk. II,NISAR (NASA-ISRO Synthetic Aperture Radar),Active,,Success
ExPace,"Mobile Launcher Pad, Xichang Satellite Launch Center, People's Republic of China",2025-07-31,02:00:00,Kuaizhou 1A,PRSC-S1,Active,,Success
SpaceX,"Space Launch Complex 4E, Vandenberg SFB, CA, USA",2025-07-31,18:35:09,Falcon 9 Block 5,Starlink Group 13-4,Active,52,Success
SpaceX,"Launch Complex 39A, Kennedy Space Center, FL, USA",2025-08-01,15:43:42,Falcon 9 Block 5,Crew-11,Active,52,Success
Blue Origin,"West Texas Suborbital Launch Site/ Corn Ranch, Corn Ranch, Van Horn, TX, USA",2025-08-03,12:42:16,New Shepard,NS-34,Retired,,Success
SpaceX,"Space Launch Complex 40, Cape Canaveral SFS, FL, USA",2025-08-04,07:57:50,Falcon 9 Block 5,Starlink Group 10-30,Active,52,Success
CASC,"Commercial LC-2, Wenchang Space Launch Site, People's Republic of China",2025-08-04,10:21:00,Long March 12,SatNet LEO Group 07,Active,,Success
Rocket Lab,"Rocket Lab Launch Complex 1B, Rocket Lab Launch Complex 1, Mahia Peninsula, New Zealand",2025-08-05,04:10:00,Electron,The Harvest Goddess Thrives (iQPS Launch 4),Active,6,Success
China Rocket,"Rizhao offshore launch location, Haiyang Oriental Spaceport",2025-08-08,16:31:00,Smart Dragon 3,Geely Constellation Group 04,Active,,Success
SpaceX,"Space Launch Complex 40, Cape Canaveral SFS, FL, USA",2025-08-11,12:35:00,Falcon 9 Block 5,Amazon Leo (KF-02),Active,52,Success
Arianespace,"Ariane Launch Area 4, Guiana Space Centre, French Guiana",2025-08-13,00:37:50,Ariane 62,Metop-SG A1,Active,85,Success
ULA,"Space Launch Complex 41, Cape Canaveral SFS, FL, USA",2025-08-13,00:56:00,Vulcan VC4S,USSF-106,Active,,Success
CASC,"101, Wenchang Space Launch Site, People's Republic of China",2025-08-13,06:43:00,Long March 5B/YZ-2,SatNet LEO Group 08,Active,,Success
SpaceX,"Space Launch Complex 4E, Vandenberg SFB, CA, USA",2025-08-14,05:05:37,Falcon 9 Block 5,Starlink Group 17-4,Active,52,Success
SpaceX,"Space Launch Complex 40, Cape Canaveral SFS, FL, USA",2025-08-14,12:29:30,Falcon 9 Block 5,Starlink Group 10-20,Active,52,Success
LandSpace,"Launch Area 96A, Jiuquan Satellite Launch Center, People's Republic of China",2025-08-15,01:17:00,Zhuque-2E,4 x SatNet test satellites,Active,,Failure
CASC,"Launch Complex 3 (LC-3/LA-1), Xichang Satellite Launch Center, People's Republic of China",2025-08-17,08:55:00,Long March 4C,Shiyan 28 B-02,Active,,Success
CASC,"Launch Complex 9A, Taiyuan Satellite Launch Center, People's Republic of China",2025-08-17,14:15:00,Long March 6A,SatNet LEO Group 09,Active,,Success
SpaceX,"Space Launch Complex 4E, Vandenberg SFB, CA, USA",2025-08-18,16:26:49,Falcon 9 Block 5,Starlink Group 17-5,Active,52,Success
CAS Space,"Launch Area 130, Jiuquan Satellite Launch Center, People's Republic of China",2025-08-19,07:33:00,Kinetica 1,7 satellites,Active,,Success
Roscosmos,"31/6, Baikonur Cosmodrome, Republic of Kazakhstan",2025-08-20,17:13:10,Soyuz 2.1b,Bion-M No. 2,Active,80,Success
VKS RF,"35/1, Plesetsk Cosmodrome, Russian Federation",2025-08-21,09:32:00,Angara 1.2,Kosmos 2591-2594,Active,31,Success
SpaceX,"Launch Complex 39A, Kennedy Space Center, FL, USA",2025-08-22,03:50:00,Falcon 9 Block 5,OTV-8 (X-37B) (USSF-36),Active,52,Success
SpaceX,"Space Launch Complex 4E, Vandenberg SFB, CA, USA",2025-08-22,17:04:49,Falcon 9 Block 5,Starlink Group 17-6,Active,52,Success
Rocket Lab,"Rocket Lab Launch Complex 1A, Rocket Lab Launch Complex 1, Mahia Peninsula, New Zealand",2025-08-23,22:42:00,Electron,"Live, Laugh, Launch (Calistus A-E)",Active,6,Success
SpaceX,"Space Launch Complex 40, Cape Canaveral SFS, FL, USA",2025-08-24,06:45:36,Falcon 9 Block 5,Dragon CRS-2 SpX-33,Active,52,Success
CASC,"Commercial LC-1, Wenchang Space Launch Site, People's Republic of China",2025-08-25,19:08:00,Long March 8A,SatNet LEO Group 10,Active,,Success
SpaceX,"Space Launch Complex 4E, Vandenberg SFB, CA, USA",2025-08-26,18:53:41,Falcon 9 Block 5,NAOS,Active,52,Success
SpaceX,"Orbital Launch Pad 1, SpaceX Starbase, TX, USA",2025-08-26,23:30:00,Starship V2,Flight 10,Retired,,Success
SpaceX,"Space Launch Complex 40, Cape Canaveral SFS, FL, USA",2025-08-27,11:10:40,Falcon 9 Block 5,Starlink Group 10-56,Active,52,Success
SpaceX,"Launch Complex 39A, Kennedy Space Center, FL, USA",2025-08-28,08:12:00,Falcon 9 Block 5,Starlink Group 10-11,Active,52,Success
SpaceX,"Space Launch Complex 4E, Vandenberg SFB, CA, USA",2025-08-30,04:59:14,Falcon 9 Block 5,Starlink Group 17-7,Active,52,Success
SpaceX,"Space Launch Complex 40, Cape Canaveral SFS, FL, USA",2025-08-31,11:49:00,Falcon 9 Block 5,Starlink Group 10-14,Active,52,Success
Israel Aerospace Industries,"Shavit Launch Pad, Palmachim Airbase, State of Israel",2025-09-02,19:30:00,Shavit-2,Ofek-19,Active,,Success
SpaceX,"Space Launch Complex 4E, Vandenberg SFB, CA, USA",2025-09-03,03:51:26,Falcon 9 Block 5,Starlink Group 17-8,Active,52,Success
SpaceX,"Space Launch Complex 40, Cape Canaveral SFS, FL, USA",2025-09-03,11:56:10,Falcon 9 Block 5,Starlink Group 10-22,Active,52,Success
CASC,"Launch Complex 2 (LC-2), Xichang Satellite Launch Center, People's Republic of China",2025-09-05,02:34:00,Long March 3C/YZ-1,Shiyan 29,Active,,Success
Galactic Energy,"Launch Area 95A, Jiuquan Satellite Launch Center, People's Republic of China",2025-09-05,11:39:00,Ceres-1,3 satellites,Active,,Success
SpaceX,"Launch Complex 39A, Kennedy Space Center, FL, USA",2025-09-05,12:32:30,Falcon 9 Block 5,Starlink Group 10-57,Active,52,Success
CASC,"Launch Complex 9A, Taiyuan Satellite Launch Center, People's Republic of China",2025-09-06,16:34:00,Long March 6A,Yaogan 40 Group 03,Active,,Success
SpaceX,"Space Launch Complex 4E, Vandenberg SFB, CA, USA",2025-09-06,18:06:39,Falcon 9 Block 5,Starlink Group 17-9,Active,52,Success
China Rocket,"Rizhao offshore launch location, Haiyang Oriental Spaceport",2025-09-08,19:48:00,Smart Dragon 3,Geely Constellation Group 05,Active,,Success
CASC,"201, Wenchang Space Launch Site, People's Republic of China",2025-09-09,02:00:00,Long March 7A,Yaogan 45,Active,,Success
SpaceX,"Space Launch Complex 4E, Vandenberg SFB, CA, USA",2025-09-10,14:12:11,Falcon 9 Block 5,SDA Tranche 1 Transport Layer B,Active,52,Success
Roscosmos,"31/6, Baikonur Cosmodrome, Republic of Kazakhstan",2025-09-11,15:54:06,Soyuz 2.1a,Progress MS-32 (93P),Active,80,Success
SpaceX,"Space Launch Complex 40, Cape Canaveral SFS, FL, USA",2025-09-12,01:56:00,Falcon 9 Block 5,Nusantara Lima,Active,52,Success
VKS RF,"43/3 (43L), Plesetsk Cosmodrome, Russian Federation",2025-09-13,02:10:00,Soyuz 2.1b Fregat,Glonass-K1 No. 18 (Kosmos 2595) & Kosmos 2596,Active,80,Success
SpaceX,"Space Launch Complex 4E, Vandenberg SFB, CA, USA",2025-09-13,17:55:49,Falcon 9 Block 5,Starlink Group 17-10,Active,52,Success
SpaceX,"Space Launch Complex 40, Cape Canaveral SFS, FL, USA",2025-09-14,22:11:48,Falcon 9 Block 5,Cygnus CRS-2 NG-23 (S.S. William “Willie” C. McCool),Active,52,Success
CASC,"Launch Area 94 (SLS-2 / 603), Jiuquan Satellite Launch Center, People's Republic of China",2025-09-16,01:06:00,Long March 2C/YZ-1S,4 x SatNet test satellites,Active,,Success
SpaceX,"Space Launch Complex 40, Cape Canaveral SFS, FL, USA",2025-09-18,09:30:00,Falcon 9 Block 5,Starlink Group 10-61,Active,52,Success
Blue Origin,"West Texas Suborbital Launch Site/ Corn Ranch, Corn Ranch, Van Horn, TX, USA",2025-09-18,13:00:00,New Shepard,NS-35,Retired,,Success
SpaceX,"Space Launch Complex 4E, Vandenberg SFB, CA, USA",2025-09-19,16:31:39,Falcon 9 Block 5,Starlink Group 17-12,Active,52,Success
SpaceX,"Space Launch Complex 40, Cape Canaveral SFS, FL, USA",2025-09-21,10:53:00,Falcon 9 Block 5,Starlink Group 10-27,Active,52,Success
SpaceX,"Space Launch Complex 4E, Vandenberg SFB, CA, USA",2025-09-22,17:38:00,Falcon 9 Block 5,NROL-48,Active,52,Success
Rocket Lab,"Rocket Lab Launch Complex 2 (Launch Area 0 C), Wallops Flight Facility, Virginia, USA",2025-09-23,00:00:00,Electron,JENNA,Active,6,Success
China Rocket,"Rizhao offshore launch location, Haiyang Oriental Spaceport",2025-09-24,07:56:00,Smart Dragon 3,Geely Constellation Group 06,Active,,Success
SpaceX,"Launch Complex 39A, Kennedy Space Center, FL, USA",2025-09-24,11:30:50,Falcon 9 Block 5,IMAP & others,Active,52,Success
SpaceX,"Space Launch Complex 40, Cape Canaveral SFS, FL, USA",2025-09-25,08:39:00,Falcon 9 Block 5,Starlink Group 10-15,Active,52,Success
ULA,"Space Launch Complex 41, Cape Canaveral SFS, FL, USA",2025-09-25,12:09:30,Atlas V 551,Amazon Leo (KA-03),Retired,153,Success
SpaceX,"Space Launch Complex 4E, Vandenberg SFB, CA, USA",2025-09-26,04:26:29,Falcon 9 Block 5,Starlink Group 17-11,Active,52,Success
CASC,"Launch Area 94 (SLS-2 / 603), Jiuquan Satellite Launch Center, People's Republic of China",2025-09-26,19:28:00,Long March 4C,Fengyun-3H,Active,,Success
CASC,"Launch Complex 9A, Taiyuan Satellite Launch Center, People's Republic of China",2025-09-27,12:40:00,Long March 6A,SatNet LEO Group 11,Active,,Success
SpaceX,"Space Launch Complex 4E, Vandenberg SFB, CA, USA",2025-09-29,02:04:50,Falcon 9 Block 5,Starlink Group 11-20,Active,52,Success
CASC,"Launch Complex 3 (LC-3/LA-1), Xichang Satellite Launch Center, People's Republic of China",2025-09-29,03:00:00,Long March 2D,Shiyan 30 01-02,Active,30,Success
Rocket Lab,"Rocket Lab Launch Complex 2 (Launch Area 0 C), Wallops Flight Facility, Virginia, USA",2025-10-01,00:28:00,Electron,JUSTIN,Active,6,Success
SpaceX,"Space Launch Complex 4E, Vandenberg SFB, CA, USA",2025-10-03,14:06:50,Falcon 9 Block 5,Starlink Group 11-39,Active,52,Success
SpaceX,"Space Launch Complex 40, Cape Canaveral SFS, FL, USA",2025-10-07,06:46:10,Falcon 9 Block 5,Starlink Group 10-59,Active,52,Success
SpaceX,"Space Launch Complex 4E, Vandenberg SFB, CA, USA",2025-10-08,03:54:00,Falcon 9 Block 5,Starlink Group 11-17,Active,52,Success
Blue Origin,"West Texas Suborbital Launch Site/ Corn Ranch, Corn Ranch, Van Horn, TX, USA",2025-10-08,13:40:27,New Shepard,NS-36,Retired,,Success
Orienspace,"Haiyang offshore launch location, Haiyang Oriental Spaceport",2025-10-11,02:20:00,Gravity-1,3 satellites,Retired,,Success
CASC,"Launch Area 94 (SLS-2 / 603), Jiuquan Satellite Launch Center, People's Republic of China",2025-10-13,10:00:00,Long March 2D,Shiyan 31,Active,30,Success
SpaceX,"Orbital Launch Pad 1, SpaceX Starbase, TX, USA",2025-10-13,23:23:41,Starship V2,Flight 11,Retired,,Success
SpaceX,"Space Launch Complex 40, Cape Canaveral SFS, FL, USA",2025-10-14,01:58:00,Falcon 9 Block 5,Amazon Leo (KF-03),Active,52,Success
Rocket Lab,"Rocket Lab Launch Complex 1A, Rocket Lab Launch Complex 1, Mahia Peninsula, New Zealand",2025-10-14,16:33:00,Electron,Owl New World (StriX Launch 7),Active,6,Success
SpaceX,"Space Launch Complex 4E, Vandenberg SFB, CA, USA",2025-10-15,23:06:06,Falcon 9 Block 5,SDA Tranche 1 Transport Layer C,Active,52,Success
CASC,"Commercial LC-1, Wenchang Space Launch Site, People's Republic of China",2025-10-16,01:33:00,Long March 8A,SatNet LEO Group 12,Active,,Success
SpaceX,"Space Launch Complex 40, Cape Canaveral SFS, FL, USA",2025-10-16,09:27:10,Falcon 9 Block 5,Starlink Group 10-52,Active,52,Success
CASC,"Launch Complex 9A, Taiyuan Satellite Launch Center, People's Republic of China",2025-10-17,07:08:00,Long March 6A,SpaceSail Polar Group #6,Active,,Success
CAS Space,"Launch Area 130, Jiuquan Satellite Launch Center, People's Republic of China",2025-10-19,03:33:00,Kinetica 1,PRSC-HS1 & AIRSAT-03/04,Active,,Success
SpaceX,"Space Launch Complex 40, Cape Canaveral SFS, FL, USA",2025-10-19,17:39:40,Falcon 9 Block 5,Starlink Group 10-17,Active,52,Success
SpaceX,"Space Launch Complex 4E, Vandenberg SFB, CA, USA",2025-10-19,19:24:00,Falcon 9 Block 5,Starlink Group 11-19,Active,52,Success
SpaceX,"Space Launch Complex 4E, Vandenberg SFB, CA, USA",2025-10-22,14:16:20,Falcon 9 Block 5,Starlink Group 11-5,Active,52,Success
CASC,"101, Wenchang Space Launch Site, People's Republic of China",2025-10-23,14:30:00,Long March 5,TJSW-20,Active,,Success
SpaceX,"Space Launch Complex 40, Cape Canaveral SFS, FL, USA",2025-10-24,01:30:00,Falcon 9 Block 5,SpainSat NG II,Active,52,Success
SpaceX,"Space Launch Complex 4E, Vandenberg SFB, CA, USA",2025-10-25,14:20:50,Falcon 9 Block 5,Starlink Group 11-12,Active,52,Success
MHI,"Yoshinobu Launch Complex LP-2, Tanegashima Space Center, Japan",2025-10-26,00:00:15,H3-24,HTV-X1,Active,50,Success
CASC,"Launch Complex 3 (LC-3/LA-1), Xichang Satellite Launch Center, People's Republic of China",2025-10-26,03:55:00,Long March 3B/E,Gaofen-14 02,Active,70,Success
SpaceX,"Space Launch Complex 40, Cape Canaveral SFS, FL, USA",2025-10-26,15:00:40,Falcon 9 Block 5,Starlink Group 10-21,Active,52,Success
SpaceX,"Space Launch Complex 4E, Vandenberg SFB, CA, USA",2025-10-28,00:43:49,Falcon 9 Block 5,Starlink Group 11-21,Active,52,Success
SpaceX,"Space Launch Complex 40, Cape Canaveral SFS, FL, USA",2025-10-29,16:35:20,Falcon 9 Block 5,Starlink Group 10-37,Active,52,Success
CASC,"Launch Area 91 (SLS-1 / 921), Jiuquan Satellite Launch Center, People's Republic of China",2025-10-31,15:44:46,Long March 2F/G,Shenzhou 21,Active,,Success
SpaceX,"Space Launch Complex 4E, Vandenberg SFB, CA, USA",2025-10-31,20:41:10,Falcon 9 Block 5,Starlink Group 11-23,Active,52,Success
SpaceX,"Space Launch Complex 40, Cape Canaveral SFS, FL, USA",2025-11-02,05:09:59,Falcon 9 Block 5,Bandwagon 4 (Dedicated Mid-Inclination Rideshare),Active,52,Success
ISRO,"Satish Dhawan Space Centre Second Launch Pad, Satish Dhawan Space Centre, India",2025-11-02,11:56:00,Launch Vehicle Mark-3 (GSLV Mk III),CMS-03 (GSAT-7R),Active,46,Success
CASC,"201, Wenchang Space Launch Site, People's Republic of China",2025-11-03,03:47:00,Long March 7A,Yaogan 46,Active,,Success
Arianespace,"Ariane Launch Area 4, Guiana Space Centre, French Guiana",2025-11-04,21:02:17,Ariane 62,Sentinel-1D,Active,85,Success
Rocket Lab,"Rocket Lab Launch Complex 1B, Rocket Lab Launch Complex 1, Mahia Peninsula, New Zealand",2025-11-05,19:51:00,Electron,The Nation God Navigates (iQPS Launch 5),Active,6,Success
SpaceX,"Space Launch Complex 40, Cape Canaveral SFS, FL, USA",2025-11-06,01:31:10,Falcon 9 Block 5,Starlink Group 6-81,Active,52,Success
SpaceX,"Space Launch Complex 4E, Vandenberg SFB, CA, USA",2025-11-06,21:13:50,Falcon 9 Block 5,Starlink Group 11-14,Active,52,Success
CASC,"Haiyang offshore launch location, Haiyang Oriental Spaceport",2025-11-08,21:01:00,Long March 11,Shiyan 32 01-03,Active,,Success
CAS Space,"Launch Area 130, Jiuquan Satellite Launch Center, People's Republic of China",2025-11-09,03:32:00,Kinetica 1,Chutian-2 01 & 02,Active,,Success
SpaceX,"Launch Complex 39A, Kennedy Space Center, FL, USA",2025-11-09,08:10:10,Falcon 9 Block 5,Starlink Group 10-51,Active,52,Success
CASC,"Commercial LC-2, Wenchang Space Launch Site, People's Republic of China",2025-11-10,02:41:00,Long March 12,SatNet LEO Group 13,Active,,Success
Galactic Energy,"Launch Area 95A, Jiuquan Satellite Launch Center, People's Republic of China",2025-11-10,04:02:53,Ceres-1,Jilin-1 High Resolution-04C and others,Active,,Failure
SpaceX,"Space Launch Complex 40, Cape Canaveral SFS, FL, USA",2025-11-11,03:21:30,Falcon 9 Block 5,Starlink Group 6-87,Active,52,Success
Blue Origin,"Launch Complex 36A, Cape Canaveral SFS, FL, USA",2025-11-13,20:55:01,New Glenn,EscaPADE,Active,,Success
ULA,"Space Launch Complex 41, Cape Canaveral SFS, FL, USA",2025-11-14,03:04:00,Atlas V 551,ViaSat-3 F2 (ViaSat-3 EMEA),Retired,153,Success
SpaceX,"Launch Complex 39A, Kennedy Space Center, FL, USA",2025-11-15,03:08:10,Falcon 9 Block 5,Starlink Group 6-89,Active,52,Success
SpaceX,"Space Launch Complex 40, Cape Canaveral SFS, FL, USA",2025-11-15,06:44:20,Falcon 9 Block 5,Starlink Group 6-85,Active,52,Success
SpaceX,"Space Launch Complex 4E, Vandenberg SFB, CA, USA",2025-11-17,05:21:42,Falcon 9 Block 5,Sentinel-6B,Active,52,Success
Rocket Lab,"Rocket Lab Launch Complex 2 (Launch Area 0 C), Wallops Flight Facility, Virginia, USA",2025-11-18,13:00:00,Electron,Prometheus Run (VAN),Active,6,Success
SpaceX,"Space Launch Complex 40, Cape Canaveral SFS, FL, USA",2025-11-19,00:12:20,Falcon 9 Block 5,Starlink Group 6-94,Active,52,Success
CASC,"Launch Area 94 (SLS-2 / 603), Jiuquan Satellite Launch Center, People's Republic of China",2025-11-19,04:01:00,Long March 2C,Shijian 30 A-C,Active,,Success
Rocket Lab,"Rocket Lab Launch Complex 1A, Rocket Lab Launch Complex 1, Mahia Peninsula, New Zealand",2025-11-20,12:43:00,Electron,Follow My Speed (BlackSky Gen-3 3),Active,6,Success
SpaceX,"Launch Complex 39A, Kennedy Space Center, FL, USA",2025-11-21,03:39:30,Falcon 9 Block 5,Starlink Group 6-78,Active,52,Success
CASC,"Launch Complex 2 (LC-2), Xichang Satellite Launch Center, People's Republic of China",2025-11-21,10:55:00,Long March 3B/E,TJSW-21,Active,70,Success
SpaceX,"Space Launch Complex 40, Cape Canaveral SFS, FL, USA",2025-11-22,07:53:50,Falcon 9 Block 5,Starlink Group 6-79,Active,52,Success
SpaceX,"Space Launch Complex 4E, Vandenberg SFB, CA, USA",2025-11-23,08:48:00,Falcon 9 Block 5,Starlink Group 11-30,Active,52,Success
CASC,"Launch Area 91 (SLS-1 / 921), Jiuquan Satellite Launch Center, People's Republic of China",2025-11-25,04:11:45,Long March 2F/G,Shenzhou 22,Active,,Success
VKS RF,"35/1, Plesetsk Cosmodrome, Russian Federation",2025-11-25,13:42:00,Angara 1.2,"3 x Rodnik (Kosmos 2597, 2598, 2599)",Active,31,Success
KARI,"LC-2, Naro Space Center, South Korea",2025-11-26,16:13:00,KSLV-2 Nuri,CAS500-3,Active,,Success
Roscosmos,"31/6, Baikonur Cosmodrome, Republic of Kazakhstan",2025-11-27,09:27:57,Soyuz 2.1a,Soyuz MS-28,Active,80,Success
SpaceX,"Space Launch Complex 4E, Vandenberg SFB, CA, USA",2025-11-28,18:44:30,Falcon 9 Block 5,Transporter 15 (Dedicated SSO Rideshare),Active,52,Success
CASC,"201, Wenchang Space Launch Site, People's Republic of China",2025-11-30,12:20:00,Long March 7A,Shijian 28,Active,,Success
SpaceX,"Launch Complex 39A, Kennedy Space Center, FL, USA",2025-12-01,07:44:10,Falcon 9 Block 5,Starlink Group 6-86,Active,52,Success
Arianespace,"Ariane Launch Area 1 (ELV), Guiana Space Centre, French Guiana",2025-12-01,17:21:25,Vega-C,KOMPSAT-7,Active,48,Success
SpaceX,"Space Launch Complex 4E, Vandenberg SFB, CA, USA",2025-12-02,05:28:20,Falcon 9 Block 5,Starlink Group 15-10,Active,52,Success
SpaceX,"Space Launch Complex 40, Cape Canaveral SFS, FL, USA",2025-12-02,22:18:50,Falcon 9 Block 5,Starlink Group 6-95,Active,52,Success
LandSpace,"Launch Area 96B, Jiuquan Satellite Launch Center, People's Republic of China",2025-12-03,04:00:00,Zhuque-3,Demo Flight,Active,,Success
SpaceX,"Space Launch Complex 4E, Vandenberg SFB, CA, USA",2025-12-04,20:42:20,Falcon 9 Block 5,Starlink Group 11-25,Active,52,Success
ExPace,"Launch Area 95A, Jiuquan Satellite Launch Center, People's Republic of China",2025-12-05,09:00:00,Kuaizhou 1A,Traffic VDES A & B,Active,,Success
CASC,"Commercial LC-1, Wenchang Space Launch Site, People's Republic of China",2025-12-06,07:53:00,Long March 8A,SatNet LEO Group 14,Active,,Success
SpaceX,"Space Launch Complex 4E, Vandenberg SFB, CA, USA",2025-12-07,17:58:30,Falcon 9 Block 5,Starlink Group 11-15,Active,52,Success
CASC,"Launch Complex 9A, Taiyuan Satellite Launch Center, People's Republic of China",2025-12-08,22:11:00,Long March 6A,SatNet LEO Group 15,Active,,Success
SpaceX,"Launch Complex 39A, Kennedy Space Center, FL, USA",2025-12-08,22:26:10,Falcon 9 Block 5,Starlink Group 6-92,Active,52,Success
CASC,"Launch Area 94 (SLS-2 / 603), Jiuquan Satellite Launch Center, People's Republic of China",2025-12-09,03:41:00,Long March 4B,Yaogan 47,Active,,Success
CASC,"Launch Complex 3 (LC-3/LA-1), Xichang Satellite Launch Center, People's Republic of China",2025-12-09,15:08:00,Long March 3B/E,TJSW-22,Active,70,Success
SpaceX,"Space Launch Complex 40, Cape Canaveral SFS, FL, USA",2025-12-09,19:16:25,Falcon 9 Block 5,NROL-77,Active,52,Success
CAS Space,"Launch Area 130, Jiuquan Satellite Launch Center, People's Republic of China",2025-12-10,04:03:00,Kinetica 1,9 satellites,Active,,Success
SpaceX,"Space Launch Complex 4E, Vandenberg SFB, CA, USA",2025-12-10,11:40:30,Falcon 9 Block 5,Starlink Group 15-11,Active,52,Success
SpaceX,"Space Launch Complex 40, Cape Canaveral SFS, FL, USA",2025-12-11,22:01:20,Falcon 9 Block 5,Starlink Group 6-90,Active,52,Success
CASC,"Commercial LC-2, Wenchang Space Launch Site, People's Republic of China",2025-12-11,23:00:00,Long March 12,SatNet LEO Group 16,Active,,Success
ExPace,"Launch Area 95A, Jiuquan Satellite Launch Center, People's Republic of China",2025-12-13,01:08:00,Kuaizhou 11,DEAR-5,Active,,Success
Rocket Lab,"Rocket Lab Launch Complex 1B, Rocket Lab Launch Complex 1, Mahia Peninsula, New Zealand",2025-12-14,03:09:00,Electron,Raise and Shine (RAISE-4),Active,6,Success
SpaceX,"Space Launch Complex 4E, Vandenberg SFB, CA, USA",2025-12-14,05:49:00,Falcon 9 Block 5,Starlink Group 15-12,Active,52,Success
SpaceX,"Space Launch Complex 40, Cape Canaveral SFS, FL, USA",2025-12-15,05:25:10,Falcon 9 Block 5,Starlink Group 6-82,Active,52,Success
CASC,"Launch Complex 9, Taiyuan Satellite Launch Center, People's Republic of China",2025-12-16,03:17:00,Long March 4B,Ziyuan-3-04,Active,,Success
ULA,"Space Launch Complex 41, Cape Canaveral SFS, FL, USA",2025-12-16,08:28:00,Atlas V 551,Amazon Leo (LA-04),Retired,153,Success
Arianespace,"Ariane Launch Area 4, Guiana Space Centre, French Guiana",2025-12-17,05:01:58,Ariane 62,Galileo L14 (FOC FM33 & FM34),Active,85,Success
SpaceX,"Launch Complex 39A, Kennedy Space Center, FL, USA",2025-12-17,13:42:10,Falcon 9 Block 5,Starlink Group 6-99,Active,52,Success
SpaceX,"Space Launch Complex 4E, Vandenberg SFB, CA, USA",2025-12-17,15:27:50,Falcon 9 Block 5,Starlink Group 15-13,Active,52,Success
Rocket Lab,"Rocket Lab Launch Complex 2 (Launch Area 0 C), Wallops Flight Facility, Virginia, USA",2025-12-18,05:03:00,Electron,Don't Be Such A Square (STP-S30),Active,6,Success
CASC,"101, Wenchang Space Launch Site, People's Republic of China",2025-12-20,12:30:00,Long March 5,TJSW-23,Active,,Success
Blue Origin,"West Texas Suborbital Launch Site/ Corn Ranch, Corn Ranch, Van Horn, TX, USA",2025-12-20,14:15:00,New Shepard,NS-37,Retired,,Success
Rocket Lab,"Rocket Lab Launch Complex 1B, Rocket Lab Launch Complex 1, Mahia Peninsula, New Zealand",2025-12-21,06:36:00,Electron,The Wisdom God Guides (iQPS Launch 6),Active,6,Success
MHI,"Yoshinobu Launch Complex LP-2, Tanegashima Space Center, Japan",2025-12-22,01:51:30,H3-22,Michibiki 5 (QZS-5),Active,50,Failure
Innospace,"HANBIT Pad, Alcântara Space Center, Federative Republic of Brazil",2025-12-23,01:13:00,HANBIT-Nano,Spaceward,Active,,Failure
CASC,"Long March 12 series Pad, Jiuquan Satellite Launch Center, People's Republic of China",2025-12-23,02:00:00,Long March 12A,Demo Flight,Active,,Success
ISRO,"Satish Dhawan Space Centre Second Launch Pad, Satish Dhawan Space Centre, India",2025-12-24,03:25:30,Launch Vehicle Mark-3 (GSLV Mk III),BlueBird 6 (Block 2 #1),Active,46,Success
Roscosmos,"43/4 (43R), Plesetsk Cosmodrome, Russian Federation",2025-12-25,14:11:00,Soyuz 2.1a,Obzor-R No.1,Active,80,Success
CASC,"Commercial LC-1, Wenchang Space Launch Site, People's Republic of China",2025-12-25,23:26:00,Long March 8A,SatNet LEO Group 17,Active,,Success
CASC,"Launch Complex 2 (LC-2), Xichang Satellite Launch Center, People's Republic of China",2025-12-26,16:07:00,Long March 3B/E,Fengyun-4C,Active,70,Success
Roscosmos,"Cosmodrome Site 1S, Vostochny Cosmodrome, Siberia, Russian Federation",2025-12-28,13:18:05,Soyuz 2.1b Fregat-M,AIST-2T 01 & 02,Active,48.5,Success
CASC,"Launch Area 94 (SLS-2 / 603), Jiuquan Satellite Launch Center, People's Republic of China",2025-12-30,04:12:00,Long March 4B,Tianhui 7,Active,,Success
CASC,"201, Wenchang Space Launch Site, People's Republic of China",2025-12-30,22:40:00,Long March 7A,Shijian 29 A-B,Active,,Success
SpaceX,"Space Launch Complex 4E, Vandenberg SFB, CA, USA",2026-01-03,02:09:16,Falcon 9 Block 5,CSG-3,Active,52,Success
SpaceX,"Space Launch Complex 40, Cape Canaveral SFS, FL, USA",2026-01-04,06:48:10,Falcon 9 Block 5,Starlink Group 6-88,Active,52,Success
SpaceX,"Space Launch Complex 40, Cape Canaveral SFS, FL, USA",2026-01-09,21:41:00,Falcon 9 Block 5,Starlink Group 6-96,Active,52,Success
SpaceX,"Space Launch Complex 4E, Vandenberg SFB, CA, USA",2026-01-11,13:44:50,Falcon 9 Block 5,Pandora / Twilight rideshare mission,Active,52,Success
ISRO,"Satish Dhawan Space Centre First Launch Pad, Satish Dhawan Space Centre, India",2026-01-12,04:48:30,PSLV-DL,EOS-N1 and others,Active,,Failure
SpaceX,"Space Launch Complex 40, Cape Canaveral SFS, FL, USA",2026-01-12,21:08:20,Falcon 9 Block 5,Starlink Group 6-97,Active,52,Success
CASC,"Launch Complex 9A, Taiyuan Satellite Launch Center, People's Republic of China",2026-01-13,14:16:00,Long March 6A,Yaogan 50-01,Active,,Success
CASC,"Commercial LC-1, Wenchang Space Launch Site, People's Republic of China",2026-01-13,15:25:00,Long March 8A,SatNet LEO Group 18,Active,,Success
SpaceX,"Space Launch Complex 40, Cape Canaveral SFS, FL, USA",2026-01-14,18:08:20,Falcon 9 Block 5,Starlink Group 6-98,Active,52,Success
CASC,"Launch Area 94 (SLS-2 / 603), Jiuquan Satellite Launch Center, People's Republic of China",2026-01-15,04:01:00,Long March 2C,AlSat 3A,Active,,Success
Galactic Energy,"Rizhao offshore launch location, Haiyang Oriental Spaceport",2026-01-15,20:10:00,Ceres-1S,Tianqi 37-40,Active,,Success
CASC,"Launch Complex 2 (LC-2), Xichang Satellite Launch Center, People's Republic of China",2026-01-16,16:55:00,Long March 3B/E,Shijian 32,Active,70,Failure
Galactic Energy,"Launch Area 95A, Jiuquan Satellite Launch Center, People's Republic of China",2026-01-17,04:08:00,Ceres-2,Demo Flight,Active,,Failure
SpaceX,"Space Launch Complex 4E, Vandenberg SFB, CA, USA",2026-01-17,04:39:51,Falcon 9 Block 5,NROL-105,Active,52,Success
SpaceX,"Space Launch Complex 40, Cape Canaveral SFS, FL, USA",2026-01-18,23:31:40,Falcon 9 Block 5,Starlink Group 6-100,Active,52,Success
CASC,"Commercial LC-2, Wenchang Space Launch Site, People's Republic of China",2026-01-19,07:48:00,Long March 12,SatNet LEO Group 19,Active,,Success
SpaceX,"Space Launch Complex 4E, Vandenberg SFB, CA, USA",2026-01-22,05:47:29,Falcon 9 Block 5,Starlink Group 17-30,Active,52,Success
Rocket Lab,"Rocket Lab Launch Complex 1A, Rocket Lab Launch Complex 1, Mahia Peninsula, New Zealand",2026-01-22,10:52:00,Electron,The Cosmos Will See You Now (Open Cosmos Constellation Launch 1),Active,6,Success
Blue Origin,"West Texas Suborbital Launch Site/ Corn Ranch, Corn Ranch, Van Horn, TX, USA",2026-01-22,16:25:35,New Shepard,NS-38,Retired,,Success
SpaceX,"Space Launch Complex 4E, Vandenberg SFB, CA, USA",2026-01-25,17:30:39,Falcon 9 Block 5,Starlink Group 17-20,Active,52,Success
SpaceX,"Space Launch Complex 40, Cape Canaveral SFS, FL, USA",2026-01-28,04:53:16,Falcon 9 Block 5,GPS III SV09,Active,52,Success
SpaceX,"Space Launch Complex 4E, Vandenberg SFB, CA, USA",2026-01-29,17:53:20,Falcon 9 Block 5,Starlink Group 17-19,Active,52,Success
Rocket Lab,"Rocket Lab Launch Complex 1A, Rocket Lab Launch Complex 1, Mahia Peninsula, New Zealand",2026-01-30,01:21:39,Electron,Bridging The Swarm (NeonSat-1A),Active,6,Success
SpaceX,"Space Launch Complex 40, Cape Canaveral SFS, FL, USA",2026-01-30,07:22:00,Falcon 9 Block 5,Starlink Group 6-101,Active,52,Success
CASC,"Launch Area 94 (SLS-2 / 603), Jiuquan Satellite Launch Center, People's Republic of China",2026-01-31,04:01:00,Long March 2C,AlSat 3B,Active,,Success
SpaceX,"Space Launch Complex 4E, Vandenberg SFB, CA, USA",2026-02-02,15:47:11,Falcon 9 Block 5,Starlink Group 17-32,Active,52,Success
VKS RF,"43/4 (43R), Plesetsk Cosmodrome, Russian Federation",2026-02-05,18:59:00,Soyuz 2.1b Fregat-M,Kosmos 2600-2608,Active,48.5,Success
CASC,"Launch Area 91 (SLS-1 / 921), Jiuquan Satellite Launch Center, People's Republic of China",2026-02-07,03:58:00,Long March 2F/G,Chinese Reusable Space Vehicle,Active,,Success
SpaceX,"Space Launch Complex 4E, Vandenberg SFB, CA, USA",2026-02-07,20:58:09,Falcon 9 Block 5,Starlink Group 17-33,Active,52,Success
SpaceX,"Space Launch Complex 4E, Vandenberg SFB, CA, USA",2026-02-11,17:11:29,Falcon 9 Block 5,Starlink Group 17-34,Active,52,Success
China Rocket,"South China Sea (launch location 3), Haiyang Oriental Spaceport",2026-02-12,06:37:00,Smart Dragon 3,PRSC-EO2 & 6 satellites,Active,,Success
Khrunichev,"81/24 (81P), Baikonur Cosmodrome, Republic of Kazakhstan",2026-02-12,08:52:15,Proton-M Blok DM-03,Elektro-L No.5,Active,65,Success
ULA,"Space Launch Complex 41, Cape Canaveral SFS, FL, USA",2026-02-12,09:22:00,Vulcan VC4S,USSF-87,Active,,Success
Arianespace,"Ariane Launch Area 4, Guiana Space Centre, French Guiana",2026-02-12,16:45:30,Ariane 64,Amazon Leo (LE-01),Retired,90,Success
SpaceX,"Space Launch Complex 40, Cape Canaveral SFS, FL, USA",2026-02-13,10:15:56,Falcon 9 Block 5,Crew-12,Active,52,Success
SpaceX,"Space Launch Complex 4E, Vandenberg SFB, CA, USA",2026-02-15,01:59:59,Falcon 9 Block 5,Starlink Group 17-13,Active,52,Success
SpaceX,"Space Launch Complex 40, Cape Canaveral SFS, FL, USA",2026-02-16,07:59:40,Falcon 9 Block 5,Starlink Group 6-103,Active,52,Success
SpaceX,"Space Launch Complex 40, Cape Canaveral SFS, FL, USA",2026-02-20,01:41:40,Falcon 9 Block 5,Starlink Group 10-36,Active,52,Success
SpaceX,"Space Launch Complex 4E, Vandenberg SFB, CA, USA",2026-02-21,09:04:19,Falcon 9 Block 5,Starlink Group 17-25,Active,52,Success
SpaceX,"Space Launch Complex 40, Cape Canaveral SFS, FL, USA",2026-02-22,03:47:10,Falcon 9 Block 5,Starlink Group 6-104,Active,52,Success
SpaceX,"Space Launch Complex 40, Cape Canaveral SFS, FL, USA",2026-02-24,23:04:10,Falcon 9 Block 5,Starlink Group 6-110,Active,52,Success
SpaceX,"Space Launch Complex 4E, Vandenberg SFB, CA, USA",2026-02-25,14:17:49,Falcon 9 Block 5,Starlink Group 17-26,Active,52,Success
SpaceX,"Space Launch Complex 40, Cape Canaveral SFS, FL, USA",2026-02-27,12:16:10,Falcon 9 Block 5,Starlink Group 6-108,Active,52,Success
Rocket Lab,"Rocket Lab Launch Complex 2 (Launch Area 0 C), Wallops Flight Facility, Virginia, USA",2026-02-28,00:00:00,Electron,That's Not A Knife (DART AE),Active,6,Success
SpaceX,"Space Launch Complex 4E, Vandenberg SFB, CA, USA",2026-03-01,10:10:39,Falcon 9 Block 5,Starlink Group 17-23,Active,52,Success
SpaceX,"Space Launch Complex 40, Cape Canaveral SFS, FL, USA",2026-03-02,02:56:40,Falcon 9 Block 5,Starlink Group 10-41,Active,52,Success
SpaceX,"Space Launch Complex 40, Cape Canaveral SFS, FL, USA",2026-03-04,10:52:20,Falcon 9 Block 5,Starlink Group 10-40,Active,52,Success
Space One,"Space One Launch Pad, Spaceport Kii, Japan",2026-03-05,02:10:00,Kii-based Advanced & Instant ROcket System,Flight 3,Active,9,Failure
Rocket Lab,"Rocket Lab Launch Complex 1A, Rocket Lab Launch Complex 1, Mahia Peninsula, New Zealand",2026-03-05,23:53:00,Electron,Insight At Speed Is A Friend Indeed (BlackSky Gen-3 4),Active,6,Success
SpaceX,"Space Launch Complex 4E, Vandenberg SFB, CA, USA",2026-03-08,11:00:19,Falcon 9 Block 5,Starlink Group 17-18,Active,52,Success
SpaceX,"Space Launch Complex 40, Cape Canaveral SFS, FL, USA",2026-03-10,04:19:00,Falcon 9 Block 5,EchoStar 25,Active,52,Success
Firefly Aerospace,"Space Launch Complex 2W, Vandenberg SFB, CA, USA",2026-03-12,00:50:00,Firefly Alpha,Stairway to Seven,Active,15,Success
CASC,"Commercial LC-1, Wenchang Space Launch Site, People's Republic of China",2026-03-12,19:48:00,Long March 8A,SatNet LEO Group 20,Active,,Success
CASC,"Launch Complex 3 (LC-3/LA-1), Xichang Satellite Launch Center, People's Republic of China",2026-03-12,22:33:00,Long March 2D,Shiyan 30 03-04,Active,30,Success
SpaceX,"Space Launch Complex 4E, Vandenberg SFB, CA, USA",2026-03-13,14:57:59,Falcon 9 Block 5,Starlink Group 17-31,Active,52,Success
SpaceX,"Space Launch Complex 40, Cape Canaveral SFS, FL, USA",2026-03-14,12:37:10,Falcon 9 Block 5,Starlink Group 10-48,Active,52,Success
CASC,"Launch Complex 9A, Taiyuan Satellite Launch Center, People's Republic of China",2026-03-15,13:22:00,Long March 6A,Yaogan 50-02,Active,,Success
ExPace,"Launch Area 95A, Jiuquan Satellite Launch Center, People's Republic of China",2026-03-16,04:12:00,Kuaizhou 11,8 satellites,Active,,Success
SpaceX,"Space Launch Complex 4E, Vandenberg SFB, CA, USA",2026-03-17,05:19:09,Falcon 9 Block 5,Starlink Group 17-24,Active,52,Success
SpaceX,"Space Launch Complex 40, Cape Canaveral SFS, FL, USA",2026-03-17,13:27:34,Falcon 9 Block 5,Starlink Group 10-46,Active,52,Success
SpaceX,"Space Launch Complex 40, Cape Canaveral SFS, FL, USA",2026-03-19,14:20:10,Falcon 9 Block 5,Starlink Group 10-33,Active,52,Success
Rocket Lab,"Rocket Lab Launch Complex 1B, Rocket Lab Launch Complex 1, Mahia Peninsula, New Zealand",2026-03-20,18:10:00,Electron,Eight Days A Week (StriX Launch 8),Active,6,Success
SpaceX,"Space Launch Complex 4E, Vandenberg SFB, CA, USA",2026-03-20,21:51:49,Falcon 9 Block 5,Starlink Group 17-15,Active,52,Success
Roscosmos,"31/6, Baikonur Cosmodrome, Republic of Kazakhstan",2026-03-22,11:59:51,Soyuz 2.1a,Progress MS-33 (94P),Active,80,Success
SpaceX,"Space Launch Complex 40, Cape Canaveral SFS, FL, USA",2026-03-22,14:47:00,Falcon 9 Block 5,Starlink Group 10-62,Active,52,Success
China Rocket,"Haiyang offshore launch location, Haiyang Oriental Spaceport",2026-03-22,15:49:00,Smart Dragon 3,10 x CentiSpace-1,Active,,Success
Roscosmos,"43/4 (43R), Plesetsk Cosmodrome, Russian Federation",2026-03-23,17:24:00,Soyuz 2.1b,16 x Rassvet-3,Active,80,Success
CASC,"Launch Complex 9, Taiyuan Satellite Launch Center, People's Republic of China",2026-03-25,22:51:00,Long March 2D,SuperView Neo 2-05 & 06,Active,30,Success
SpaceX,"Space Launch Complex 4E, Vandenberg SFB, CA, USA",2026-03-26,23:03:19,Falcon 9 Block 5,Starlink Group 17-17,Active,52,Success
CASC,"Launch Area 94 (SLS-2 / 603), Jiuquan Satellite Launch Center, People's Republic of China",2026-03-27,04:11:00,Long March 2C/YZ-1S,Shiyan 33,Active,,Success
Rocket Lab,"Rocket Lab Launch Complex 1A, Rocket Lab Launch Complex 1, Mahia Peninsula, New Zealand",2026-03-28,09:14:00,Electron,Daughter Of The Stars (LEO-PNT Pathfinder A),Active,6,Success
CAS Space,"Launch Area 140, Jiuquan Satellite Launch Center, People's Republic of China",2026-03-30,11:00:00,Kinetica 2,Demo Flight (Qingzhou Prototype Spacecraft),Active,,Success
SpaceX,"Space Launch Complex 4E, Vandenberg SFB, CA, USA",2026-03-30,11:02:00,Falcon 9 Block 5,Transporter 16 (Dedicated SSO Rideshare),Active,52,Success
SpaceX,"Space Launch Complex 40, Cape Canaveral SFS, FL, USA",2026-03-30,21:15:00,Falcon 9 Block 5,Starlink Group 10-44,Active,52,Success
NASA,"Launch Complex 39B, Kennedy Space Center, FL, USA",2026-04-01,22:35:12,Space Launch System Block 1,Artemis II,Active,2000,Success
SpaceX,"Space Launch Complex 40, Cape Canaveral SFS, FL, USA",2026-04-02,11:55:10,Falcon 9 Block 5,Starlink Group 10-58,Active,52,Success
Space Pioneer,"Tianlong-3 Launch Pad, Jiuquan Satellite Launch Center, People's Republic of China",2026-04-03,04:17:00,Tianlong-3,Demo Flight,Active,,Failure
VKS RF,"43/3 (43L), Plesetsk Cosmodrome, Russian Federation",2026-04-03,06:28:00,Soyuz 2.1a Fregat-M,Meridian-M No.21L,Active,80,Success
ULA,"Space Launch Complex 41, Cape Canaveral SFS, FL, USA",2026-04-04,05:46:00,Atlas V 551,Amazon Leo (LA-05),Retired,153,Success
SpaceX,"Space Launch Complex 4E, Vandenberg SFB, CA, USA",2026-04-07,02:50:39,Falcon 9 Block 5,Starlink Group 17-35,Active,52,Success
Northrop Grumman Space Systems,"Space Launch Complex 8, Vandenberg SFB, CA, USA",2026-04-07,11:33:00,Minotaur IV,STP-S29A,Active,,Success
CASC,"Commercial LC-1, Wenchang Space Launch Site, People's Republic of China",2026-04-07,13:32:00,Long March 8,SpaceSail Polar Group #7,Active,,Success
CASC,"Launch Complex 9A, Taiyuan Satellite Launch Center, People's Republic of China",2026-04-08,19:38:00,Long March 6A,SatNet LEO Group 21,Active,,Success
SpaceX,"Space Launch Complex 4E, Vandenberg SFB, CA, USA",2026-04-11,05:04:19,Falcon 9 Block 5,Starlink Group 17-21,Active,52,Success
China Rocket,"South China Sea (launch location 3), Haiyang Oriental Spaceport",2026-04-11,11:32:00,Smart Dragon 3,SatNet test satellite,Active,,Success
SpaceX,"Space Launch Complex 40, Cape Canaveral SFS, FL, USA",2026-04-11,11:41:21,Falcon 9 Block 5,Cygnus CRS-2 NG-24 (S.S. Steven R. Nagel),Active,52,Success
CAS Space,"Launch Area 130, Jiuquan Satellite Launch Center, People's Republic of China",2026-04-14,04:03:00,Kinetica 1,8 x Jilin-1,Active,,Success
SpaceX,"Space Launch Complex 40, Cape Canaveral SFS, FL, USA",2026-04-14,09:33:10,Falcon 9 Block 5,Starlink Group 10-24,Active,52,Success
SpaceX,"Space Launch Complex 4E, Vandenberg SFB, CA, USA",2026-04-15,04:29:49,Falcon 9 Block 5,Starlink Group 17-27,Active,52,Success
VKS RF,"43/4 (43R), Plesetsk Cosmodrome, Russian Federation",2026-04-16,23:17:00,Soyuz 2.1b Volga,Kosmos 2609-2614,Active,,Success
CASC,"Launch Area 94 (SLS-2 / 603), Jiuquan Satellite Launch Center, People's Republic of China",2026-04-17,04:10:00,Long March 4C,Daqi-2 (AEMS),Active,,Success
Blue Origin,"Launch Complex 36A, Cape Canaveral SFS, FL, USA",2026-04-19,11:25:00,New Glenn,BlueBird 7 (Block 2 #2),Active,,Failure
SpaceX,"Space Launch Complex 4E, Vandenberg SFB, CA, USA",2026-04-19,16:03:09,Falcon 9 Block 5,Starlink Group 17-22,Active,52,Success
SpaceX,"Space Launch Complex 40, Cape Canaveral SFS, FL, USA",2026-04-21,06:53:25,Falcon 9 Block 5,GPS III SV10,Active,52,Success
Rocket Lab,"Rocket Lab Launch Complex 2 (Launch Area 0 C), Wallops Flight Facility, Virginia, USA",2026-04-22,01:36:00,Electron,Bubbles,Active,6,Success
Rocket Lab,"Rocket Lab Launch Complex 1A, Rocket Lab Launch Complex 1, Mahia Peninsula, New Zealand",2026-04-23,03:09:00,Electron,Kakushin Rising (JAXA Rideshare),Active,6,Success
SpaceX,"Space Launch Complex 4E, Vandenberg SFB, CA, USA",2026-04-23,03:23:09,Falcon 9 Block 5,Starlink Group 17-14,Active,52,Success
VKS RF,"35/1, Plesetsk Cosmodrome, Russian Federation",2026-04-23,08:29:00,Angara 1.2,Kosmos 2615-2618,Active,31,Success
CASC,"Launch Complex 3 (LC-3/LA-1), Xichang Satellite Launch Center, People's Republic of China",2026-04-24,06:35:00,Long March 2D,4 x SatNet test satellites,Active,30,Success
CASC,"Launch Complex 16, Taiyuan Satellite Launch Center, People's Republic of China",2026-04-25,12:15:00,Long March 6,PRSC-EO3,Active,,Success
Roscosmos,"31/6, Baikonur Cosmodrome, Republic of Kazakhstan",2026-04-25,22:21:47,Soyuz 2.1a,Progress MS-34 (95P),Active,80,Success
SpaceX,"Space Launch Complex 4E, Vandenberg SFB, CA, USA",2026-04-26,14:37:09,Falcon 9 Block 5,Starlink Group 17-16,Active,52,Success
ULA,"Space Launch Complex 41, Cape Canaveral SFS, FL, USA",2026-04-28,00:53:30,Atlas V 551,Amazon Leo (LA-06),Retired,153,Success
SpaceX,"Launch Complex 39A, Kennedy Space Center, FL, USA",2026-04-29,14:13:00,Falcon Heavy,ViaSat-3 F3 (ViaSat-3 Asia-Pacific),Active,90,Success
SpaceX,"Space Launch Complex 4E, Vandenberg SFB, CA, USA",2026-04-30,02:42:49,Falcon 9 Block 5,Starlink Group 17-36,Active,52,Success
Arianespace,"Ariane Launch Area 4, Guiana Space Centre, French Guiana",2026-04-30,08:57:15,Ariane 64,Amazon Leo (LE-02),Retired,90,Success
RKK Energiya,"45/1, Baikonur Cosmodrome, Republic of Kazakhstan",2026-04-30,18:00:00,Soyuz-5,Demo Flight,Active,,Success
SpaceX,"Space Launch Complex 40, Cape Canaveral SFS, FL, USA",2026-05-01,18:06:10,Falcon 9 Block 5,Starlink Group 10-38,Active,52,Success
SpaceX,"Space Launch Complex 4E, Vandenberg SFB, CA, USA",2026-05-03,07:00:00,Falcon 9 Block 5,CAS500-2 & Others,Active,52,Success
SpaceX,"Space Launch Complex 4E, Vandenberg SFB, CA, USA",2026-05-06,03:59:19,Falcon 9 Block 5,Starlink Group 17-29,Active,52,Success
CASC,"201, Wenchang Space Launch Site, People's Republic of China",2026-05-11,00:14:32,Long March 7,Tianzhou-10,Active,,Success
SpaceX,"Space Launch Complex 4E, Vandenberg SFB, CA, USA",2026-05-12,02:13:50,Falcon 9 Block 5,NROL-172,Active,52,Success
CASC,"Launch Complex 9A, Taiyuan Satellite Launch Center, People's Republic of China",2026-05-12,11:59:00,Long March 6A,SpaceSail Polar Group #8,Active,,Success
LandSpace,"Launch Area 96A, Jiuquan Satellite Launch Center, People's Republic of China",2026-05-14,03:00:00,Zhuque-2E Block 2,Mass Simulator,Active,,Success
CAS Space,"Launch Area 130, Jiuquan Satellite Launch Center, People's Republic of China",2026-05-15,04:33:00,Kinetica 1,5 satellites,Active,,Success
SpaceX,"Space Launch Complex 40, Cape Canaveral SFS, FL, USA",2026-05-15,22:05:41,Falcon 9 Block 5,Dragon CRS-2 SpX-34,Active,52,Success
CASC,"Commercial LC-1, Wenchang Space Launch Site, People's Republic of China",2026-05-17,14:42:00,Long March 8,SpaceSail Polar Group #9,Active,,Success
Avio S.p.A,"Ariane Launch Area 1 (ELV), Guiana Space Centre, French Guiana",2026-05-19,03:52:10,Vega-C,Solar wind Magnetosphere Ionosphere Link Explorer (SMILE),Active,48,Success
SpaceX,"Space Launch Complex 4E, Vandenberg SFB, CA, USA",2026-05-20,02:46:19,Falcon 9 Block 5,Starlink Group 17-42,Active,52,Success
SpaceX,"Space Launch Complex 40, Cape Canaveral SFS, FL, USA",2026-05-21,10:04:20,Falcon 9 Block 5,Starlink Group 10-31,Active,52,Success
Rocket Lab,"Rocket Lab Launch Complex 1B, Rocket Lab Launch Complex 1, Mahia Peninsula, New Zealand",2026-05-22,09:33:00,Electron,Viva La StriX (StriX Launch 9),Active,6,Success
SpaceX,"Orbital Launch Pad 2, SpaceX Starbase, TX, USA",2026-05-22,22:30:24,Starship V3,Flight 12,Active,,Success
CASC,"Launch Area 91 (SLS-1 / 921), Jiuquan Satellite Launch Center, People's Republic of China",2026-05-24,15:08:36,Long March 2F/G,Shenzhou 23,Active,,Success
SpaceX,"Space Launch Complex 40, Cape Canaveral SFS, FL, USA",2026-05-25,11:48:04,Falcon 9 Block 5,Starlink Group 10-47,Active,52,Success
SpaceX,"Space Launch Complex 4E, Vandenberg SFB, CA, USA",2026-05-26,14:50:34,Falcon 9 Block 5,Starlink Group 17-37,Active,52,Success
CASC,"201, Wenchang Space Launch Site, People's Republic of China",2026-05-26,16:16:00,Long March 7A,TJSW-24,Active,,Success
SpaceX,"Space Launch Complex 40, Cape Canaveral SFS, FL, USA",2026-05-29,12:57:15,Falcon 9 Block 5,Starlink Group 10-53,Active,52,Success
ULA,"Space Launch Complex 41, Cape Canaveral SFS, FL, USA",2026-05-29,23:53:00,Atlas V 551,Amazon Leo (LA-07),Retired,153,Success
SpaceX,"Space Launch Complex 4E, Vandenberg SFB, CA, USA",2026-05-30,15:25:10,Falcon 9 Block 5,Starlink Group 17-41,Active,52,Success
CASC,"Launch Complex 3 (LC-3/LA-1), Xichang Satellite Launch Center, People's Republic of China",2026-05-30,18:07:00,Long March 2D,4 x SatNet test satellites,Active,30,Success
CASC,"Long March 12 series Pad, Jiuquan Satellite Launch Center, People's Republic of China",2026-06-01,08:40:00,Long March 12B,Demo Flight (SpaceSail Polar Group #10),Active,,Success
SpaceX,"Space Launch Complex 4E, Vandenberg SFB, CA, USA",2026-06-03,15:40:39,Falcon 9 Block 5,Starlink Group 17-47,Active,52,Success
SpaceX,"Space Launch Complex 40, Cape Canaveral SFS, FL, USA",2026-06-04,10:26:30,Falcon 9 Block 5,Starlink Group 10-43,Active,52,Success
CASC,"Launch Complex 9A, Taiyuan Satellite Launch Center, People's Republic of China",2026-06-04,11:39:00,Long March 6A,SpaceSail Polar Group #11,Active,,Success
CASC,"Commercial LC-1, Wenchang Space Launch Site, People's Republic of China",2026-06-05,06:34:00,Long March 8,SpaceSail Polar Group #12,Active,,Success
SpaceX,"Space Launch Complex 4E, Vandenberg SFB, CA, USA",2026-06-07,04:24:45,Falcon 9 Block 5,Starlink Group 17-43,Active,52,Success
SpaceX,"Space Launch Complex 40, Cape Canaveral SFS, FL, USA",2026-06-08,10:13:50,Falcon 9 Block 5,Starlink Group 10-35,Active,52,Success
LandSpace,"Launch Area 96A, Jiuquan Satellite Launch Center, People's Republic of China",2026-06-09,08:23:00,Zhuque-2E Block 2,2 x SatNet DTC test satellites,Active,,Success
CASC,"101, Wenchang Space Launch Site, People's Republic of China",2026-06-11,07:30:00,Long March 5,TJSW-25,Active,,Success
Rocket Lab,"Rocket Lab Launch Complex 2 (Launch Area 0 C), Wallops Flight Facility, Virginia, USA",2026-06-11,08:00:00,Electron,Curveball,Active,6,Success
SpaceX,"Space Launch Complex 4E, Vandenberg SFB, CA, USA",2026-06-11,15:05:59,Falcon 9 Block 5,Starlink Group 17-44,Active,52,Success
MHI,"Yoshinobu Launch Complex LP-2, Tanegashima Space Center, Japan",2026-06-12,00:53:59,H3-30,H3-30 Test Flight,Active,50,Success
SpaceX,"Space Launch Complex 40, Cape Canaveral SFS, FL, USA",2026-06-12,12:37:00,Falcon 9 Block 5,Starlink Group 10-54,Active,52,Success
CAS Space,"Launch Area 130, Jiuquan Satellite Launch Center, People's Republic of China",2026-06-15,03:44:00,Kinetica 1,8 x Jilin-1,Active,,Success
SpaceX,"Space Launch Complex 4E, Vandenberg SFB, CA, USA",2026-06-15,15:34:35,Falcon 9 Block 5,Starlink Group 17-54,Active,52,Success
CASC,"Launch Complex 2 (LC-2), Xichang Satellite Launch Center, People's Republic of China",2026-06-16,09:45:00,Long March 3B/E,Shijian 31,Active,70,Success
CASC,"Commercial LC-2, Wenchang Space Launch Site, People's Republic of China",2026-06-17,02:44:00,Long March 12,SatNet LEO Group 22,Active,,Success
ExPace,"Launch Area 95A, Jiuquan Satellite Launch Center, People's Republic of China",2026-06-17,03:58:00,Kuaizhou 11,CentiSpace-1 Group 05,Active,,Success
SpaceX,"Space Launch Complex 40, Cape Canaveral SFS, FL, USA",2026-06-17,06:39:00,Falcon 9 Block 5,BlueBird 8-10 (Block 2 #3-5),Active,52,Success
Arianespace,"Ariane Launch Area 4, Guiana Space Centre, French Guiana",2026-06-17,12:21:52,Ariane 64 Block 2,Amazon Leo (LE-03),Active,,Success
SpaceX,"Space Launch Complex 4E, Vandenberg SFB, CA, USA",2026-06-19,08:50:45,Falcon 9 Block 5,NROL-179,Active,52,Success
Rocket Lab,"Rocket Lab Launch Complex 1A, Rocket Lab Launch Complex 1, Mahia Peninsula, New Zealand",2026-06-19,10:19:00,Electron,VICTUS HAZE Puma,Active,6,Success
SpaceX,"Space Launch Complex 4E, Vandenberg SFB, CA, USA",2026-06-21,16:39:06,Falcon 9 Block 5,Starlink Group 17-28,Active,52,Success
CASC,"201, Wenchang Space Launch Site, People's Republic of China",2026-06-23,02:10:00,Long March 7A,TJSW-26A,Active,,Success
SpaceX,"Space Launch Complex 40, Cape Canaveral SFS, FL, USA",2026-06-23,10:53:00,Falcon 9 Block 5,Project Starfall Demonstration Mission,Active,52,Success
SpaceX,"Space Launch Complex 4E, Vandenberg SFB, CA, USA",2026-06-25,03:30:38,Falcon 9 Block 5,Starlink Group 17-45,Active,52,Success
Rocket Lab,"Rocket Lab Launch Complex 1B, Rocket Lab Launch Complex 1, Mahia Peninsula, New Zealand",2026-06-26,17:43:00,Electron,Ten Owl Of Ten (StriX Launch 10),Active,6,Success
SpaceX,"Space Launch Complex 4E, Vandenberg SFB, CA, USA",2026-06-28,16:09:18,Falcon 9 Block 5,Starlink Group 17-40,Active,52,Success
SpaceX,"Space Launch Complex 40, Cape Canaveral SFS, FL, USA",2026-06-29,02:25:00,Falcon 9 Block 5,Sirius SXM-11,Active,52,Success
CASC,"Launch Area 94 (SLS-2 / 603), Jiuquan Satellite Launch Center, People's Republic of China",2026-07-01,23:46:00,Long March 4B,Haiyang 2E,Active,,Success
SpaceX,"Space Launch Complex 4E, Vandenberg SFB, CA, USA",2026-07-02,02:58:19,Falcon 9 Block 5,Starlink Group 17-46,Active,52,Success
ULA,"Space Launch Complex 41, Cape Canaveral SFS, FL, USA",2026-07-02,04:30:15,Atlas V 551,Amazon Leo (LA-08),Retired,153,Success
Northrop Grumman Space Systems,"Kwajalein Atoll, Air launch to orbit",2026-07-03,08:36:00,Pegasus XL,Swift Boost Mission,Active,40,Success
CASC,"Launch Complex 9A, Taiyuan Satellite Launch Center, People's Republic of China",2026-07-04,09:30:00,Long March 6A,SpaceSail Polar Group #13,Active,,Success
SpaceX,"Space Launch Complex 40, Cape Canaveral SFS, FL, USA",2026-07-05,10:50:00,Falcon 9 Block 5,Starlink Group 10-50,Active,52,Success
CASC,"Commercial LC-1, Wenchang Space Launch Site, People's Republic of China",2026-07-05,13:43:00,Long March 8A,SpaceSail Polar Group #14,Active,,Success
SpaceX,"Space Launch Complex 4E, Vandenberg SFB, CA, USA",2026-07-07,07:12:00,Falcon 9 Block 5,Transporter 17 (Dedicated SSO Rideshare),Active,52,Success
SpaceX,"Space Launch Complex 40, Cape Canaveral SFS, FL, USA",2026-07-09,09:25:43,Falcon 9 Block 5,Starlink Group 10-42,Active,52,Success
CASC,"Commercial LC-2, Wenchang Space Launch Site, People's Republic of China",2026-07-10,04:15:00,Long March 10B,Demo Flight,Active,,Success
SpaceX,"Space Launch Complex 4E, Vandenberg SFB, CA, USA",2026-07-11,03:01:57,Falcon 9 Block 5,Starlink Group 17-48,Active,52,Success
SpaceX,"Space Launch Complex 4E, Vandenberg SFB, CA, USA",2026-07-14,01:28:17,Falcon 9 Block 5,Starlink Group 15-14,Active,52,Success
SpaceX,"Space Launch Complex 40, Cape Canaveral SFS, FL, USA",2026-07-14,09:10:12,Falcon 9 Block 5,Starlink Group 10-45,Active,52,Success
Roscosmos,"31/6, Baikonur Cosmodrome, Republic of Kazakhstan",2026-07-14,14:47:43,Soyuz 2.1a,Soyuz MS-29,Active,80,Success
SpaceX,"Space Launch Complex 4E, Vandenberg SFB, CA, USA",2026-07-16,20:32:36,Falcon 9 Block 5,SDA Tranche 1 Transport Layer E,Active,52,Success
Skyroot Aerospace,"Satish Dhawan Space Centre First Launch Pad, Satish Dhawan Space Centre, India",2026-07-18,06:35:30,Vikram-I,Demo Flight,Active,,Success
Roscosmos,"43/4 (43R), Plesetsk Cosmodrome, Russian Federation",2026-07-19,17:51:00,Soyuz 2.1b,16 x Rassvet-3,Active,80,Success
SpaceX,"Space Launch Complex 4E, Vandenberg SFB, CA, USA",2026-07-21,14:49:34,Falcon 9 Block 5,Starlink Group 17-39,Active,52,Success
SpaceX,"Space Launch Complex 40, Cape Canaveral SFS, FL, USA",2026-07-21,21:15:00,Falcon 9 Block 5,MRV-1,Active,52,Success
Orienspace,"Yellow Sea (launch location 5), Haiyang Oriental Spaceport",2026-07-22,02:54:00,Gravity-1,9 satellites,Retired,,Success
CASC,"Launch Complex 2 (LC-2), Xichang Satellite Launch Center, People's Republic of China",2026-07-23,12:00:00,Long March 3B/E,Tianlian 2-06,Active,70,Success
CAS Space,"Launch Area 130, Jiuquan Satellite Launch Center, People's Republic of China",2026-07-23,23:33:00,Kinetica 1,5 satellites,Active,,Success
SpaceX,"Orbital Launch Pad 2, SpaceX Starbase, TX, USA",2026-07-24,22:51:00,Starship V3,Flight 13,Active,,Success
SpaceX,"Space Launch Complex 4E, Vandenberg SFB, CA, USA",2026-07-25,15:51:55,Falcon 9 Block 5,Starlink Group 17-51,Active,52,Success
CASC,"201, Wenchang Space Launch Site, People's Republic of China",2026-07-29,11:50:00,Long March 7A,Tianlian 3-01,Active,,Success
CASC,"Launch Complex 9A, Taiyuan Satellite Launch Center, People's Republic of China",2026-07-30,01:00:00,Long March 6A,TJSW-27A & B,Active,,Success
SpaceX,"Space Launch Complex 40, Cape Canaveral SFS, FL, USA",2026-07-30,07:10:19,Falcon 9 Block 5,NROL-95,Active,52,Success
SpaceX,"Space Launch Complex 4E, Vandenberg SFB, CA, USA",2026-08-01,03:08:43,Falcon 9 Block 5,Starlink Group 17-52,Active,52,Success
CASC,"Commercial LC-1, Wenchang Space Launch Site, People's Republic of China",2026-08-04,08:52:00,Long March 8A,SatNet LEO Group 23,Active,,Success
SpaceX,"Space Launch Complex 4E, Vandenberg SFB, CA, USA",2026-08-04,17:05:03,Falcon 9 Block 5,Starlink Group 17-53,Active,52,Success
China Rocket,"Haiyang offshore launch location, Haiyang Oriental Spaceport",2026-08-05,02:38:00,Smart Dragon 3,OSE HS-01 & 02,Active,,Success
SpaceX,"Space Launch Complex 40, Cape Canaveral SFS, FL, USA",2026-08-05,07:49:00,Falcon 9 Block 5,BlueBird 11-13 (Block 2 #6-8),Active,52,Success
Rocket Lab,"Rocket Lab Launch Complex 1A, Rocket Lab Launch Complex 1, Mahia Peninsula, New Zealand",2026-08-06,09:18:00,Electron,The Grain Goddess Provides (iQPS Launch 7),Active,6,Success
SpaceX,"Space Launch Complex 4E, Vandenberg SFB, CA, USA",2026-08-08,16:35:02,Falcon 9 Block 5,Starlink Group 17-38,Active,52,Success
CASC,"201, Wenchang Space Launch Site, People's Republic of China",2026-08-10,12:02:00,Long March 7A,ChinaSat 4B,Active,,Failure
MHI,"Yoshinobu Launch Complex LP-2, Tanegashima Space Center, Japan",2026-08-10,19:23:31,H3-22,Michibiki 7 (QZS-7),Active,50,Success
SpaceX,"Space Launch Complex 40, Cape Canaveral SFS, FL, USA",2026-08-11,15:58:26,Falcon 9 Block 5,Starlink Group 10-19,Active,52,Success
SpaceX,"Space Launch Complex 4E, Vandenberg SFB, CA, USA",2026-08-12,04:46:47,Falcon 9 Block 5,Starlink Group 17-49,Active,52,Success
SpaceX,"Space Launch Complex 40, Cape Canaveral SFS, FL, USA",2026-08-16,01:12:14,Falcon 9 Block 5,Globalstar 2-R Mission 1 (x 8),Active,52,Success
SpaceX,"Space Launch Complex 4E, Vandenberg SFB, CA, USA",2026-08-16,01:50:45,Falcon 9 Block 5,USSF-366,Active,52,Success
CASC,"Commercial LC-2, Wenchang Space Launch Site, People's Republic of China",2026-08-16,04:10:00,Long March 12,SatNet LEO Group 24,Active,,Success
