DateKey,ItemKey,OpenPrice,ClosePrice,HighPrice,LowPrice,AvgPrice,Volume,ListingsCount
20230101,1,65.52,66.56,69.48,65.03,66.65,350,46
20230101,2,68.36,64.39,69.34,60.67,65.69,215,46
20230101,3,258.38,245.25,260.65,240.46,251.19,173,46
20230101,4,9927.28,9679.24,9941.73,9452.1,9750.09,146,25
20230101,5,55.97,56.26,58.72,54.71,56.41,253,39
20230101,6,13.81,13.77,14.19,13.54,13.83,407,60
20230101,7,453.92,474.33,480.54,443.96,463.19,357,46
20230101,8,2.5,2.08,2.58,2.05,2.3,273,59
20230101,9,10291.75,10328.21,10409.35,9980.11,10252.36,437,69
20230101,10,32.14,29.15,33.12,29.11,30.88,145,31
20230101,11,35.28,37.95,38.09,34.57,36.47,366,61
20230101,12,477.48,482.28,482.29,450.12,473.04,140,21
20230101,13,1.65,1.54,1.67,1.51,1.59,271,56
20230101,14,64.07,65.72,66.07,61.24,64.28,350,51
20230101,15,8863.79,8235.65,9029.91,7911.05,8510.1,292,67
20230101,16,1.62,1.52,1.69,1.44,1.57,314,57
20230101,17,4134.07,3955.62,4208.22,3880.35,4044.57,295,58
20230101,18,224.79,210.42,230.43,200.85,216.62,236,54
20230101,19,4444.26,4158.85,4612.34,4033.49,4312.24,266,54
20230101,20,370.8,338.37,379.4,330.31,354.72,111,24
20230101,21,21.23,19.25,22.33,19.19,20.5,302,54
20230101,22,2245.0,2144.82,2307.41,2103.16,2200.1,284,59
20230101,23,756.19,729.88,757.76,729.16,743.25,190,58
20230101,24,78.28,70.12,81.44,67.8,74.41,290,58
20230101,25,77.87,82.39,90.08,73.69,81.01,207,38
20230101,26,51.15,54.13,55.69,49.87,52.71,380,49
20230101,27,34.04,36.31,36.81,33.92,35.27,424,58
20230101,28,14383.62,14954.44,15471.11,13872.91,14670.52,340,38
20230101,29,70.55,69.03,72.01,66.99,69.65,229,48
20230101,30,1536.14,1598.12,1637.08,1490.05,1565.35,205,36
20230101,31,216.45,203.66,216.53,193.56,207.55,186,54
20230101,32,235.39,214.47,252.15,214.46,229.12,215,57
20230101,33,50.03,44.61,50.21,43.59,47.11,242,52
20230101,34,18.4,18.83,18.89,17.58,18.42,294,56
20230101,35,63.48,69.73,69.92,60.41,65.89,383,67
20230101,36,90.55,89.71,92.37,85.88,89.63,199,34
20230101,37,12.64,12.62,12.85,12.55,12.67,347,67
20230101,38,183.59,172.57,189.12,169.36,178.66,234,54
20230101,39,104.25,104.45,105.74,102.12,104.14,286,75
20230101,40,30.57,27.56,31.18,26.44,28.94,205,35
20230101,41,9626.1,8415.95,9707.72,7992.02,8935.45,53,15
20230101,42,5504.58,6134.26,6470.41,5433.42,5885.67,461,50
20230101,43,4248.28,4101.48,4326.97,4034.46,4177.8,307,70
20230101,44,69.78,67.77,69.95,66.49,68.5,265,47
20230101,45,66.24,67.53,70.05,63.34,66.79,442,62
20230101,46,478.83,465.22,481.54,464.2,472.45,248,45
20230101,47,109.09,97.35,114.45,96.5,104.35,288,60
20230101,48,349.55,321.35,367.0,317.05,338.74,312,63
20230101,49,84.96,81.32,85.36,80.75,83.1,248,47
20230101,50,1046.12,901.88,1116.93,843.18,977.03,245,52
20230101,51,535.68,544.03,570.14,527.37,544.31,377,51
20230101,52,70.59,66.24,72.98,64.28,68.52,230,59
20230101,53,2329.35,2191.55,2440.0,2120.96,2270.46,222,47
20230101,54,14.58,13.57,15.17,13.1,14.11,182,44
20230101,55,14.97,14.79,15.01,14.52,14.82,342,35
20230101,56,177.44,156.16,181.24,148.98,165.95,241,55
20230101,57,56.68,54.34,57.12,50.22,54.59,209,60
20230101,58,2.02,1.9,2.05,1.87,1.96,301,59
20230101,59,26251.77,25534.54,26501.08,24780.86,25767.06,438,68
20230101,60,2305.13,2202.44,2307.79,2136.85,2238.05,229,58
20230101,61,546.22,554.9,572.64,527.81,550.39,304,34
20230101,62,36.15,33.78,36.54,32.78,34.81,244,52
20230101,63,1483.76,1396.83,1564.64,1311.52,1439.19,434,52
20230101,64,5643.93,5954.35,6120.74,5617.63,5834.16,345,42
20230101,65,6.84,6.18,6.88,5.92,6.45,262,61
20230101,66,6907.3,6599.78,7003.49,6458.7,6742.32,241,39
20230101,67,79.33,73.03,85.56,71.49,77.35,195,39
20230101,68,108.39,109.71,113.41,108.23,109.93,358,55
20230101,69,11849.53,12723.81,12916.87,11703.82,12298.51,329,47
20230101,70,2.71,2.84,2.9,2.53,2.75,408,73
20230101,71,5218.26,5598.63,5756.98,5025.14,5399.75,432,64
20230101,72,11399.96,11014.23,12271.37,10734.61,11355.04,188,37
20230101,73,25.09,26.18,26.39,25.07,25.68,367,49
20230101,74,4.33,3.82,4.46,3.75,4.09,259,46
20230101,75,5814.03,5901.18,5934.26,5625.72,5818.8,439,71
20230101,76,19.9,20.27,20.85,19.72,20.18,437,56
20230101,77,15534.32,16724.82,17319.05,15497.64,16268.96,414,63
20230101,78,7.96,7.42,8.2,7.29,7.72,267,44
20230101,79,146.77,141.42,149.03,140.53,144.44,272,56
20230101,80,106.0,101.97,107.64,97.23,103.21,146,26
20230101,81,17.7,17.69,18.38,16.99,17.69,228,53
20230101,82,127.08,120.42,128.94,120.18,124.15,285,59
20230101,83,25.89,25.53,26.72,23.89,25.51,293,79
20230101,84,10.36,9.17,10.58,8.92,9.76,305,58
20230101,85,83.37,80.3,86.19,79.82,82.42,287,58
20230101,86,23302.99,20078.21,23637.19,19597.04,21653.86,320,62
20230101,87,583.4,574.29,584.2,573.47,578.84,205,49
20230101,88,37.69,39.75,39.92,36.03,38.35,260,39
20230101,89,19.09,18.88,20.12,18.41,19.12,298,64
20230101,90,44.76,41.44,46.06,40.36,43.16,255,50
20230101,91,3094.74,2879.36,3096.83,2858.77,2982.42,137,37
20230101,92,18.79,19.22,19.57,18.55,19.03,448,53
20230101,93,70.65,76.69,79.28,69.66,74.07,426,54
20230101,94,946.87,966.47,1004.09,937.82,963.81,153,37
20230101,95,427.67,453.09,468.32,420.42,442.38,307,42
20230101,96,542.96,524.6,543.93,518.01,532.38,252,54
20230101,97,31.07,31.27,32.75,30.4,31.37,258,58
20230101,98,2019.89,2055.15,2063.42,1992.23,2032.67,397,58
20230101,99,49.76,46.64,50.37,46.28,48.26,204,32
20230101,100,40.71,41.63,42.7,40.59,41.41,444,54
20230101,101,18.07,16.51,18.22,16.39,17.3,272,59
20230101,102,12.55,11.87,13.03,11.48,12.23,232,41
20230101,103,1292.98,1174.35,1316.05,1140.53,1230.98,131,32
20230101,104,570.16,566.71,578.28,537.22,563.09,218,44
20230101,105,6958.56,7302.57,7475.68,6547.97,7071.2,405,67
20230101,106,143.8,156.0,156.48,140.27,149.14,397,54
20230101,107,130.13,125.25,130.55,121.12,126.76,238,32
20230101,108,341.84,377.31,398.92,335.6,363.42,196,29
20230101,109,709.36,631.37,716.88,616.55,668.54,254,43
20230101,110,897.62,812.36,920.89,809.12,860.0,283,47
20230101,111,2.06,1.91,2.11,1.9,1.99,295,75
20230101,112,14185.8,15320.65,15642.69,14034.13,14795.82,413,54
20230101,113,7.45,7.17,7.51,7.0,7.28,323,68
20230101,114,1030.39,1048.87,1055.16,1024.93,1039.84,367,49
20230101,115,3869.53,3564.78,4027.15,3560.8,3755.56,305,64
20230101,116,989.84,888.79,999.93,859.41,934.49,203,40
20230101,117,6.42,6.41,6.47,6.33,6.41,266,69
20230101,118,16.18,15.94,16.28,15.47,15.97,296,77
20230101,119,68.92,69.41,69.57,67.79,68.92,254,45
20230101,120,513.52,535.89,548.22,507.87,526.37,404,63
20230101,121,2135.68,1969.11,2230.03,1864.45,2049.82,410,71
20230101,122,12364.33,12091.16,12686.31,11656.85,12199.66,344,57
20230101,123,3.62,3.79,3.8,3.62,3.71,456,59
20230101,124,24.19,22.69,24.59,22.4,23.47,256,50
20230101,125,277.96,258.67,297.91,256.97,272.88,146,34
20230101,126,79661.7,72398.13,80884.49,70948.66,75973.25,297,68
20230101,127,174.03,185.45,192.26,168.38,180.03,206,32
20230101,128,235.34,228.56,236.71,223.76,231.09,155,26
20230101,129,13105.49,12751.6,13243.95,12175.47,12819.13,198,49
20230101,130,92.06,92.28,94.69,91.1,92.53,373,58
20230101,131,225.05,232.87,236.63,223.95,229.62,360,62
20230101,132,2869.17,2795.09,2940.62,2666.43,2817.83,324,53
20230101,133,71.91,68.15,75.22,66.89,70.54,259,43
20230101,134,1594.19,1357.98,1659.59,1331.41,1485.79,306,73
20230101,135,373.71,360.62,378.37,346.63,364.83,224,31
20230101,136,262.98,247.22,263.9,237.69,252.95,262,60
20230101,137,184.9,193.77,205.77,172.91,189.34,196,33
20230101,138,2.39,2.28,2.51,2.22,2.35,413,64
20230101,139,7345.11,7183.13,7419.02,6815.76,7190.75,442,62
20230101,140,176.37,182.78,186.76,167.07,178.25,343,55
20230101,141,30.79,31.52,31.73,29.83,30.97,233,53
20230101,142,66.34,63.76,67.44,60.84,64.59,264,54
20230101,143,8141.89,8596.01,8863.01,7979.48,8395.1,412,75
20230101,144,3.38,3.18,3.48,3.15,3.3,282,66
20230101,145,1370.25,1380.21,1384.89,1316.6,1362.99,346,51
20230101,146,23266.68,22248.44,24271.18,21395.81,22795.53,294,76
20230101,147,602.54,558.32,616.28,539.23,579.09,95,27
20230101,148,94.09,99.42,103.57,92.23,97.33,432,70
20230101,149,2.03,1.96,2.03,1.95,1.99,395,62
20230101,150,4.33,4.6,4.74,4.24,4.48,453,53
20230101,151,11.64,11.98,12.26,11.48,11.84,375,44
20230101,152,18.62,17.58,19.11,16.86,18.04,299,61
20230101,153,57985.63,55780.47,61777.59,55603.34,57786.76,363,45
20230101,154,1291.9,1277.04,1333.99,1257.14,1290.02,222,30
20230101,155,63.13,63.19,64.01,60.13,62.62,275,48
20230101,156,72.78,74.19,78.41,69.96,73.83,374,62
20230101,157,1786.9,1722.72,1832.24,1692.31,1758.54,289,55
20230101,158,32.2,29.55,33.16,29.34,31.06,327,55
20230101,159,16700.49,15895.3,17036.32,15506.33,16284.61,273,53
20230101,160,56.19,54.66,56.7,53.74,55.32,405,69
20230101,161,10.58,10.92,11.09,10.06,10.66,357,51
20230101,162,109.46,105.93,112.77,104.36,108.13,258,54
20230101,163,166.75,173.51,177.62,156.56,168.61,335,57
20230101,164,51.74,47.44,53.42,46.06,49.66,227,49
20230101,165,32.51,32.97,34.65,32.47,33.15,332,60
20230101,166,32.47,31.64,33.69,29.35,31.79,285,53
20230101,167,1.0,0.94,1.05,0.93,0.98,303,61
20230101,168,28.87,29.34,30.38,28.51,29.28,418,64
20230101,169,35.06,38.7,40.85,34.71,37.33,336,37
20230101,170,2835.24,2593.99,2979.49,2569.24,2744.49,41,11
20230101,171,46.89,50.21,51.85,44.75,48.43,429,69
20230101,172,36.72,36.04,36.97,35.32,36.26,348,38
20230101,173,25.56,25.03,25.81,24.87,25.32,191,42
20230101,174,84.75,83.16,85.02,80.68,83.4,198,38
20230101,175,5529.18,5156.15,5602.71,5024.53,5328.14,243,58
20230101,176,46.11,41.69,47.71,40.44,43.99,226,54
20230101,177,48.79,46.3,50.41,45.43,47.73,341,57
20230101,178,349.56,324.51,365.36,320.23,339.92,186,37
20230101,179,5.46,5.32,5.57,5.29,5.41,289,78
20230101,180,297.6,293.01,298.44,282.2,292.81,213,42
20230101,181,39734.57,40988.91,42922.21,39337.66,40745.84,455,58
20230101,182,21.27,19.01,23.01,18.84,20.53,180,47
20230101,183,24.92,25.38,25.84,23.62,24.94,439,63
20230101,184,9.95,9.77,10.41,9.54,9.92,413,64
20230101,185,1872.32,1778.39,1949.24,1773.84,1843.44,287,63
20230101,186,58588.82,54657.84,60321.41,53167.19,56683.82,312,48
20230101,187,1265.27,1145.49,1285.46,1102.17,1199.6,269,66
20230101,188,430.75,399.13,460.91,391.36,420.54,309,68
20230101,189,4.4,4.03,4.42,4.01,4.21,305,64
20230101,190,4.94,4.45,5.24,4.3,4.73,323,70
20230101,191,21.05,20.97,22.19,20.65,21.22,196,25
20230101,192,1915.64,1941.09,1972.12,1856.25,1921.27,194,24
20230101,193,23.07,21.68,24.16,20.91,22.45,336,51
20230101,194,19.48,19.53,19.56,19.16,19.43,411,60
20230101,195,3416.31,3380.57,3613.91,3366.01,3444.2,282,65
20230101,196,77.6,71.59,79.14,70.14,74.62,148,25
20230101,197,263.41,286.48,298.91,261.48,277.57,406,76
20230101,198,383.71,352.51,397.64,350.63,371.12,290,54
20230101,199,1280.99,1246.51,1282.24,1201.68,1252.85,140,31
20230101,200,86.61,92.6,96.73,86.15,90.52,215,32
20230102,1,66.56,62.48,68.56,62.13,64.93,273,36
20230102,2,64.39,60.25,68.92,58.46,63.01,141,35
20230102,3,245.25,233.79,249.62,225.34,238.5,147,53
20230102,4,9679.24,10039.34,10182.19,9456.42,9839.3,107,30
20230102,5,56.26,50.06,56.39,49.63,53.08,225,38
20230102,6,13.77,13.24,13.82,12.72,13.38,300,70
20230102,7,474.33,428.14,493.65,416.75,453.21,264,50
20230102,8,2.08,2.12,2.14,2.03,2.09,215,57
20230102,9,10328.21,8951.36,10500.07,8661.65,9610.32,296,69
20230102,10,29.15,28.36,29.28,28.18,28.74,93,24
20230102,11,37.95,33.57,40.29,32.99,36.2,237,62
20230102,12,482.28,448.72,491.28,428.96,462.81,124,18
20230102,13,1.54,1.54,1.55,1.5,1.53,238,57
20230102,14,65.72,61.67,65.81,56.59,62.45,245,47
20230102,15,8235.65,8029.41,8350.14,7811.66,8106.71,238,60
20230102,16,1.52,1.45,1.54,1.41,1.48,231,70
20230102,17,3955.62,3953.58,4016.08,3786.38,3927.92,210,65
20230102,18,210.42,200.11,210.49,197.99,204.75,157,52
20230102,19,4158.85,4329.93,4527.25,4102.92,4279.74,200,73
20230102,20,338.37,336.24,346.4,325.92,336.73,91,38
20230102,21,19.25,18.97,19.49,18.57,19.07,185,60
20230102,22,2144.82,2169.3,2225.85,2059.46,2149.86,192,59
20230102,23,729.88,720.72,730.07,717.54,724.56,144,34
20230102,24,70.12,65.04,70.85,64.24,67.56,217,53
20230102,25,82.39,72.35,83.02,70.59,77.09,138,25
20230102,26,54.13,51.87,57.56,50.24,53.45,233,46
20230102,27,36.31,33.43,39.63,33.02,35.6,315,53
20230102,28,14954.44,12782.2,15056.11,12624.25,13854.25,236,65
20230102,29,69.03,69.24,71.01,68.73,69.5,169,52
20230102,30,1598.12,1532.53,1676.72,1411.32,1554.67,143,54
20230102,31,203.66,194.91,208.68,194.12,200.34,138,45
20230102,32,214.47,203.47,220.42,198.88,209.31,197,47
20230102,33,44.61,46.71,47.21,42.67,45.3,183,51
20230102,34,18.83,17.05,19.26,16.75,17.97,218,62
20230102,35,69.73,61.73,70.68,60.87,65.75,235,56
20230102,36,89.71,83.22,92.18,83.2,87.08,176,31
20230102,37,12.62,12.44,12.92,11.81,12.45,229,43
20230102,38,172.57,175.67,178.76,170.65,174.41,171,58
20230102,39,104.45,99.4,104.82,95.5,101.04,232,52
20230102,40,27.56,29.44,29.5,26.61,28.28,135,44
20230102,41,8415.95,7938.26,8616.03,7897.09,8216.83,37,11
20230102,42,6134.26,5669.94,6272.18,5649.75,5931.53,301,54
20230102,43,4101.48,4145.74,4281.04,4091.99,4155.06,219,66
20230102,44,67.77,64.61,68.91,62.12,65.85,171,42
20230102,45,67.53,64.03,67.54,60.14,64.81,297,61
20230102,46,465.22,450.58,486.59,430.79,458.3,161,46
20230102,47,97.35,100.59,104.49,96.97,99.85,187,52
20230102,48,321.35,294.86,325.78,281.41,305.85,237,72
20230102,49,81.32,81.79,83.47,77.45,81.01,196,43
20230102,50,901.88,891.34,911.57,860.94,891.43,169,48
20230102,51,544.03,525.73,563.33,524.11,539.3,253,46
20230102,52,66.24,65.76,68.19,63.4,65.9,154,45
20230102,53,2191.55,2295.36,2522.98,2159.05,2292.23,141,57
20230102,54,13.57,13.81,14.09,13.18,13.66,157,35
20230102,55,14.79,13.57,14.95,13.51,14.21,236,67
20230102,56,156.16,162.41,162.42,148.88,157.47,175,49
20230102,57,54.34,55.68,55.76,52.53,54.58,177,47
20230102,58,1.9,1.93,1.97,1.87,1.92,206,68
20230102,59,25534.54,21192.49,26352.32,21039.92,23529.82,298,58
20230102,60,2202.44,2094.33,2258.86,2007.52,2140.79,176,43
20230102,61,554.9,541.34,584.35,534.7,553.82,200,48
20230102,62,33.78,31.81,34.92,30.53,32.76,176,53
20230102,63,1396.83,1346.8,1457.4,1327.06,1382.02,295,69
20230102,64,5954.35,5628.14,6177.72,5527.19,5821.85,216,45
20230102,65,6.18,5.98,6.55,5.81,6.13,205,68
20230102,66,6599.78,5996.03,6760.9,5967.83,6331.14,182,57
20230102,67,73.03,71.04,77.38,70.52,72.99,116,38
20230102,68,109.71,110.08,110.17,108.41,109.59,245,48
20230102,69,12723.81,11261.53,13184.83,10680.22,11962.6,250,49
20230102,70,2.84,2.53,2.92,2.52,2.7,321,69
20230102,71,5598.63,4927.33,5691.79,4855.96,5268.43,331,49
20230102,72,11014.23,11463.28,11800.16,10937.71,11303.85,171,43
20230102,73,26.18,23.82,26.41,23.33,24.94,225,51
20230102,74,3.82,3.72,3.84,3.64,3.76,147,52
20230102,75,5901.18,5764.46,6166.6,5384.33,5804.14,291,64
20230102,76,20.27,19.13,20.9,18.48,19.7,279,51
20230102,77,16724.82,14766.35,17200.74,14662.37,15838.57,306,60
20230102,78,7.42,7.0,7.51,6.93,7.22,213,51
20230102,79,141.42,146.93,147.39,140.06,143.95,202,65
20230102,80,101.97,101.13,105.83,99.21,102.04,109,39
20230102,81,17.69,16.34,18.38,16.09,17.12,166,51
20230102,82,120.42,110.54,123.02,109.21,115.8,188,68
20230102,83,25.53,24.06,26.43,23.3,24.83,217,65
20230102,84,9.17,8.68,9.57,8.22,8.91,214,62
20230102,85,80.3,67.45,81.61,66.45,73.95,202,45
20230102,86,20078.21,19204.37,20659.18,18816.39,19689.54,208,56
20230102,87,574.29,545.88,586.38,536.01,560.64,159,37
20230102,88,39.75,35.81,42.35,34.82,38.18,196,42
20230102,89,18.88,19.93,21.12,18.78,19.68,212,60
20230102,90,41.44,40.82,41.98,38.73,40.74,189,49
20230102,91,2879.36,2846.74,2980.88,2714.24,2855.31,115,19
20230102,92,19.22,18.08,19.39,17.66,18.59,295,52
20230102,93,76.69,69.61,79.61,69.09,73.75,269,62
20230102,94,966.47,965.17,989.55,941.43,965.65,107,29
20230102,95,453.09,420.8,465.59,419.0,439.62,196,27
20230102,96,524.6,522.27,545.22,495.61,521.93,194,67
20230102,97,31.27,34.23,35.31,31.07,32.97,203,46
20230102,98,2055.15,1966.32,2069.65,1954.31,2011.36,280,53
20230102,99,46.64,44.25,46.89,42.32,45.03,120,37
20230102,100,41.63,38.92,42.86,38.66,40.52,310,58
20230102,101,16.51,15.92,16.65,14.88,15.99,226,62
20230102,102,11.87,12.02,12.16,11.63,11.92,173,48
20230102,103,1174.35,1102.56,1227.71,1076.52,1145.29,102,28
20230102,104,566.71,533.82,583.01,498.19,545.43,141,39
20230102,105,7302.57,6805.28,7382.85,6668.28,7039.75,296,60
20230102,106,156.0,148.72,168.9,143.52,154.29,317,66
20230102,107,125.25,118.48,125.61,116.38,121.43,152,28
20230102,108,377.31,357.07,380.73,342.0,364.28,147,24
20230102,109,631.37,643.54,649.83,619.49,636.06,191,47
20230102,110,812.36,818.53,834.51,773.03,809.61,183,51
20230102,111,1.91,1.86,1.97,1.85,1.9,240,58
20230102,112,15320.65,14508.0,15356.14,14471.17,14913.99,317,62
20230102,113,7.17,7.41,7.59,6.99,7.29,192,67
20230102,114,1048.87,963.33,1059.34,947.6,1004.79,310,63
20230102,115,3564.78,3537.15,3649.29,3520.8,3568.0,228,73
20230102,116,888.79,952.82,955.59,876.43,918.41,129,54
20230102,117,6.41,6.31,6.49,6.02,6.31,215,56
20230102,118,15.94,15.79,16.49,15.08,15.82,226,52
20230102,119,69.41,69.68,70.16,66.67,68.98,162,57
20230102,120,535.89,490.57,559.23,465.56,512.81,302,65
20230102,121,1969.11,1757.84,1984.84,1751.01,1865.7,280,36
20230102,122,12091.16,11357.05,12390.62,10752.73,11647.89,247,58
20230102,123,3.79,3.48,4.03,3.39,3.67,306,65
20230102,124,22.69,24.36,24.43,22.13,23.4,169,45
20230102,125,258.67,266.36,267.95,254.36,261.83,95,30
20230102,126,72398.13,70452.9,74615.17,68583.01,71512.3,202,62
20230102,127,185.45,175.27,191.78,172.53,181.26,145,28
20230102,128,228.56,229.12,229.73,226.87,228.57,97,31
20230102,129,12751.6,13304.01,13754.25,12147.15,12989.25,133,40
20230102,130,92.28,83.15,93.87,82.18,87.87,255,43
20230102,131,232.87,215.88,236.61,214.59,224.99,255,38
20230102,132,2795.09,2571.59,2929.06,2514.41,2702.54,237,50
20230102,133,68.15,67.86,71.96,65.78,68.44,185,63
20230102,134,1357.98,1314.21,1369.09,1265.52,1326.7,196,60
20230102,135,360.62,342.11,373.2,337.96,353.47,159,28
20230102,136,247.22,250.22,252.86,246.13,249.11,177,53
20230102,137,193.77,199.3,207.59,192.01,198.17,144,49
20230102,138,2.28,2.11,2.33,2.11,2.21,298,71
20230102,139,7183.13,6514.93,7564.41,6180.15,6860.65,289,51
20230102,140,182.78,173.67,185.98,169.03,177.86,255,64
20230102,141,31.52,29.99,33.27,29.14,30.98,198,49
20230102,142,63.76,66.07,66.67,62.18,64.67,213,69
20230102,143,8596.01,8247.06,8948.74,8175.26,8491.77,270,56
20230102,144,3.18,3.33,3.39,3.15,3.26,195,65
20230102,145,1380.21,1292.74,1422.37,1275.05,1342.59,267,62
20230102,146,22248.44,21616.25,22915.02,20963.67,21935.85,202,54
20230102,147,558.32,558.99,564.19,558.27,559.94,73,26
20230102,148,99.42,92.73,104.8,92.46,97.35,331,59
20230102,149,1.96,1.76,1.98,1.69,1.85,291,47
20230102,150,4.6,4.46,4.67,4.21,4.49,285,55
20230102,151,11.98,11.29,12.14,11.28,11.67,266,50
20230102,152,17.58,16.81,18.29,15.98,17.17,211,51
20230102,153,55780.47,55966.78,56152.3,54739.17,55659.68,264,45
20230102,154,1277.04,1183.78,1368.23,1154.29,1245.84,124,29
20230102,155,63.19,59.51,64.93,58.51,61.54,222,58
20230102,156,74.19,65.9,75.58,62.3,69.49,228,46
20230102,157,1722.72,1813.18,1875.97,1664.8,1769.17,200,64
20230102,158,29.55,31.84,32.73,28.8,30.73,194,53
20230102,159,15895.3,16452.02,17150.05,15549.72,16261.77,212,61
20230102,160,54.66,53.48,56.21,50.43,53.69,306,53
20230102,161,10.92,10.56,11.2,9.91,10.65,288,38
20230102,162,105.93,107.34,111.42,104.73,107.35,180,53
20230102,163,173.51,161.71,176.27,160.93,168.1,280,58
20230102,164,47.44,48.46,48.65,46.12,47.66,165,46
20230102,165,32.97,31.32,33.37,29.47,31.78,262,41
20230102,166,31.64,30.34,33.17,29.29,31.11,190,64
20230102,167,0.94,0.97,0.97,0.92,0.95,231,66
20230102,168,29.34,28.71,29.65,28.22,28.98,279,54
20230102,169,38.7,35.14,40.02,32.83,36.67,235,70
20230102,170,2593.99,2554.17,2668.66,2528.64,2586.36,37,14
20230102,171,50.21,46.96,51.45,45.36,48.5,294,54
20230102,172,36.04,32.33,36.75,30.79,33.98,258,60
20230102,173,25.03,23.4,26.09,23.14,24.41,144,31
20230102,174,83.16,86.08,87.61,79.87,84.18,133,54
20230102,175,5156.15,5033.43,5347.22,5000.37,5134.29,183,45
20230102,176,41.69,41.73,42.13,40.21,41.44,183,46
20230102,177,46.3,41.68,47.7,40.85,44.13,262,72
20230102,178,324.51,341.13,345.2,311.14,330.5,111,33
20230102,179,5.32,5.45,5.62,5.23,5.4,217,60
20230102,180,293.01,267.68,301.56,259.01,280.32,151,31
20230102,181,40988.91,35833.85,41250.36,35229.41,38325.63,307,55
20230102,182,19.01,18.75,19.58,18.29,18.91,129,40
20230102,183,25.38,23.94,27.22,23.64,25.04,294,63
20230102,184,9.77,9.1,10.28,8.9,9.51,292,49
20230102,185,1778.39,1773.92,1847.35,1751.08,1787.68,203,69
20230102,186,54657.84,54907.18,56092.39,54250.71,54977.03,204,74
20230102,187,1145.49,1183.8,1235.88,1121.68,1171.71,204,58
20230102,188,399.13,397.0,401.56,371.28,392.24,194,68
20230102,189,4.03,4.1,4.13,3.9,4.04,207,55
20230102,190,4.45,4.26,4.47,4.2,4.34,174,56
20230102,191,20.97,22.83,23.15,20.23,21.8,147,46
20230102,192,1941.09,1766.47,1960.45,1689.83,1839.46,128,25
20230102,193,21.68,20.28,21.86,20.26,21.02,277,39
20230102,194,19.53,18.45,20.32,18.28,19.15,279,63
20230102,195,3380.57,3281.02,3382.0,3256.65,3325.06,211,73
20230102,196,71.59,71.4,71.68,71.19,71.47,96,39
20230102,197,286.48,262.48,293.38,257.6,274.99,275,68
20230102,198,352.51,337.68,358.35,335.18,345.93,214,55
20230102,199,1246.51,1255.87,1289.89,1210.06,1250.58,86,34
20230102,200,92.6,79.25,92.86,77.61,85.58,145,24
20230103,1,62.48,67.58,68.46,58.43,64.24,244,56
20230103,2,60.25,63.69,64.81,59.41,62.04,148,41
20230103,3,233.79,244.26,248.21,223.3,237.39,158,43
20230103,4,10039.34,9339.68,10458.42,9045.14,9720.65,106,33
20230103,5,50.06,49.21,54.39,47.2,50.21,214,34
20230103,6,13.24,14.1,14.26,13.03,13.66,315,58
20230103,7,428.14,507.69,509.62,413.28,464.68,250,47
20230103,8,2.12,2.3,2.37,2.08,2.22,208,57
20230103,9,8951.36,9586.3,9982.56,8750.62,9317.71,290,74
20230103,10,28.36,29.62,30.55,28.21,29.18,97,37
20230103,11,33.57,32.66,34.49,32.48,33.3,262,54
20230103,12,448.72,472.36,478.3,433.84,458.3,114,15
20230103,13,1.54,1.48,1.64,1.44,1.52,178,60
20230103,14,61.67,58.97,62.67,56.24,59.89,237,49
20230103,15,8029.41,7709.07,8377.79,7380.9,7874.29,214,56
20230103,16,1.45,1.54,1.59,1.42,1.5,220,65
20230103,17,3953.58,3973.97,4176.36,3892.45,3999.09,208,59
20230103,18,200.11,204.87,215.76,199.06,204.95,179,54
20230103,19,4329.93,4347.36,4430.72,4258.93,4341.73,186,60
20230103,20,336.24,324.98,344.92,316.61,330.69,113,25
20230103,21,18.97,18.75,19.09,18.06,18.72,224,52
20230103,22,2169.3,2126.46,2326.91,1984.74,2151.85,211,59
20230103,23,720.72,684.05,727.12,681.73,703.41,153,49
20230103,24,65.04,65.5,66.64,63.37,65.14,192,56
20230103,25,72.35,69.86,75.67,69.72,71.9,138,25
20230103,26,51.87,52.98,53.12,51.73,52.42,234,46
20230103,27,33.43,34.45,34.87,32.46,33.8,288,61
20230103,28,12782.2,12287.91,13007.11,11518.61,12398.96,236,46
20230103,29,69.24,68.65,69.92,68.62,69.11,172,52
20230103,30,1532.53,1648.16,1650.98,1506.15,1584.46,147,33
20230103,31,194.91,189.8,199.53,189.22,193.37,133,56
20230103,32,203.47,212.43,214.12,200.23,207.56,170,42
20230103,33,46.71,47.45,48.24,45.82,47.06,175,50
20230103,34,17.05,18.07,19.48,15.87,17.62,230,55
20230103,35,61.73,62.78,64.04,58.91,61.86,222,44
20230103,36,83.22,82.82,84.66,79.21,82.48,138,29
20230103,37,12.44,12.51,12.59,11.84,12.35,233,60
20230103,38,175.67,177.58,179.94,175.65,177.21,185,45
20230103,39,99.4,99.82,100.04,97.99,99.31,203,60
20230103,40,29.44,28.02,30.17,27.74,28.84,126,49
20230103,41,7938.26,8676.63,8841.09,7826.34,8320.58,32,10
20230103,42,5669.94,5883.69,6035.43,5592.28,5795.33,315,48
20230103,43,4145.74,3986.57,4329.17,3943.42,4101.22,204,66
20230103,44,64.61,64.6,64.94,63.77,64.48,155,58
20230103,45,64.03,63.81,64.08,63.44,63.84,272,56
20230103,46,450.58,433.0,464.14,427.68,443.85,170,52
20230103,47,100.59,93.79,103.36,92.39,97.53,209,71
20230103,48,294.86,293.93,302.03,291.87,295.67,191,48
20230103,49,81.79,81.11,85.21,78.15,81.57,163,53
20230103,50,891.34,854.96,906.49,824.05,869.21,162,42
20230103,51,525.73,531.38,535.45,518.16,527.68,263,50
20230103,52,65.76,69.82,73.58,65.44,68.65,164,54
20230103,53,2295.36,2380.51,2412.14,2174.38,2315.6,181,57
20230103,54,13.81,13.86,14.12,13.63,13.86,150,31
20230103,55,13.57,12.69,13.62,12.38,13.07,247,55
20230103,56,162.41,169.86,170.25,157.91,165.11,192,34
20230103,57,55.68,56.2,58.74,54.04,56.17,168,49
20230103,58,1.93,1.98,1.98,1.91,1.95,207,62
20230103,59,21192.49,24002.28,24022.94,20409.91,22406.91,309,59
20230103,60,2094.33,2051.47,2104.62,1989.08,2059.88,171,58
20230103,61,541.34,479.63,543.82,475.2,510.0,201,42
20230103,62,31.81,30.96,32.1,29.85,31.18,170,53
20230103,63,1346.8,1397.2,1416.32,1292.65,1363.24,276,71
20230103,64,5628.14,5640.43,5816.37,5262.15,5586.77,279,52
20230103,65,5.98,5.78,6.16,5.68,5.9,237,60
20230103,66,5996.03,5745.17,6216.69,5692.67,5912.64,174,58
20230103,67,71.04,71.21,71.55,68.99,70.7,121,42
20230103,68,110.08,104.5,116.07,103.17,108.46,244,54
20230103,69,11261.53,11604.56,11988.01,10820.69,11418.7,227,46
20230103,70,2.53,2.51,2.56,2.49,2.52,275,60
20230103,71,4927.33,4843.62,4964.25,4635.92,4842.78,303,52
20230103,72,11463.28,11115.77,11507.22,10944.99,11257.82,123,38
20230103,73,23.82,24.29,24.95,23.27,24.08,261,52
20230103,74,3.72,3.83,3.85,3.65,3.76,162,40
20230103,75,5764.46,5822.81,5923.24,5633.06,5785.89,291,60
20230103,76,19.13,19.4,19.63,18.88,19.26,287,60
20230103,77,14766.35,14847.25,15198.56,14431.13,14810.82,328,59
20230103,78,7.0,6.82,7.26,6.52,6.9,205,59
20230103,79,146.93,142.71,147.62,136.23,143.37,188,72
20230103,80,101.13,100.26,101.71,94.83,99.48,109,37
20230103,81,16.34,18.02,19.04,16.19,17.4,166,55
20230103,82,110.54,106.25,118.02,106.1,110.23,191,66
20230103,83,24.06,23.92,24.36,23.47,23.95,206,69
20230103,84,8.68,8.98,9.16,8.43,8.81,215,70
20230103,85,67.45,68.88,69.74,66.33,68.1,168,40
20230103,86,19204.37,20836.09,21109.71,18742.7,19973.22,202,70
20230103,87,545.88,544.71,549.76,543.02,545.84,139,40
20230103,88,35.81,35.76,37.15,35.45,36.04,178,37
20230103,89,19.93,20.44,21.96,19.16,20.37,202,54
20230103,90,40.82,44.69,46.24,40.31,43.01,176,43
20230103,91,2846.74,3060.28,3110.38,2843.14,2965.14,108,33
20230103,92,18.08,18.09,18.59,17.97,18.18,307,63
20230103,93,69.61,69.68,70.62,64.45,68.59,268,68
20230103,94,965.17,964.84,989.03,940.52,964.89,99,31
20230103,95,420.8,424.64,433.47,410.31,422.3,194,30
20230103,96,522.27,507.34,528.72,481.47,509.95,176,59
20230103,97,34.23,34.94,36.0,33.25,34.61,171,50
20230103,98,1966.32,1992.42,2078.39,1948.08,1996.3,308,46
20230103,99,44.25,45.02,45.74,44.07,44.77,130,51
20230103,100,38.92,37.15,39.35,36.84,38.07,299,54
20230103,101,15.92,16.3,17.22,15.87,16.32,231,66
20230103,102,12.02,11.16,12.22,10.93,11.58,161,61
20230103,103,1102.56,1101.92,1116.15,1059.36,1095.0,91,38
20230103,104,533.82,526.82,538.55,511.01,527.55,147,39
20230103,105,6805.28,6912.88,7332.51,6653.29,6925.99,278,64
20230103,106,148.72,158.9,160.59,145.7,153.48,292,68
20230103,107,118.48,123.29,125.46,115.11,120.58,151,41
20230103,108,357.07,374.82,377.5,353.14,365.63,160,27
20230103,109,643.54,672.21,694.01,643.5,663.32,170,48
20230103,110,818.53,871.4,900.96,777.39,842.07,162,59
20230103,111,1.86,2.05,2.05,1.84,1.95,191,45
20230103,112,14508.0,14054.05,14685.04,12526.25,13943.33,265,71
20230103,113,7.41,7.18,7.5,7.02,7.28,224,59
20230103,114,963.33,1001.65,1053.56,953.4,992.98,301,59
20230103,115,3537.15,3589.07,3599.9,3443.32,3542.36,217,53
20230103,116,952.82,967.77,970.11,903.7,948.6,132,37
20230103,117,6.31,6.27,6.47,6.05,6.28,198,61
20230103,118,15.79,15.47,16.66,14.86,15.7,193,70
20230103,119,69.68,74.08,74.54,67.87,71.54,160,51
20230103,120,490.57,471.77,495.47,463.38,480.3,299,60
20230103,121,1757.84,1874.61,1896.8,1715.7,1811.24,298,59
20230103,122,11357.05,11775.82,12125.54,10753.13,11502.88,272,37
20230103,123,3.48,3.27,3.52,3.26,3.38,293,63
20230103,124,24.36,23.54,24.49,22.46,23.71,212,49
20230103,125,266.36,260.92,273.27,253.29,263.46,113,28
20230103,126,70452.9,73687.44,75842.4,67872.95,71963.92,241,60
20230103,127,175.27,172.65,181.32,165.6,173.71,123,25
20230103,128,229.12,229.4,239.8,229.01,231.83,84,24
20230103,129,13304.01,12519.02,13350.34,12040.61,12803.49,121,45
20230103,130,83.15,93.11,94.24,81.1,87.9,226,64
20230103,131,215.88,218.05,223.18,212.51,217.41,250,57
20230103,132,2571.59,2675.44,2757.77,2407.77,2603.14,256,56
20230103,133,67.86,66.96,68.85,66.83,67.62,167,44
20230103,134,1314.21,1315.67,1322.94,1302.42,1313.81,233,56
20230103,135,342.11,375.7,398.54,339.64,364.0,137,38
20230103,136,250.22,232.15,259.2,230.87,243.11,179,52
20230103,137,199.3,199.33,209.12,194.85,200.65,123,36
20230103,138,2.11,2.04,2.13,2.01,2.07,290,55
20230103,139,6514.93,6525.46,6532.2,6508.84,6520.36,277,67
20230103,140,173.67,169.69,180.01,168.49,172.96,260,40
20230103,141,29.99,28.92,31.81,28.79,29.88,181,44
20230103,142,66.07,66.25,67.09,64.88,66.08,234,54
20230103,143,8247.06,7400.48,8535.23,7173.47,7839.06,334,56
20230103,144,3.33,3.3,3.42,3.18,3.31,183,62
20230103,145,1292.74,1300.35,1321.0,1288.86,1300.74,259,52
20230103,146,21616.25,20614.61,22493.29,20084.15,21202.07,183,62
20230103,147,558.99,602.4,611.72,556.32,582.36,69,14
20230103,148,92.73,90.76,94.3,87.14,91.23,284,65
20230103,149,1.76,1.79,1.8,1.75,1.77,278,61
20230103,150,4.46,4.34,4.69,4.32,4.45,320,47
20230103,151,11.29,11.32,12.01,11.22,11.46,277,53
20230103,152,16.81,18.07,18.14,16.15,17.29,211,49
20230103,153,55966.78,62045.03,63310.16,53183.34,58626.33,232,46
20230103,154,1183.78,1239.41,1282.55,1167.11,1218.21,175,20
20230103,155,59.51,62.85,65.23,58.21,61.45,210,65
20230103,156,65.9,71.98,72.93,61.76,68.14,230,50
20230103,157,1813.18,1828.24,1866.94,1750.05,1814.6,199,62
20230103,158,31.84,33.94,34.5,30.9,32.8,219,69
20230103,159,16452.02,17029.99,17535.14,15592.86,16652.5,229,62
20230103,160,53.48,54.25,56.24,53.44,54.35,317,66
20230103,161,10.56,10.72,10.73,10.51,10.63,219,56
20230103,162,107.34,99.76,107.98,94.65,102.43,158,43
20230103,163,161.71,164.53,165.9,156.43,162.14,247,49
20230103,164,48.46,45.79,48.65,45.59,47.12,184,46
20230103,165,31.32,29.41,32.93,28.59,30.56,250,54
20230103,166,30.34,30.93,32.89,30.04,31.05,199,71
20230103,167,0.97,0.93,0.99,0.9,0.95,213,58
20230103,168,28.71,28.74,29.31,27.18,28.49,240,66
20230103,169,35.14,35.34,35.59,31.82,34.47,232,55
20230103,170,2554.17,2619.02,2662.86,2550.96,2596.75,34,11
20230103,171,46.96,45.29,48.25,44.24,46.18,261,66
20230103,172,32.33,34.33,35.3,31.03,33.25,206,58
20230103,173,23.4,23.65,24.37,23.14,23.64,146,43
20230103,174,86.08,87.44,88.06,85.28,86.72,138,50
20230103,175,5033.43,4846.94,5129.28,4819.75,4957.35,148,55
20230103,176,41.73,42.09,43.06,39.8,41.67,180,51
20230103,177,41.68,44.92,45.35,41.64,43.4,251,47
20230103,178,341.13,356.2,364.77,327.56,347.41,127,28
20230103,179,5.45,5.28,5.45,5.06,5.31,178,63
20230103,180,267.68,265.88,278.63,257.12,267.33,149,33
20230103,181,35833.85,34874.58,36719.03,33634.45,35265.48,290,69
20230103,182,18.75,18.58,19.29,18.47,18.77,129,47
20230103,183,23.94,22.71,24.61,22.44,23.42,347,63
20230103,184,9.1,9.18,9.25,9.02,9.14,273,49
20230103,185,1773.92,1837.37,1938.52,1690.14,1809.99,206,50
20230103,186,54907.18,53659.47,57214.97,53254.3,54758.98,221,53
20230103,187,1183.8,1192.29,1214.59,1166.7,1189.35,213,68
20230103,188,397.0,398.56,404.35,394.6,398.63,215,66
20230103,189,4.1,4.33,4.51,4.07,4.25,207,54
20230103,190,4.26,4.24,4.26,4.22,4.24,198,61
20230103,191,22.83,22.1,23.02,21.44,22.35,116,42
20230103,192,1766.47,1725.32,1863.06,1724.04,1769.72,156,25
20230103,193,20.28,19.66,20.8,19.36,20.03,244,36
20230103,194,18.45,19.03,19.33,17.72,18.63,305,65
20230103,195,3281.02,3285.17,3449.39,3270.16,3321.44,232,58
20230103,196,71.4,72.56,77.53,71.23,73.18,100,28
20230103,197,262.48,276.23,284.74,252.4,268.96,274,61
20230103,198,337.68,365.29,379.88,331.7,353.64,210,57
20230103,199,1255.87,1176.16,1269.0,1167.02,1217.01,110,31
20230103,200,79.25,82.66,83.02,79.06,81.0,127,34
20230104,1,67.58,67.48,67.61,67.3,67.49,248,53
20230104,2,63.69,62.73,65.5,59.43,62.84,144,41
20230104,3,244.26,248.28,249.41,238.3,245.06,127,48
20230104,4,9339.68,8685.06,9737.67,8613.43,9093.96,119,28
20230104,5,49.21,53.17,53.32,47.43,50.78,189,44
20230104,6,14.1,14.26,14.62,13.3,14.07,290,63
20230104,7,507.69,481.29,513.25,466.22,492.11,240,43
20230104,8,2.3,2.26,2.33,2.13,2.25,221,57
20230104,9,9586.3,8931.65,10154.82,8844.46,9379.31,289,50
20230104,10,29.62,29.41,31.45,28.36,29.71,113,25
20230104,11,32.66,32.17,32.98,31.82,32.41,249,68
20230104,12,472.36,445.07,487.2,437.36,460.5,89,25
20230104,13,1.48,1.55,1.56,1.43,1.51,193,72
20230104,14,58.97,62.64,66.67,58.32,61.65,247,59
20230104,15,7709.07,7821.47,8160.16,7530.42,7805.28,212,56
20230104,16,1.54,1.52,1.57,1.52,1.54,213,64
20230104,17,3973.97,4046.08,4063.09,3914.07,3999.3,192,58
20230104,18,204.87,206.39,209.26,203.08,205.9,182,35
20230104,19,4347.36,4143.89,4423.51,4041.93,4239.18,193,53
20230104,20,324.98,320.04,335.31,318.47,324.7,117,25
20230104,21,18.75,18.75,19.1,18.6,18.8,199,52
20230104,22,2126.46,2153.59,2162.2,2005.83,2112.02,196,57
20230104,23,684.05,690.8,697.94,673.84,686.66,147,46
20230104,24,65.5,67.62,68.64,64.03,66.45,221,60
20230104,25,69.86,65.87,70.15,64.92,67.7,140,34
20230104,26,52.98,53.77,53.99,51.59,53.08,248,57
20230104,27,34.45,34.2,34.63,33.13,34.1,296,59
20230104,28,12287.91,13988.03,14332.58,12274.47,13220.75,227,58
20230104,29,68.65,67.43,70.55,64.35,67.74,201,62
20230104,30,1648.16,1642.38,1674.16,1595.56,1640.07,160,35
20230104,31,189.8,217.04,217.25,188.77,203.22,142,47
20230104,32,212.43,216.35,228.49,208.73,216.5,169,56
20230104,33,47.45,47.41,48.8,45.98,47.41,154,57
20230104,34,18.07,17.29,18.08,16.23,17.42,196,61
20230104,35,62.78,66.4,68.52,61.14,64.71,267,50
20230104,36,82.82,79.26,86.84,75.87,81.2,159,33
20230104,37,12.51,12.67,12.69,11.61,12.37,251,56
20230104,38,177.58,173.95,184.69,173.92,177.54,186,57
20230104,39,99.82,99.09,104.53,96.84,100.07,192,64
20230104,40,28.02,26.48,29.16,25.36,27.26,146,38
20230104,41,8676.63,9280.72,9533.74,8546.63,9009.43,46,6
20230104,42,5883.69,5733.92,5940.7,5637.56,5798.97,312,59
20230104,43,3986.57,3794.85,4041.29,3735.34,3889.51,221,57
20230104,44,64.6,68.47,72.35,63.89,67.33,194,51
20230104,45,63.81,62.46,64.43,62.04,63.19,318,53
20230104,46,433.0,443.52,454.76,417.8,437.27,150,64
20230104,47,93.79,99.13,101.08,90.79,96.2,209,79
20230104,48,293.93,306.88,307.19,289.8,299.45,218,70
20230104,49,81.11,73.74,83.41,71.64,77.47,183,41
20230104,50,854.96,906.7,937.58,844.74,885.99,197,49
20230104,51,531.38,526.78,560.37,505.27,530.95,271,55
20230104,52,69.82,68.6,71.43,67.73,69.4,190,77
20230104,53,2380.51,2349.24,2427.71,2219.07,2344.13,149,53
20230104,54,13.86,12.95,14.1,12.92,13.46,126,39
20230104,55,12.69,13.06,13.32,12.6,12.92,276,58
20230104,56,169.86,160.29,170.85,158.35,164.84,178,53
20230104,57,56.2,55.3,56.59,54.26,55.59,193,54
20230104,58,1.98,1.98,1.99,1.93,1.97,205,57
20230104,59,24002.28,25316.18,25937.97,23354.16,24652.65,272,57
20230104,60,2051.47,2000.66,2061.72,1967.3,2020.29,203,52
20230104,61,479.63,518.19,535.14,449.84,495.7,212,50
20230104,62,30.96,32.9,33.62,29.27,31.69,164,52
20230104,63,1397.2,1376.14,1427.38,1362.61,1390.83,289,51
20230104,64,5640.43,5358.11,5641.41,5290.51,5482.61,249,37
20230104,65,5.78,5.51,5.9,5.15,5.59,185,76
20230104,66,5745.17,5954.75,6010.33,5573.8,5821.01,149,61
20230104,67,71.21,69.63,73.11,67.94,70.47,146,52
20230104,68,104.5,109.66,109.77,103.12,106.76,248,36
20230104,69,11604.56,11250.91,11657.41,11058.63,11392.88,251,39
20230104,70,2.51,2.43,2.71,2.41,2.51,285,72
20230104,71,4843.62,4918.5,5099.56,4731.02,4898.17,306,55
20230104,72,11115.77,10779.84,12005.24,10544.47,11111.33,124,38
20230104,73,24.29,24.28,24.76,23.23,24.14,249,48
20230104,74,3.83,4.05,4.26,3.79,3.98,175,45
20230104,75,5822.81,5815.24,5949.76,5660.27,5812.02,343,65
20230104,76,19.4,19.46,20.22,19.15,19.56,297,54
20230104,77,14847.25,14988.23,15394.94,14603.85,14958.57,294,51
20230104,78,6.82,6.41,7.04,6.32,6.65,185,62
20230104,79,142.71,144.78,148.96,136.43,143.22,204,66
20230104,80,100.26,101.19,101.34,98.3,100.27,109,36
20230104,81,18.02,18.5,19.1,17.56,18.29,166,42
20230104,82,106.25,111.72,111.86,104.57,108.6,217,48
20230104,83,23.92,23.85,24.58,23.0,23.84,212,42
20230104,84,8.98,9.56,9.64,8.64,9.21,234,53
20230104,85,68.88,69.6,72.93,67.7,69.78,175,60
20230104,86,20836.09,21302.16,21603.14,20660.25,21100.41,209,47
20230104,87,544.71,539.89,557.45,521.22,540.82,128,37
20230104,88,35.76,36.53,37.21,34.77,36.07,199,38
20230104,89,20.44,19.84,20.45,19.29,20.01,199,67
20230104,90,44.69,47.39,47.68,44.18,45.98,189,41
20230104,91,3060.28,3297.34,3306.83,3045.69,3177.54,115,37
20230104,92,18.09,18.75,19.17,17.57,18.39,298,51
20230104,93,69.68,73.77,78.46,65.75,71.91,302,59
20230104,94,964.84,898.39,975.0,891.1,932.33,93,31
20230104,95,424.64,398.31,433.34,392.2,412.12,177,41
20230104,96,507.34,502.57,511.12,497.01,504.51,193,42
20230104,97,34.94,34.23,36.12,33.31,34.65,186,56
20230104,98,1992.42,1968.88,2133.95,1965.12,2015.09,289,67
20230104,99,45.02,42.17,47.31,39.06,43.39,141,38
20230104,100,37.15,39.32,39.55,36.92,38.24,310,54
20230104,101,16.3,18.02,18.83,16.15,17.32,206,59
20230104,102,11.16,11.94,12.22,11.1,11.6,170,50
20230104,103,1101.92,1179.27,1207.35,1088.38,1144.23,115,28
20230104,104,526.82,535.19,575.35,519.22,539.15,151,39
20230104,105,6912.88,6644.98,7008.73,6391.62,6739.55,280,84
20230104,106,158.9,156.22,159.07,155.44,157.41,308,64
20230104,107,123.29,134.53,136.34,118.27,128.11,165,33
20230104,108,374.82,363.09,387.31,346.27,367.87,144,28
20230104,109,672.21,660.78,675.8,641.21,662.5,163,50
20230104,110,871.4,909.91,914.76,851.32,886.85,176,50
20230104,111,2.05,2.13,2.2,1.93,2.08,221,57
20230104,112,14054.05,13510.9,14183.41,13312.14,13765.13,321,62
20230104,113,7.18,7.1,7.28,7.09,7.16,209,60
20230104,114,1001.65,979.34,1010.32,913.41,976.18,344,58
20230104,115,3589.07,3619.62,3714.7,3438.14,3590.38,222,69
20230104,116,967.77,1009.08,1033.9,949.33,990.02,129,50
20230104,117,6.27,6.05,6.85,5.95,6.28,214,66
20230104,118,15.47,16.19,16.31,15.35,15.83,203,50
20230104,119,74.08,73.19,74.6,72.53,73.6,186,57
20230104,120,471.77,522.85,541.01,466.75,500.6,312,58
20230104,121,1874.61,1928.69,2015.95,1834.81,1913.52,279,66
20230104,122,11775.82,11744.88,11978.84,11264.26,11690.95,236,44
20230104,123,3.27,3.39,3.4,3.08,3.28,285,52
20230104,124,23.54,23.17,23.61,23.15,23.37,179,42
20230104,125,260.92,241.91,278.81,238.84,255.12,101,30
20230104,126,73687.44,73357.91,77563.85,71470.92,74020.03,200,59
20230104,127,172.65,170.07,178.5,163.1,171.08,161,26
20230104,128,229.4,213.95,230.71,207.27,220.33,86,31
20230104,129,12519.02,12493.15,12519.93,12470.48,12500.65,151,49
20230104,130,93.11,84.81,96.84,84.28,89.76,234,47
20230104,131,218.05,214.68,218.08,212.84,215.91,233,58
20230104,132,2675.44,2715.92,2746.53,2667.56,2701.36,258,47
20230104,133,66.96,67.57,68.82,65.84,67.3,162,37
20230104,134,1315.67,1322.05,1380.02,1300.81,1329.64,212,48
20230104,135,375.7,371.97,385.49,370.0,375.79,187,27
20230104,136,232.15,227.01,245.89,219.05,231.03,197,48
20230104,137,199.33,196.18,201.42,196.03,198.24,156,34
20230104,138,2.04,2.08,2.13,1.99,2.06,291,44
20230104,139,6525.46,6341.57,6563.91,6213.69,6411.16,305,72
20230104,140,169.69,171.56,173.17,163.01,169.36,273,53
20230104,141,28.92,29.34,29.9,27.69,28.96,156,44
20230104,142,66.25,65.44,68.93,64.07,66.17,202,61
20230104,143,7400.48,8253.22,8345.6,7358.86,7839.54,339,56
20230104,144,3.3,3.27,3.37,3.24,3.29,213,61
20230104,145,1300.35,1287.63,1315.72,1265.44,1292.29,272,42
20230104,146,20614.61,20485.18,21279.99,19993.98,20593.44,209,75
20230104,147,602.4,575.55,653.7,552.69,596.08,78,21
20230104,148,90.76,93.3,94.17,87.93,91.54,298,62
20230104,149,1.79,1.75,1.81,1.73,1.77,292,68
20230104,150,4.34,4.21,4.44,4.18,4.29,316,61
20230104,151,11.32,11.05,11.37,10.93,11.16,277,41
20230104,152,18.07,17.31,18.34,17.23,17.74,207,50
20230104,153,62045.03,57040.32,64336.62,55790.85,59803.21,248,55
20230104,154,1239.41,1215.91,1270.72,1205.9,1232.99,162,33
20230104,155,62.85,64.73,65.31,57.57,62.61,204,47
20230104,156,71.98,72.25,72.58,70.81,71.91,232,51
20230104,157,1828.24,1923.28,1929.34,1824.5,1876.34,206,53
20230104,158,33.94,34.46,35.19,31.39,33.74,242,73
20230104,159,17029.99,17234.3,18431.8,17027.72,17430.95,207,62
20230104,160,54.25,58.45,59.52,54.18,56.6,273,68
20230104,161,10.72,10.59,10.98,10.33,10.65,251,46
20230104,162,99.76,100.86,101.44,94.61,99.17,174,40
20230104,163,164.53,163.83,173.92,159.83,165.53,258,57
20230104,164,45.79,49.58,51.76,43.0,47.53,159,51
20230104,165,29.41,29.69,31.24,28.76,29.78,256,51
20230104,166,30.93,30.13,31.07,29.28,30.35,185,51
20230104,167,0.93,0.96,0.98,0.93,0.95,219,60
20230104,168,28.74,27.65,30.96,27.19,28.64,316,67
20230104,169,35.34,35.85,35.85,34.27,35.33,251,44
20230104,170,2619.02,2682.04,2696.56,2514.64,2628.07,38,16
20230104,171,45.29,44.9,46.3,44.65,45.28,315,61
20230104,172,34.33,35.31,35.77,34.31,34.93,229,59
20230104,173,23.65,22.26,24.93,21.99,23.21,150,50
20230104,174,87.44,87.1,90.27,86.51,87.83,146,49
20230104,175,4846.94,4815.05,4964.26,4656.93,4820.79,191,47
20230104,176,42.09,47.71,48.77,38.69,44.31,192,50
20230104,177,44.92,45.53,46.04,42.4,44.72,243,64
20230104,178,356.2,344.85,362.83,342.56,351.61,147,38
20230104,179,5.28,4.97,5.3,4.81,5.09,193,75
20230104,180,265.88,284.46,293.49,264.94,277.19,153,35
20230104,181,34874.58,34818.17,37018.99,34282.86,35248.65,291,51
20230104,182,18.58,18.19,18.9,17.8,18.37,129,43
20230104,183,22.71,23.23,23.78,22.27,23.0,300,66
20230104,184,9.18,9.49,9.89,8.91,9.37,314,56
20230104,185,1837.37,1879.3,1936.59,1824.4,1869.41,199,51
20230104,186,53659.47,54107.39,54158.56,51140.24,53266.41,201,50
20230104,187,1192.29,1204.0,1210.68,1188.6,1198.9,219,63
20230104,188,398.56,404.9,420.55,375.72,399.93,203,67
20230104,189,4.33,4.38,4.38,4.2,4.32,194,47
20230104,190,4.24,4.4,4.5,4.23,4.34,184,55
20230104,191,22.1,22.74,24.08,21.94,22.71,133,37
20230104,192,1725.32,1747.15,1796.2,1694.99,1740.92,157,34
20230104,193,19.66,19.29,20.69,18.83,19.62,261,50
20230104,194,19.03,18.87,19.6,18.53,19.01,296,67
20230104,195,3285.17,3388.16,3462.48,3270.94,3351.69,216,54
20230104,196,72.56,67.32,73.5,67.22,70.15,110,25
20230104,197,276.23,254.03,291.29,245.66,266.8,265,56
20230104,198,365.29,379.94,395.61,362.59,375.86,235,50
20230104,199,1176.16,1262.39,1263.94,1167.79,1217.57,111,38
20230104,200,82.66,78.37,86.33,78.11,81.37,149,34
20230105,1,67.48,67.7,69.08,66.08,67.59,249,61
20230105,2,62.73,62.74,63.08,61.47,62.51,148,44
20230105,3,248.28,248.08,266.07,238.23,250.17,135,30
20230105,4,8685.06,9030.55,9056.38,8568.27,8835.06,104,27
20230105,5,53.17,50.91,53.81,49.95,51.96,205,46
20230105,6,14.26,13.63,14.97,13.44,14.08,312,54
20230105,7,481.29,473.45,495.46,456.82,476.76,269,53
20230105,8,2.26,2.29,2.38,2.17,2.27,206,60
20230105,9,8931.65,8711.37,9172.68,8541.8,8839.38,307,62
20230105,10,29.41,30.96,32.1,29.14,30.4,101,33
20230105,11,32.17,32.18,32.34,31.32,32.0,257,53
20230105,12,445.07,443.7,455.03,443.45,446.81,105,13
20230105,13,1.55,1.59,1.6,1.45,1.55,217,51
20230105,14,62.64,62.77,63.13,61.48,62.5,249,53
20230105,15,7821.47,8308.53,8774.17,7483.48,8096.91,218,67
20230105,16,1.52,1.48,1.54,1.44,1.5,194,55
20230105,17,4046.08,3843.96,4140.86,3792.75,3955.91,197,76
20230105,18,206.39,207.22,213.5,205.1,208.05,180,51
20230105,19,4143.89,4216.6,4222.59,4130.7,4178.45,241,65
20230105,20,320.04,310.66,332.96,308.37,318.01,106,27
20230105,21,18.75,18.02,19.15,17.86,18.45,228,52
20230105,22,2153.59,2192.23,2208.29,2099.76,2163.47,206,65
20230105,23,690.8,680.57,699.54,658.25,682.29,169,51
20230105,24,67.62,64.97,69.1,62.83,66.13,218,47
20230105,25,65.87,70.97,72.54,62.55,67.98,119,36
20230105,26,53.77,52.28,57.75,52.25,54.01,222,42
20230105,27,34.2,35.87,37.68,34.13,35.47,310,54
20230105,28,13988.03,14118.57,14126.12,13968.34,14050.27,245,46
20230105,29,67.43,69.0,70.22,66.09,68.19,162,50
20230105,30,1642.38,1619.3,1703.31,1601.29,1641.57,142,41
20230105,31,217.04,194.79,229.8,190.98,208.15,139,45
20230105,32,216.35,209.4,221.73,196.92,211.1,191,60
20230105,33,47.41,47.75,47.83,47.2,47.55,166,56
20230105,34,17.29,17.79,17.92,16.23,17.31,215,66
20230105,35,66.4,61.66,66.93,61.4,64.1,219,65
20230105,36,79.26,81.11,84.16,78.69,80.8,135,30
20230105,37,12.67,12.15,13.07,12.0,12.47,226,51
20230105,38,173.95,177.82,182.36,163.54,174.42,184,57
20230105,39,99.09,100.18,106.13,98.13,100.88,212,62
20230105,40,26.48,28.12,28.31,26.15,27.27,145,42
20230105,41,9280.72,9779.99,9878.82,9057.22,9499.19,34,10
20230105,42,5733.92,5821.57,5877.75,5644.74,5769.5,293,66
20230105,43,3794.85,4025.27,4278.53,3696.03,3948.67,217,67
20230105,44,68.47,67.95,72.55,64.87,68.46,193,57
20230105,45,62.46,70.76,71.56,62.42,66.8,275,63
20230105,46,443.52,427.3,446.48,414.84,433.03,166,50
20230105,47,99.13,98.74,100.14,97.29,98.82,206,70
20230105,48,306.88,327.22,333.22,281.84,312.29,182,63
20230105,49,73.74,78.3,80.46,71.63,76.03,184,55
20230105,50,906.7,951.99,966.47,896.56,930.43,167,46
20230105,51,526.78,544.63,576.68,508.71,539.2,246,53
20230105,52,68.6,63.28,71.79,62.7,66.59,171,45
20230105,53,2349.24,2503.22,2562.48,2338.67,2438.4,179,47
20230105,54,12.95,13.13,14.08,12.66,13.2,131,44
20230105,55,13.06,14.15,14.94,12.44,13.65,224,51
20230105,56,160.29,149.11,165.41,143.94,154.69,173,51
20230105,57,55.3,56.3,59.04,53.73,56.09,164,61
20230105,58,1.98,1.95,2.02,1.9,1.96,200,70
20230105,59,25316.18,26157.35,26397.14,24951.56,25705.56,295,61
20230105,60,2000.66,2084.35,2168.91,1926.87,2045.2,162,53
20230105,61,518.19,532.47,544.51,507.03,525.55,198,40
20230105,62,32.9,31.99,34.02,30.79,32.42,156,44
20230105,63,1376.14,1394.56,1472.23,1337.29,1395.06,293,58
20230105,64,5358.11,5381.82,5437.25,5217.23,5348.6,254,51
20230105,65,5.51,5.87,6.18,5.3,5.71,220,61
20230105,66,5954.75,6397.29,6498.52,5929.58,6195.04,174,44
20230105,67,69.63,71.87,73.91,68.79,71.05,147,43
20230105,68,109.66,104.35,109.78,102.78,106.64,235,56
20230105,69,11250.91,11436.86,11473.25,10659.34,11205.09,223,64
20230105,70,2.43,2.76,2.88,2.43,2.62,297,63
20230105,71,4918.5,5326.93,5433.96,4844.08,5130.87,307,62
20230105,72,10779.84,9559.99,11028.09,9315.22,10170.78,138,37
20230105,73,24.28,24.56,24.91,23.85,24.4,235,45
20230105,74,4.05,4.27,4.27,3.93,4.13,174,43
20230105,75,5815.24,5794.82,6096.13,5793.91,5875.02,307,71
20230105,76,19.46,19.23,19.88,18.19,19.19,281,65
20230105,77,14988.23,14963.47,15062.08,14948.45,14990.56,312,62
20230105,78,6.41,6.85,7.02,6.35,6.66,217,59
20230105,79,144.78,138.89,153.98,137.03,143.67,198,62
20230105,80,101.19,107.35,110.12,98.15,104.2,98,25
20230105,81,18.5,18.41,19.24,18.0,18.54,194,49
20230105,82,111.72,109.76,113.19,108.94,110.9,228,57
20230105,83,23.85,25.42,25.45,22.96,24.42,217,53
20230105,84,9.56,9.08,9.81,9.05,9.37,193,61
20230105,85,69.6,70.13,72.8,68.43,70.24,189,42
20230105,86,21302.16,21158.24,21636.34,20542.39,21159.78,189,67
20230105,87,539.89,598.67,609.4,537.8,571.44,128,38
20230105,88,36.53,35.82,38.35,35.62,36.58,186,45
20230105,89,19.84,18.15,20.29,17.72,19.0,222,63
20230105,90,47.39,46.12,48.53,45.99,47.01,161,53
20230105,91,3297.34,3335.13,3461.87,3205.0,3324.84,109,32
20230105,92,18.75,19.41,19.49,18.66,19.08,277,69
20230105,93,73.77,80.01,80.09,71.31,76.29,292,63
20230105,94,898.39,962.55,965.64,847.38,918.49,94,25
20230105,95,398.31,407.56,419.41,383.75,402.26,234,46
20230105,96,502.57,491.34,528.93,467.2,497.51,177,63
20230105,97,34.23,35.9,35.92,33.86,34.98,174,41
20230105,98,1968.88,1954.45,2071.14,1953.25,1986.93,327,57
20230105,99,42.17,42.19,42.4,40.02,41.7,133,40
20230105,100,39.32,39.01,40.98,38.53,39.46,301,61
20230105,101,18.02,17.19,18.12,17.05,17.59,209,64
20230105,102,11.94,11.84,12.11,11.61,11.88,161,54
20230105,103,1179.27,1189.2,1257.77,1177.93,1201.04,96,37
20230105,104,535.19,559.27,569.14,530.18,548.45,143,46
20230105,105,6644.98,6610.52,6775.51,6474.26,6626.32,300,66
20230105,106,156.22,147.61,162.11,141.19,151.78,301,49
20230105,107,134.53,126.01,139.64,123.19,130.84,138,32
20230105,108,363.09,364.07,380.49,357.66,366.33,149,26
20230105,109,660.78,672.83,680.36,660.26,668.56,165,59
20230105,110,909.91,891.59,936.77,858.32,899.15,196,45
20230105,111,2.13,2.09,2.13,2.04,2.1,213,66
20230105,112,13510.9,13886.65,14012.72,13278.84,13672.28,274,46
20230105,113,7.1,7.6,7.83,6.59,7.28,215,65
20230105,114,979.34,958.77,993.7,917.3,962.28,275,57
20230105,115,3619.62,3685.62,3741.53,3521.83,3642.15,228,62
20230105,116,1009.08,1047.91,1066.93,945.99,1017.48,133,50
20230105,117,6.05,5.93,6.1,5.91,6.0,218,60
20230105,118,16.19,16.24,17.11,16.14,16.42,205,66
20230105,119,73.19,72.71,76.88,71.98,73.69,147,49
20230105,120,522.85,496.48,528.99,471.84,505.04,298,59
20230105,121,1928.69,1982.28,2034.03,1835.33,1945.08,290,53
20230105,122,11744.88,11900.53,11967.89,11309.02,11730.58,261,44
20230105,123,3.39,3.51,3.56,3.24,3.42,320,78
20230105,124,23.17,22.27,23.96,21.22,22.66,186,60
20230105,125,241.91,248.49,254.16,234.03,244.65,103,32
20230105,126,73357.91,79009.97,80758.9,73076.57,76550.84,222,56
20230105,127,170.07,185.79,185.93,166.42,177.05,150,27
20230105,128,213.95,230.1,239.26,208.98,223.07,89,28
20230105,129,12493.15,12017.91,12655.53,11683.48,12212.52,143,46
20230105,130,84.81,87.91,90.29,82.5,86.38,228,58
20230105,131,214.68,212.74,215.24,206.79,212.36,275,49
20230105,132,2715.92,2782.43,2789.16,2696.78,2746.07,280,44
20230105,133,67.57,66.27,68.28,65.01,66.78,172,39
20230105,134,1322.05,1259.68,1322.66,1158.96,1265.84,205,55
20230105,135,371.97,368.5,380.49,368.09,372.26,166,33
20230105,136,227.01,241.01,246.22,221.91,234.04,185,57
20230105,137,196.18,197.32,199.37,194.54,196.85,131,34
20230105,138,2.08,2.18,2.24,2.01,2.13,336,47
20230105,139,6341.57,6583.66,6676.28,6199.83,6450.33,297,42
20230105,140,171.56,175.81,182.56,164.5,173.61,265,49
20230105,141,29.34,30.33,31.64,29.06,30.09,171,62
20230105,142,65.44,65.1,68.11,65.06,65.93,234,44
20230105,143,8253.22,8294.55,8366.29,7986.03,8225.02,323,61
20230105,144,3.27,3.53,3.59,3.21,3.4,236,64
20230105,145,1287.63,1313.03,1360.25,1278.42,1309.83,263,69
20230105,146,20485.18,21030.7,21528.62,19913.27,20739.44,214,63
20230105,147,575.55,584.37,589.64,555.55,576.28,64,19
20230105,148,93.3,92.96,94.12,88.55,92.23,291,55
20230105,149,1.75,1.77,1.8,1.59,1.73,321,65
20230105,150,4.21,4.28,4.29,4.03,4.2,289,67
20230105,151,11.05,10.94,11.86,10.67,11.13,237,33
20230105,152,17.31,17.47,18.37,17.11,17.57,218,61
20230105,153,57040.32,55569.6,58986.27,53154.88,56187.77,269,49
20230105,154,1215.91,1237.82,1238.5,1195.45,1221.92,176,40
20230105,155,64.73,66.21,67.08,64.01,65.51,221,63
20230105,156,72.25,71.99,76.62,70.12,72.75,248,70
20230105,157,1923.28,1766.09,1967.29,1687.67,1836.08,200,66
20230105,158,34.46,35.0,36.52,33.08,34.77,213,38
20230105,159,17234.3,17298.17,17727.8,17094.0,17338.57,237,51
20230105,160,58.45,56.09,61.5,55.76,57.95,311,63
20230105,161,10.59,10.96,11.38,10.49,10.86,267,58
20230105,162,100.86,96.44,104.39,92.86,98.64,170,49
20230105,163,163.83,171.87,172.0,158.17,166.47,252,49
20230105,164,49.58,49.98,53.12,48.21,50.22,176,49
20230105,165,29.69,27.29,30.77,26.93,28.67,257,60
20230105,166,30.13,30.84,31.0,28.72,30.17,222,59
20230105,167,0.96,0.95,0.97,0.91,0.95,210,66
20230105,168,27.65,27.3,28.96,26.57,27.62,285,72
20230105,169,35.85,34.83,35.88,34.77,35.33,221,42
20230105,170,2682.04,2701.4,2768.14,2629.5,2695.27,23,6
20230105,171,44.9,44.47,46.25,43.87,44.87,294,63
20230105,172,35.31,32.94,35.75,32.92,34.23,227,55
20230105,173,22.26,24.16,24.47,21.52,23.1,132,42
20230105,174,87.1,86.24,89.9,84.83,87.02,136,38
20230105,175,4815.05,4781.37,4938.19,4632.4,4791.75,174,47
20230105,176,47.71,45.56,48.98,44.33,46.65,161,62
20230105,177,45.53,47.71,47.87,44.35,46.36,256,51
20230105,178,344.85,328.73,345.83,324.67,336.02,145,46
20230105,179,4.97,5.1,5.14,4.9,5.03,204,74
20230105,180,284.46,280.62,290.98,269.47,281.38,155,42
20230105,181,34818.17,34871.99,36035.42,34054.42,34945.0,296,61
20230105,182,18.19,17.79,19.02,17.42,18.11,142,47
20230105,183,23.23,22.96,23.58,22.7,23.12,292,66
20230105,184,9.49,9.6,9.61,8.56,9.32,299,58
20230105,185,1879.3,1903.01,1929.82,1808.2,1880.08,206,53
20230105,186,54107.39,53161.84,55174.7,52013.69,53614.41,210,38
20230105,187,1204.0,1213.41,1267.62,1179.77,1216.2,187,74
20230105,188,404.9,425.73,426.72,390.82,412.04,180,51
20230105,189,4.38,4.11,4.47,3.98,4.23,211,54
20230105,190,4.4,4.5,4.52,4.39,4.45,199,64
20230105,191,22.74,21.77,22.96,21.45,22.23,154,32
20230105,192,1747.15,1699.06,1774.4,1617.86,1709.62,157,23
20230105,193,19.29,20.18,20.83,19.0,19.82,243,40
20230105,194,18.87,18.61,18.97,18.17,18.66,254,70
20230105,195,3388.16,3239.12,3553.09,3125.38,3326.44,209,55
20230105,196,67.32,73.27,73.66,65.31,69.89,110,30
20230105,197,254.03,266.13,274.54,248.2,260.72,284,62
20230105,198,379.94,352.31,383.81,337.83,363.47,242,67
20230105,199,1262.39,1194.51,1346.95,1162.97,1241.71,91,30
20230105,200,78.37,81.99,82.13,75.43,79.48,138,29
20230106,1,67.7,66.81,71.05,66.34,67.97,259,49
20230106,2,62.74,67.88,70.3,60.97,65.47,138,30
20230106,3,248.08,256.73,267.95,246.01,254.69,143,42
20230106,4,9030.55,9312.26,9494.76,8853.09,9172.67,108,29
20230106,5,50.91,49.54,52.32,49.47,50.56,185,32
20230106,6,13.63,13.97,14.69,13.34,13.91,306,67
20230106,7,473.45,448.65,479.82,448.31,462.56,232,41
20230106,8,2.29,2.46,2.55,2.29,2.4,220,54
20230106,9,8711.37,9151.53,9157.63,8577.28,8899.45,278,67
20230106,10,30.96,30.17,32.62,29.56,30.83,106,27
20230106,11,32.18,33.88,34.2,31.82,33.02,255,47
20230106,12,443.7,492.93,495.01,419.23,462.72,83,14
20230106,13,1.59,1.59,1.6,1.5,1.57,189,56
20230106,14,62.77,64.56,67.55,62.14,64.26,237,47
20230106,15,8308.53,8263.97,8557.28,8023.32,8288.28,217,59
20230106,16,1.48,1.51,1.55,1.43,1.49,205,72
20230106,17,3843.96,3650.02,4073.86,3566.47,3783.58,196,68
20230106,18,207.22,210.49,218.89,206.28,210.72,189,49
20230106,19,4216.6,4271.15,4395.41,4031.29,4228.61,210,53
20230106,20,310.66,347.42,355.22,303.93,329.31,90,33
20230106,21,18.02,17.04,18.43,16.87,17.59,204,64
20230106,22,2192.23,2181.32,2218.62,2088.33,2170.12,205,70
20230106,23,680.57,733.03,737.02,673.52,706.03,136,39
20230106,24,64.97,66.43,66.58,63.29,65.32,212,60
20230106,25,70.97,71.69,72.76,67.7,70.78,135,43
20230106,26,52.28,50.55,52.71,48.52,51.01,240,57
20230106,27,35.87,34.42,35.89,34.36,35.13,308,63
20230106,28,14118.57,13148.81,14257.11,12964.62,13622.28,240,60
20230106,29,69.0,67.66,69.45,66.43,68.14,186,54
20230106,30,1619.3,1550.41,1629.49,1432.43,1557.91,135,48
20230106,31,194.79,199.68,202.26,190.34,196.77,128,37
20230106,32,209.4,206.55,221.21,201.92,209.77,179,63
20230106,33,47.75,47.27,48.38,46.65,47.51,167,46
20230106,34,17.79,17.6,18.52,17.4,17.83,204,53
20230106,35,61.66,61.99,63.27,60.29,61.8,241,54
20230106,36,81.11,80.87,83.08,79.72,81.19,141,37
20230106,37,12.15,11.72,12.8,11.32,12.0,256,48
20230106,38,177.82,179.84,181.66,173.87,178.29,192,41
20230106,39,100.18,105.54,107.65,98.34,102.93,181,70
20230106,40,28.12,28.73,29.1,27.26,28.3,133,33
20230106,41,9779.99,9549.52,9785.67,8977.22,9523.1,45,11
20230106,42,5821.57,5762.58,5877.78,5664.12,5781.51,332,53
20230106,43,4025.27,3722.35,4030.1,3655.67,3858.35,212,66
20230106,44,67.95,68.04,68.89,66.95,67.96,183,58
20230106,45,70.76,69.21,74.91,68.75,70.91,281,60
20230106,46,427.3,418.51,429.87,414.9,422.64,173,59
20230106,47,98.74,97.32,100.57,96.91,98.38,230,61
20230106,48,327.22,325.83,335.37,311.27,324.92,234,51
20230106,49,78.3,82.91,85.02,77.45,80.92,166,54
20230106,50,951.99,1014.79,1057.79,945.5,992.52,175,45
20230106,51,544.63,524.93,576.13,516.95,540.66,244,61
20230106,52,63.28,63.12,63.94,62.99,63.33,182,56
20230106,53,2503.22,2437.88,2524.86,2397.51,2465.87,186,68
20230106,54,13.13,13.86,14.65,12.6,13.56,156,29
20230106,55,14.15,14.4,14.81,13.83,14.3,247,54
20230106,56,149.11,154.52,155.49,146.23,151.34,180,43
20230106,57,56.3,57.74,59.78,54.64,57.12,172,72
20230106,58,1.95,1.92,2.05,1.86,1.94,234,69
20230106,59,26157.35,27678.47,27733.13,26061.6,26907.64,257,50
20230106,60,2084.35,2123.87,2173.37,2041.06,2105.66,168,46
20230106,61,532.47,517.39,536.41,516.67,525.73,206,33
20230106,62,31.99,32.39,33.26,29.2,31.71,184,51
20230106,63,1394.56,1485.28,1512.76,1356.76,1437.34,315,58
20230106,64,5381.82,5341.23,5567.37,5220.15,5377.64,250,53
20230106,65,5.87,6.29,6.7,5.82,6.17,209,63
20230106,66,6397.29,6320.69,6898.98,6252.04,6467.25,182,59
20230106,67,71.87,70.78,73.44,70.52,71.65,160,32
20230106,68,104.35,108.12,109.62,99.58,105.42,231,65
20230106,69,11436.86,11118.27,11458.07,11010.3,11255.88,233,58
20230106,70,2.76,2.85,2.99,2.59,2.8,326,50
20230106,71,5326.93,5398.89,5543.56,5059.61,5332.25,290,72
20230106,72,9559.99,9470.1,9975.18,8901.42,9476.67,144,33
20230106,73,24.56,24.64,24.76,24.29,24.56,263,63
20230106,74,4.27,4.19,4.3,4.01,4.19,181,40
20230106,75,5794.82,5895.42,6038.27,5653.98,5845.62,268,69
20230106,76,19.23,20.89,21.72,18.02,19.97,296,54
20230106,77,14963.47,14863.01,15088.64,14394.52,14827.41,304,65
20230106,78,6.85,7.21,7.49,6.29,6.96,219,53
20230106,79,138.89,140.64,143.6,133.01,139.04,216,58
20230106,80,107.35,107.56,112.76,101.63,107.33,109,27
20230106,81,18.41,18.24,18.72,18.05,18.35,169,36
20230106,82,109.76,108.36,113.28,107.97,109.84,224,57
20230106,83,25.42,25.91,26.11,24.85,25.57,210,66
20230106,84,9.08,9.18,9.37,8.83,9.11,205,58
20230106,85,70.13,69.34,70.53,68.16,69.54,228,39
20230106,86,21158.24,22491.67,22593.52,20320.83,21641.06,220,54
20230106,87,598.67,600.35,629.22,595.14,605.85,164,53
20230106,88,35.82,35.86,35.96,35.02,35.67,170,42
20230106,89,18.15,19.37,19.64,17.92,18.77,200,61
20230106,90,46.12,42.76,47.69,39.97,44.14,161,57
20230106,91,3335.13,3465.45,3597.86,3311.26,3427.43,121,32
20230106,92,19.41,18.71,19.66,17.57,18.84,308,67
20230106,93,80.01,79.4,80.79,77.1,79.33,312,68
20230106,94,962.55,940.63,992.93,939.36,958.87,88,28
20230106,95,407.56,396.01,432.68,383.28,404.88,217,35
20230106,96,491.34,529.16,533.15,489.24,510.72,191,63
20230106,97,35.9,37.57,37.72,35.34,36.63,160,50
20230106,98,1954.45,1952.15,1954.78,1894.89,1939.07,316,71
20230106,99,42.19,44.14,44.74,41.68,43.19,155,35
20230106,100,39.01,39.47,39.89,37.98,39.09,290,55
20230106,101,17.19,18.62,18.82,17.14,17.94,199,71
20230106,102,11.84,10.92,12.17,10.86,11.45,172,51
20230106,103,1189.2,1227.95,1231.2,1170.32,1204.67,103,33
20230106,104,559.27,545.95,582.08,535.59,555.72,139,43
20230106,105,6610.52,6026.78,6633.58,5834.19,6276.27,287,59
20230106,106,147.61,145.38,149.24,136.0,144.56,296,56
20230106,107,126.01,136.62,141.86,123.85,132.09,145,38
20230106,108,364.07,352.74,364.31,329.96,352.77,160,47
20230106,109,672.83,702.77,705.44,662.54,685.89,184,42
20230106,110,891.59,938.09,939.03,868.95,909.42,174,47
20230106,111,2.09,2.09,2.18,2.06,2.11,201,70
20230106,112,13886.65,14040.28,14169.21,13830.76,13981.73,269,72
20230106,113,7.6,7.08,7.88,7.0,7.39,206,60
20230106,114,958.77,942.93,965.52,918.02,946.31,298,62
20230106,115,3685.62,3864.61,3990.92,3664.22,3801.34,216,54
20230106,116,1047.91,1044.42,1055.38,1040.64,1047.09,130,42
20230106,117,5.93,6.12,6.28,5.67,6.0,211,55
20230106,118,16.24,16.36,16.84,15.98,16.36,179,75
20230106,119,72.71,78.38,80.59,72.28,75.99,178,61
20230106,120,496.48,491.65,497.55,491.03,494.18,314,54
20230106,121,1982.28,2148.52,2210.21,1948.62,2072.41,296,65
20230106,122,11900.53,12071.35,12475.67,11455.85,11975.85,283,48
20230106,123,3.51,3.79,3.93,3.44,3.67,292,72
20230106,124,22.27,21.44,22.34,20.62,21.67,176,51
20230106,125,248.49,255.76,267.57,245.3,254.28,122,29
20230106,126,79009.97,78080.19,80567.74,76754.55,78603.11,233,65
20230106,127,185.79,185.49,194.12,180.55,186.49,160,35
20230106,128,230.1,243.07,245.09,225.99,236.06,107,35
20230106,129,12017.91,12416.96,12862.42,11555.77,12213.26,145,36
20230106,130,87.91,93.29,96.33,87.25,91.2,259,44
20230106,131,212.74,209.19,222.12,203.02,211.77,261,51
20230106,132,2782.43,2709.18,2926.04,2652.49,2767.53,240,42
20230106,133,66.27,67.37,68.86,66.12,67.15,174,54
20230106,134,1259.68,1311.93,1368.91,1233.13,1293.41,179,56
20230106,135,368.5,367.57,374.57,354.25,366.22,147,24
20230106,136,241.01,234.97,243.38,223.36,235.68,202,46
20230106,137,197.32,204.85,209.59,194.5,201.56,148,36
20230106,138,2.18,2.18,2.25,2.13,2.18,320,61
20230106,139,6583.66,7137.79,7181.96,6410.5,6828.48,302,60
20230106,140,175.81,176.49,180.48,173.79,176.64,258,47
20230106,141,30.33,31.29,31.29,28.56,30.37,195,53
20230106,142,65.1,66.96,67.76,64.38,66.05,204,62
20230106,143,8294.55,8026.4,8447.01,8017.97,8196.48,306,58
20230106,144,3.53,3.57,3.67,3.42,3.55,206,66
20230106,145,1313.03,1431.21,1438.28,1294.06,1369.14,249,49
20230106,146,21030.7,21666.54,22349.1,21018.36,21516.17,174,57
20230106,147,584.37,610.54,619.07,582.27,599.06,94,14
20230106,148,92.96,96.0,97.89,88.4,93.81,302,63
20230106,149,1.77,1.84,1.85,1.73,1.8,297,58
20230106,150,4.28,4.34,4.37,4.19,4.3,278,58
20230106,151,10.94,11.34,12.18,10.7,11.29,238,58
20230106,152,17.47,18.26,18.97,16.59,17.82,200,56
20230106,153,55569.6,52960.94,56392.59,52236.71,54289.96,254,46
20230106,154,1237.82,1262.39,1302.01,1226.26,1257.12,165,39
20230106,155,66.21,65.46,66.88,64.12,65.67,220,57
20230106,156,71.99,71.18,72.35,68.97,71.12,242,56
20230106,157,1766.09,1866.93,1889.41,1747.36,1817.45,199,44
20230106,158,35.0,33.73,35.0,33.11,34.21,211,72
20230106,159,17298.17,16324.36,17764.96,15933.66,16830.29,223,66
20230106,160,56.09,58.06,58.4,55.5,57.01,281,54
20230106,161,10.96,10.33,11.98,10.14,10.85,250,47
20230106,162,96.44,90.26,97.75,89.43,93.47,182,46
20230106,163,171.87,177.64,184.98,171.76,176.56,247,46
20230106,164,49.98,50.72,51.55,49.89,50.54,160,60
20230106,165,27.29,28.78,28.87,27.14,28.02,249,49
20230106,166,30.84,30.6,32.2,29.82,30.86,203,63
20230106,167,0.95,0.91,1.0,0.85,0.93,214,68
20230106,168,27.3,26.25,27.65,26.02,26.81,298,52
20230106,169,34.83,34.58,35.58,33.25,34.56,248,51
20230106,170,2701.4,2585.25,2736.73,2551.38,2643.69,35,14
20230106,171,44.47,45.54,46.2,43.56,44.94,287,50
20230106,172,32.94,32.93,33.89,32.15,32.98,239,60
20230106,173,24.16,24.63,25.85,23.49,24.53,139,33
20230106,174,86.24,86.78,87.8,85.48,86.57,128,33
20230106,175,4781.37,4994.84,5004.71,4654.26,4858.79,172,41
20230106,176,45.56,46.7,47.12,44.19,45.89,181,46
20230106,177,47.71,47.34,48.79,46.61,47.61,267,48
20230106,178,328.73,335.42,339.97,325.54,332.42,144,28
20230106,179,5.1,5.22,5.26,5.1,5.17,215,49
20230106,180,280.62,255.1,306.3,253.31,273.83,166,23
20230106,181,34871.99,36742.15,37864.24,34258.2,35934.15,288,57
20230106,182,17.79,18.5,19.86,17.58,18.43,138,36
20230106,183,22.96,23.89,24.19,22.82,23.46,309,60
20230106,184,9.6,9.17,9.68,8.8,9.31,305,70
20230106,185,1903.01,1880.09,1973.7,1864.38,1905.29,221,57
20230106,186,53161.84,51584.74,53688.91,50695.5,52282.75,223,58
20230106,187,1213.41,1262.48,1284.6,1210.3,1242.7,183,60
20230106,188,425.73,403.5,463.99,402.55,423.94,223,77
20230106,189,4.11,4.0,4.19,3.81,4.03,207,48
20230106,190,4.5,4.69,4.72,4.44,4.59,196,71
20230106,191,21.77,21.19,22.71,20.92,21.65,119,47
20230106,192,1699.06,1665.87,1726.27,1565.69,1664.22,156,40
20230106,193,20.18,21.52,22.1,19.86,20.92,259,63
20230106,194,18.61,19.54,20.08,18.19,19.1,317,51
20230106,195,3239.12,3374.1,3555.12,3221.71,3347.51,202,57
20230106,196,73.27,76.77,77.05,70.72,74.45,106,35
20230106,197,266.13,264.03,280.87,259.13,267.54,298,69
20230106,198,352.31,354.97,360.19,340.65,352.03,210,60
20230106,199,1194.51,1177.92,1204.8,1128.38,1176.4,107,30
20230106,200,81.99,83.51,85.01,78.44,82.24,150,32
20230107,1,66.81,71.21,72.28,63.95,68.56,353,44
20230107,2,67.88,67.69,69.86,67.3,68.18,201,58
20230107,3,256.73,266.64,284.03,252.23,264.91,191,42
20230107,4,9312.26,10007.84,10109.72,9195.04,9656.21,138,32
20230107,5,49.54,56.5,57.96,46.24,52.56,288,39
20230107,6,13.97,16.2,16.23,13.86,15.07,414,68
20230107,7,448.65,478.0,483.08,446.48,464.05,373,45
20230107,8,2.46,2.31,2.52,2.25,2.39,293,69
20230107,9,9151.53,10554.77,10645.92,8914.88,9816.77,454,70
20230107,10,30.17,29.9,31.59,28.95,30.15,147,31
20230107,11,33.88,36.92,38.14,31.5,35.11,397,39
20230107,12,492.93,500.33,514.85,487.19,498.83,143,17
20230107,13,1.59,1.56,1.66,1.5,1.58,295,68
20230107,14,64.56,66.47,67.5,62.34,65.22,346,56
20230107,15,8263.97,8318.68,8393.79,7724.06,8175.12,304,56
20230107,16,1.51,1.53,1.58,1.48,1.52,317,57
20230107,17,3650.02,3792.87,3798.7,3592.32,3708.48,300,76
20230107,18,210.49,226.79,229.49,205.18,217.99,265,51
20230107,19,4271.15,4476.98,4562.41,4188.64,4374.79,273,40
20230107,20,347.42,331.83,350.99,328.84,339.77,155,26
20230107,21,17.04,18.47,18.56,16.75,17.71,259,65
20230107,22,2181.32,2230.97,2261.08,2073.7,2186.77,276,61
20230107,23,733.03,743.67,774.85,709.5,740.26,198,39
20230107,24,66.43,69.19,69.68,65.51,67.7,288,64
20230107,25,71.69,80.35,80.67,70.42,75.78,195,36
20230107,26,50.55,53.89,56.26,49.67,52.59,382,56
20230107,27,34.42,37.22,37.8,33.91,35.84,400,64
20230107,28,13148.81,15326.17,15545.44,12527.6,14137.01,333,46
20230107,29,67.66,67.05,69.6,66.63,67.74,260,41
20230107,30,1550.41,1505.56,1611.4,1450.18,1529.39,202,33
20230107,31,199.68,204.56,207.2,196.58,202.0,210,32
20230107,32,206.55,203.38,220.07,199.86,207.47,245,62
20230107,33,47.27,44.91,48.14,43.89,46.05,258,51
20230107,34,17.6,17.72,17.81,16.99,17.53,294,51
20230107,35,61.99,71.68,72.54,61.59,66.95,337,59
20230107,36,80.87,90.43,92.06,78.55,85.48,237,33
20230107,37,11.72,13.1,13.48,10.98,12.32,336,41
20230107,38,179.84,167.21,182.18,166.51,173.94,196,42
20230107,39,105.54,108.57,109.2,100.77,106.02,286,66
20230107,40,28.73,29.53,30.04,27.95,29.07,206,53
20230107,41,9549.52,9433.91,9636.57,9167.65,9446.91,53,16
20230107,42,5762.58,6265.23,6441.3,5707.91,6044.26,403,75
20230107,43,3722.35,3887.05,4101.35,3599.38,3827.53,305,53
20230107,44,68.04,66.27,68.72,62.62,66.41,240,58
20230107,45,69.21,75.68,77.09,67.86,72.46,440,61
20230107,46,418.51,456.9,462.72,405.88,436.0,245,50
20230107,47,97.32,99.55,100.31,95.68,98.21,283,44
20230107,48,325.83,321.94,327.54,320.56,323.97,301,65
20230107,49,82.91,83.76,84.49,82.05,83.3,239,47
20230107,50,1014.79,1069.26,1100.86,1009.31,1048.56,226,47
20230107,51,524.93,549.09,577.55,512.57,541.03,356,64
20230107,52,63.12,66.82,70.9,60.99,65.46,251,53
20230107,53,2437.88,2389.62,2527.87,2316.17,2417.88,248,47
20230107,54,13.86,14.3,14.31,13.62,14.02,181,50
20230107,55,14.4,15.52,15.63,13.81,14.84,358,54
20230107,56,154.52,156.31,162.65,150.2,155.92,229,51
20230107,57,57.74,61.79,66.71,57.07,60.83,226,59
20230107,58,1.92,1.85,1.97,1.72,1.86,322,65
20230107,59,27678.47,30366.8,31535.16,26153.33,28933.44,415,71
20230107,60,2123.87,2341.57,2389.95,2089.83,2236.31,255,55
20230107,61,517.39,586.48,611.0,501.31,554.04,307,29
20230107,62,32.39,31.51,33.98,31.24,32.28,238,57
20230107,63,1485.28,1544.23,1625.59,1421.22,1519.08,394,73
20230107,64,5341.23,5731.36,5803.34,5255.11,5532.76,344,45
20230107,65,6.29,6.51,6.71,6.25,6.44,294,60
20230107,66,6320.69,6563.62,6641.72,6217.22,6435.81,250,43
20230107,67,70.78,69.09,71.98,68.49,70.09,210,44
20230107,68,108.12,114.26,115.17,107.49,111.26,364,48
20230107,69,11118.27,11923.33,12088.85,10911.93,11510.6,351,60
20230107,70,2.85,3.06,3.12,2.7,2.93,439,58
20230107,71,5398.89,6261.67,6370.42,5326.09,5839.27,428,61
20230107,72,9470.1,9486.73,9496.85,9408.25,9465.48,192,32
20230107,73,24.64,26.01,27.21,23.13,25.25,375,43
20230107,74,4.19,4.08,4.27,3.84,4.09,260,54
20230107,75,5895.42,6560.92,7049.2,5879.15,6346.17,442,55
20230107,76,20.89,22.53,22.77,20.43,21.65,425,60
20230107,77,14863.01,15822.65,16039.52,14756.7,15370.47,416,66
20230107,78,7.21,7.31,7.48,7.08,7.27,307,58
20230107,79,140.64,138.88,145.84,134.79,140.04,304,66
20230107,80,107.56,110.0,111.34,105.88,108.69,138,40
20230107,81,18.24,20.29,20.68,17.87,19.27,223,42
20230107,82,108.36,115.67,116.87,105.44,111.59,280,67
20230107,83,25.91,26.16,27.03,24.92,26.01,288,61
20230107,84,9.18,9.22,9.25,9.16,9.2,305,52
20230107,85,69.34,74.56,75.15,68.88,71.98,314,39
20230107,86,22491.67,23609.36,23764.88,21485.93,22837.96,292,73
20230107,87,600.35,621.48,639.87,562.02,605.93,199,39
20230107,88,35.86,38.87,39.05,35.21,37.25,301,36
20230107,89,19.37,20.51,21.08,18.32,19.82,288,62
20230107,90,42.76,43.7,44.4,41.0,42.96,230,57
20230107,91,3465.45,3547.2,3590.99,3378.57,3495.55,139,30
20230107,92,18.71,20.66,21.68,18.6,19.91,420,70
20230107,93,79.4,84.03,84.45,78.78,81.67,411,52
20230107,94,940.63,918.08,964.38,883.42,926.63,148,32
20230107,95,396.01,437.25,448.25,374.79,414.07,282,47
20230107,96,529.16,556.79,559.73,518.64,541.08,228,38
20230107,97,37.57,36.38,39.19,34.46,36.9,245,52
20230107,98,1952.15,2181.94,2202.29,1846.67,2045.76,428,62
20230107,99,44.14,43.49,44.75,41.83,43.55,218,40
20230107,100,39.47,44.64,46.21,39.3,42.4,404,57
20230107,101,18.62,19.01,19.89,18.4,18.98,290,64
20230107,102,10.92,10.73,10.96,10.72,10.83,243,57
20230107,103,1227.95,1243.44,1245.99,1202.19,1229.89,147,38
20230107,104,545.95,578.46,579.11,543.6,561.78,192,40
20230107,105,6026.78,6450.33,6477.72,5855.67,6202.63,427,53
20230107,106,145.38,152.09,152.23,136.82,146.63,396,70
20230107,107,136.62,147.15,153.29,130.48,141.89,210,26
20230107,108,352.74,411.43,426.79,348.59,384.89,227,29
20230107,109,702.77,694.18,747.96,691.88,709.2,247,36
20230107,110,938.09,961.82,962.13,911.76,943.45,267,38
20230107,111,2.09,2.14,2.16,2.07,2.12,282,56
20230107,112,14040.28,15020.53,15456.62,13838.14,14588.9,446,62
20230107,113,7.08,7.29,7.4,6.92,7.17,285,66
20230107,114,942.93,1031.5,1053.62,900.51,982.14,404,51
20230107,115,3864.61,3861.8,3965.31,3690.45,3845.54,277,73
20230107,116,1044.42,983.71,1065.58,977.9,1017.9,183,44
20230107,117,6.12,6.24,6.37,5.86,6.15,291,62
20230107,118,16.36,17.14,17.47,16.13,16.77,299,49
20230107,119,78.38,78.04,82.98,77.82,79.3,236,44
20230107,120,491.65,564.14,578.22,473.22,526.81,421,61
20230107,121,2148.52,2390.82,2492.42,2092.5,2281.06,414,62
20230107,122,12071.35,13212.77,13373.14,12055.26,12678.13,351,43
20230107,123,3.79,4.0,4.09,3.75,3.91,414,50
20230107,124,21.44,21.71,22.48,20.2,21.46,251,59
20230107,125,255.76,246.46,261.04,241.24,251.13,158,35
20230107,126,78080.19,78533.34,79517.28,77704.35,78458.79,270,63
20230107,127,185.49,200.65,206.12,178.76,192.75,239,34
20230107,128,243.07,261.21,273.39,236.95,253.65,159,27
20230107,129,12416.96,12972.72,13053.62,12247.48,12672.7,193,59
20230107,130,93.29,98.31,100.38,90.49,95.62,367,46
20230107,131,209.19,219.13,223.2,207.22,214.68,358,41
20230107,132,2709.18,2970.97,3115.53,2455.4,2812.77,384,48
20230107,133,67.37,71.35,72.28,64.46,68.86,230,47
20230107,134,1311.93,1361.56,1365.89,1293.92,1333.32,292,63
20230107,135,367.57,410.65,427.92,365.5,392.91,235,25
20230107,136,234.97,240.79,241.54,234.91,238.05,245,54
20230107,137,204.85,209.64,216.81,202.99,208.57,212,42
20230107,138,2.18,2.28,2.29,2.18,2.23,411,55
20230107,139,7137.79,8309.66,8886.18,7075.88,7852.38,422,55
20230107,140,176.49,184.7,187.58,173.03,180.45,336,51
20230107,141,31.29,32.6,33.13,31.21,32.06,243,51
20230107,142,66.96,67.03,67.95,65.19,66.78,252,51
20230107,143,8026.4,8748.08,9132.14,7751.3,8414.48,415,58
20230107,144,3.57,3.55,3.66,3.53,3.58,285,54
20230107,145,1431.21,1560.96,1617.95,1389.13,1499.82,372,46
20230107,146,21666.54,22643.99,22654.94,21149.02,22028.62,324,56
20230107,147,610.54,642.91,644.08,599.14,624.17,98,21
20230107,148,96.0,109.59,113.55,91.12,102.57,398,49
20230107,149,1.84,2.08,2.09,1.77,1.94,429,69
20230107,150,4.34,5.03,5.18,4.17,4.68,428,57
20230107,151,11.34,12.49,13.07,11.01,11.97,343,59
20230107,152,18.26,19.37,21.08,17.31,19.01,287,52
20230107,153,52960.94,59994.01,60063.24,52231.39,56312.4,349,36
20230107,154,1262.39,1356.18,1365.04,1252.35,1308.99,198,30
20230107,155,65.46,66.41,66.43,64.27,65.64,273,52
20230107,156,71.18,79.52,80.71,68.69,75.02,331,53
20230107,157,1866.93,1876.56,1882.79,1865.25,1872.88,280,48
20230107,158,33.73,34.46,34.98,32.58,33.94,272,65
20230107,159,16324.36,17182.54,17492.97,15565.35,16641.3,305,65
20230107,160,58.06,62.84,65.6,55.71,60.55,403,63
20230107,161,10.33,10.09,10.35,9.88,10.16,328,48
20230107,162,90.26,101.96,105.1,84.93,95.56,218,41
20230107,163,177.64,189.22,193.35,176.97,184.29,353,57
20230107,164,50.72,49.86,52.49,49.6,50.67,249,53
20230107,165,28.78,30.84,32.28,27.09,29.75,352,44
20230107,166,30.6,30.88,31.94,30.54,30.99,328,58
20230107,167,0.91,0.91,0.94,0.84,0.9,286,61
20230107,168,26.25,28.42,28.47,25.03,27.04,427,52
20230107,169,34.58,36.89,38.02,34.09,35.89,345,46
20230107,170,2585.25,2720.8,2749.83,2521.81,2644.42,46,16
20230107,171,45.54,53.83,56.97,45.37,50.43,447,61
20230107,172,32.93,38.05,39.1,32.68,35.69,357,56
20230107,173,24.63,26.26,26.79,24.27,25.49,200,38
20230107,174,86.78,86.33,90.07,86.15,87.34,197,33
20230107,175,4994.84,5172.19,5277.45,4853.24,5074.43,252,48
20230107,176,46.7,48.01,50.49,44.92,47.53,244,50
20230107,177,47.34,50.71,52.56,47.15,49.44,353,44
20230107,178,335.42,336.27,349.21,317.45,334.59,186,32
20230107,179,5.22,5.51,5.56,5.16,5.36,313,67
20230107,180,255.1,301.58,304.78,253.25,278.68,219,37
20230107,181,36742.15,40919.68,43927.86,35645.12,39308.7,414,68
20230107,182,18.5,18.19,18.55,17.01,18.06,200,28
20230107,183,23.89,26.02,26.62,23.68,25.05,408,71
20230107,184,9.17,9.62,9.67,8.83,9.32,428,69
20230107,185,1880.09,1909.63,1949.1,1818.59,1889.35,288,76
20230107,186,51584.74,54018.62,54251.43,49923.88,52444.67,262,47
20230107,187,1262.48,1266.15,1307.91,1236.58,1268.28,287,60
20230107,188,403.5,417.52,430.71,391.03,410.69,287,62
20230107,189,4.0,4.19,4.5,3.76,4.11,316,57
20230107,190,4.69,4.84,4.9,4.65,4.77,279,58
20230107,191,21.19,20.44,22.34,20.41,21.09,160,41
20230107,192,1665.87,1858.52,1931.66,1564.57,1755.15,232,35
20230107,193,21.52,24.23,24.63,21.22,22.9,341,55
20230107,194,19.54,22.53,23.24,19.12,21.11,378,63
20230107,195,3374.1,3389.03,3663.6,3355.81,3445.64,312,45
20230107,196,76.77,79.65,79.69,75.58,77.92,154,32
20230107,197,264.03,297.2,299.07,257.81,279.53,406,80
20230107,198,354.97,361.4,369.51,349.01,358.72,296,65
20230107,199,1177.92,1269.39,1300.44,1161.12,1227.22,118,29
20230107,200,83.51,96.03,99.32,83.22,90.52,204,28
20230108,1,71.21,74.3,77.27,69.88,73.16,351,63
20230108,2,67.69,68.61,69.72,66.24,68.06,204,49
20230108,3,266.64,288.18,290.71,264.78,277.58,156,40
20230108,4,10007.84,9689.33,10284.37,9290.88,9818.11,154,21
20230108,5,56.5,61.46,61.55,55.26,58.69,294,37
20230108,6,16.2,16.33,17.22,16.17,16.48,408,62
20230108,7,478.0,501.0,514.88,471.06,491.24,380,39
20230108,8,2.31,2.29,2.33,2.29,2.31,301,62
20230108,9,10554.77,10914.61,11070.96,9997.42,10634.44,422,51
20230108,10,29.9,31.87,32.0,29.47,30.81,139,37
20230108,11,36.92,35.32,37.1,33.72,35.76,370,55
20230108,12,500.33,496.18,517.46,473.96,496.98,130,25
20230108,13,1.56,1.42,1.61,1.37,1.49,303,46
20230108,14,66.47,65.98,67.24,65.66,66.34,349,43
20230108,15,8318.68,8055.67,8372.72,7822.8,8142.47,309,62
20230108,16,1.53,1.52,1.57,1.45,1.52,314,57
20230108,17,3792.87,4301.65,4322.21,3749.63,4041.59,322,78
20230108,18,226.79,240.53,245.75,226.61,234.92,239,36
20230108,19,4476.98,4188.38,4665.59,4093.17,4356.03,300,65
20230108,20,331.83,343.6,349.03,324.57,337.26,161,37
20230108,21,18.47,19.43,20.33,18.44,19.17,274,63
20230108,22,2230.97,2188.69,2234.21,2136.14,2197.5,306,52
20230108,23,743.67,746.21,748.52,714.37,738.19,211,46
20230108,24,69.19,70.93,71.19,67.82,69.78,298,66
20230108,25,80.35,76.18,81.6,73.91,78.01,198,30
20230108,26,53.89,51.62,55.78,51.59,53.22,328,40
20230108,27,37.22,37.15,37.32,36.98,37.17,455,59
20230108,28,15326.17,15314.15,16327.88,15296.42,15566.16,380,42
20230108,29,67.05,65.14,69.46,62.75,66.1,264,42
20230108,30,1505.56,1451.73,1548.65,1450.68,1489.16,174,36
20230108,31,204.56,204.21,208.25,203.93,205.24,202,45
20230108,32,203.38,215.06,232.83,203.28,213.64,258,43
20230108,33,44.91,45.21,45.21,42.73,44.51,252,43
20230108,34,17.72,18.9,19.41,17.45,18.37,309,70
20230108,35,71.68,69.0,72.5,67.3,70.12,375,51
20230108,36,90.43,91.6,92.17,87.01,90.3,232,29
20230108,37,13.1,12.92,13.45,12.24,12.93,353,42
20230108,38,167.21,172.84,173.56,159.5,168.28,240,57
20230108,39,108.57,104.01,112.49,96.93,105.5,300,65
20230108,40,29.53,31.85,32.01,28.63,30.51,208,45
20230108,41,9433.91,8751.56,9457.17,8637.44,9070.02,52,14
20230108,42,6265.23,6556.48,6732.01,6065.76,6404.87,447,64
20230108,43,3887.05,3929.95,3976.94,3879.97,3918.48,307,40
20230108,44,66.27,67.91,70.14,65.77,67.52,251,52
20230108,45,75.68,78.13,78.14,72.77,76.18,396,57
20230108,46,456.9,473.62,482.01,417.82,457.59,233,41
20230108,47,99.55,97.11,102.31,95.97,98.74,297,53
20230108,48,321.94,332.28,341.56,318.9,328.67,305,57
20230108,49,83.76,89.75,89.94,81.69,86.28,239,64
20230108,50,1069.26,1022.12,1074.76,967.04,1033.3,244,57
20230108,51,549.09,595.15,605.73,539.63,572.4,361,42
20230108,52,66.82,68.03,68.54,64.95,67.08,218,42
20230108,53,2389.62,2325.64,2507.27,2235.79,2364.58,244,55
20230108,54,14.3,13.73,14.31,12.78,13.78,182,44
20230108,55,15.52,15.38,16.84,15.11,15.71,376,39
20230108,56,156.31,144.49,163.36,140.47,151.16,212,54
20230108,57,61.79,59.73,62.08,58.46,60.52,254,50
20230108,58,1.85,1.84,1.87,1.76,1.83,312,58
20230108,59,30366.8,28753.06,30828.19,28300.08,29562.03,420,64
20230108,60,2341.57,2390.64,2459.97,2337.34,2382.38,239,66
20230108,61,586.48,578.4,595.55,571.54,582.99,278,61
20230108,62,31.51,31.06,32.02,30.75,31.34,257,55
20230108,63,1544.23,1523.29,1610.36,1443.18,1530.26,410,52
20230108,64,5731.36,5826.73,5993.14,5574.82,5781.51,328,51
20230108,65,6.51,6.54,6.67,6.38,6.52,286,64
20230108,66,6563.62,6378.29,6753.95,6193.01,6472.22,254,54
20230108,67,69.09,70.53,71.68,66.29,69.4,190,51
20230108,68,114.26,113.7,116.25,111.58,113.95,346,44
20230108,69,11923.33,11431.64,12511.24,10889.94,11689.04,358,52
20230108,70,3.06,2.99,3.13,2.93,3.03,411,65
20230108,71,6261.67,6252.26,6411.93,5994.61,6230.12,443,64
20230108,72,9486.73,9963.29,10062.71,9206.98,9679.93,210,46
20230108,73,26.01,25.77,26.03,25.69,25.88,349,43
20230108,74,4.08,4.2,4.22,4.01,4.13,228,59
20230108,75,6560.92,6250.16,6609.03,6128.65,6387.19,408,61
20230108,76,22.53,21.48,23.44,21.28,22.18,396,74
20230108,77,15822.65,15701.23,16054.51,15529.42,15776.95,440,57
20230108,78,7.31,7.83,8.11,7.03,7.57,274,62
20230108,79,138.88,140.1,142.96,135.22,139.29,290,68
20230108,80,110.0,107.57,113.51,101.4,108.12,147,43
20230108,81,20.29,20.89,21.7,19.95,20.71,251,52
20230108,82,115.67,115.13,115.77,108.49,113.76,310,66
20230108,83,26.16,28.27,28.31,26.02,27.19,320,58
20230108,84,9.22,9.11,9.25,9.04,9.16,320,60
20230108,85,74.56,72.93,76.56,71.76,73.95,312,39
20230108,86,23609.36,23262.55,23753.01,23111.41,23434.08,291,53
20230108,87,621.48,606.3,627.01,583.12,609.48,204,43
20230108,88,38.87,37.66,40.23,37.56,38.58,289,40
20230108,89,20.51,22.17,22.29,20.12,21.27,299,61
20230108,90,43.7,44.15,44.94,41.99,43.69,232,49
20230108,91,3547.2,3517.44,3690.55,3401.32,3539.13,148,30
20230108,92,20.66,20.13,21.61,20.11,20.62,403,60
20230108,93,84.03,80.74,84.84,80.49,82.53,439,53
20230108,94,918.08,955.32,978.05,907.44,939.72,138,31
20230108,95,437.25,409.29,448.92,403.16,424.65,273,38
20230108,96,556.79,526.5,561.05,519.97,541.08,260,60
20230108,97,36.38,35.08,36.57,34.71,35.68,224,65
20230108,98,2181.94,2276.92,2325.99,2113.97,2224.71,438,62
20230108,99,43.49,43.37,44.62,41.18,43.17,182,34
20230108,100,44.64,44.93,47.99,42.15,44.93,428,59
20230108,101,19.01,18.77,19.6,18.75,19.03,273,48
20230108,102,10.73,11.58,11.66,10.52,11.12,248,52
20230108,103,1243.44,1160.82,1263.26,1150.83,1204.59,147,23
20230108,104,578.46,590.43,599.35,557.44,581.42,204,43
20230108,105,6450.33,6506.12,6512.32,6276.23,6436.25,402,57
20230108,106,152.09,156.89,159.26,143.38,152.9,389,47
20230108,107,147.15,140.98,151.28,137.31,144.18,229,23
20230108,108,411.43,403.04,420.17,394.28,407.23,224,25
20230108,109,694.18,689.11,715.84,688.58,696.92,253,64
20230108,110,961.82,910.58,1000.68,907.15,945.06,242,52
20230108,111,2.14,2.01,2.14,1.93,2.05,268,58
20230108,112,15020.53,14637.16,16035.7,14512.63,15051.51,396,53
20230108,113,7.29,7.3,7.38,7.22,7.3,291,62
20230108,114,1031.5,1005.31,1049.73,987.53,1018.52,441,57
20230108,115,3861.8,3787.66,3984.79,3614.08,3812.08,307,52
20230108,116,983.71,903.77,990.15,866.64,936.07,228,42
20230108,117,6.24,6.13,6.25,6.02,6.16,309,61
20230108,118,17.14,17.55,17.89,17.09,17.42,315,55
20230108,119,78.04,78.19,79.28,77.79,78.32,261,55
20230108,120,564.14,557.34,571.25,555.53,562.06,395,80
20230108,121,2390.82,2384.08,2422.36,2257.8,2363.76,425,77
20230108,122,13212.77,12737.91,13742.71,12194.81,12972.05,345,42
20230108,123,4.0,4.2,4.23,3.98,4.1,429,70
20230108,124,21.71,23.93,24.33,21.56,22.88,289,52
20230108,125,246.46,251.28,255.73,246.37,249.96,154,38
20230108,126,78533.34,86459.35,88254.02,74533.92,81945.16,299,68
20230108,127,200.65,192.79,203.31,191.14,196.97,193,30
20230108,128,261.21,244.08,281.37,238.49,256.29,152,33
20230108,129,12972.72,12538.65,12973.54,12518.71,12750.91,214,47
20230108,130,98.31,97.03,103.13,92.96,97.86,352,41
20230108,131,219.13,241.96,260.8,218.1,235.0,359,36
20230108,132,2970.97,2937.83,3044.32,2873.95,2956.77,361,49
20230108,133,71.35,68.51,72.51,68.05,70.1,276,37
20230108,134,1361.56,1329.18,1420.3,1322.0,1358.26,312,63
20230108,135,410.65,424.03,430.65,408.91,418.56,207,32
20230108,136,240.79,252.96,260.56,236.26,247.65,245,50
20230108,137,209.64,201.18,217.04,196.75,206.15,204,40
20230108,138,2.28,2.13,2.33,2.0,2.18,442,59
20230108,139,8309.66,7870.25,8316.17,7706.31,8050.6,408,56
20230108,140,184.7,196.48,202.24,183.34,191.69,342,61
20230108,141,32.6,32.99,33.52,31.98,32.77,250,65
20230108,142,67.03,66.69,67.11,65.99,66.71,305,58
20230108,143,8748.08,9306.64,9492.28,8364.54,8977.88,435,63
20230108,144,3.55,3.77,3.77,3.46,3.64,293,51
20230108,145,1560.96,1537.26,1609.98,1504.41,1553.15,342,44
20230108,146,22643.99,22575.48,22715.93,22268.96,22551.09,282,45
20230108,147,642.91,619.06,649.81,614.94,631.68,87,17
20230108,148,109.59,106.67,109.7,103.31,107.32,381,50
20230108,149,2.08,1.96,2.13,1.94,2.03,431,56
20230108,150,5.03,4.69,5.18,4.65,4.88,423,55
20230108,151,12.49,11.62,12.94,11.2,12.06,324,52
20230108,152,19.37,19.95,20.93,18.91,19.79,290,51
20230108,153,59994.01,56362.16,63218.41,54010.85,58396.36,347,51
20230108,154,1356.18,1453.79,1479.18,1352.54,1410.42,190,29
20230108,155,66.41,63.68,68.12,62.63,65.21,316,55
20230108,156,79.52,83.93,86.98,78.06,82.12,408,51
20230108,157,1876.56,1825.84,1903.11,1793.92,1849.86,307,57
20230108,158,34.46,31.91,35.06,31.9,33.33,337,50
20230108,159,17182.54,17863.34,18882.06,15948.79,17469.18,296,69
20230108,160,62.84,65.28,68.52,62.47,64.78,426,54
20230108,161,10.09,9.83,10.37,9.72,10.0,349,54
20230108,162,101.96,100.95,106.42,97.14,101.62,236,66
20230108,163,189.22,180.64,193.61,173.91,184.34,348,56
20230108,164,49.86,49.57,50.68,46.72,49.21,213,57
20230108,165,30.84,31.39,32.57,30.05,31.21,312,50
20230108,166,30.88,30.46,31.86,30.2,30.85,311,56
20230108,167,0.91,0.85,0.93,0.83,0.88,288,53
20230108,168,28.42,27.96,29.05,27.43,28.22,400,62
20230108,169,36.89,37.78,38.49,36.54,37.42,357,45
20230108,170,2720.8,2696.54,2723.83,2632.8,2693.49,53,10
20230108,171,53.83,52.41,56.89,52.22,53.84,411,66
20230108,172,38.05,36.67,38.56,35.47,37.19,342,59
20230108,173,26.26,25.37,26.51,24.83,25.74,197,38
20230108,174,86.33,90.34,90.72,85.89,88.32,165,51
20230108,175,5172.19,4939.07,5187.79,4869.73,5042.19,245,52
20230108,176,48.01,48.77,50.46,47.67,48.73,244,55
20230108,177,50.71,50.76,53.69,49.66,51.21,337,60
20230108,178,336.27,339.5,355.79,333.11,341.17,184,32
20230108,179,5.51,5.31,5.54,5.11,5.37,267,69
20230108,180,301.58,298.29,307.91,290.21,299.5,216,32
20230108,181,40919.68,40932.2,43451.28,40706.94,41502.53,384,56
20230108,182,18.19,18.07,18.86,17.83,18.24,173,31
20230108,183,26.02,26.31,26.55,25.56,26.11,441,58
20230108,184,9.62,9.9,9.93,9.51,9.74,410,67
20230108,185,1909.63,2055.04,2160.93,1849.73,1993.83,312,55
20230108,186,54018.62,54989.55,56267.68,51899.94,54293.95,300,55
20230108,187,1266.15,1161.32,1313.35,1074.34,1203.79,297,56
20230108,188,417.52,436.85,453.23,403.87,427.87,290,74
20230108,189,4.19,4.16,4.28,4.14,4.19,278,55
20230108,190,4.84,5.22,5.28,4.7,5.01,269,54
20230108,191,20.44,21.64,22.28,19.55,20.98,194,47
20230108,192,1858.52,1837.99,1876.35,1814.42,1846.82,210,35
20230108,193,24.23,24.84,25.31,23.96,24.58,371,61
20230108,194,22.53,21.71,22.89,21.51,22.16,428,63
20230108,195,3389.03,3372.12,3466.7,3257.44,3371.32,292,65
20230108,196,79.65,80.95,82.21,78.85,80.42,138,29
20230108,197,297.2,305.18,317.3,293.49,303.29,397,65
20230108,198,361.4,376.09,380.34,348.54,366.59,330,62
20230108,199,1269.39,1266.95,1281.89,1249.12,1266.84,146,24
20230108,200,96.03,103.66,106.5,93.86,100.01,199,40
20230109,1,74.3,65.69,78.25,64.35,70.65,277,49
20230109,2,68.61,62.07,68.83,61.74,65.31,144,39
20230109,3,288.18,261.1,292.68,260.61,275.64,151,42
20230109,4,9689.33,10003.61,10457.14,9600.9,9937.74,101,35
20230109,5,61.46,55.05,62.69,52.14,57.84,191,54
20230109,6,16.33,14.71,17.31,14.26,15.65,325,69
20230109,7,501.0,440.22,511.76,427.55,470.13,247,58
20230109,8,2.29,2.2,2.35,2.12,2.24,226,53
20230109,9,10914.61,9502.41,11045.64,9257.72,10180.09,314,60
20230109,10,31.87,31.52,33.25,30.46,31.78,103,28
20230109,11,35.32,31.76,37.28,30.62,33.75,256,57
20230109,12,496.18,455.53,504.97,448.47,476.29,102,19
20230109,13,1.42,1.43,1.47,1.42,1.43,215,48
20230109,14,65.98,58.41,66.69,57.93,62.25,239,52
20230109,15,8055.67,7385.82,8156.91,7232.46,7707.72,194,62
20230109,16,1.52,1.38,1.59,1.38,1.46,222,48
20230109,17,4301.65,4649.27,4793.68,4201.45,4486.51,209,54
20230109,18,240.53,244.52,249.96,230.04,241.26,190,43
20230109,19,4188.38,4327.69,4507.87,4172.52,4299.11,212,55
20230109,20,343.6,326.22,352.05,316.78,334.66,95,37
20230109,21,19.43,19.05,19.68,18.82,19.25,209,68
20230109,22,2188.69,2054.55,2199.34,2020.84,2115.86,209,57
20230109,23,746.21,684.66,787.6,667.18,721.41,146,30
20230109,24,70.93,67.77,71.45,63.7,68.46,191,52
20230109,25,76.18,73.04,78.34,69.76,74.33,136,37
20230109,26,51.62,48.33,51.87,47.9,49.93,243,43
20230109,27,37.15,32.07,39.2,30.93,34.84,313,58
20230109,28,15314.15,13603.2,15438.03,13388.5,14435.97,242,50
20230109,29,65.14,65.88,66.19,64.83,65.51,190,54
20230109,30,1451.73,1381.84,1457.97,1337.9,1407.36,147,34
20230109,31,204.21,200.05,208.26,188.99,200.38,144,42
20230109,32,215.06,214.62,219.09,210.88,214.91,170,54
20230109,33,45.21,45.17,46.21,44.59,45.3,191,47
20230109,34,18.9,18.44,19.07,18.21,18.65,208,65
20230109,35,69.0,60.38,69.65,59.19,64.56,259,67
20230109,36,91.6,80.7,94.49,80.4,86.8,155,32
20230109,37,12.92,11.08,13.02,10.75,11.94,247,53
20230109,38,172.84,157.31,179.98,154.21,166.09,168,38
20230109,39,104.01,100.35,108.31,95.56,102.06,200,69
20230109,40,31.85,31.72,32.43,31.12,31.78,129,31
20230109,41,8751.56,8053.85,9274.34,7710.07,8447.45,23,14
20230109,42,6556.48,5926.75,6627.71,5610.8,6180.44,302,65
20230109,43,3929.95,3979.77,4101.07,3852.43,3965.81,224,81
20230109,44,67.91,60.9,70.68,59.41,64.72,162,59
20230109,45,78.13,69.23,80.65,67.36,73.84,285,63
20230109,46,473.62,491.14,496.06,458.94,479.94,185,51
20230109,47,97.11,97.95,98.7,94.7,97.12,212,66
20230109,48,332.28,297.92,338.58,279.03,311.95,239,64
20230109,49,89.75,88.64,92.03,87.57,89.5,180,43
20230109,50,1022.12,962.11,1055.42,937.39,994.26,185,46
20230109,51,595.15,549.27,611.04,543.66,574.78,239,52
20230109,52,68.03,64.28,70.1,63.01,66.36,144,59
20230109,53,2325.64,2249.29,2451.46,2188.02,2303.6,164,46
20230109,54,13.73,13.1,14.5,12.83,13.54,113,45
20230109,55,15.38,13.87,15.69,13.34,14.57,258,61
20230109,56,144.49,139.93,146.63,136.54,141.9,149,57
20230109,57,59.73,57.01,60.93,56.65,58.58,187,58
20230109,58,1.84,1.71,1.88,1.69,1.78,204,61
20230109,59,28753.06,26355.74,28965.57,25410.2,27371.14,300,61
20230109,60,2390.64,2322.75,2420.18,2286.96,2355.13,177,42
20230109,61,578.4,485.46,611.9,476.96,538.18,192,49
20230109,62,31.06,32.14,32.35,30.37,31.48,191,58
20230109,63,1523.29,1363.49,1627.39,1330.06,1461.06,297,61
20230109,64,5826.73,5290.32,6023.71,5126.31,5566.77,269,48
20230109,65,6.54,6.58,6.67,6.05,6.46,226,45
20230109,66,6378.29,6334.91,6438.32,6182.71,6333.56,170,66
20230109,67,70.53,73.1,75.25,69.92,72.2,121,44
20230109,68,113.7,101.16,116.44,99.75,107.76,266,44
20230109,69,11431.64,10839.31,11956.63,10738.52,11241.52,245,48
20230109,70,2.99,2.7,3.19,2.6,2.87,283,67
20230109,71,6252.26,5698.75,6329.41,5490.48,5942.73,290,64
20230109,72,9963.29,10010.61,10581.25,9587.1,10035.56,154,36
20230109,73,25.77,24.49,26.14,24.17,25.14,223,58
20230109,74,4.2,4.21,4.31,4.18,4.23,167,58
20230109,75,6250.16,5519.78,6294.26,5433.37,5874.39,307,56
20230109,76,21.48,18.81,21.61,18.51,20.1,302,55
20230109,77,15701.23,14143.81,15928.94,13949.13,14930.78,314,59
20230109,78,7.83,7.37,7.87,7.11,7.54,234,66
20230109,79,140.1,130.39,144.38,126.96,135.46,204,53
20230109,80,107.57,95.03,112.05,94.47,102.28,94,33
20230109,81,20.89,18.76,21.68,18.76,20.02,178,60
20230109,82,115.13,123.09,124.97,114.18,119.34,191,66
20230109,83,28.27,26.44,29.62,26.42,27.69,207,53
20230109,84,9.11,9.77,10.31,8.99,9.55,207,59
20230109,85,72.93,67.78,74.83,67.36,70.72,242,50
20230109,86,23262.55,22502.23,24659.0,22305.88,23182.41,236,58
20230109,87,606.3,549.82,607.48,520.66,571.06,121,37
20230109,88,37.66,34.03,37.98,32.64,35.58,200,37
20230109,89,22.17,22.56,23.07,21.39,22.3,198,62
20230109,90,44.15,45.64,47.06,42.01,44.71,168,53
20230109,91,3517.44,3392.36,3624.38,3367.7,3475.47,116,27
20230109,92,20.13,17.25,20.29,16.62,18.57,306,72
20230109,93,80.74,69.7,82.3,67.52,75.06,291,54
20230109,94,955.32,892.5,973.47,866.74,922.01,103,36
20230109,95,409.29,392.57,409.83,392.03,400.93,173,33
20230109,96,526.5,547.63,555.14,507.63,534.22,188,51
20230109,97,35.08,33.76,35.09,33.58,34.38,167,49
20230109,98,2276.92,2018.65,2315.05,1999.61,2152.56,313,49
20230109,99,43.37,45.88,47.99,43.24,45.12,154,36
20230109,100,44.93,38.77,45.95,37.34,41.75,294,67
20230109,101,18.77,18.15,18.79,17.99,18.43,214,55
20230109,102,11.58,11.57,12.12,10.55,11.45,149,49
20230109,103,1160.82,1096.07,1190.26,1086.2,1133.34,103,30
20230109,104,590.43,555.27,590.49,553.18,572.34,139,41
20230109,105,6506.12,5702.75,6584.64,5568.97,6090.62,276,57
20230109,106,156.89,149.17,157.36,147.96,152.85,292,69
20230109,107,140.98,136.74,145.54,136.07,139.83,155,30
20230109,108,403.04,362.39,408.29,351.38,381.28,159,40
20230109,109,689.11,662.62,715.54,641.65,677.23,147,53
20230109,110,910.58,859.37,947.61,851.5,892.26,169,56
20230109,111,2.01,1.95,2.06,1.95,1.99,211,55
20230109,112,14637.16,12886.12,14757.73,12748.82,13757.46,295,64
20230109,113,7.3,7.07,7.41,6.68,7.12,199,62
20230109,114,1005.31,926.51,1077.7,912.57,980.52,307,59
20230109,115,3787.66,3617.64,3993.07,3589.36,3746.93,198,53
20230109,116,903.77,878.59,904.67,850.31,884.34,150,35
20230109,117,6.13,5.93,6.15,5.92,6.03,212,70
20230109,118,17.55,16.64,17.68,16.22,17.02,218,56
20230109,119,78.19,73.45,82.25,72.44,76.58,198,43
20230109,120,557.34,516.78,571.99,514.14,540.06,294,43
20230109,121,2384.08,1989.13,2498.8,1976.08,2212.02,320,47
20230109,122,12737.91,12265.4,13324.01,12065.33,12598.16,252,54
20230109,123,4.2,3.78,4.39,3.57,3.98,316,68
20230109,124,23.93,23.81,24.12,23.43,23.82,168,49
20230109,125,251.28,254.75,267.12,244.65,254.45,97,40
20230109,126,86459.35,80722.13,86852.61,78845.7,83219.95,197,56
20230109,127,192.79,166.79,195.5,166.02,180.28,130,33
20230109,128,244.08,225.78,251.38,219.62,235.21,101,26
20230109,129,12538.65,12089.23,13204.62,11481.03,12328.38,145,41
20230109,130,97.03,89.96,99.27,88.74,93.75,255,50
20230109,131,241.96,212.41,249.93,207.35,227.91,246,56
20230109,132,2937.83,2719.99,3070.19,2577.97,2826.49,254,62
20230109,133,68.51,59.99,69.39,58.94,64.21,166,56
20230109,134,1329.18,1295.09,1374.98,1282.28,1320.39,180,68
20230109,135,424.03,397.81,429.82,390.23,410.47,146,39
20230109,136,252.96,244.54,260.27,225.89,245.92,175,51
20230109,137,201.18,186.89,202.06,177.62,191.94,154,44
20230109,138,2.13,1.87,2.16,1.87,2.01,309,55
20230109,139,7870.25,6191.89,8158.72,6167.76,7097.15,284,58
20230109,140,196.48,169.27,200.73,168.01,183.62,248,49
20230109,141,32.99,33.01,34.25,31.07,32.83,170,52
20230109,142,66.69,63.04,68.13,62.96,65.2,231,49
20230109,143,9306.64,8193.68,9429.2,8149.34,8769.72,315,53
20230109,144,3.77,3.29,3.81,3.22,3.53,212,52
20230109,145,1537.26,1290.38,1581.2,1271.68,1420.13,260,46
20230109,146,22575.48,23067.81,23416.33,21750.4,22702.5,197,71
20230109,147,619.06,612.84,625.89,575.22,608.26,77,17
20230109,148,106.67,90.8,109.08,90.16,99.18,277,52
20230109,149,1.96,1.72,2.03,1.59,1.83,274,57
20230109,150,4.69,4.21,4.85,4.07,4.45,297,58
20230109,151,11.62,9.94,12.14,9.5,10.8,243,46
20230109,152,19.95,17.68,20.53,17.63,18.95,193,63
20230109,153,56362.16,50631.83,58163.95,49040.86,53549.7,230,53
20230109,154,1453.79,1334.23,1522.13,1316.96,1406.77,142,30
20230109,155,63.68,63.14,66.24,59.36,63.11,196,75
20230109,156,83.93,77.77,86.44,75.53,80.92,243,45
20230109,157,1825.84,1653.74,1919.52,1578.33,1744.36,215,72
20230109,158,31.91,31.03,33.13,30.32,31.6,185,51
20230109,159,17863.34,16993.57,18736.64,16993.16,17646.68,218,63
20230109,160,65.28,58.29,67.3,57.83,62.17,308,84
20230109,161,9.83,8.83,10.32,8.75,9.43,245,45
20230109,162,100.95,95.95,101.21,93.72,97.96,189,57
20230109,163,180.64,142.31,180.74,140.75,161.11,260,48
20230109,164,49.57,50.7,50.73,48.4,49.85,186,49
20230109,165,31.39,28.85,33.3,28.53,30.52,248,50
20230109,166,30.46,27.83,31.76,27.24,29.32,207,59
20230109,167,0.85,0.86,0.86,0.84,0.85,197,62
20230109,168,27.96,24.79,28.49,24.27,26.38,313,52
20230109,169,37.78,33.4,40.07,32.26,35.88,239,53
20230109,170,2696.54,2542.6,2800.18,2461.46,2625.19,38,10
20230109,171,52.41,48.05,54.01,48.05,50.63,270,69
20230109,172,36.67,31.95,38.01,31.7,34.58,268,55
20230109,173,25.37,23.49,25.38,22.25,24.12,143,42
20230109,174,90.34,90.72,94.31,85.99,90.34,136,33
20230109,175,4939.07,4817.18,5062.27,4598.25,4854.19,183,56
20230109,176,48.77,46.67,51.72,45.0,48.04,178,47
20230109,177,50.76,47.1,51.23,44.67,48.44,229,44
20230109,178,339.5,320.88,349.08,314.56,331.0,129,48
20230109,179,5.31,5.06,5.41,4.99,5.19,223,55
20230109,180,298.29,273.06,302.44,270.23,286.0,154,32
20230109,181,40932.2,34462.19,41790.16,32693.64,37469.55,311,62
20230109,182,18.07,18.08,18.21,17.62,17.99,124,28
20230109,183,26.31,22.94,27.33,22.56,24.79,291,60
20230109,184,9.9,9.29,9.93,8.64,9.44,280,75
20230109,185,2055.04,2010.73,2060.15,1949.94,2018.96,208,47
20230109,186,54989.55,54690.7,55679.04,54541.81,54975.27,215,55
20230109,187,1161.32,1056.49,1196.17,1050.47,1116.11,211,57
20230109,188,436.85,420.84,450.88,418.17,431.69,202,72
20230109,189,4.16,3.85,4.37,3.64,4.01,209,45
20230109,190,5.22,5.02,5.3,4.87,5.1,205,65
20230109,191,21.64,18.95,21.72,18.52,20.21,141,37
20230109,192,1837.99,1546.41,1843.87,1510.73,1684.75,143,22
20230109,193,24.84,23.44,24.95,23.19,24.11,265,56
20230109,194,21.71,19.78,22.45,19.64,20.9,315,66
20230109,195,3372.12,3224.84,3471.52,3213.09,3320.39,208,60
20230109,196,80.95,75.23,82.14,73.06,77.84,114,40
20230109,197,305.18,262.03,310.37,252.84,282.61,293,63
20230109,198,376.09,368.45,388.48,365.58,374.65,222,60
20230109,199,1266.95,1211.87,1276.99,1190.13,1236.48,96,30
20230109,200,103.66,98.09,105.31,97.71,101.19,126,22
20230110,1,65.69,64.53,67.85,62.8,65.22,241,45
20230110,2,62.07,62.49,63.33,62.02,62.47,146,41
20230110,3,261.1,243.76,271.74,236.84,253.36,148,50
20230110,4,10003.61,9749.71,10976.46,9127.51,9964.32,107,28
20230110,5,55.05,55.03,57.24,54.82,55.53,210,45
20230110,6,14.71,14.23,14.97,14.0,14.48,316,45
20230110,7,440.22,428.92,451.99,419.84,435.24,239,50
20230110,8,2.2,2.25,2.37,2.12,2.24,195,64
20230110,9,9502.41,10141.56,10341.95,9299.56,9821.37,280,60
20230110,10,31.52,31.48,32.11,31.08,31.55,102,31
20230110,11,31.76,33.55,34.96,31.63,32.98,220,64
20230110,12,455.53,465.93,479.21,441.2,460.47,93,25
20230110,13,1.43,1.52,1.58,1.31,1.46,218,60
20230110,14,58.41,57.05,59.26,55.65,57.59,245,63
20230110,15,7385.82,7445.56,7547.18,7265.43,7411.0,210,64
20230110,16,1.38,1.39,1.4,1.33,1.38,224,55
20230110,17,4649.27,4621.01,4763.68,4382.13,4604.02,208,58
20230110,18,244.52,246.44,256.29,240.44,246.92,193,38
20230110,19,4327.69,4322.98,4345.69,4116.78,4278.29,222,60
20230110,20,326.22,342.2,347.75,316.73,333.23,107,28
20230110,21,19.05,18.69,19.86,17.77,18.84,198,57
20230110,22,2054.55,2140.19,2170.87,2047.53,2103.29,214,69
20230110,23,684.66,718.55,739.39,682.46,706.27,139,44
20230110,24,67.77,70.68,71.1,64.56,68.53,215,60
20230110,25,73.04,73.4,75.57,69.58,72.9,163,36
20230110,26,48.33,49.7,50.89,48.12,49.26,270,55
20230110,27,32.07,30.81,32.77,29.54,31.3,290,53
20230110,28,13603.2,13690.63,13729.79,13253.38,13569.25,288,40
20230110,29,65.88,66.73,69.1,65.8,66.88,175,50
20230110,30,1381.84,1307.94,1388.2,1258.02,1334.0,147,42
20230110,31,200.05,204.45,212.56,199.99,204.26,126,43
20230110,32,214.62,203.62,221.18,195.31,208.68,154,45
20230110,33,45.17,44.54,47.18,42.11,44.75,140,54
20230110,34,18.44,18.28,18.66,18.22,18.4,205,72
20230110,35,60.38,58.35,63.42,57.25,59.85,277,53
20230110,36,80.7,81.57,85.4,80.42,82.02,148,23
20230110,37,11.08,11.22,11.74,11.01,11.26,249,46
20230110,38,157.31,153.4,162.21,153.07,156.5,165,57
20230110,39,100.35,102.26,102.29,96.73,100.41,247,57
20230110,40,31.72,30.3,33.3,29.35,31.17,129,42
20230110,41,8053.85,9074.45,9440.72,7964.73,8633.44,37,16
20230110,42,5926.75,5784.31,6021.47,5628.97,5840.37,266,56
20230110,43,3979.77,3778.55,4151.56,3716.06,3906.48,196,57
20230110,44,60.9,58.79,62.57,57.44,59.93,188,45
20230110,45,69.23,71.16,71.58,66.53,69.62,314,58
20230110,46,491.14,476.67,517.56,458.46,485.96,175,58
20230110,47,97.95,92.58,98.38,88.33,94.31,219,69
20230110,48,297.92,314.11,316.88,290.95,304.97,214,53
20230110,49,88.64,85.83,89.85,84.11,87.11,170,50
20230110,50,962.11,991.6,996.53,881.26,957.87,168,46
20230110,51,549.27,561.92,571.69,523.08,551.49,240,49
20230110,52,64.28,65.3,65.38,63.31,64.57,179,59
20230110,53,2249.29,2461.25,2556.03,2228.1,2373.67,175,52
20230110,54,13.1,12.17,13.51,12.0,12.7,130,32
20230110,55,13.87,13.39,14.23,13.15,13.66,240,46
20230110,56,139.93,141.96,142.88,129.52,138.57,183,43
20230110,57,57.01,61.52,62.21,55.72,59.12,163,67
20230110,58,1.71,1.88,1.88,1.69,1.79,235,64
20230110,59,26355.74,27430.99,28021.36,25288.95,26774.26,303,61
20230110,60,2322.75,2223.85,2353.75,2196.79,2274.29,184,44
20230110,61,485.46,474.31,493.01,453.35,476.53,184,45
20230110,62,32.14,31.18,32.92,30.72,31.74,181,50
20230110,63,1363.49,1320.2,1418.24,1297.44,1349.84,278,50
20230110,64,5290.32,5623.94,5638.33,5235.87,5447.12,273,65
20230110,65,6.58,6.48,6.73,6.41,6.55,207,72
20230110,66,6334.91,6320.93,6525.93,6108.07,6322.46,180,41
20230110,67,73.1,75.7,78.43,70.01,74.31,131,54
20230110,68,101.16,93.95,102.29,91.52,97.23,263,43
20230110,69,10839.31,10897.37,10983.42,10446.48,10791.64,243,53
20230110,70,2.7,2.55,2.7,2.53,2.62,300,56
20230110,71,5698.75,5513.07,5911.29,5362.11,5621.31,300,54
20230110,72,10010.61,9837.67,10215.62,9646.08,9927.5,141,44
20230110,73,24.49,23.69,24.53,23.1,23.95,278,53
20230110,74,4.21,4.23,4.26,4.17,4.22,178,49
20230110,75,5519.78,5557.25,5572.59,5400.18,5512.45,301,64
20230110,76,18.81,18.6,19.58,18.43,18.85,275,58
20230110,77,14143.81,14427.47,14925.85,14015.84,14378.24,301,70
20230110,78,7.37,7.1,7.54,7.08,7.27,233,54
20230110,79,130.39,135.38,138.76,129.28,133.45,222,68
20230110,80,95.03,94.74,96.96,92.94,94.92,101,33
20230110,81,18.76,18.09,18.82,18.03,18.42,167,49
20230110,82,123.09,118.38,126.53,116.68,121.17,179,53
20230110,83,26.44,25.84,27.31,25.21,26.2,217,54
20230110,84,9.77,10.53,10.93,9.69,10.23,212,64
20230110,85,67.78,69.07,69.08,66.86,68.2,173,39
20230110,86,22502.23,21322.72,23007.57,20950.05,21945.64,214,59
20230110,87,549.82,570.47,573.14,547.37,560.2,148,35
20230110,88,34.03,33.49,34.54,33.15,33.8,200,50
20230110,89,22.56,22.06,22.58,21.66,22.21,202,64
20230110,90,45.64,43.98,47.32,43.86,45.2,152,51
20230110,91,3392.36,3475.33,3547.01,3343.33,3439.51,107,43
20230110,92,17.25,16.85,17.61,16.58,17.07,297,67
20230110,93,69.7,73.08,73.78,69.4,71.49,282,58
20230110,94,892.5,851.45,931.97,842.46,879.59,105,25
20230110,95,392.57,388.55,393.63,375.68,387.61,194,50
20230110,96,547.63,571.91,593.08,540.0,563.16,182,58
20230110,97,33.76,33.26,33.94,32.59,33.39,176,46
20230110,98,2018.65,2182.17,2260.05,1968.18,2107.26,309,58
20230110,99,45.88,45.43,46.44,45.23,45.74,148,41
20230110,100,38.77,39.07,39.72,38.71,39.07,328,70
20230110,101,18.15,19.33,20.16,18.09,18.93,223,52
20230110,102,11.57,10.83,12.12,10.61,11.28,179,49
20230110,103,1096.07,1027.98,1131.26,1020.98,1069.07,103,32
20230110,104,555.27,533.66,572.89,514.49,544.08,166,44
20230110,105,5702.75,6047.97,6487.31,5614.44,5963.12,280,61
20230110,106,149.17,137.67,155.82,135.58,144.56,310,72
20230110,107,136.74,137.56,139.56,131.15,136.25,141,28
20230110,108,362.39,363.09,374.25,354.32,363.51,163,25
20230110,109,662.62,719.7,735.69,639.04,689.26,177,51
20230110,110,859.37,893.67,907.14,850.22,877.6,177,63
20230110,111,1.95,1.98,2.0,1.93,1.97,224,58
20230110,112,12886.12,13710.51,13983.63,12857.78,13359.51,332,57
20230110,113,7.07,7.21,7.22,6.93,7.11,225,56
20230110,114,926.51,912.83,949.64,885.62,918.65,283,64
20230110,115,3617.64,3439.59,3740.06,3361.16,3539.61,219,64
20230110,116,878.59,862.84,896.85,834.95,868.31,174,32
20230110,117,5.93,5.93,6.01,5.91,5.94,227,69
20230110,118,16.64,16.52,16.71,16.25,16.53,215,63
20230110,119,73.45,66.2,74.7,63.46,69.45,163,45
20230110,120,516.78,506.65,525.14,502.26,512.71,282,69
20230110,121,1989.13,1992.21,2055.01,1950.74,1996.77,281,62
20230110,122,12265.4,12427.46,12471.88,12166.75,12332.87,241,52
20230110,123,3.78,3.96,4.08,3.74,3.89,310,55
20230110,124,23.81,23.81,23.84,22.85,23.58,200,52
20230110,125,254.75,245.34,262.81,240.58,250.87,108,46
20230110,126,80722.13,73973.63,81692.16,71558.58,76986.62,229,44
20230110,127,166.79,170.92,174.39,155.92,167.01,174,36
20230110,128,225.78,216.68,231.17,206.81,220.11,104,25
20230110,129,12089.23,12565.1,12598.03,11906.97,12289.83,161,44
20230110,130,89.96,94.5,101.37,85.62,92.86,225,41
20230110,131,212.41,198.16,223.9,194.5,207.24,242,45
20230110,132,2719.99,2777.26,2844.22,2717.35,2764.7,254,39
20230110,133,59.99,64.77,65.06,58.97,62.2,170,50
20230110,134,1295.09,1389.01,1419.15,1284.26,1346.88,222,54
20230110,135,397.81,359.12,409.43,352.56,379.73,143,32
20230110,136,244.54,235.7,249.23,230.31,239.95,182,61
20230110,137,186.89,175.28,190.14,166.3,179.65,139,38
20230110,138,1.87,1.98,2.02,1.87,1.94,282,68
20230110,139,6191.89,6412.9,6779.71,6171.08,6388.9,307,55
20230110,140,169.27,149.54,170.47,145.76,158.76,271,53
20230110,141,33.01,32.0,33.2,31.15,32.34,161,53
20230110,142,63.04,64.99,65.9,62.35,64.07,214,61
20230110,143,8193.68,8152.73,8649.1,7896.91,8223.11,294,75
20230110,144,3.29,3.29,3.35,3.25,3.3,218,62
20230110,145,1290.38,1268.66,1308.0,1229.99,1274.26,262,49
20230110,146,23067.81,21879.58,23070.65,21069.72,22271.94,206,73
20230110,147,612.84,604.86,653.39,599.3,617.6,78,25
20230110,148,90.8,90.55,92.26,89.95,90.89,298,67
20230110,149,1.72,1.8,1.85,1.71,1.77,313,57
20230110,150,4.21,4.3,4.41,4.1,4.26,309,55
20230110,151,9.94,10.12,10.16,9.45,9.92,225,55
20230110,152,17.68,18.45,18.63,17.44,18.05,214,68
20230110,153,50631.83,50285.75,51072.63,49973.93,50491.03,234,56
20230110,154,1334.23,1240.35,1413.21,1225.81,1303.4,170,26
20230110,155,63.14,63.71,64.38,60.01,62.81,211,60
20230110,156,77.77,76.66,78.77,75.99,77.3,242,52
20230110,157,1653.74,1691.38,1721.09,1628.1,1673.58,235,66
20230110,158,31.03,29.25,31.09,27.67,29.76,202,83
20230110,159,16993.57,17978.98,18502.39,16441.55,17479.13,197,82
20230110,160,58.29,59.01,60.54,56.76,58.65,313,60
20230110,161,8.83,8.87,9.26,8.64,8.9,245,47
20230110,162,95.95,92.79,98.79,91.04,94.64,169,51
20230110,163,142.31,151.5,151.99,136.79,145.65,234,59
20230110,164,50.7,48.06,51.74,46.81,49.33,182,45
20230110,165,28.85,32.01,32.51,28.07,30.36,266,49
20230110,166,27.83,27.4,28.45,27.01,27.67,222,57
20230110,167,0.86,0.94,0.95,0.85,0.9,221,54
20230110,168,24.79,24.9,24.99,23.97,24.66,274,73
20230110,169,33.4,35.51,35.7,32.68,34.32,257,47
20230110,170,2542.6,2474.81,2586.59,2438.12,2510.53,33,11
20230110,171,48.05,47.45,51.3,46.96,48.44,291,58
20230110,172,31.95,33.48,34.33,31.67,32.86,258,47
20230110,173,23.49,24.22,25.88,22.89,24.12,148,38
20230110,174,90.72,92.71,94.95,87.3,91.42,163,46
20230110,175,4817.18,4760.91,4836.16,4746.48,4790.18,174,62
20230110,176,46.67,46.28,47.2,45.91,46.52,181,58
20230110,177,47.1,49.3,50.81,46.56,48.44,221,48
20230110,178,320.88,311.82,330.33,302.98,316.5,142,24
20230110,179,5.06,5.19,5.24,4.78,5.07,223,60
20230110,180,273.06,271.16,286.84,270.94,275.5,154,31
20230110,181,34462.19,35183.13,36537.49,34427.66,35152.62,283,60
20230110,182,18.08,18.42,18.44,17.86,18.2,136,42
20230110,183,22.94,22.2,24.02,21.44,22.65,323,37
20230110,184,9.29,9.18,9.39,8.86,9.18,278,71
20230110,185,2010.73,1982.11,2096.46,1972.69,2015.5,215,52
20230110,186,54690.7,54449.11,55253.19,52054.72,54111.93,218,65
20230110,187,1056.49,1154.76,1156.34,1051.27,1104.71,190,58
20230110,188,420.84,435.43,449.02,420.02,431.33,222,50
20230110,189,3.85,3.94,3.96,3.8,3.89,229,50
20230110,190,5.02,4.81,5.06,4.67,4.89,217,53
20230110,191,18.95,18.36,19.08,17.5,18.47,136,48
20230110,192,1546.41,1733.89,1771.72,1478.16,1632.55,153,30
20230110,193,23.44,22.22,24.07,21.73,22.87,255,50
20230110,194,19.78,19.63,19.86,19.61,19.72,293,75
20230110,195,3224.84,3268.74,3318.94,3161.98,3243.63,219,56
20230110,196,75.23,73.84,76.39,73.05,74.63,97,34
20230110,197,262.03,249.05,270.93,247.52,257.38,287,59
20230110,198,368.45,354.86,378.25,350.58,363.04,207,51
20230110,199,1211.87,1181.43,1219.42,1167.62,1195.09,96,35
20230110,200,98.09,93.04,101.73,91.61,96.12,140,34
20230111,1,64.53,68.2,69.18,63.2,66.28,259,50
20230111,2,62.49,63.39,65.94,60.82,63.16,151,34
20230111,3,243.76,240.7,246.77,237.59,242.2,163,42
20230111,4,9749.71,9824.92,10235.13,9405.28,9803.76,100,36
20230111,5,55.03,56.7,60.56,54.54,56.71,198,43
20230111,6,14.23,13.98,14.27,13.06,13.89,289,65
20230111,7,428.92,449.33,457.87,426.6,440.68,225,58
20230111,8,2.25,2.17,2.27,2.05,2.19,204,37
20230111,9,10141.56,10652.61,10764.0,9883.28,10360.36,296,50
20230111,10,31.48,31.59,32.5,30.85,31.6,106,30
20230111,11,33.55,33.77,33.82,32.99,33.53,269,58
20230111,12,465.93,454.72,480.05,443.37,461.02,84,25
20230111,13,1.52,1.46,1.57,1.45,1.5,206,53
20230111,14,57.05,53.87,57.11,53.4,55.36,255,59
20230111,15,7445.56,7393.31,7525.86,6968.55,7333.32,212,58
20230111,16,1.39,1.46,1.48,1.35,1.42,194,52
20230111,17,4621.01,4391.55,4700.05,4381.95,4523.64,220,51
20230111,18,246.44,229.4,254.96,226.29,239.27,157,57
20230111,19,4322.98,4182.31,4353.6,4035.02,4223.48,196,49
20230111,20,342.2,341.01,344.81,320.3,337.08,88,24
20230111,21,18.69,18.79,19.03,17.96,18.62,218,70
20230111,22,2140.19,2145.72,2190.19,2091.12,2141.8,201,57
20230111,23,718.55,755.9,770.09,713.16,739.42,133,43
20230111,24,70.68,75.78,78.64,69.77,73.72,186,60
20230111,25,73.4,80.37,81.24,70.78,76.45,129,38
20230111,26,49.7,46.62,51.4,45.46,48.3,259,50
20230111,27,30.81,30.15,30.93,30.13,30.5,292,69
20230111,28,13690.63,14205.3,14688.02,13510.62,14023.65,236,58
20230111,29,66.73,66.06,67.11,63.53,65.86,170,43
20230111,30,1307.94,1396.01,1445.76,1284.12,1358.46,143,60
20230111,31,204.45,208.18,211.97,201.61,206.55,130,40
20230111,32,203.62,223.4,224.79,202.79,213.65,168,55
20230111,33,44.54,47.48,48.7,44.47,46.3,171,62
20230111,34,18.28,19.09,19.91,17.75,18.76,217,58
20230111,35,58.35,58.12,61.39,57.5,58.84,254,53
20230111,36,81.57,82.62,83.76,79.46,81.85,147,39
20230111,37,11.22,11.29,11.7,10.83,11.26,247,63
20230111,38,153.4,146.98,163.33,144.89,152.15,171,43
20230111,39,102.26,108.76,110.2,99.76,105.24,210,63
20230111,40,30.3,31.27,32.51,29.43,30.88,149,41
20230111,41,9074.45,9030.27,9684.34,8395.39,9046.11,44,11
20230111,42,5784.31,6032.99,6164.4,5678.72,5915.1,330,45
20230111,43,3778.55,3744.5,3962.4,3699.94,3796.35,201,50
20230111,44,58.79,55.35,60.83,53.09,57.02,188,46
20230111,45,71.16,73.13,73.45,67.51,71.31,307,73
20230111,46,476.67,452.8,477.32,422.36,457.29,169,50
20230111,47,92.58,94.27,96.63,90.4,93.47,192,51
20230111,48,314.11,322.52,327.21,300.09,315.98,222,73
20230111,49,85.83,87.06,87.2,83.47,85.89,193,58
20230111,50,991.6,1035.92,1077.07,972.19,1019.19,175,56
20230111,51,561.92,570.76,576.47,557.44,566.65,258,51
20230111,52,65.3,67.69,68.83,62.51,66.08,177,36
20230111,53,2461.25,2369.22,2478.12,2284.04,2398.16,152,58
20230111,54,12.17,12.71,13.0,12.08,12.49,108,37
20230111,55,13.39,12.74,14.07,12.48,13.17,235,70
20230111,56,141.96,158.48,163.73,139.57,150.94,173,55
20230111,57,61.52,57.65,63.58,57.52,60.07,169,59
20230111,58,1.88,1.88,1.9,1.85,1.88,224,57
20230111,59,27430.99,25885.35,28767.61,24526.63,26652.64,316,65
20230111,60,2223.85,2170.13,2345.42,2083.49,2205.72,177,46
20230111,61,474.31,485.73,505.17,455.72,480.23,203,53
20230111,62,31.18,31.19,32.55,30.5,31.36,170,42
20230111,63,1320.2,1413.56,1437.69,1316.63,1372.02,271,62
20230111,64,5623.94,5681.64,5717.8,5615.69,5659.77,256,41
20230111,65,6.48,6.42,6.83,6.19,6.48,206,55
20230111,66,6320.93,6376.23,6521.99,6054.12,6318.32,182,49
20230111,67,75.7,80.16,80.23,75.0,77.77,139,43
20230111,68,93.95,100.12,104.78,91.73,97.65,238,59
20230111,69,10897.37,10507.73,10964.3,9884.98,10563.59,263,43
20230111,70,2.55,2.51,2.66,2.5,2.55,307,69
20230111,71,5513.07,5571.16,5664.34,5420.19,5542.19,323,55
20230111,72,9837.67,10240.16,10572.81,9756.72,10101.84,146,46
20230111,73,23.69,22.86,23.93,22.72,23.3,260,46
20230111,74,4.23,4.38,4.46,4.18,4.31,194,50
20230111,75,5557.25,5392.16,5951.66,5296.09,5549.29,297,58
20230111,76,18.6,19.84,20.43,17.75,19.16,311,64
20230111,77,14427.47,14932.04,15402.82,14030.06,14698.09,279,71
20230111,78,7.1,6.87,7.21,6.84,7.01,221,64
20230111,79,135.38,134.07,136.49,126.93,133.22,195,62
20230111,80,94.74,94.18,95.99,92.82,94.43,89,28
20230111,81,18.09,18.15,18.41,17.49,18.03,160,50
20230111,82,118.38,118.72,124.87,118.18,120.04,187,51
20230111,83,25.84,24.68,26.17,24.52,25.3,207,52
20230111,84,10.53,9.93,10.64,9.77,10.22,218,62
20230111,85,69.07,73.1,74.04,68.42,71.16,199,47
20230111,86,21322.72,21900.9,22183.39,20120.75,21381.94,226,63
20230111,87,570.47,575.23,593.62,543.03,570.59,135,45
20230111,88,33.49,34.55,35.82,32.88,34.18,210,32
20230111,89,22.06,21.16,22.42,19.99,21.41,200,64
20230111,90,43.98,44.45,46.94,43.19,44.64,186,35
20230111,91,3475.33,3734.39,3810.98,3429.12,3612.46,105,27
20230111,92,16.85,18.03,18.44,16.11,17.36,304,62
20230111,93,73.08,71.95,76.51,68.23,72.44,311,65
20230111,94,851.45,846.53,870.69,798.46,841.78,109,44
20230111,95,388.55,345.75,419.58,342.87,374.19,230,45
20230111,96,571.91,591.11,596.98,562.63,580.66,171,48
20230111,97,33.26,33.93,35.03,32.78,33.75,186,51
20230111,98,2182.17,2115.13,2280.4,2053.05,2157.69,324,56
20230111,99,45.43,43.26,46.66,40.45,43.95,144,39
20230111,100,39.07,37.46,39.38,36.03,37.99,304,68
20230111,101,19.33,19.48,20.68,19.08,19.64,227,67
20230111,102,10.83,11.05,11.2,10.81,10.97,186,44
20230111,103,1027.98,1104.3,1182.66,1022.94,1084.47,99,18
20230111,104,533.66,541.46,551.81,513.26,535.05,158,39
20230111,105,6047.97,6457.93,6806.09,5930.02,6310.5,293,56
20230111,106,137.67,140.8,140.87,132.33,137.92,298,72
20230111,107,137.56,140.84,142.22,135.96,139.14,152,30
20230111,108,363.09,331.54,370.07,325.51,347.55,154,24
20230111,109,719.7,683.56,722.1,672.21,699.39,164,49
20230111,110,893.67,881.74,895.94,841.4,878.19,197,52
20230111,111,1.98,2.08,2.11,1.89,2.01,190,45
20230111,112,13710.51,14857.6,15663.36,13262.4,14373.47,314,52
20230111,113,7.21,7.2,7.38,7.08,7.22,203,64
20230111,114,912.83,905.89,932.62,901.5,913.21,314,60
20230111,115,3439.59,3203.87,3541.9,3163.06,3337.11,209,59
20230111,116,862.84,916.69,926.52,842.9,887.24,159,39
20230111,117,5.93,5.87,5.98,5.75,5.88,223,62
20230111,118,16.52,18.4,18.62,16.34,17.47,209,77
20230111,119,66.2,64.61,68.1,61.96,65.22,178,54
20230111,120,506.65,551.24,574.83,490.05,530.69,309,58
20230111,121,1992.21,2078.97,2110.75,1968.21,2037.53,282,59
20230111,122,12427.46,11917.05,12455.21,11723.79,12130.88,241,44
20230111,123,3.96,3.94,3.98,3.92,3.95,284,65
20230111,124,23.81,24.63,26.18,22.91,24.38,169,63
20230111,125,245.34,247.9,257.25,229.68,245.05,93,35
20230111,126,73973.63,77546.06,77584.82,71176.45,75070.24,197,63
20230111,127,170.92,177.18,182.56,164.57,173.81,162,40
20230111,128,216.68,225.24,228.07,214.85,221.21,104,28
20230111,129,12565.1,12645.58,12898.58,12368.59,12619.46,149,39
20230111,130,94.5,89.86,96.0,88.26,92.15,267,51
20230111,131,198.16,201.64,203.63,192.8,199.06,248,66
20230111,132,2777.26,2813.01,2887.35,2772.75,2812.59,252,46
20230111,133,64.77,60.49,65.2,58.88,62.34,170,71
20230111,134,1389.01,1431.56,1479.45,1314.51,1403.63,194,75
20230111,135,359.12,360.09,375.44,354.05,362.17,150,26
20230111,136,235.7,226.31,244.45,225.72,233.05,180,47
20230111,137,175.28,174.37,180.3,171.09,175.26,137,41
20230111,138,1.98,2.01,2.03,1.9,1.98,276,73
20230111,139,6412.9,7124.32,7194.14,6269.83,6750.3,297,71
20230111,140,149.54,155.23,158.11,143.28,151.54,272,58
20230111,141,32.0,33.11,33.98,30.65,32.43,160,56
20230111,142,64.99,64.92,66.69,63.31,64.98,204,61
20230111,143,8152.73,7545.83,8445.0,7412.52,7889.02,306,56
20230111,144,3.29,3.4,3.5,3.23,3.35,199,59
20230111,145,1268.66,1248.67,1271.24,1207.81,1249.1,265,40
20230111,146,21879.58,21789.63,22677.72,21565.1,21978.01,228,67
20230111,147,604.86,579.51,623.04,562.75,592.54,80,16
20230111,148,90.55,91.41,93.25,87.7,90.73,292,52
20230111,149,1.8,1.92,1.96,1.78,1.87,302,66
20230111,150,4.3,4.47,4.49,4.19,4.36,290,54
20230111,151,10.12,11.09,11.61,9.95,10.69,245,68
20230111,152,18.45,19.77,19.96,18.34,19.13,193,58
20230111,153,50285.75,46731.16,52920.38,45706.17,48910.86,272,41
20230111,154,1240.35,1187.19,1317.11,1181.75,1231.6,162,32
20230111,155,63.71,59.1,64.93,55.65,60.85,213,66
20230111,156,76.66,77.96,80.1,76.05,77.69,274,41
20230111,157,1691.38,1657.26,1714.62,1580.93,1661.05,226,52
20230111,158,29.25,29.09,30.84,28.78,29.49,209,79
20230111,159,17978.98,17652.8,18433.18,17358.78,17855.94,196,68
20230111,160,59.01,59.48,62.09,57.84,59.61,262,61
20230111,161,8.87,8.5,9.13,8.47,8.74,259,45
20230111,162,92.79,89.84,96.46,85.44,91.13,186,40
20230111,163,151.5,153.9,158.28,150.54,153.55,250,45
20230111,164,48.06,51.13,52.19,47.47,49.71,173,62
20230111,165,32.01,32.07,32.58,31.84,32.13,243,55
20230111,166,27.4,27.16,27.96,27.09,27.4,231,72
20230111,167,0.94,0.86,0.95,0.81,0.89,220,49
20230111,168,24.9,26.62,27.13,24.85,25.87,293,69
20230111,169,35.51,34.43,35.66,34.32,34.98,264,54
20230111,170,2474.81,2400.49,2565.38,2313.16,2438.46,33,14
20230111,171,47.45,44.17,47.8,43.47,45.72,304,58
20230111,172,33.48,31.88,34.16,31.4,32.73,256,49
20230111,173,24.22,23.45,24.36,23.29,23.83,144,33
20230111,174,92.71,90.76,96.91,89.43,92.45,143,36
20230111,175,4760.91,4612.22,5091.1,4566.72,4757.74,188,61
20230111,176,46.28,46.63,47.53,44.42,46.22,199,47
20230111,177,49.3,48.78,50.81,48.21,49.28,240,60
20230111,178,311.82,348.77,349.52,291.9,325.5,145,44
20230111,179,5.19,4.86,5.25,4.66,4.99,219,67
20230111,180,271.16,277.23,288.39,264.37,275.28,150,18
20230111,181,35183.13,36166.86,37432.98,34893.58,35919.14,309,68
20230111,182,18.42,17.98,18.69,17.45,18.14,137,44
20230111,183,22.2,22.72,22.92,22.09,22.48,281,75
20230111,184,9.18,9.61,9.61,9.07,9.37,295,69
20230111,185,1982.11,1974.02,2010.03,1969.0,1983.79,200,50
20230111,186,54449.11,58350.68,60299.5,52086.32,56296.4,207,74
20230111,187,1154.76,1061.9,1163.51,1031.49,1102.91,179,69
20230111,188,435.43,420.48,442.46,386.59,421.24,213,57
20230111,189,3.94,4.27,4.33,3.84,4.1,208,51
20230111,190,4.81,5.01,5.27,4.68,4.94,204,59
20230111,191,18.36,19.23,19.26,17.08,18.48,141,49
20230111,192,1733.89,1856.83,1993.47,1720.9,1826.27,152,37
20230111,193,22.22,20.6,22.58,20.27,21.42,255,53
20230111,194,19.63,20.24,20.85,19.56,20.07,316,60
20230111,195,3268.74,3438.43,3452.79,3213.84,3343.45,217,53
20230111,196,73.84,72.41,77.0,72.22,73.87,88,31
20230111,197,249.05,279.07,282.7,240.21,262.75,320,71
20230111,198,354.86,362.43,365.65,348.91,357.96,197,46
20230111,199,1181.43,1084.8,1198.3,1084.78,1137.33,97,33
20230111,200,93.04,93.45,93.87,90.23,92.65,160,27
20230112,1,68.2,65.98,68.35,62.76,66.32,256,62
20230112,2,63.39,61.67,63.64,57.1,61.45,142,44
20230112,3,240.7,249.28,250.95,234.69,243.91,141,41
20230112,4,9824.92,9612.9,9830.91,9451.58,9680.08,111,25
20230112,5,56.7,60.01,60.63,56.5,58.46,188,45
20230112,6,13.98,14.49,14.59,13.69,14.19,267,49
20230112,7,449.33,435.44,464.52,421.7,442.74,259,53
20230112,8,2.17,2.2,2.24,2.15,2.19,179,72
20230112,9,10652.61,10821.7,10899.01,10574.95,10737.07,264,81
20230112,10,31.59,31.23,33.91,30.27,31.75,112,32
20230112,11,33.77,33.56,33.81,33.45,33.65,234,61
20230112,12,454.72,459.32,459.35,449.09,455.62,92,24
20230112,13,1.46,1.42,1.51,1.38,1.44,210,54
20230112,14,53.87,49.75,55.03,48.94,51.9,248,52
20230112,15,7393.31,6966.15,7416.9,6609.45,7096.45,199,61
20230112,16,1.46,1.36,1.48,1.31,1.4,197,66
20230112,17,4391.55,4192.91,4477.08,3996.39,4264.48,193,66
20230112,18,229.4,194.21,231.65,188.81,211.02,186,74
20230112,19,4182.31,3561.28,4283.19,3442.69,3867.37,234,67
20230112,20,341.01,352.18,362.74,340.69,349.15,96,30
20230112,21,18.79,18.99,19.27,18.78,18.96,205,62
20230112,22,2145.72,1951.87,2146.58,1876.03,2030.05,205,68
20230112,23,755.9,716.91,758.73,704.91,734.11,130,31
20230112,24,75.78,74.18,76.61,73.0,74.89,217,71
20230112,25,80.37,81.24,83.57,78.01,80.8,147,27
20230112,26,46.62,47.25,48.97,45.59,47.11,258,47
20230112,27,30.15,31.89,32.19,29.69,30.98,277,60
20230112,28,14205.3,14801.88,15022.95,12753.26,14195.85,233,54
20230112,29,66.06,60.19,66.32,59.6,63.04,172,51
20230112,30,1396.01,1176.27,1396.63,1153.79,1280.67,156,37
20230112,31,208.18,203.09,212.68,200.87,206.2,126,41
20230112,32,223.4,224.52,227.91,217.08,223.23,156,58
20230112,33,47.48,46.36,47.57,45.74,46.79,183,40
20230112,34,19.09,18.23,19.3,17.24,18.47,184,62
20230112,35,58.12,59.16,60.7,56.64,58.65,247,57
20230112,36,82.62,92.7,94.5,82.06,87.97,137,34
20230112,37,11.29,11.26,11.81,11.15,11.38,221,53
20230112,38,146.98,152.64,152.86,146.16,149.66,178,56
20230112,39,108.76,102.72,111.89,101.98,106.34,214,51
20230112,40,31.27,32.72,32.86,31.18,32.01,144,42
20230112,41,9030.27,9466.21,10361.29,8846.46,9426.06,28,7
20230112,42,6032.99,6136.71,6173.0,5953.62,6074.08,303,61
20230112,43,3744.5,4055.44,4142.07,3493.51,3858.88,213,53
20230112,44,55.35,56.39,56.58,54.02,55.59,170,56
20230112,45,73.13,71.36,75.69,69.18,72.34,332,68
20230112,46,452.8,489.94,518.69,446.14,476.89,188,53
20230112,47,94.27,90.24,97.54,87.37,92.35,202,51
20230112,48,322.52,295.9,327.66,290.84,309.23,190,66
20230112,49,87.06,88.38,89.07,85.64,87.54,189,46
20230112,50,1035.92,926.66,1097.49,858.74,979.7,177,55
20230112,51,570.76,585.29,593.6,565.96,578.9,225,51
20230112,52,67.69,63.44,70.47,62.02,65.91,161,61
20230112,53,2369.22,2203.43,2416.58,2201.88,2297.78,178,42
20230112,54,12.71,13.16,13.57,12.39,12.96,152,38
20230112,55,12.74,13.21,13.24,12.36,12.89,244,49
20230112,56,158.48,164.08,169.32,158.24,162.53,170,46
20230112,57,57.65,54.13,59.81,52.87,56.12,163,50
20230112,58,1.88,2.02,2.02,1.82,1.93,239,59
20230112,59,25885.35,26401.51,26475.35,25824.03,26146.56,282,58
20230112,60,2170.13,2002.0,2230.78,2000.61,2100.88,186,58
20230112,61,485.73,520.44,523.45,467.64,499.31,212,48
20230112,62,31.19,35.21,35.43,30.49,33.08,164,55
20230112,63,1413.56,1479.9,1538.88,1376.37,1452.18,300,53
20230112,64,5681.64,5728.25,5958.52,5551.05,5729.86,265,52
20230112,65,6.42,6.6,6.95,6.39,6.59,199,71
20230112,66,6376.23,6533.63,6733.2,6263.75,6476.7,172,61
20230112,67,80.16,80.17,82.26,74.83,79.36,142,38
20230112,68,100.12,110.86,116.73,98.95,106.66,229,55
20230112,69,10507.73,10365.96,10837.93,10365.83,10519.36,244,47
20230112,70,2.51,2.66,2.75,2.49,2.6,277,55
20230112,71,5571.16,5497.24,5640.42,5481.38,5547.55,266,59
20230112,72,10240.16,9750.61,10331.67,9526.16,9962.15,159,40
20230112,73,22.86,23.03,23.23,22.25,22.84,219,55
20230112,74,4.38,4.28,4.51,4.16,4.33,206,58
20230112,75,5392.16,5595.66,5596.6,5142.84,5431.82,287,45
20230112,76,19.84,19.94,20.0,19.44,19.81,288,60
20230112,77,14932.04,14403.05,15308.92,13994.81,14659.71,315,56
20230112,78,6.87,7.51,7.52,6.71,7.15,235,59
20230112,79,134.07,142.53,150.67,132.99,140.06,197,54
20230112,80,94.18,102.79,103.97,93.07,98.5,96,28
20230112,81,18.15,18.27,19.14,17.93,18.37,186,61
20230112,82,118.72,119.92,120.03,114.72,118.35,219,63
20230112,83,24.68,25.62,26.38,24.5,25.29,210,54
20230112,84,9.93,8.9,10.08,8.88,9.45,184,65
20230112,85,73.1,75.16,76.43,71.07,73.94,185,44
20230112,86,21900.9,21971.07,22461.85,21808.08,22035.47,208,70
20230112,87,575.23,542.95,579.48,540.36,559.51,125,46
20230112,88,34.55,35.25,35.51,34.25,34.89,217,42
20230112,89,21.16,20.53,21.46,20.18,20.83,194,66
20230112,90,44.45,44.11,45.55,42.86,44.24,181,46
20230112,91,3734.39,3427.72,3898.5,3329.65,3597.56,106,29
20230112,92,18.03,19.12,19.39,17.65,18.55,306,57
20230112,93,71.95,69.43,72.88,69.05,70.83,286,59
20230112,94,846.53,770.58,849.38,755.72,805.55,114,34
20230112,95,345.75,345.38,355.43,330.06,344.16,215,33
20230112,96,591.11,566.41,594.7,530.58,570.7,169,49
20230112,97,33.93,30.19,34.21,29.09,31.85,173,57
20230112,98,2115.13,2087.02,2137.34,2079.61,2104.78,313,64
20230112,99,43.26,45.45,45.8,42.15,44.16,127,46
20230112,100,37.46,38.51,38.91,36.97,37.96,325,49
20230112,101,19.48,17.01,20.8,16.48,18.44,216,72
20230112,102,11.05,11.94,12.2,10.88,11.52,182,48
20230112,103,1104.3,1182.75,1202.22,1070.01,1139.82,115,32
20230112,104,541.46,525.79,554.02,506.79,532.02,143,48
20230112,105,6457.93,6880.79,7365.43,6323.88,6757.01,288,65
20230112,106,140.8,143.28,144.65,139.84,142.14,290,60
20230112,107,140.84,138.55,144.68,130.09,138.54,158,36
20230112,108,331.54,338.33,339.19,318.39,331.86,164,27
20230112,109,683.56,687.42,688.31,681.91,685.3,170,59
20230112,110,881.74,829.51,906.6,828.87,861.68,184,56
20230112,111,2.08,2.09,2.12,2.02,2.08,198,56
20230112,112,14857.6,14579.73,15229.12,13305.81,14493.07,318,65
20230112,113,7.2,6.64,7.42,6.49,6.94,212,67
20230112,114,905.89,947.34,990.02,883.15,931.6,296,75
20230112,115,3203.87,3249.8,3438.46,3171.46,3265.9,237,58
20230112,116,916.69,876.67,940.07,864.38,899.45,139,33
20230112,117,5.87,5.54,5.98,5.27,5.67,230,75
20230112,118,18.4,17.86,18.81,17.29,18.09,208,66
20230112,119,64.61,68.15,70.23,63.67,66.66,175,43
20230112,120,551.24,550.31,567.82,532.26,550.41,319,79
20230112,121,2078.97,2103.62,2136.15,1987.55,2076.57,270,58
20230112,122,11917.05,11928.36,12241.29,11446.16,11883.21,275,54
20230112,123,3.94,4.14,4.23,3.94,4.06,311,54
20230112,124,24.63,23.89,25.4,23.55,24.37,201,40
20230112,125,247.9,249.11,259.32,243.8,250.03,115,42
20230112,126,77546.06,74001.36,78209.31,69631.56,74847.07,198,59
20230112,127,177.18,181.94,188.65,176.05,180.95,151,29
20230112,128,225.24,201.82,234.44,195.45,214.24,95,53
20230112,129,12645.58,11385.12,12857.34,11220.35,12027.1,146,44
20230112,130,89.86,88.38,90.37,87.29,88.98,243,43
20230112,131,201.64,205.95,207.32,200.11,203.76,208,47
20230112,132,2813.01,2680.8,2933.63,2585.62,2753.27,250,48
20230112,133,60.49,49.81,62.31,49.76,55.59,181,57
20230112,134,1431.56,1486.75,1510.7,1412.07,1460.27,208,67
20230112,135,360.09,330.92,361.01,322.91,343.73,149,30
20230112,136,226.31,241.07,244.82,224.14,234.08,177,44
20230112,137,174.37,172.2,179.83,169.53,173.98,135,41
20230112,138,2.01,2.05,2.08,1.97,2.03,296,62
20230112,139,7124.32,7546.68,7602.26,6580.56,7213.46,312,78
20230112,140,155.23,158.41,165.29,152.82,157.93,243,62
20230112,141,33.11,34.76,35.83,31.32,33.75,179,65
20230112,142,64.92,58.44,66.51,57.19,61.77,247,53
20230112,143,7545.83,6873.3,7833.81,6732.26,7246.3,301,51
20230112,144,3.4,3.39,3.45,3.26,3.37,198,52
20230112,145,1248.67,1361.91,1372.53,1196.98,1295.02,228,54
20230112,146,21789.63,22532.63,22921.95,20953.38,22049.4,198,61
20230112,147,579.51,571.15,586.65,570.87,577.05,74,25
20230112,148,91.41,93.15,93.38,88.97,91.73,272,57
20230112,149,1.92,2.02,2.06,1.86,1.97,293,62
20230112,150,4.47,4.44,4.56,4.23,4.42,301,59
20230112,151,11.09,12.41,12.55,10.77,11.7,258,46
20230112,152,19.77,19.23,19.79,18.51,19.33,192,61
20230112,153,46731.16,50803.31,51071.27,45268.17,48468.48,268,57
20230112,154,1187.19,1243.58,1275.52,1150.25,1214.14,183,27
20230112,155,59.1,58.0,62.52,54.41,58.51,196,54
20230112,156,77.96,76.02,79.69,73.62,76.83,264,46
20230112,157,1657.26,1751.29,1754.05,1591.31,1688.48,215,56
20230112,158,29.09,29.77,31.1,28.57,29.63,229,73
20230112,159,17652.8,16355.64,18437.34,15428.59,16968.59,208,51
20230112,160,59.48,55.37,59.56,55.22,57.41,290,61
20230112,161,8.5,9.1,9.18,8.39,8.79,237,46
20230112,162,89.84,94.15,94.3,88.12,91.61,165,54
20230112,163,153.9,155.57,156.05,150.1,153.9,239,56
20230112,164,51.13,47.69,52.25,46.55,49.4,194,48
20230112,165,32.07,31.64,33.22,31.16,32.02,248,49
20230112,166,27.16,24.5,27.68,23.64,25.74,211,53
20230112,167,0.86,0.87,0.89,0.86,0.87,205,56
20230112,168,26.62,26.45,27.16,24.6,26.21,320,51
20230112,169,34.43,37.62,38.45,34.08,36.15,236,53
20230112,170,2400.49,2571.99,2580.75,2351.54,2476.19,28,9
20230112,171,44.17,42.81,45.23,42.37,43.65,294,53
20230112,172,31.88,35.63,36.17,31.55,33.81,233,60
20230112,173,23.45,23.35,24.0,22.43,23.31,144,33
20230112,174,90.76,90.04,92.58,87.64,90.25,151,43
20230112,175,4612.22,4953.84,5098.31,4324.99,4747.34,160,47
20230112,176,46.63,39.11,47.55,38.96,43.06,174,43
20230112,177,48.78,48.36,49.01,47.99,48.53,240,50
20230112,178,348.77,341.22,361.03,330.34,345.34,141,47
20230112,179,4.86,5.0,5.15,4.68,4.92,218,62
20230112,180,277.23,284.99,298.26,272.87,283.34,141,29
20230112,181,36166.86,36619.46,38120.42,35729.98,36659.18,280,62
20230112,182,17.98,18.39,19.65,17.81,18.46,144,51
20230112,183,22.72,24.14,24.46,22.01,23.33,283,62
20230112,184,9.61,9.79,9.98,9.61,9.75,306,71
20230112,185,1974.02,1963.76,1983.19,1960.69,1970.41,234,62
20230112,186,58350.68,53891.1,58964.14,53163.12,56092.26,200,54
20230112,187,1061.9,1186.6,1217.64,1058.65,1131.2,230,67
20230112,188,420.48,425.43,442.81,403.41,423.03,219,52
20230112,189,4.27,4.21,4.37,4.15,4.25,201,57
20230112,190,5.01,4.63,5.14,4.59,4.84,194,62
20230112,191,19.23,18.32,19.46,18.01,18.75,141,39
20230112,192,1856.83,1831.81,1899.73,1814.41,1850.7,151,31
20230112,193,20.6,20.89,21.09,20.49,20.77,265,51
20230112,194,20.24,19.71,21.23,19.55,20.18,319,60
20230112,195,3438.43,3486.55,3612.03,3350.34,3471.84,208,59
20230112,196,72.41,65.01,77.12,63.32,69.47,108,28
20230112,197,279.07,267.35,283.67,248.27,269.59,295,60
20230112,198,362.43,343.32,367.5,328.56,350.45,182,63
20230112,199,1084.8,1078.53,1087.02,1000.72,1062.77,112,35
20230112,200,93.45,88.68,95.37,87.95,91.36,144,24
20230113,1,65.98,66.46,67.55,65.31,66.33,265,52
20230113,2,61.67,56.5,61.8,56.24,59.05,133,32
20230113,3,249.28,235.07,251.74,229.13,241.3,126,47
20230113,4,9612.9,9413.55,9881.96,9401.48,9577.47,109,35
20230113,5,60.01,61.87,62.28,58.92,60.77,207,47
20230113,6,14.49,13.94,15.06,13.94,14.36,290,57
20230113,7,435.44,422.81,452.06,416.55,431.72,241,59
20230113,8,2.2,2.25,2.33,2.11,2.22,194,58
20230113,9,10821.7,10744.3,11364.3,10435.57,10841.47,281,57
20230113,10,31.23,30.32,31.61,29.93,30.78,98,27
20230113,11,33.56,36.57,37.23,32.1,34.86,247,42
20230113,12,459.32,456.36,459.47,439.43,453.64,88,18
20230113,13,1.42,1.46,1.48,1.35,1.42,211,72
20230113,14,49.75,50.78,52.57,48.35,50.36,258,49
20230113,15,6966.15,7281.55,7370.63,6882.8,7125.28,237,59
20230113,16,1.36,1.48,1.55,1.32,1.43,240,64
20230113,17,4192.91,4453.89,4458.86,4156.9,4315.64,230,54
20230113,18,194.21,188.76,197.69,187.95,192.15,172,59
20230113,19,3561.28,3826.62,3907.44,3469.98,3691.33,213,59
20230113,20,352.18,362.65,372.79,347.33,358.74,103,29
20230113,21,18.99,20.12,20.15,18.39,19.41,217,68
20230113,22,1951.87,1955.87,2063.92,1835.64,1951.83,200,68
20230113,23,716.91,716.17,719.7,693.34,711.53,158,41
20230113,24,74.18,77.63,78.28,73.62,75.93,214,73
20230113,25,81.24,83.61,84.46,77.86,81.79,160,23
20230113,26,47.25,50.97,51.59,45.88,48.92,260,55
20230113,27,31.89,32.44,32.93,31.51,32.19,342,60
20230113,28,14801.88,14659.21,15195.24,13917.91,14643.56,224,51
20230113,29,60.19,53.81,63.55,52.55,57.52,179,45
20230113,30,1176.27,1109.54,1196.29,1074.47,1139.14,118,37
20230113,31,203.09,201.4,207.98,200.05,203.13,155,49
20230113,32,224.52,215.48,228.88,210.52,219.85,177,40
20230113,33,46.36,48.48,49.92,44.56,47.33,174,58
20230113,34,18.23,17.27,18.43,17.23,17.79,202,67
20230113,35,59.16,58.46,60.95,55.15,58.43,279,49
20230113,36,92.7,90.59,98.93,88.79,92.75,170,35
20230113,37,11.26,12.06,12.29,11.09,11.67,258,54
20230113,38,152.64,152.58,158.35,149.92,153.37,155,46
20230113,39,102.72,104.7,105.36,99.94,103.18,212,59
20230113,40,32.72,32.6,32.94,31.9,32.54,149,46
20230113,41,9466.21,9825.67,9827.56,8955.98,9518.86,33,7
20230113,42,6136.71,6222.05,6444.87,5690.14,6123.44,312,64
20230113,43,4055.44,4073.25,4079.88,4017.19,4056.44,215,56
20230113,44,56.39,53.58,57.8,52.0,54.94,180,48
20230113,45,71.36,69.9,72.11,68.71,70.52,318,66
20230113,46,489.94,487.28,495.63,474.46,486.83,175,57
20230113,47,90.24,92.77,94.1,88.55,91.41,206,48
20230113,48,295.9,293.19,298.48,282.39,292.49,213,68
20230113,49,88.38,91.63,93.89,87.0,90.23,162,55
20230113,50,926.66,930.37,955.17,918.31,932.63,186,50
20230113,51,585.29,557.44,596.67,550.46,572.47,230,45
20230113,52,63.44,62.22,65.83,62.19,63.42,169,55
20230113,53,2203.43,2399.02,2458.24,2104.04,2291.18,151,50
20230113,54,13.16,13.74,13.8,12.88,13.4,172,44
20230113,55,13.21,14.09,14.36,12.26,13.48,278,41
20230113,56,164.08,158.47,168.05,157.59,162.05,169,50
20230113,57,54.13,52.15,55.12,51.53,53.23,168,42
20230113,58,2.02,1.96,2.03,1.92,1.98,207,63
20230113,59,26401.51,26539.06,27639.85,26309.86,26722.57,279,63
20230113,60,2002.0,1998.85,2012.48,1940.44,1988.44,167,60
20230113,61,520.44,512.91,539.08,493.58,516.5,208,39
20230113,62,35.21,34.78,37.21,33.44,35.16,183,48
20230113,63,1479.9,1431.46,1568.93,1418.1,1474.6,315,57
20230113,64,5728.25,5667.77,5833.17,5447.03,5669.05,256,51
20230113,65,6.6,6.94,7.28,6.56,6.84,226,62
20230113,66,6533.63,6162.76,6560.76,5970.82,6306.99,184,51
20230113,67,80.17,81.05,83.07,75.18,79.87,153,43
20230113,68,110.86,116.33,117.31,108.68,113.3,240,54
20230113,69,10365.96,10486.5,10584.52,9858.58,10323.89,252,47
20230113,70,2.66,2.61,2.83,2.6,2.68,302,61
20230113,71,5497.24,5641.63,5676.44,5385.97,5550.32,267,65
20230113,72,9750.61,9534.61,10623.04,9523.72,9858.0,144,53
20230113,73,23.03,23.28,24.17,22.65,23.28,255,40
20230113,74,4.28,4.1,4.28,3.86,4.13,186,53
20230113,75,5595.66,5186.05,5644.6,5056.14,5370.61,288,69
20230113,76,19.94,19.79,20.13,19.26,19.78,271,61
20230113,77,14403.05,13767.81,14510.89,12877.71,13889.87,306,46
20230113,78,7.51,7.57,7.69,7.21,7.49,200,47
20230113,79,142.53,149.52,151.33,142.01,146.35,225,59
20230113,80,102.79,110.99,115.59,102.71,108.02,101,31
20230113,81,18.27,18.23,18.99,16.94,18.11,166,49
20230113,82,119.92,126.01,129.7,117.26,123.22,206,55
20230113,83,25.62,26.04,27.15,25.49,26.07,193,54
20230113,84,8.9,8.82,8.95,8.55,8.8,202,62
20230113,85,75.16,69.86,77.47,66.05,72.14,192,41
20230113,86,21971.07,23657.1,24312.68,21391.19,22833.01,198,61
20230113,87,542.95,523.79,554.26,510.27,532.82,149,44
20230113,88,35.25,37.66,38.76,34.59,36.57,210,32
20230113,89,20.53,20.7,20.71,20.15,20.52,231,56
20230113,90,44.11,42.4,44.63,42.39,43.38,190,58
20230113,91,3427.72,3372.67,3522.27,3270.37,3398.26,80,30
20230113,92,19.12,20.65,23.29,19.03,20.52,308,61
20230113,93,69.43,73.86,75.58,69.05,71.98,286,58
20230113,94,770.58,764.23,782.98,757.55,768.83,106,29
20230113,95,345.38,345.0,347.51,324.85,340.69,188,43
20230113,96,566.41,564.37,577.46,557.2,566.36,187,63
20230113,97,30.19,29.68,31.19,28.86,29.98,183,39
20230113,98,2087.02,2171.3,2192.83,2013.0,2116.04,274,58
20230113,99,45.45,47.5,48.12,45.12,46.55,138,49
20230113,100,38.51,36.03,41.04,33.86,37.36,315,47
20230113,101,17.01,17.24,18.04,16.66,17.24,214,65
20230113,102,11.94,11.92,12.42,11.42,11.93,191,50
20230113,103,1182.75,1199.55,1219.58,1146.14,1187.01,110,27
20230113,104,525.79,537.39,542.56,500.52,526.57,140,47
20230113,105,6880.79,7217.2,7332.87,6862.55,7073.36,318,59
20230113,106,143.28,148.8,151.69,142.1,146.47,310,68
20230113,107,138.55,133.22,141.79,130.1,135.91,143,30
20230113,108,338.33,337.62,347.7,334.4,339.51,138,30
20230113,109,687.42,677.07,689.34,648.35,675.55,172,49
20230113,110,829.51,766.66,854.18,750.56,800.22,187,53
20230113,111,2.09,2.08,2.23,2.04,2.11,224,67
20230113,112,14579.73,15549.25,15797.76,14317.5,15061.06,308,67
20230113,113,6.64,6.24,6.74,6.05,6.42,236,49
20230113,114,947.34,957.49,965.57,920.77,947.79,303,64
20230113,115,3249.8,3329.12,3464.23,3249.19,3323.08,212,58
20230113,116,876.67,891.05,901.47,875.84,886.26,117,48
20230113,117,5.54,5.34,5.62,5.21,5.43,200,56
20230113,118,17.86,16.66,18.4,16.43,17.34,214,65
20230113,119,68.15,64.37,68.22,63.95,66.17,167,60
20230113,120,550.31,571.47,598.75,517.73,559.57,288,72
20230113,121,2103.62,2021.75,2107.24,1974.41,2051.75,281,65
20230113,122,11928.36,11730.85,12066.28,11530.4,11813.97,215,48
20230113,123,4.14,4.36,4.51,4.04,4.26,324,74
20230113,124,23.89,23.2,24.48,21.75,23.33,175,42
20230113,125,249.11,256.88,260.96,248.6,253.89,117,26
20230113,126,74001.36,78138.21,79648.12,72569.75,76089.36,195,58
20230113,127,181.94,187.6,189.03,174.41,183.25,134,39
20230113,128,201.82,190.99,207.66,186.18,196.66,93,30
20230113,129,11385.12,11084.04,12121.92,10454.76,11261.46,144,42
20230113,130,88.38,89.93,92.74,87.15,89.55,238,73
20230113,131,205.95,225.89,226.22,202.07,215.03,264,51
20230113,132,2680.8,2617.98,2692.71,2432.17,2605.91,277,54
20230113,133,49.81,50.69,51.53,49.27,50.32,171,49
20230113,134,1486.75,1527.58,1566.18,1414.41,1498.73,203,56
20230113,135,330.92,346.12,350.79,330.66,339.62,123,38
20230113,136,241.07,251.17,263.12,240.36,248.93,179,44
20230113,137,172.2,165.23,174.28,150.73,165.61,152,40
20230113,138,2.05,2.05,2.05,1.99,2.04,296,66
20230113,139,7546.68,7570.35,7629.05,7459.45,7551.38,276,64
20230113,140,158.41,169.78,176.0,157.88,165.52,257,42
20230113,141,34.76,33.83,35.23,33.23,34.27,165,57
20230113,142,58.44,58.63,58.85,58.38,58.58,216,63
20230113,143,6873.3,6719.04,6907.09,6528.88,6757.08,294,61
20230113,144,3.39,3.63,3.73,3.35,3.53,216,68
20230113,145,1361.91,1369.86,1398.2,1354.12,1371.02,236,46
20230113,146,22532.63,23615.97,24239.59,22031.69,23104.97,225,55
20230113,147,571.15,575.81,579.85,566.35,573.29,81,22
20230113,148,93.15,93.49,96.79,91.84,93.82,322,47
20230113,149,2.02,1.9,2.02,1.87,1.95,286,58
20230113,150,4.44,4.05,4.45,3.94,4.22,292,79
20230113,151,12.41,12.86,12.89,12.21,12.59,257,56
20230113,152,19.23,19.18,19.44,18.93,19.2,212,56
20230113,153,50803.31,52285.2,54878.04,49660.71,51906.81,242,58
20230113,154,1243.58,1184.63,1278.67,1142.86,1212.43,152,25
20230113,155,58.0,56.41,58.17,55.07,56.91,193,65
20230113,156,76.02,78.54,78.76,75.71,77.26,246,43
20230113,157,1751.29,1878.72,1956.29,1710.94,1824.31,215,68
20230113,158,29.77,29.3,30.29,29.1,29.62,198,59
20230113,159,16355.64,16619.96,17101.4,16075.1,16538.03,203,64
20230113,160,55.37,55.85,56.23,52.47,54.98,260,55
20230113,161,9.1,9.26,9.37,8.79,9.13,253,51
20230113,162,94.15,104.42,105.95,91.69,99.05,174,44
20230113,163,155.57,154.01,159.43,152.71,155.43,270,45
20230113,164,47.69,50.13,51.24,47.53,49.15,170,40
20230113,165,31.64,32.23,33.59,30.67,32.03,267,49
20230113,166,24.5,25.22,25.66,22.46,24.46,186,54
20230113,167,0.87,0.95,0.96,0.86,0.91,190,75
20230113,168,26.45,27.11,27.86,25.75,26.79,301,63
20230113,169,37.62,37.06,39.8,35.98,37.62,254,55
20230113,170,2571.99,2764.29,2776.25,2497.55,2652.52,31,4
20230113,171,42.81,45.71,46.48,41.49,44.12,287,58
20230113,172,35.63,37.51,39.46,35.03,36.91,245,54
20230113,173,23.35,19.68,23.41,19.35,21.45,157,25
20230113,174,90.04,90.63,91.68,88.4,90.19,124,35
20230113,175,4953.84,5079.97,5335.39,4934.11,5075.83,168,41
20230113,176,39.11,39.44,39.55,36.96,38.76,171,51
20230113,177,48.36,49.56,50.43,45.93,48.57,259,68
20230113,178,341.22,345.67,345.85,340.73,343.37,142,47
20230113,179,5.0,5.21,5.31,4.98,5.12,215,42
20230113,180,284.99,283.31,289.16,264.65,280.53,154,29
20230113,181,36619.46,39417.03,40695.28,35296.81,38007.15,253,72
20230113,182,18.39,19.46,19.89,17.98,18.93,137,44
20230113,183,24.14,24.76,25.87,23.89,24.66,266,73
20230113,184,9.79,10.0,10.37,9.62,9.95,285,63
20230113,185,1963.76,2034.32,2107.13,1959.85,2016.27,230,55
20230113,186,53891.1,56162.29,57948.42,51521.37,54880.8,218,54
20230113,187,1186.6,1191.07,1252.94,1173.72,1201.08,193,73
20230113,188,425.43,442.74,453.19,391.84,428.3,200,54
20230113,189,4.21,4.26,4.31,4.1,4.22,192,55
20230113,190,4.63,5.05,5.07,4.5,4.81,170,59
20230113,191,18.32,19.63,19.9,18.09,18.98,117,40
20230113,192,1831.81,1793.99,1897.13,1755.79,1819.68,148,29
20230113,193,20.89,23.34,23.42,20.35,22.0,267,56
20230113,194,19.71,18.01,20.57,17.39,18.92,286,58
20230113,195,3486.55,3558.74,3688.06,3307.04,3510.1,203,54
20230113,196,65.01,63.64,68.22,63.01,64.97,109,32
20230113,197,267.35,286.25,296.56,263.6,278.44,302,56
20230113,198,343.32,347.83,362.7,330.13,345.99,204,53
20230113,199,1078.53,1050.13,1113.68,1001.3,1060.91,106,24
20230113,200,88.68,87.33,89.06,84.11,87.29,164,38
20230114,1,66.46,70.48,73.49,65.23,68.91,395,38
20230114,2,56.5,57.45,59.27,54.48,56.92,193,36
20230114,3,235.07,238.87,245.95,230.83,237.68,201,43
20230114,4,9413.55,9334.37,9426.46,8968.42,9285.7,156,28
20230114,5,61.87,66.74,69.52,60.72,64.71,258,30
20230114,6,13.94,15.41,16.05,13.33,14.68,396,53
20230114,7,422.81,451.14,457.75,407.82,434.88,329,39
20230114,8,2.25,2.16,2.4,2.1,2.23,265,62
20230114,9,10744.3,11751.0,12162.4,10646.6,11326.08,425,65
20230114,10,30.32,31.74,32.87,30.29,31.3,143,33
20230114,11,36.57,40.65,40.94,34.77,38.23,372,50
20230114,12,456.36,513.97,519.46,418.83,477.15,118,23
20230114,13,1.46,1.61,1.63,1.44,1.53,280,58
20230114,14,50.78,61.22,62.6,48.76,55.84,373,42
20230114,15,7281.55,8470.01,8775.88,7154.29,7920.43,280,66
20230114,16,1.48,1.72,1.83,1.48,1.62,291,67
20230114,17,4453.89,4174.34,4683.51,4072.58,4346.08,283,69
20230114,18,188.76,174.44,193.42,172.39,182.25,229,52
20230114,19,3826.62,3918.44,4124.62,3749.42,3904.77,290,63
20230114,20,362.65,376.66,378.57,359.43,369.33,153,26
20230114,21,20.12,20.53,20.62,19.24,20.13,294,50
20230114,22,1955.87,2062.67,2101.54,1948.62,2017.18,277,69
20230114,23,716.17,724.82,743.4,702.98,721.84,186,47
20230114,24,77.63,76.67,80.35,75.47,77.53,298,66
20230114,25,83.61,88.22,91.61,83.23,86.67,227,32
20230114,26,50.97,55.29,55.88,49.79,52.98,408,56
20230114,27,32.44,36.96,37.63,31.64,34.67,407,56
20230114,28,14659.21,15660.75,15783.59,14477.86,15145.35,355,50
20230114,29,53.81,55.51,57.05,52.69,54.76,258,52
20230114,30,1109.54,1208.74,1294.4,1074.99,1171.91,214,36
20230114,31,201.4,205.04,209.58,197.9,203.48,205,35
20230114,32,215.48,232.35,238.15,200.66,221.66,240,54
20230114,33,48.48,47.59,48.58,45.12,47.44,250,48
20230114,34,17.27,16.86,17.91,16.54,17.15,280,64
20230114,35,58.46,65.82,67.41,56.45,62.03,396,47
20230114,36,90.59,100.38,103.27,90.13,96.09,212,38
20230114,37,12.06,12.87,13.01,11.52,12.36,321,57
20230114,38,152.58,169.72,171.94,146.52,160.19,253,52
20230114,39,104.7,114.15,117.75,99.34,108.98,290,47
20230114,40,32.6,31.96,32.7,30.4,31.92,198,41
20230114,41,9825.67,10506.13,10555.99,9399.54,10071.83,59,11
20230114,42,6222.05,6096.2,6308.47,6017.04,6160.94,445,48
20230114,43,4073.25,4343.15,4449.93,3904.03,4192.59,310,66
20230114,44,53.58,54.61,56.16,52.72,54.27,223,40
20230114,45,69.9,78.03,78.3,68.62,73.71,420,70
20230114,46,487.28,474.45,490.86,468.56,480.29,262,52
20230114,47,92.77,94.93,95.58,91.06,93.58,291,68
20230114,48,293.19,295.32,301.58,290.65,295.18,304,64
20230114,49,91.63,91.12,92.54,86.25,90.39,260,48
20230114,50,930.37,1024.42,1053.38,890.34,974.63,244,50
20230114,51,557.44,601.13,603.33,538.76,575.17,358,45
20230114,52,62.22,69.45,70.08,60.72,65.62,252,72
20230114,53,2399.02,2385.95,2401.43,2378.42,2391.2,231,46
20230114,54,13.74,14.95,15.48,13.67,14.46,197,41
20230114,55,14.09,14.62,15.2,13.94,14.46,356,54
20230114,56,158.47,161.82,173.43,153.83,161.89,262,43
20230114,57,52.15,51.62,53.08,49.09,51.48,246,48
20230114,58,1.96,2.12,2.2,1.91,2.05,310,45
20230114,59,26539.06,29104.98,31735.32,25547.9,28231.82,391,66
20230114,60,1998.85,1852.52,2103.57,1791.76,1936.68,246,49
20230114,61,512.91,539.52,548.58,504.98,526.5,292,39
20230114,62,34.78,34.04,35.48,33.75,34.51,241,36
20230114,63,1431.46,1631.21,1645.17,1410.01,1529.46,429,47
20230114,64,5667.77,6365.03,6445.39,5544.67,6005.72,352,57
20230114,65,6.94,6.94,7.02,6.74,6.91,293,63
20230114,66,6162.76,6221.72,6373.71,6101.16,6214.84,242,56
20230114,67,81.05,84.2,84.67,79.1,82.26,169,43
20230114,68,116.33,120.21,120.34,114.96,117.96,333,52
20230114,69,10486.5,11997.73,12011.74,10468.07,11241.01,342,41
20230114,70,2.61,2.91,3.04,2.61,2.79,438,47
20230114,71,5641.63,6000.75,6030.88,5566.58,5809.96,403,64
20230114,72,9534.61,10158.86,10472.65,9495.3,9915.35,202,41
20230114,73,23.28,25.96,26.23,22.69,24.54,377,60
20230114,74,4.1,4.28,4.35,3.92,4.16,239,42
20230114,75,5186.05,5504.73,5528.63,4992.93,5303.09,389,57
20230114,76,19.79,22.13,22.16,19.25,20.83,407,68
20230114,77,13767.81,16099.45,16614.41,13091.82,14893.37,414,70
20230114,78,7.57,7.84,7.86,7.39,7.66,295,62
20230114,79,149.52,154.74,160.38,147.95,153.15,295,47
20230114,80,110.99,111.3,112.13,108.55,110.74,158,25
20230114,81,18.23,19.03,19.42,17.7,18.59,232,33
20230114,82,126.01,128.32,132.11,122.19,127.16,258,70
20230114,83,26.04,25.2,27.25,24.54,25.76,317,71
20230114,84,8.82,9.39,9.71,8.22,9.03,312,73
20230114,85,69.86,74.11,74.12,69.13,71.81,287,38
20230114,86,23657.1,24200.97,24426.3,22205.46,23622.46,310,54
20230114,87,523.79,532.11,539.53,507.07,525.63,197,49
20230114,88,37.66,40.45,40.57,36.64,38.83,300,37
20230114,89,20.7,20.86,21.11,20.45,20.78,296,69
20230114,90,42.4,42.13,42.52,40.18,41.81,245,48
20230114,91,3372.67,3394.73,3416.59,3336.29,3380.07,146,36
20230114,92,20.65,22.14,23.2,20.02,21.5,450,60
20230114,93,73.86,78.13,79.99,73.05,76.26,421,64
20230114,94,764.23,842.41,848.92,757.61,803.29,156,29
20230114,95,345.0,400.24,406.36,339.96,372.89,293,41
20230114,96,564.37,582.63,590.29,546.39,570.92,272,57
20230114,97,29.68,31.65,31.93,29.18,30.61,251,46
20230114,98,2171.3,2447.49,2547.96,2097.97,2316.18,411,67
20230114,99,47.5,49.71,52.82,46.92,49.24,195,48
20230114,100,36.03,39.99,41.3,35.16,38.12,402,68
20230114,101,17.24,16.34,17.59,16.31,16.87,296,58
20230114,102,11.92,12.3,12.63,11.55,12.1,232,59
20230114,103,1199.55,1288.67,1324.96,1189.0,1250.55,139,32
20230114,104,537.39,558.55,566.37,528.95,547.82,200,36
20230114,105,7217.2,6859.64,7387.31,6706.23,7042.6,404,59
20230114,106,148.8,166.28,169.46,144.89,157.36,440,56
20230114,107,133.22,149.57,153.63,127.05,140.87,207,30
20230114,108,337.62,365.57,366.54,327.41,349.28,206,36
20230114,109,677.07,720.11,742.89,671.13,702.8,239,52
20230114,110,766.66,808.95,842.59,762.4,795.15,254,54
20230114,111,2.08,2.05,2.08,2.04,2.06,277,62
20230114,112,15549.25,17370.84,18073.29,15468.62,16615.5,389,54
20230114,113,6.24,6.15,6.43,5.91,6.18,306,69
20230114,114,957.49,1060.83,1106.54,942.01,1016.72,472,67
20230114,115,3329.12,3441.24,3502.16,3179.05,3362.89,291,48
20230114,116,891.05,873.3,915.57,866.52,886.61,203,38
20230114,117,5.34,5.58,5.65,5.21,5.44,280,53
20230114,118,16.66,17.67,17.98,16.15,17.12,300,50
20230114,119,64.37,69.48,72.21,64.15,67.55,256,46
20230114,120,571.47,624.88,639.76,560.61,599.18,396,54
20230114,121,2021.75,2090.39,2206.76,2019.07,2084.49,416,58
20230114,122,11730.85,12302.35,12984.23,11500.28,12129.43,329,47
20230114,123,4.36,4.61,4.68,4.06,4.43,371,66
20230114,124,23.2,23.66,23.73,22.6,23.3,241,47
20230114,125,256.88,258.48,259.74,252.95,257.02,147,31
20230114,126,78138.21,85577.72,90959.34,77503.74,83044.75,275,84
20230114,127,187.6,202.31,203.57,185.86,194.84,209,29
20230114,128,190.99,202.78,206.0,184.65,196.1,157,37
20230114,129,11084.04,11906.59,11925.33,10763.5,11419.86,173,49
20230114,130,89.93,98.92,99.01,87.59,93.86,353,42
20230114,131,225.89,269.79,297.12,223.65,254.11,325,45
20230114,132,2617.98,2811.63,2852.96,2562.08,2711.16,364,56
20230114,133,50.69,52.14,52.43,49.6,51.21,257,44
20230114,134,1527.58,1500.26,1542.4,1430.53,1500.19,309,62
20230114,135,346.12,407.99,410.24,334.99,374.83,199,32
20230114,136,251.17,265.14,265.53,245.65,256.87,249,64
20230114,137,165.23,164.18,166.09,162.02,164.38,213,37
20230114,138,2.05,2.24,2.26,2.05,2.15,406,44
20230114,139,7570.35,8619.01,8741.98,7258.42,8047.44,414,61
20230114,140,169.78,189.54,191.15,160.69,177.79,349,39
20230114,141,33.83,35.55,37.53,33.03,34.99,227,44
20230114,142,58.63,59.64,60.93,58.2,59.35,279,55
20230114,143,6719.04,7847.91,7936.19,6630.99,7283.53,411,64
20230114,144,3.63,3.69,3.87,3.4,3.65,275,82
20230114,145,1369.86,1461.74,1468.52,1353.02,1413.28,345,53
20230114,146,23615.97,23762.31,24426.45,22964.59,23692.33,305,62
20230114,147,575.81,559.9,578.15,551.54,566.35,95,21
20230114,148,93.49,104.09,104.81,87.63,97.51,437,54
20230114,149,1.9,2.16,2.23,1.89,2.04,392,56
20230114,150,4.05,4.66,4.73,4.01,4.36,424,68
20230114,151,12.86,14.06,14.71,12.71,13.58,371,54
20230114,152,19.18,19.26,19.36,17.98,18.95,296,52
20230114,153,52285.2,62073.13,63926.12,51320.5,57401.24,337,76
20230114,154,1184.63,1365.65,1417.73,1119.76,1271.94,211,36
20230114,155,56.41,61.83,65.08,55.8,59.78,304,57
20230114,156,78.54,88.59,93.57,77.33,84.51,303,48
20230114,157,1878.72,1881.54,1901.72,1730.07,1848.01,276,61
20230114,158,29.3,30.69,31.12,29.14,30.06,281,59
20230114,159,16619.96,17151.32,17316.87,16311.77,16849.98,291,66
20230114,160,55.85,58.48,60.13,55.52,57.5,444,60
20230114,161,9.26,9.95,10.65,8.83,9.67,345,40
20230114,162,104.42,101.05,108.16,97.22,102.71,264,47
20230114,163,154.01,170.53,172.09,145.24,160.47,379,55
20230114,164,50.13,49.69,51.63,49.09,50.14,246,57
20230114,165,32.23,33.39,33.88,31.88,32.85,363,41
20230114,166,25.22,26.5,27.38,24.96,26.01,265,60
20230114,167,0.95,0.96,1.03,0.93,0.97,291,62
20230114,168,27.11,31.39,31.47,27.04,29.25,433,62
20230114,169,37.06,42.8,43.07,36.57,39.88,348,41
20230114,170,2764.29,2867.26,2911.93,2726.98,2817.61,43,15
20230114,171,45.71,48.89,48.91,44.7,47.05,419,73
20230114,172,37.51,41.72,42.31,36.59,39.53,352,70
20230114,173,19.68,20.93,21.44,19.51,20.39,206,34
20230114,174,90.63,90.15,94.6,88.88,91.07,179,47
20230114,175,5079.97,5035.9,5212.39,4800.31,5032.15,275,50
20230114,176,39.44,39.59,40.07,39.17,39.57,268,48
20230114,177,49.56,53.58,54.41,49.5,51.76,317,57
20230114,178,345.67,362.5,373.62,340.62,355.6,188,47
20230114,179,5.21,5.44,5.61,4.99,5.31,325,54
20230114,180,283.31,334.56,335.85,272.84,306.64,215,30
20230114,181,39417.03,44191.0,44427.61,38925.63,41740.32,403,56
20230114,182,19.46,20.39,20.94,18.42,19.8,191,48
20230114,183,24.76,26.77,27.98,24.11,25.91,430,72
20230114,184,10.0,10.49,10.79,9.96,10.31,434,70
20230114,185,2034.32,1994.13,2051.36,1965.59,2011.35,292,72
20230114,186,56162.29,54892.67,58407.87,54241.78,55926.15,293,79
20230114,187,1191.07,1090.7,1200.78,1078.25,1140.2,293,66
20230114,188,442.74,429.73,447.07,424.93,436.12,316,72
20230114,189,4.26,4.63,4.64,4.07,4.4,304,72
20230114,190,5.05,5.17,5.18,4.99,5.1,300,53
20230114,191,19.63,19.82,20.46,19.02,19.73,184,42
20230114,192,1793.99,2018.96,2053.67,1655.45,1880.52,217,33
20230114,193,23.34,23.62,23.67,22.36,23.25,328,69
20230114,194,18.01,20.25,20.45,17.7,19.1,439,60
20230114,195,3558.74,3760.83,3766.19,3533.71,3654.87,298,70
20230114,196,63.64,65.37,65.43,63.09,64.38,149,42
20230114,197,286.25,288.38,310.17,278.0,290.7,407,44
20230114,198,347.83,346.91,363.04,346.56,351.09,295,73
20230114,199,1050.13,1150.45,1182.42,1020.24,1100.81,123,32
20230114,200,87.33,96.09,99.18,85.1,91.93,210,35
20230115,1,70.48,66.23,71.05,65.88,68.41,344,59
20230115,2,57.45,64.18,64.62,55.53,60.45,201,54
20230115,3,238.87,178.17,242.97,177.64,209.41,203,38
20230115,4,9334.37,9248.34,9585.31,8681.98,9212.5,153,30
20230115,5,66.74,62.98,67.48,62.14,64.84,270,39
20230115,6,15.41,14.64,15.84,14.46,15.09,449,61
20230115,7,451.14,444.82,467.43,436.61,450.0,355,54
20230115,8,2.16,2.25,2.4,2.11,2.23,286,60
20230115,9,11751.0,12096.7,12345.52,11303.14,11874.09,441,69
20230115,10,31.74,31.05,32.96,30.94,31.67,139,25
20230115,11,40.65,38.54,40.96,38.14,39.57,373,49
20230115,12,513.97,519.19,520.32,511.19,516.17,142,15
20230115,13,1.61,1.64,1.64,1.6,1.62,265,60
20230115,14,61.22,62.47,64.73,57.88,61.58,334,53
20230115,15,8470.01,8447.93,8731.85,8346.94,8499.18,276,66
20230115,16,1.72,1.69,1.79,1.62,1.7,320,56
20230115,17,4174.34,4151.84,4268.33,3978.03,4143.14,310,73
20230115,18,174.44,175.82,183.37,170.41,176.01,243,74
20230115,19,3918.44,4097.87,4100.06,3701.68,3954.51,317,60
20230115,20,376.66,405.9,427.87,373.95,396.09,133,32
20230115,21,20.53,20.62,22.08,19.86,20.77,301,58
20230115,22,2062.67,2044.12,2162.84,1868.51,2034.53,307,61
20230115,23,724.82,731.28,746.74,702.99,726.46,180,44
20230115,24,76.67,74.23,77.87,70.9,74.92,302,54
20230115,25,88.22,89.3,95.34,80.89,88.44,169,31
20230115,26,55.29,55.74,55.85,53.57,55.12,349,41
20230115,27,36.96,36.06,38.15,35.92,36.77,395,60
20230115,28,15660.75,16034.74,16178.91,15149.94,15756.09,349,48
20230115,29,55.51,56.4,58.43,53.73,56.02,241,67
20230115,30,1208.74,1167.24,1276.18,1126.21,1194.59,191,46
20230115,31,205.04,208.08,211.91,204.64,207.42,204,38
20230115,32,232.35,188.87,248.5,186.12,213.96,269,34
20230115,33,47.59,49.48,49.86,47.34,48.57,258,47
20230115,34,16.86,17.56,18.12,16.15,17.17,269,68
20230115,35,65.82,65.4,68.62,65.3,66.28,349,43
20230115,36,100.38,97.49,101.36,94.25,98.37,210,40
20230115,37,12.87,12.88,13.18,12.71,12.91,346,34
20230115,38,169.72,138.47,175.28,136.77,155.06,250,43
20230115,39,114.15,94.24,114.37,93.7,104.12,308,58
20230115,40,31.96,26.13,32.81,25.33,29.06,213,41
20230115,41,10506.13,10263.06,10766.61,9558.26,10273.52,44,17
20230115,42,6096.2,6244.76,6319.42,6030.9,6172.82,420,72
20230115,43,4343.15,3381.2,4432.19,3301.64,3864.55,285,55
20230115,44,54.61,50.12,56.04,47.94,52.18,247,58
20230115,45,78.03,78.49,79.03,74.55,77.53,392,58
20230115,46,474.45,449.73,488.73,436.26,462.29,259,44
20230115,47,94.93,95.66,97.35,91.59,94.88,286,51
20230115,48,295.32,311.49,317.34,283.27,301.85,291,66
20230115,49,91.12,72.35,96.51,70.84,82.71,252,57
20230115,50,1024.42,944.0,1047.36,938.3,988.52,270,52
20230115,51,601.13,570.78,642.89,565.08,594.97,378,45
20230115,52,69.45,69.72,71.0,65.89,69.01,258,54
20230115,53,2385.95,1757.17,2429.71,1748.88,2080.43,232,47
20230115,54,14.95,11.19,15.32,11.14,13.15,199,37
20230115,55,14.62,15.04,15.54,14.3,14.88,355,51
20230115,56,161.82,161.18,163.1,158.42,161.13,255,50
20230115,57,51.62,49.66,51.72,47.79,50.2,265,50
20230115,58,2.12,2.05,2.25,2.05,2.12,298,63
20230115,59,29104.98,27217.52,29994.66,25821.49,28034.66,411,56
20230115,60,1852.52,1918.55,1924.82,1811.02,1876.73,237,53
20230115,61,539.52,524.67,540.58,520.3,531.27,307,47
20230115,62,34.04,33.29,34.81,32.11,33.56,249,48
20230115,63,1631.21,1634.47,1699.14,1566.61,1632.86,425,55
20230115,64,6365.03,6217.2,6731.91,5918.61,6308.19,361,55
20230115,65,6.94,6.68,7.09,6.5,6.8,288,51
20230115,66,6221.72,5720.27,6235.16,5671.35,5962.13,257,52
20230115,67,84.2,84.01,87.51,82.95,84.67,217,35
20230115,68,120.21,119.13,127.77,118.34,121.36,394,44
20230115,69,11997.73,11768.63,12319.46,11293.7,11844.88,352,43
20230115,70,2.91,2.78,2.96,2.74,2.85,458,46
20230115,71,6000.75,5902.94,6072.81,5794.46,5942.74,423,56
20230115,72,10158.86,10473.97,10556.85,9931.41,10280.27,198,49
20230115,73,25.96,26.01,26.04,25.68,25.92,357,51
20230115,74,4.28,4.54,4.62,4.08,4.38,231,49
20230115,75,5504.73,5733.85,5747.01,5332.16,5579.44,406,48
20230115,76,22.13,21.77,22.51,21.27,21.92,422,61
20230115,77,16099.45,16523.71,16660.4,15483.25,16191.7,437,75
20230115,78,7.84,6.31,7.92,6.2,7.07,302,58
20230115,79,154.74,152.65,157.56,150.59,153.88,307,58
20230115,80,111.3,115.16,117.49,109.16,113.28,147,39
20230115,81,19.03,14.73,19.68,14.63,17.02,242,47
20230115,82,128.32,127.25,128.44,124.51,127.13,299,59
20230115,83,25.2,21.46,25.59,20.95,23.3,267,56
20230115,84,9.39,9.45,9.46,9.37,9.42,291,59
20230115,85,74.11,74.54,77.74,69.01,73.85,273,50
20230115,86,24200.97,22291.67,24461.59,21653.4,23151.91,319,71
20230115,87,532.11,372.41,566.66,363.41,458.65,173,48
20230115,88,40.45,43.29,43.57,40.08,41.85,287,44
20230115,89,20.86,20.68,20.97,20.61,20.78,317,63
20230115,90,42.13,41.12,42.15,38.35,40.94,226,58
20230115,91,3394.73,3330.52,3409.25,3124.91,3314.85,182,27
20230115,92,22.14,20.99,22.36,20.7,21.55,423,60
20230115,93,78.13,76.3,80.46,73.22,77.03,406,63
20230115,94,842.41,803.33,848.3,772.81,816.71,163,31
20230115,95,400.24,381.56,408.94,378.45,392.3,293,45
20230115,96,582.63,424.48,600.62,417.61,506.34,243,51
20230115,97,31.65,28.95,33.48,27.99,30.52,259,42
20230115,98,2447.49,2472.41,2484.05,2409.04,2453.25,411,62
20230115,99,49.71,47.36,51.97,46.72,48.94,190,36
20230115,100,39.99,41.1,41.63,39.89,40.65,383,53
20230115,101,16.34,16.92,17.12,16.1,16.62,299,42
20230115,102,12.3,12.25,12.97,12.12,12.41,253,63
20230115,103,1288.67,1263.65,1325.1,1257.52,1283.74,153,32
20230115,104,558.55,558.81,601.0,554.82,568.29,189,43
20230115,105,6859.64,6781.04,6866.11,6723.82,6807.65,368,47
20230115,106,166.28,170.3,173.83,158.06,167.11,455,51
20230115,107,149.57,156.84,163.32,148.82,154.64,187,34
20230115,108,365.57,382.94,401.44,361.6,377.89,232,27
20230115,109,720.11,651.84,731.26,632.01,683.8,249,53
20230115,110,808.95,788.44,835.25,779.62,803.06,249,58
20230115,111,2.05,2.03,2.12,1.96,2.04,285,52
20230115,112,17370.84,17201.76,18038.27,16784.47,17348.83,428,69
20230115,113,6.15,5.77,6.63,5.76,6.08,280,79
20230115,114,1060.83,987.74,1077.02,961.16,1021.69,409,62
20230115,115,3441.24,3677.15,3718.23,3300.88,3534.38,285,72
20230115,116,873.3,848.66,882.36,824.68,857.25,169,32
20230115,117,5.58,5.19,5.91,5.19,5.47,294,61
20230115,118,17.67,16.6,17.72,16.59,17.14,278,67
20230115,119,69.48,69.93,74.11,68.12,70.41,246,53
20230115,120,624.88,592.94,634.64,577.33,607.45,432,64
20230115,121,2090.39,2124.73,2218.32,2066.27,2124.93,411,54
20230115,122,12302.35,11867.62,12464.31,10923.69,11889.49,325,56
20230115,123,4.61,4.22,4.72,4.21,4.44,424,60
20230115,124,23.66,24.93,26.26,23.12,24.49,267,60
20230115,125,258.48,263.64,270.48,256.92,262.38,137,39
20230115,126,85577.72,82996.92,87127.75,81549.02,84312.85,302,59
20230115,127,202.31,195.0,204.93,193.46,198.92,226,26
20230115,128,202.78,216.7,223.06,202.38,211.23,141,41
20230115,129,11906.59,12131.99,12550.21,11890.75,12119.88,203,35
20230115,130,98.92,102.41,103.24,98.37,100.74,362,53
20230115,131,269.79,258.55,274.75,254.06,264.29,338,44
20230115,132,2811.63,2835.36,2998.17,2719.48,2841.16,351,49
20230115,133,52.14,54.81,58.94,49.91,53.95,239,56
20230115,134,1500.26,1466.67,1589.35,1443.3,1499.89,281,62
20230115,135,407.99,402.63,425.65,388.51,406.2,212,39
20230115,136,265.14,256.6,270.74,246.24,259.68,223,58
20230115,137,164.18,166.5,169.01,162.18,165.47,206,44
20230115,138,2.24,2.14,2.27,2.11,2.19,429,63
20230115,139,8619.01,8619.75,8850.9,8513.21,8650.72,430,56
20230115,140,189.54,190.33,195.98,186.73,190.64,364,52
20230115,141,35.55,34.35,37.11,33.76,35.19,219,36
20230115,142,59.64,60.5,60.6,56.08,59.2,285,51
20230115,143,7847.91,7799.51,8111.57,7683.15,7860.53,420,62
20230115,144,3.69,3.52,3.79,3.35,3.59,301,64
20230115,145,1461.74,1482.25,1507.77,1450.13,1475.47,365,47
20230115,146,23762.31,24050.31,25478.43,23459.67,24187.68,293,56
20230115,147,559.9,549.3,578.96,534.39,555.64,98,10
20230115,148,104.09,100.67,105.71,98.13,102.15,373,55
20230115,149,2.16,2.14,2.18,2.12,2.15,438,48
20230115,150,4.66,4.53,4.68,4.46,4.58,364,71
20230115,151,14.06,14.44,14.98,13.67,14.29,338,46
20230115,152,19.26,15.75,19.4,15.58,17.5,312,60
20230115,153,62073.13,61681.58,62940.26,59284.58,61494.89,366,52
20230115,154,1365.65,1310.57,1416.66,1294.82,1346.93,210,23
20230115,155,61.83,63.39,65.25,58.63,62.27,265,66
20230115,156,88.59,84.68,89.16,84.24,86.67,341,45
20230115,157,1881.54,1806.56,1898.02,1770.97,1839.27,286,67
20230115,158,30.69,25.6,31.13,25.46,28.22,318,67
20230115,159,17151.32,17005.35,17749.3,16575.72,17120.42,319,44
20230115,160,58.48,52.69,62.34,52.6,56.53,419,68
20230115,161,9.95,10.01,10.18,9.59,9.93,361,53
20230115,162,101.05,102.0,102.9,100.97,101.73,255,57
20230115,163,170.53,168.24,178.29,159.92,169.25,350,50
20230115,164,49.69,49.29,50.79,48.73,49.62,233,49
20230115,165,33.39,31.01,34.6,30.99,32.5,335,48
20230115,166,26.5,23.06,27.84,22.92,25.08,284,49
20230115,167,0.96,0.73,1.02,0.71,0.86,290,73
20230115,168,31.39,31.43,31.97,30.9,31.42,387,58
20230115,169,42.8,37.23,42.95,36.91,39.98,359,60
20230115,170,2867.26,2744.37,2883.38,2659.62,2788.66,46,16
20230115,171,48.89,45.14,48.96,44.87,46.97,425,72
20230115,172,41.72,40.73,42.23,40.53,41.3,362,62
20230115,173,20.93,18.62,20.99,18.47,19.75,185,31
20230115,174,90.15,71.98,92.8,70.37,81.33,204,38
20230115,175,5035.9,5042.4,5181.31,4879.28,5034.73,233,43
20230115,176,39.59,41.19,43.07,39.44,40.82,244,60
20230115,177,53.58,53.06,54.26,52.11,53.25,355,53
20230115,178,362.5,354.79,370.61,349.02,359.23,208,44
20230115,179,5.44,5.6,5.66,5.22,5.48,282,73
20230115,180,334.56,335.59,339.89,317.54,331.9,226,33
20230115,181,44191.0,44109.9,46493.35,43904.38,44674.66,412,69
20230115,182,20.39,20.24,20.69,19.21,20.13,199,42
20230115,183,26.77,26.23,28.52,25.75,26.82,423,59
20230115,184,10.49,10.81,11.03,10.35,10.67,460,75
20230115,185,1994.13,1935.85,2031.97,1795.0,1939.24,280,63
20230115,186,54892.67,57150.04,57660.03,54277.97,55995.17,315,61
20230115,187,1090.7,1053.88,1116.47,1019.47,1070.13,292,70
20230115,188,429.73,370.11,436.83,365.74,400.6,285,63
20230115,189,4.63,4.64,4.82,4.61,4.68,291,63
20230115,190,5.17,4.91,5.5,4.66,5.06,295,67
20230115,191,19.82,20.27,20.83,17.95,19.72,216,40
20230115,192,2018.96,1959.83,2080.7,1924.25,1995.93,207,26
20230115,193,23.62,23.64,23.92,23.19,23.59,354,63
20230115,194,20.25,19.82,21.3,18.93,20.07,390,66
20230115,195,3760.83,3663.97,3850.09,3631.74,3726.66,296,69
20230115,196,65.37,68.56,74.79,62.96,67.92,151,27
20230115,197,288.38,290.95,293.78,287.49,290.15,435,58
20230115,198,346.91,327.41,358.11,309.36,335.45,272,56
20230115,199,1150.45,1089.44,1155.07,1078.63,1118.4,128,27
20230115,200,96.09,95.88,103.5,91.06,96.63,207,27
20230116,1,66.23,61.97,69.39,59.35,64.23,247,40
20230116,2,64.18,61.36,65.66,59.84,62.76,161,47
20230116,3,178.17,196.82,202.78,168.26,186.51,137,41
20230116,4,9248.34,9558.9,9929.69,9200.0,9484.23,117,31
20230116,5,62.98,56.22,64.88,54.71,59.7,207,44
20230116,6,14.64,13.05,15.08,12.9,13.92,289,53
20230116,7,444.82,407.05,481.33,401.32,433.63,229,49
20230116,8,2.25,2.23,2.3,2.05,2.21,208,56
20230116,9,12096.7,11549.57,12526.38,11078.19,11812.71,321,38
20230116,10,31.05,32.11,33.13,29.13,31.35,104,22
20230116,11,38.54,35.38,39.18,35.03,37.03,231,32
20230116,12,519.19,489.06,523.71,467.59,499.89,102,17
20230116,13,1.64,1.68,1.72,1.59,1.66,187,69
20230116,14,62.47,57.92,64.89,57.83,60.78,247,42
20230116,15,8447.93,8444.93,8722.94,8402.15,8504.49,213,60
20230116,16,1.69,1.7,1.73,1.66,1.69,194,55
20230116,17,4151.84,4182.21,4324.2,4125.66,4195.98,195,67
20230116,18,175.82,170.88,178.41,165.17,172.57,194,54
20230116,19,4097.87,3925.0,4186.51,3782.58,3997.99,200,55
20230116,20,405.9,392.08,407.97,386.59,398.13,98,30
20230116,21,20.62,19.87,21.17,19.76,20.36,214,59
20230116,22,2044.12,1889.25,2053.71,1881.7,1967.19,197,50
20230116,23,731.28,746.76,767.3,724.65,742.5,143,46
20230116,24,74.23,75.02,76.93,70.4,74.15,190,52
20230116,25,89.3,77.41,90.77,75.11,83.15,153,30
20230116,26,55.74,50.61,56.77,50.34,53.37,254,53
20230116,27,36.06,32.88,36.37,32.53,34.46,283,53
20230116,28,16034.74,14782.74,16826.74,14495.55,15534.95,248,55
20230116,29,56.4,53.81,58.38,52.91,55.37,183,54
20230116,30,1167.24,1103.31,1182.94,1084.78,1134.56,144,31
20230116,31,208.08,211.34,224.42,202.11,211.49,130,40
20230116,32,188.87,172.46,189.62,168.56,179.88,175,46
20230116,33,49.48,48.52,49.68,48.24,48.98,182,59
20230116,34,17.56,17.24,17.79,16.91,17.37,223,56
20230116,35,65.4,59.9,65.88,57.85,62.26,272,55
20230116,36,97.49,90.38,107.65,88.55,96.02,151,31
20230116,37,12.88,12.68,13.01,12.53,12.77,242,53
20230116,38,138.47,126.51,143.77,120.11,132.22,201,48
20230116,39,94.24,95.43,95.69,93.64,94.75,210,68
20230116,40,26.13,22.56,27.05,22.0,24.43,135,48
20230116,41,10263.06,10593.32,11207.27,9598.88,10415.63,26,7
20230116,42,6244.76,5259.51,6609.12,5200.83,5828.56,308,53
20230116,43,3381.2,3763.82,3802.33,3300.65,3562.0,217,71
20230116,44,50.12,49.33,50.53,48.73,49.68,199,66
20230116,45,78.49,74.97,80.62,73.94,77.01,306,65
20230116,46,449.73,469.34,471.37,432.58,455.76,199,55
20230116,47,95.66,93.21,98.96,88.53,94.09,202,48
20230116,48,311.49,308.14,334.14,302.65,314.11,213,62
20230116,49,72.35,68.17,76.31,68.14,71.24,154,54
20230116,50,944.0,967.7,974.17,928.23,953.52,180,39
20230116,51,570.78,515.14,581.28,509.95,544.29,230,46
20230116,52,69.72,65.88,70.84,65.39,67.96,178,39
20230116,53,1757.17,1804.52,1883.8,1752.52,1799.5,166,48
20230116,54,11.19,10.62,11.35,10.48,10.91,156,31
20230116,55,15.04,13.68,15.34,13.66,14.43,236,50
20230116,56,161.18,162.34,163.97,157.42,161.23,168,57
20230116,57,49.66,47.92,51.53,44.79,48.47,163,56
20230116,58,2.05,1.98,2.11,1.92,2.02,225,52
20230116,59,27217.52,26660.43,28118.15,26269.67,27066.44,305,56
20230116,60,1918.55,1903.58,1957.65,1878.24,1914.5,172,64
20230116,61,524.67,477.93,525.26,466.15,498.5,184,41
20230116,62,33.29,33.05,33.39,32.76,33.12,170,42
20230116,63,1634.47,1524.44,1656.3,1518.99,1583.55,301,60
20230116,64,6217.2,5462.65,6584.88,5375.3,5910.01,270,52
20230116,65,6.68,6.74,6.8,6.62,6.71,208,56
20230116,66,5720.27,5889.47,5947.78,5431.36,5747.22,166,52
20230116,67,84.01,76.71,84.45,76.53,80.42,127,32
20230116,68,119.13,116.94,122.5,116.02,118.65,258,36
20230116,69,11768.63,11559.54,12376.65,11525.12,11807.49,226,66
20230116,70,2.78,2.47,2.79,2.47,2.63,295,57
20230116,71,5902.94,5163.61,5996.31,5078.86,5535.43,312,65
20230116,72,10473.97,10585.59,10586.37,10241.07,10471.75,136,35
20230116,73,26.01,22.51,26.06,21.97,24.14,242,48
20230116,74,4.54,4.69,4.82,4.38,4.61,167,54
20230116,75,5733.85,5188.66,5777.27,4835.96,5383.93,303,58
20230116,76,21.77,21.25,21.88,20.96,21.46,279,79
20230116,77,16523.71,14665.31,16759.12,14613.96,15640.53,278,62
20230116,78,6.31,6.22,6.37,6.05,6.24,200,65
20230116,79,152.65,157.52,159.38,148.49,154.51,204,58
20230116,80,115.16,111.19,119.72,109.05,113.78,103,26
20230116,81,14.73,14.69,14.98,14.23,14.66,155,52
20230116,82,127.25,131.32,133.21,123.34,128.78,217,56
20230116,83,21.46,20.56,22.58,19.53,21.03,213,60
20230116,84,9.45,8.82,9.75,8.66,9.17,203,68
20230116,85,74.54,64.57,75.2,63.62,69.48,207,48
20230116,86,22291.67,22718.86,22772.85,22147.78,22482.79,226,54
20230116,87,372.41,390.96,405.89,359.95,382.3,122,36
20230116,88,43.29,41.14,46.0,40.48,42.73,205,36
20230116,89,20.68,20.01,22.22,19.61,20.63,202,58
20230116,90,41.12,38.59,42.96,37.94,40.15,161,51
20230116,91,3330.52,2931.24,3373.0,2918.11,3138.22,101,36
20230116,92,20.99,21.37,22.59,20.35,21.32,298,59
20230116,93,76.3,71.5,80.96,70.26,74.76,283,58
20230116,94,803.33,807.81,820.26,788.81,805.05,105,25
20230116,95,381.56,360.27,408.56,328.39,369.69,219,54
20230116,96,424.48,390.53,429.86,386.65,407.88,175,44
20230116,97,28.95,27.55,29.41,27.52,28.36,142,53
20230116,98,2472.41,2389.64,2599.48,2386.25,2461.95,276,55
20230116,99,47.36,48.46,49.05,47.1,47.99,149,32
20230116,100,41.1,36.66,44.36,36.07,39.55,319,58
20230116,101,16.92,15.78,17.66,15.38,16.44,186,68
20230116,102,12.25,11.89,12.43,11.52,12.02,152,43
20230116,103,1263.65,1236.85,1348.29,1220.71,1267.38,91,30
20230116,104,558.81,600.68,606.86,540.57,576.73,133,38
20230116,105,6781.04,6218.75,6872.3,5985.31,6464.35,324,53
20230116,106,170.3,148.39,171.96,148.12,159.69,309,77
20230116,107,156.84,142.5,160.74,139.13,149.8,138,16
20230116,108,382.94,354.04,389.95,352.03,369.74,154,32
20230116,109,651.84,615.96,658.2,602.73,632.18,173,57
20230116,110,788.44,798.18,806.67,762.93,789.06,192,53
20230116,111,2.03,2.11,2.16,2.01,2.08,200,65
20230116,112,17201.76,15734.29,18310.15,15500.32,16686.63,305,55
20230116,113,5.77,5.7,5.82,5.48,5.69,239,57
20230116,114,987.74,892.9,1002.2,885.73,942.14,314,64
20230116,115,3677.15,3404.7,3695.81,3377.38,3538.76,199,63
20230116,116,848.66,841.3,858.97,828.3,844.31,132,43
20230116,117,5.19,5.31,5.53,5.14,5.29,207,59
20230116,118,16.6,15.77,17.27,15.67,16.33,204,77
20230116,119,69.93,74.33,75.15,69.14,72.14,175,54
20230116,120,592.94,557.71,594.42,554.68,574.94,310,68
20230116,121,2124.73,1808.56,2173.93,1797.87,1976.27,316,64
20230116,122,11867.62,10112.29,12324.27,9513.84,10954.5,252,44
20230116,123,4.22,3.71,4.32,3.7,3.99,295,65
20230116,124,24.93,26.06,26.88,23.61,25.37,157,55
20230116,125,263.64,272.49,274.73,260.42,267.82,100,25
20230116,126,82996.92,86753.24,89677.46,82155.06,85395.67,210,53
20230116,127,195.0,178.51,206.38,176.75,189.16,154,31
20230116,128,216.7,212.0,222.03,207.53,214.56,95,40
20230116,129,12131.99,11316.33,12283.82,11198.31,11732.61,149,48
20230116,130,102.41,95.05,107.18,88.9,98.39,284,64
20230116,131,258.55,234.41,264.05,225.98,245.75,274,61
20230116,132,2835.36,2592.28,2845.93,2572.86,2711.61,276,59
20230116,133,54.81,60.34,60.62,53.87,57.41,193,55
20230116,134,1466.67,1459.38,1495.21,1438.81,1465.02,223,52
20230116,135,402.63,389.37,411.41,365.02,392.11,142,29
20230116,136,256.6,237.82,259.18,236.27,247.47,172,47
20230116,137,166.5,184.8,191.44,163.25,176.5,150,40
20230116,138,2.14,1.96,2.19,1.92,2.05,298,60
20230116,139,8619.75,8070.0,8672.14,7850.91,8303.2,296,63
20230116,140,190.33,180.75,192.17,179.99,185.81,285,42
20230116,141,34.35,32.85,35.91,31.67,33.69,166,43
20230116,142,60.5,61.99,62.23,58.52,60.81,208,57
20230116,143,7799.51,7506.77,8101.55,7320.1,7681.98,268,53
20230116,144,3.52,3.37,3.59,3.16,3.41,205,63
20230116,145,1482.25,1321.36,1517.32,1284.72,1401.41,262,51
20230116,146,24050.31,23707.01,24103.59,22884.38,23686.32,213,63
20230116,147,549.3,547.57,576.81,546.14,554.95,74,26
20230116,148,100.67,97.67,100.88,96.65,98.97,339,59
20230116,149,2.14,2.02,2.2,1.95,2.08,301,52
20230116,150,4.53,4.15,4.64,4.03,4.34,305,63
20230116,151,14.44,13.41,14.45,13.24,13.88,224,47
20230116,152,15.75,13.95,16.37,13.7,14.94,198,52
20230116,153,61681.58,55229.19,61876.11,54667.09,58363.5,273,63
20230116,154,1310.57,1223.04,1331.52,1213.21,1269.58,156,30
20230116,155,63.39,65.44,66.56,63.08,64.62,215,64
20230116,156,84.68,77.86,85.07,77.82,81.36,257,58
20230116,157,1806.56,1887.26,1969.33,1777.69,1860.21,189,63
20230116,158,25.6,26.48,27.18,25.07,26.08,227,64
20230116,159,17005.35,16241.28,17521.66,15559.68,16581.99,204,63
20230116,160,52.69,48.57,53.1,48.51,50.72,289,73
20230116,161,10.01,9.46,10.24,9.34,9.76,255,47
20230116,162,102.0,99.89,104.15,99.31,101.34,187,50
20230116,163,168.24,165.37,168.93,163.31,166.46,254,53
20230116,164,49.29,46.14,49.94,44.38,47.44,191,50
20230116,165,31.01,29.14,31.02,29.08,30.06,275,50
20230116,166,23.06,24.67,25.49,22.38,23.9,186,58
20230116,167,0.73,0.72,0.75,0.7,0.73,217,63
20230116,168,31.43,28.2,33.36,27.96,30.24,302,70
20230116,169,37.23,34.1,38.01,33.47,35.7,227,52
20230116,170,2744.37,2817.44,2995.49,2711.96,2817.32,30,9
20230116,171,45.14,40.85,45.6,39.39,42.74,295,52
20230116,172,40.73,35.73,41.6,33.9,37.99,276,57
20230116,173,18.62,19.86,20.01,18.27,19.19,138,41
20230116,174,71.98,72.03,72.22,70.77,71.75,139,44
20230116,175,5042.4,5274.65,5361.66,4919.91,5149.66,176,45
20230116,176,41.19,42.24,42.37,40.86,41.66,179,55
20230116,177,53.06,52.91,53.42,51.89,52.82,246,45
20230116,178,354.79,365.57,378.16,336.13,358.66,132,38
20230116,179,5.6,5.36,5.98,5.22,5.54,214,51
20230116,180,335.59,312.55,348.94,306.46,325.89,135,36
20230116,181,44109.9,39503.91,45201.75,39456.71,42068.07,328,61
20230116,182,20.24,19.76,21.27,19.74,20.25,143,45
20230116,183,26.23,22.71,26.61,22.56,24.53,316,59
20230116,184,10.81,9.8,11.0,9.5,10.28,329,47
20230116,185,1935.85,1945.58,2002.47,1860.0,1935.98,199,50
20230116,186,57150.04,55835.45,57301.38,55666.92,56488.45,220,71
20230116,187,1053.88,1015.38,1060.61,1004.36,1033.56,209,54
20230116,188,370.11,336.59,374.33,331.55,353.15,234,64
20230116,189,4.64,4.93,5.08,4.58,4.81,193,63
20230116,190,4.91,4.92,5.05,4.74,4.91,209,58
20230116,191,20.27,19.45,21.0,19.35,20.02,139,30
20230116,192,1959.83,1840.89,2031.1,1820.98,1913.2,140,20
20230116,193,23.64,23.8,24.95,23.02,23.85,236,58
20230116,194,19.82,18.75,20.21,18.35,19.28,359,56
20230116,195,3663.97,3206.62,3746.69,3106.18,3430.87,192,64
20230116,196,68.56,76.33,77.41,67.9,72.55,106,39
20230116,197,290.95,247.03,295.86,244.65,269.62,299,64
20230116,198,327.41,323.68,328.11,321.36,325.14,197,58
20230116,199,1089.44,1030.02,1100.76,1003.3,1055.88,118,25
20230116,200,95.88,85.25,99.26,84.15,91.13,153,25
20230117,1,61.97,63.38,64.57,60.98,62.73,254,58
20230117,2,61.36,55.99,61.48,52.13,57.74,143,43
20230117,3,196.82,198.14,208.21,194.7,199.47,143,55
20230117,4,9558.9,10090.33,10495.08,9215.6,9839.98,102,25
20230117,5,56.22,54.41,56.99,53.93,55.39,206,52
20230117,6,13.05,12.43,13.45,12.19,12.78,271,66
20230117,7,407.05,412.49,419.02,398.86,409.35,269,49
20230117,8,2.23,2.24,2.3,2.16,2.23,212,48
20230117,9,11549.57,11137.18,12007.93,10676.35,11342.76,300,75
20230117,10,32.11,30.65,32.42,30.46,31.41,106,35
20230117,11,35.38,36.17,36.48,33.67,35.42,249,55
20230117,12,489.06,499.68,533.75,481.27,500.94,96,19
20230117,13,1.68,1.61,1.72,1.56,1.64,207,67
20230117,14,57.92,56.6,57.96,56.13,57.15,252,50
20230117,15,8444.93,8458.06,8530.61,8346.82,8445.11,210,68
20230117,16,1.7,1.63,1.7,1.6,1.65,215,74
20230117,17,4182.21,4213.1,4301.45,3989.78,4171.63,212,71
20230117,18,170.88,189.68,194.55,162.33,179.36,153,44
20230117,19,3925.0,3943.07,4104.56,3861.73,3958.59,226,68
20230117,20,392.08,371.66,407.67,359.94,382.84,111,23
20230117,21,19.87,20.45,20.57,19.71,20.15,224,69
20230117,22,1889.25,1901.82,1948.84,1861.12,1900.26,211,56
20230117,23,746.76,745.2,747.72,724.34,741.01,143,36
20230117,24,75.02,77.16,79.45,74.82,76.61,206,63
20230117,25,77.41,79.79,83.89,75.38,79.12,167,24
20230117,26,50.61,50.87,51.13,49.18,50.45,210,51
20230117,27,32.88,33.04,34.47,32.46,33.21,318,50
20230117,28,14782.74,15939.93,16073.53,14682.08,15369.57,228,64
20230117,29,53.81,58.93,61.48,53.55,56.94,155,58
20230117,30,1103.31,1202.45,1208.28,1087.11,1150.29,145,35
20230117,31,211.34,213.69,216.43,207.04,212.13,138,42
20230117,32,172.46,166.07,176.33,163.77,169.66,173,44
20230117,33,48.52,51.11,52.99,47.65,50.07,198,46
20230117,34,17.24,17.55,17.56,16.75,17.27,213,74
20230117,35,59.9,59.11,61.51,58.13,59.66,258,54
20230117,36,90.38,89.71,94.13,86.42,90.16,157,32
20230117,37,12.68,12.21,13.03,11.72,12.41,267,56
20230117,38,126.51,137.88,143.81,122.31,132.63,193,47
20230117,39,95.43,96.79,96.89,95.35,96.12,217,66
20230117,40,22.56,23.16,23.84,21.76,22.83,157,43
20230117,41,10593.32,10451.7,10688.17,9997.88,10432.77,31,8
20230117,42,5259.51,5157.81,5270.89,5041.68,5182.47,320,63
20230117,43,3763.82,3359.74,3922.69,3166.93,3553.29,201,61
20230117,44,49.33,46.57,50.96,46.29,48.29,165,53
20230117,45,74.97,71.83,78.65,69.44,73.72,289,53
20230117,46,469.34,454.65,473.27,446.86,461.03,147,51
20230117,47,93.21,95.65,99.9,88.86,94.4,212,53
20230117,48,308.14,326.43,330.51,305.29,317.59,229,57
20230117,49,68.17,67.95,69.81,67.7,68.41,170,47
20230117,50,967.7,1026.84,1078.7,892.66,991.47,162,40
20230117,51,515.14,502.56,530.1,502.55,512.59,265,44
20230117,52,65.88,65.43,66.69,63.43,65.36,194,52
20230117,53,1804.52,1815.56,1837.76,1752.3,1802.53,168,47
20230117,54,10.62,11.46,11.73,10.38,11.05,131,39
20230117,55,13.68,13.97,14.44,13.62,13.93,260,50
20230117,56,162.34,165.92,166.8,158.06,163.28,161,60
20230117,57,47.92,44.86,48.16,43.6,46.14,173,37
20230117,58,1.98,1.92,2.02,1.83,1.94,201,53
20230117,59,26660.43,27804.35,28144.23,25759.2,27092.05,321,64
20230117,60,1903.58,1746.95,1935.0,1728.43,1828.49,164,49
20230117,61,477.93,518.65,540.69,452.81,497.52,182,40
20230117,62,33.05,34.31,34.4,32.67,33.61,157,60
20230117,63,1524.44,1477.04,1568.14,1441.85,1502.87,322,77
20230117,64,5462.65,5313.69,5476.54,5269.25,5380.53,247,56
20230117,65,6.74,7.29,7.52,6.61,7.04,212,58
20230117,66,5889.47,6446.42,6705.68,5782.09,6205.91,176,57
20230117,67,76.71,76.89,78.98,72.04,76.16,139,53
20230117,68,116.94,116.47,118.83,112.77,116.25,253,58
20230117,69,11559.54,11321.31,11571.83,11019.2,11367.97,248,51
20230117,70,2.47,2.53,2.56,2.43,2.5,288,42
20230117,71,5163.61,5041.96,5236.38,4934.87,5094.21,291,68
20230117,72,10585.59,10695.55,10856.98,10468.72,10651.71,166,39
20230117,73,22.51,24.76,25.18,21.36,23.45,268,55
20230117,74,4.69,4.63,5.05,4.46,4.71,165,59
20230117,75,5188.66,5050.78,5230.86,4911.48,5095.44,307,75
20230117,76,21.25,20.0,21.93,19.51,20.67,291,53
20230117,77,14665.31,14906.84,15295.64,14626.69,14873.62,294,58
20230117,78,6.22,6.03,6.54,5.94,6.18,237,66
20230117,79,157.52,157.66,159.45,150.23,156.21,219,61
20230117,80,111.19,103.77,111.37,102.32,107.16,112,41
20230117,81,14.69,15.15,15.99,14.32,15.04,173,43
20230117,82,131.32,125.56,135.72,120.83,128.35,225,61
20230117,83,20.56,20.71,21.54,20.14,20.74,234,65
20230117,84,8.82,8.8,9.14,8.79,8.89,198,66
20230117,85,64.57,73.29,75.88,63.65,69.35,189,46
20230117,86,22718.86,23014.61,23937.93,20940.67,22653.02,205,47
20230117,87,390.96,449.46,457.99,388.91,421.83,138,37
20230117,88,41.14,41.55,41.91,38.46,40.77,181,45
20230117,89,20.01,21.0,21.84,19.82,20.67,237,51
20230117,90,38.59,39.24,39.53,35.16,38.13,191,43
20230117,91,2931.24,2964.29,3047.12,2917.77,2965.11,115,27
20230117,92,21.37,21.93,22.75,21.22,21.82,295,65
20230117,93,71.5,74.07,74.72,71.27,72.89,305,64
20230117,94,807.81,838.3,839.03,806.35,822.87,109,42
20230117,95,360.27,365.66,377.84,356.27,365.01,211,37
20230117,96,390.53,395.28,398.83,372.84,389.37,176,45
20230117,97,27.55,29.15,30.83,26.86,28.6,172,52
20230117,98,2389.64,2447.11,2502.6,2389.02,2432.09,301,57
20230117,99,48.46,47.57,49.97,46.7,48.18,148,33
20230117,100,36.66,36.14,38.45,34.75,36.5,298,66
20230117,101,15.78,15.27,15.97,14.28,15.33,184,59
20230117,102,11.89,12.43,12.74,11.39,12.11,191,55
20230117,103,1236.85,1199.88,1255.05,1198.42,1222.55,92,33
20230117,104,600.68,615.93,623.69,580.51,605.2,151,44
20230117,105,6218.75,6496.03,6885.34,6129.07,6432.3,318,72
20230117,106,148.39,144.87,153.32,141.96,147.13,286,58
20230117,107,142.5,149.05,159.13,134.04,146.18,150,30
20230117,108,354.04,332.92,364.83,332.82,346.15,164,26
20230117,109,615.96,678.53,680.56,611.75,646.7,171,56
20230117,110,798.18,814.61,835.03,786.88,808.68,196,40
20230117,111,2.11,1.94,2.12,1.93,2.03,207,59
20230117,112,15734.29,16434.7,16949.31,15613.81,16183.03,284,58
20230117,113,5.7,6.27,6.27,5.67,5.98,206,62
20230117,114,892.9,898.01,905.58,886.01,895.62,280,62
20230117,115,3404.7,3333.12,3446.04,3232.68,3354.13,196,60
20230117,116,841.3,790.5,888.71,775.95,824.12,130,50
20230117,117,5.31,6.02,6.13,5.14,5.65,197,74
20230117,118,15.77,15.27,16.4,14.9,15.58,211,64
20230117,119,74.33,70.18,75.59,67.66,71.94,179,61
20230117,120,557.71,557.65,567.71,552.19,558.81,327,63
20230117,121,1808.56,1722.13,1876.91,1720.79,1782.1,324,52
20230117,122,10112.29,9990.27,10331.38,9660.68,10023.66,260,49
20230117,123,3.71,3.85,4.1,3.68,3.83,320,67
20230117,124,26.06,26.28,26.42,25.93,26.17,162,43
20230117,125,272.49,269.59,275.93,256.9,268.73,104,34
20230117,126,86753.24,85912.91,90017.09,83955.52,86659.69,207,53
20230117,127,178.51,175.12,184.48,165.64,175.94,165,31
20230117,128,212.0,212.31,215.15,207.49,211.74,103,30
20230117,129,11316.33,11040.31,11569.55,10805.67,11182.96,155,40
20230117,130,95.05,92.65,95.95,91.24,93.72,255,42
20230117,131,234.41,227.97,244.13,226.6,233.28,243,48
20230117,132,2592.28,2556.46,2628.5,2495.31,2568.14,274,50
20230117,133,60.34,64.28,66.0,56.9,61.88,169,57
20230117,134,1459.38,1532.01,1556.39,1440.07,1496.97,209,73
20230117,135,389.37,373.86,405.84,368.91,384.5,145,27
20230117,136,237.82,229.58,239.51,224.91,232.95,191,58
20230117,137,184.8,181.61,187.91,180.83,183.79,129,40
20230117,138,1.96,2.24,2.29,1.91,2.1,320,59
20230117,139,8070.0,7674.55,8897.69,7462.67,8026.23,299,68
20230117,140,180.75,179.32,187.6,175.44,180.78,254,55
20230117,141,32.85,32.71,33.69,32.06,32.83,170,54
20230117,142,61.99,61.62,62.66,59.81,61.52,210,74
20230117,143,7506.77,7469.68,7853.43,7374.88,7551.19,274,60
20230117,144,3.37,3.53,3.68,3.34,3.48,200,47
20230117,145,1321.36,1356.45,1376.5,1309.74,1341.01,227,45
20230117,146,23707.01,24476.33,25011.22,22744.81,23984.85,218,60
20230117,147,547.57,571.27,588.03,540.0,561.72,82,20
20230117,148,97.67,100.69,105.01,95.32,99.67,278,61
20230117,149,2.02,2.16,2.26,2.0,2.11,283,63
20230117,150,4.15,4.42,4.43,4.11,4.28,295,58
20230117,151,13.41,14.25,14.56,12.99,13.8,252,54
20230117,152,13.95,15.05,15.17,13.74,14.48,190,55
20230117,153,55229.19,54210.08,55439.95,54124.93,54751.04,278,45
20230117,154,1223.04,1279.83,1281.87,1193.93,1244.67,135,24
20230117,155,65.44,67.02,69.05,64.17,66.42,188,51
20230117,156,77.86,82.84,83.93,76.48,80.28,242,40
20230117,157,1887.26,1806.78,1976.02,1759.89,1857.49,225,57
20230117,158,26.48,27.19,27.26,26.43,26.84,215,63
20230117,159,16241.28,15670.37,16314.12,14684.15,15727.48,199,79
20230117,160,48.57,50.98,51.16,47.86,49.64,281,48
20230117,161,9.46,9.56,9.8,8.96,9.44,242,52
20230117,162,99.89,103.65,105.89,92.33,100.44,184,61
20230117,163,165.37,156.52,176.4,148.66,161.74,243,49
20230117,164,46.14,48.05,48.8,44.55,46.89,176,56
20230117,165,29.14,29.98,30.23,28.69,29.51,245,51
20230117,166,24.67,25.68,25.84,24.49,25.17,209,55
20230117,167,0.72,0.82,0.82,0.71,0.77,220,61
20230117,168,28.2,27.92,29.27,27.17,28.14,301,66
20230117,169,34.1,34.79,36.03,33.02,34.49,256,47
20230117,170,2817.44,2837.36,2837.91,2629.52,2780.56,29,9
20230117,171,40.85,42.22,44.22,40.25,41.88,286,66
20230117,172,35.73,39.22,39.61,34.27,37.21,246,57
20230117,173,19.86,20.09,20.48,19.24,19.92,149,39
20230117,174,72.03,69.73,72.67,65.49,69.98,123,25
20230117,175,5274.65,5738.07,5932.99,5086.18,5507.97,145,42
20230117,176,42.24,41.74,43.61,41.69,42.32,157,51
20230117,177,52.91,49.26,54.29,48.51,51.25,243,62
20230117,178,365.57,353.53,371.83,353.51,361.11,137,46
20230117,179,5.36,5.11,5.43,4.97,5.22,212,54
20230117,180,312.55,289.5,316.91,286.05,301.25,182,42
20230117,181,39503.91,39043.88,39828.81,38697.82,39268.6,309,57
20230117,182,19.76,19.97,20.51,19.6,19.96,154,39
20230117,183,22.71,24.27,24.54,21.91,23.36,295,59
20230117,184,9.8,10.09,10.63,9.59,10.03,294,64
20230117,185,1945.58,1982.2,2004.86,1927.9,1965.14,219,62
20230117,186,55835.45,53506.77,61031.25,52991.5,55841.25,213,47
20230117,187,1015.38,1100.27,1129.58,973.09,1054.58,227,51
20230117,188,336.59,363.05,369.75,335.42,351.2,189,61
20230117,189,4.93,4.92,5.16,4.91,4.98,215,64
20230117,190,4.92,5.02,5.35,4.88,5.04,206,70
20230117,191,19.45,18.67,20.0,18.58,19.17,122,35
20230117,192,1840.89,1936.87,1973.32,1839.64,1897.68,132,32
20230117,193,23.8,25.38,27.03,22.71,24.73,271,43
20230117,194,18.75,19.15,19.83,18.62,19.09,286,63
20230117,195,3206.62,3163.94,3389.66,3139.07,3224.82,205,55
20230117,196,76.33,75.16,80.57,73.7,76.44,114,32
20230117,197,247.03,245.6,251.49,236.31,245.11,307,64
20230117,198,323.68,322.91,341.9,314.08,325.64,218,58
20230117,199,1030.02,1086.69,1130.88,1027.8,1068.85,114,24
20230117,200,85.25,86.6,88.03,82.74,85.66,141,32
20230118,1,63.38,65.97,67.69,61.74,64.69,252,50
20230118,2,55.99,57.62,58.88,54.53,56.75,136,42
20230118,3,198.14,189.66,209.83,178.01,193.91,132,46
20230118,4,10090.33,9811.5,10740.61,9490.1,10033.13,106,27
20230118,5,54.41,53.07,54.65,52.92,53.76,188,38
20230118,6,12.43,12.45,12.51,11.53,12.23,294,55
20230118,7,412.49,448.75,460.9,410.69,433.21,266,52
20230118,8,2.24,2.46,2.5,2.23,2.36,194,66
20230118,9,11137.18,11297.18,12053.14,10753.71,11310.3,305,58
20230118,10,30.65,30.85,33.4,29.65,31.14,107,36
20230118,11,36.17,33.92,36.25,30.83,34.29,235,56
20230118,12,499.68,497.88,512.9,471.99,495.61,92,23
20230118,13,1.61,1.55,1.61,1.52,1.57,217,72
20230118,14,56.6,61.54,63.04,55.85,59.26,250,47
20230118,15,8458.06,7789.29,8688.92,7775.88,8178.04,210,60
20230118,16,1.63,1.64,1.71,1.57,1.64,197,58
20230118,17,4213.1,4033.54,4236.64,4017.9,4125.29,230,51
20230118,18,189.68,190.8,192.38,188.86,190.43,167,58
20230118,19,3943.07,4056.34,4060.82,3702.3,3940.63,220,69
20230118,20,371.66,384.61,387.6,357.79,375.42,117,29
20230118,21,20.45,20.39,21.41,20.08,20.58,235,75
20230118,22,1901.82,1981.08,2050.73,1832.09,1941.43,207,69
20230118,23,745.2,722.58,753.78,688.69,727.56,158,43
20230118,24,77.16,77.66,78.69,76.48,77.5,216,72
20230118,25,79.79,82.19,83.53,78.15,80.92,138,37
20230118,26,50.87,51.31,53.37,48.58,51.03,230,42
20230118,27,33.04,32.28,33.13,31.94,32.6,280,71
20230118,28,15939.93,15465.45,16186.88,15379.33,15742.9,224,48
20230118,29,58.93,62.26,63.58,56.88,60.41,196,46
20230118,30,1202.45,1157.65,1239.88,1119.67,1179.91,141,43
20230118,31,213.69,204.72,216.06,199.66,208.53,134,27
20230118,32,166.07,174.31,182.33,163.59,171.58,188,56
20230118,33,51.11,49.79,53.21,48.63,50.68,190,54
20230118,34,17.55,16.51,17.66,16.25,16.99,224,52
20230118,35,59.11,62.84,64.46,57.43,60.96,252,48
20230118,36,89.71,85.35,92.1,84.28,87.86,144,22
20230118,37,12.21,12.1,12.55,11.93,12.2,260,51
20230118,38,137.88,134.09,140.04,134.04,136.51,204,56
20230118,39,96.79,93.2,99.79,92.35,95.53,183,59
20230118,40,23.16,22.17,24.43,21.25,22.75,146,37
20230118,41,10451.7,10549.03,10569.06,10265.57,10458.84,37,10
20230118,42,5157.81,5203.42,5301.33,5125.4,5196.99,329,54
20230118,43,3359.74,3519.04,3696.65,3338.52,3478.49,217,52
20230118,44,46.57,46.03,47.45,45.85,46.47,171,58
20230118,45,71.83,76.27,77.02,71.25,74.09,291,74
20230118,46,454.65,419.12,460.49,418.44,438.18,158,52
20230118,47,95.65,88.78,96.42,88.52,92.34,222,68
20230118,48,326.43,352.45,362.45,314.87,339.05,218,57
20230118,49,67.95,69.29,70.07,64.74,68.02,177,47
20230118,50,1026.84,1025.11,1046.17,1003.72,1025.46,183,54
20230118,51,502.56,513.77,523.98,501.55,510.46,260,46
20230118,52,65.43,66.54,66.86,63.14,65.49,190,58
20230118,53,1815.56,1843.18,1891.85,1796.94,1836.88,177,50
20230118,54,11.46,10.88,11.74,10.8,11.22,127,42
20230118,55,13.97,14.53,14.62,13.05,14.04,251,53
20230118,56,165.92,171.34,174.55,156.05,166.97,162,49
20230118,57,44.86,48.84,50.1,44.82,47.16,166,47
20230118,58,1.92,2.07,2.16,1.91,2.01,206,55
20230118,59,27804.35,27771.59,28069.44,26850.03,27623.85,297,61
20230118,60,1746.95,1675.83,1789.57,1635.55,1711.97,170,49
20230118,61,518.65,558.46,573.69,493.88,536.17,207,42
20230118,62,34.31,32.92,36.23,31.66,33.78,204,58
20230118,63,1477.04,1489.81,1606.55,1424.29,1499.42,307,60
20230118,64,5313.69,5273.69,5418.26,5137.19,5285.71,271,48
20230118,65,7.29,7.06,7.34,6.97,7.17,172,60
20230118,66,6446.42,6688.07,6688.84,5921.2,6436.13,168,46
20230118,67,76.89,77.59,79.78,75.53,77.45,148,49
20230118,68,116.47,116.88,117.15,116.21,116.68,227,55
20230118,69,11321.31,10947.62,11501.23,10895.63,11166.45,234,46
20230118,70,2.53,2.52,2.61,2.5,2.54,304,57
20230118,71,5041.96,4878.58,5221.73,4732.63,4968.73,317,61
20230118,72,10695.55,10646.65,10933.88,9942.66,10554.68,145,39
20230118,73,24.76,24.55,25.18,24.1,24.65,263,44
20230118,74,4.63,4.88,4.94,4.54,4.75,197,46
20230118,75,5050.78,5072.41,5096.26,5034.21,5063.42,326,50
20230118,76,20.0,18.18,20.39,18.08,19.16,285,64
20230118,77,14906.84,15780.91,16258.75,14600.56,15386.76,329,50
20230118,78,6.03,6.19,6.32,5.85,6.1,228,46
20230118,79,157.66,154.43,160.32,153.72,156.53,205,52
20230118,80,103.77,101.66,106.1,101.6,103.28,110,31
20230118,81,15.15,14.28,15.46,14.04,14.73,174,48
20230118,82,125.56,134.92,140.46,122.36,130.83,216,59
20230118,83,20.71,20.68,21.44,20.32,20.79,220,72
20230118,84,8.8,8.13,9.09,8.12,8.53,203,65
20230118,85,73.29,75.43,77.0,71.25,74.24,202,46
20230118,86,23014.61,24051.77,24181.56,22846.23,23523.54,183,70
20230118,87,449.46,453.82,474.61,445.19,455.77,142,37
20230118,88,41.55,39.4,41.76,36.91,39.9,217,41
20230118,89,21.0,19.85,21.26,19.44,20.39,183,62
20230118,90,39.24,38.17,39.38,36.28,38.27,181,45
20230118,91,2964.29,3116.29,3120.91,2839.66,3010.29,98,25
20230118,92,21.93,21.3,22.24,21.07,21.64,308,65
20230118,93,74.07,68.42,74.18,61.61,69.57,283,58
20230118,94,838.3,852.02,863.94,833.42,846.92,101,31
20230118,95,365.66,374.98,382.51,362.01,371.29,212,42
20230118,96,395.28,389.64,402.85,380.75,392.13,165,48
20230118,97,29.15,27.61,29.74,26.74,28.31,186,65
20230118,98,2447.11,2285.77,2473.89,2144.77,2337.89,299,56
20230118,99,47.57,49.79,51.3,46.43,48.77,140,43
20230118,100,36.14,37.0,37.51,33.97,36.16,266,63
20230118,101,15.27,15.71,16.02,15.16,15.54,248,61
20230118,102,12.43,12.5,12.6,12.27,12.45,164,47
20230118,103,1199.88,1223.56,1239.76,1178.43,1210.41,112,32
20230118,104,615.93,595.19,640.12,567.2,604.61,126,45
20230118,105,6496.03,6469.18,6639.48,6397.56,6500.56,301,54
20230118,106,144.87,150.6,150.61,143.88,147.49,272,52
20230118,107,149.05,152.85,153.22,146.1,150.31,135,27
20230118,108,332.92,315.63,333.86,290.02,318.11,157,27
20230118,109,678.53,673.28,709.67,627.25,672.18,201,48
20230118,110,814.61,840.98,861.79,806.89,831.07,170,46
20230118,111,1.94,2.1,2.13,1.88,2.01,207,43
20230118,112,16434.7,17029.13,17837.8,15554.08,16713.93,284,59
20230118,113,6.27,6.17,6.41,6.04,6.22,213,73
20230118,114,898.01,964.65,976.01,896.22,933.72,271,67
20230118,115,3333.12,3401.0,3697.26,3283.34,3428.68,194,59
20230118,116,790.5,843.86,860.92,788.16,820.86,152,24
20230118,117,6.02,6.17,6.37,5.82,6.09,216,55
20230118,118,15.27,14.5,15.64,14.11,14.88,214,56
20230118,119,70.18,71.12,71.89,67.25,70.11,188,52
20230118,120,557.65,568.81,598.85,551.01,569.08,299,61
20230118,121,1722.13,1770.49,1788.05,1698.85,1744.88,344,64
20230118,122,9990.27,10155.37,10309.34,9673.74,10032.18,225,43
20230118,123,3.85,3.56,4.01,3.51,3.73,292,59
20230118,124,26.28,26.49,26.8,26.27,26.46,172,50
20230118,125,269.59,271.61,275.49,257.92,268.65,95,32
20230118,126,85912.91,81590.96,87465.79,74456.04,82356.43,209,74
20230118,127,175.12,171.71,179.5,162.55,172.22,108,30
20230118,128,212.31,212.97,217.54,203.14,211.49,100,25
20230118,129,11040.31,10820.39,11155.22,10515.41,10882.83,136,37
20230118,130,92.65,92.06,93.53,90.24,92.12,249,48
20230118,131,227.97,210.52,231.46,206.01,218.99,256,48
20230118,132,2556.46,2742.18,2786.14,2496.73,2645.38,243,53
20230118,133,64.28,64.17,67.37,63.29,64.78,183,52
20230118,134,1532.01,1462.32,1605.32,1445.73,1511.34,196,60
20230118,135,373.86,334.98,376.51,327.91,353.31,170,25
20230118,136,229.58,243.94,246.46,222.73,235.68,156,42
20230118,137,181.61,182.89,185.81,178.49,182.2,144,39
20230118,138,2.24,2.27,2.29,2.15,2.23,303,72
20230118,139,7674.55,7837.77,7953.39,7663.07,7782.2,320,54
20230118,140,179.32,183.96,185.07,174.96,180.83,232,53
20230118,141,32.71,32.49,33.1,32.27,32.64,203,42
20230118,142,61.62,60.45,62.27,59.47,60.95,205,56
20230118,143,7469.68,7389.1,7485.16,7309.78,7413.43,321,56
20230118,144,3.53,3.55,3.61,3.44,3.53,215,50
20230118,145,1356.45,1427.42,1432.26,1335.31,1387.86,247,55
20230118,146,24476.33,24068.93,24920.78,22705.05,24042.77,175,49
20230118,147,571.27,608.17,621.89,560.53,590.46,62,21
20230118,148,100.69,100.58,100.71,100.33,100.58,301,65
20230118,149,2.16,2.16,2.19,2.13,2.16,268,69
20230118,150,4.42,4.8,4.9,4.31,4.61,307,71
20230118,151,14.25,14.56,15.02,14.01,14.46,252,59
20230118,152,15.05,16.22,16.41,14.74,15.61,209,64
20230118,153,54210.08,52601.94,57207.94,51153.1,53793.27,237,62
20230118,154,1279.83,1387.69,1413.78,1248.76,1332.52,150,28
20230118,155,67.02,65.87,68.67,63.38,66.23,196,55
20230118,156,82.84,80.26,85.72,77.06,81.47,242,51
20230118,157,1806.78,1639.46,1845.62,1638.97,1732.71,206,60
20230118,158,27.19,27.29,28.91,26.66,27.51,183,64
20230118,159,15670.37,14799.37,15776.7,14490.34,15184.19,196,72
20230118,160,50.98,52.37,53.22,49.31,51.47,309,64
20230118,161,9.56,9.16,9.56,8.91,9.3,249,56
20230118,162,103.65,111.78,112.67,103.09,107.8,170,37
20230118,163,156.52,160.8,161.91,153.89,158.28,239,47
20230118,164,48.05,52.39,53.84,45.73,50.0,203,56
20230118,165,29.98,28.85,30.29,28.43,29.39,229,49
20230118,166,25.68,28.12,28.99,25.6,27.1,215,54
20230118,167,0.82,0.74,0.85,0.73,0.78,214,63
20230118,168,27.92,28.14,29.44,27.17,28.17,312,56
20230118,169,34.79,33.75,35.42,31.33,33.83,269,46
20230118,170,2837.36,2770.37,2874.55,2675.18,2789.37,25,12
20230118,171,42.22,41.69,42.8,41.64,42.09,283,51
20230118,172,39.22,37.29,41.41,36.94,38.71,287,48
20230118,173,20.09,18.78,20.66,18.67,19.55,141,37
20230118,174,69.73,67.66,72.11,66.65,69.04,124,38
20230118,175,5738.07,5701.46,5781.29,5660.31,5720.28,193,53
20230118,176,41.74,43.71,44.44,41.62,42.88,176,40
20230118,177,49.26,49.5,50.01,48.14,49.23,243,52
20230118,178,353.53,367.29,369.22,343.16,358.3,139,42
20230118,179,5.11,4.81,5.13,4.61,4.92,202,75
20230118,180,289.5,283.89,299.14,276.81,287.33,143,41
20230118,181,39043.88,40055.2,41977.36,38751.71,39957.04,313,66
20230118,182,19.97,20.34,20.49,19.01,19.95,180,35
20230118,183,24.27,23.37,25.22,23.03,23.97,315,53
20230118,184,10.09,10.39,10.9,10.03,10.35,272,66
20230118,185,1982.2,1915.45,2080.68,1872.87,1962.8,208,53
20230118,186,53506.77,51388.46,54149.48,51206.87,52562.9,238,63
20230118,187,1100.27,1142.59,1204.03,1078.06,1131.24,212,63
20230118,188,363.05,359.0,366.62,355.28,360.99,211,57
20230118,189,4.92,4.73,5.06,4.65,4.84,210,57
20230118,190,5.02,4.87,5.22,4.75,4.96,197,66
20230118,191,18.67,18.01,19.41,17.63,18.43,142,42
20230118,192,1936.87,1892.64,1937.13,1871.16,1909.45,139,28
20230118,193,25.38,25.92,26.28,23.53,25.28,260,34
20230118,194,19.15,19.28,19.61,18.78,19.21,300,48
20230118,195,3163.94,3313.67,3324.3,3075.73,3219.41,183,63
20230118,196,75.16,75.72,77.67,74.72,75.82,107,33
20230118,197,245.6,240.35,249.63,232.21,241.95,310,42
20230118,198,322.91,299.78,329.84,299.65,313.04,207,58
20230118,199,1086.69,1045.2,1102.38,955.19,1047.36,99,34
20230118,200,86.6,83.79,89.0,83.71,85.78,144,29
20230119,1,65.97,63.2,66.11,61.54,64.2,253,48
20230119,2,57.62,60.32,60.83,55.43,58.55,147,49
20230119,3,189.66,200.23,209.55,185.32,196.19,151,53
20230119,4,9811.5,10594.88,11498.61,9776.57,10420.39,100,24
20230119,5,53.07,51.16,54.09,50.79,52.28,196,38
20230119,6,12.45,13.38,13.6,12.18,12.91,317,61
20230119,7,448.75,473.28,490.1,436.71,462.21,244,57
20230119,8,2.46,2.41,2.49,2.38,2.44,184,64
20230119,9,11297.18,11224.89,11318.19,10723.9,11141.04,301,56
20230119,10,30.85,32.27,33.14,29.71,31.49,118,36
20230119,11,33.92,33.64,34.32,32.2,33.52,253,50
20230119,12,497.88,486.82,500.88,472.68,489.56,90,29
20230119,13,1.55,1.51,1.58,1.48,1.53,191,53
20230119,14,61.54,55.15,65.05,55.06,59.2,266,31
20230119,15,7789.29,7768.96,8154.71,7721.63,7858.65,200,68
20230119,16,1.64,1.57,1.7,1.53,1.61,196,53
20230119,17,4033.54,3824.03,4121.53,3822.82,3950.48,217,68
20230119,18,190.8,194.46,196.97,189.41,192.91,204,47
20230119,19,4056.34,3753.0,4144.75,3566.32,3880.1,208,54
20230119,20,384.61,390.3,399.35,380.84,388.77,80,21
20230119,21,20.39,20.69,20.82,20.01,20.48,224,55
20230119,22,1981.08,1932.43,2086.77,1909.13,1977.35,187,57
20230119,23,722.58,717.15,734.24,694.1,717.02,153,42
20230119,24,77.66,73.14,78.19,72.73,75.43,208,56
20230119,25,82.19,83.0,83.89,81.06,82.53,162,36
20230119,26,51.31,51.09,51.45,50.73,51.14,241,57
20230119,27,32.28,32.51,34.62,30.16,32.39,276,70
20230119,28,15465.45,15429.22,16052.08,14934.49,15470.31,246,41
20230119,29,62.26,60.05,63.42,59.55,61.32,184,51
20230119,30,1157.65,1085.3,1189.62,1075.05,1126.91,151,31
20230119,31,204.72,212.32,213.0,198.67,207.18,155,46
20230119,32,174.31,181.05,187.72,169.01,178.02,185,49
20230119,33,49.79,48.19,50.86,47.73,49.14,182,48
20230119,34,16.51,16.89,16.89,15.85,16.53,211,71
20230119,35,62.84,65.41,67.22,58.78,63.56,245,57
20230119,36,85.35,89.23,92.24,78.56,86.34,156,31
20230119,37,12.1,11.75,12.37,11.14,11.84,240,47
20230119,38,134.09,123.63,135.32,117.96,127.75,181,39
20230119,39,93.2,85.42,97.19,84.38,90.05,204,61
20230119,40,22.17,21.89,22.21,20.91,21.8,127,40
20230119,41,10549.03,10864.75,11175.48,10453.28,10760.63,32,13
20230119,42,5203.42,5025.93,5213.89,5005.41,5112.16,337,56
20230119,43,3519.04,3366.32,3657.94,3203.66,3436.74,218,62
20230119,44,46.03,45.23,47.19,44.25,45.68,204,44
20230119,45,76.27,72.61,76.82,69.81,73.88,289,77
20230119,46,419.12,422.45,425.61,395.13,415.58,196,57
20230119,47,88.78,83.7,90.2,82.44,86.28,228,61
20230119,48,352.45,363.22,379.11,346.96,360.43,217,62
20230119,49,69.29,67.94,71.99,66.46,68.92,174,59
20230119,50,1025.11,1107.64,1140.7,988.68,1065.53,191,58
20230119,51,513.77,485.85,537.1,460.25,499.24,265,63
20230119,52,66.54,69.99,72.26,65.81,68.65,165,55
20230119,53,1843.18,1957.59,1961.59,1808.3,1892.66,167,56
20230119,54,10.88,10.64,11.39,10.26,10.79,144,36
20230119,55,14.53,14.19,14.95,13.63,14.32,260,53
20230119,56,171.34,163.71,172.68,158.74,166.62,184,37
20230119,57,48.84,46.64,49.6,46.54,47.91,173,50
20230119,58,2.07,2.04,2.19,2.0,2.07,224,47
20230119,59,27771.59,27268.37,29203.66,25026.82,27317.61,288,63
20230119,60,1675.83,1568.78,1678.3,1548.99,1617.97,159,47
20230119,61,558.46,600.55,620.45,545.18,581.16,187,35
20230119,62,32.92,32.62,33.04,31.6,32.54,173,54
20230119,63,1489.81,1476.01,1493.42,1448.19,1476.86,322,51
20230119,64,5273.69,5124.0,5340.43,5044.61,5195.68,254,53
20230119,65,7.06,6.88,7.14,6.77,6.96,199,67
20230119,66,6688.07,6543.93,6751.12,6473.31,6614.11,153,49
20230119,67,77.59,76.94,79.79,76.89,77.8,140,40
20230119,68,116.88,114.31,121.5,114.19,116.72,253,46
20230119,69,10947.62,11330.35,11565.99,10775.71,11154.92,260,38
20230119,70,2.52,2.54,2.61,2.39,2.52,310,68
20230119,71,4878.58,5017.5,5100.5,4728.52,4931.27,313,79
20230119,72,10646.65,10626.21,10672.73,10402.11,10586.92,136,36
20230119,73,24.55,24.58,24.93,23.61,24.42,240,53
20230119,74,4.88,4.71,4.94,4.69,4.81,170,43
20230119,75,5072.41,5351.17,5430.3,5063.15,5229.26,287,56
20230119,76,18.18,18.47,19.17,17.89,18.43,287,53
20230119,77,15780.91,15469.96,15998.3,15297.66,15636.71,291,53
20230119,78,6.19,6.1,6.39,5.75,6.11,184,52
20230119,79,154.43,150.98,155.25,149.85,152.63,202,56
20230119,80,101.66,101.24,104.55,96.24,100.92,96,33
20230119,81,14.28,14.08,14.49,13.84,14.17,191,54
20230119,82,134.92,129.47,137.15,129.17,132.68,225,58
20230119,83,20.68,21.27,21.54,20.21,20.93,204,48
20230119,84,8.13,8.56,8.67,8.09,8.36,214,62
20230119,85,75.43,81.63,81.9,75.36,78.58,196,36
20230119,86,24051.77,23113.18,24539.97,22814.17,23629.77,216,63
20230119,87,453.82,466.73,484.75,447.32,463.16,144,44
20230119,88,39.4,35.84,39.76,35.26,37.57,193,46
20230119,89,19.85,20.16,20.74,19.66,20.1,204,68
20230119,90,38.17,36.05,39.27,35.09,37.15,161,53
20230119,91,3116.29,2919.12,3194.45,2902.1,3032.99,98,33
20230119,92,21.3,20.96,21.96,20.61,21.21,329,59
20230119,93,68.42,66.2,69.19,64.91,67.18,322,63
20230119,94,852.02,815.47,895.61,813.59,844.17,99,24
20230119,95,374.98,369.75,377.89,365.87,372.12,194,53
20230119,96,389.64,407.94,415.72,374.22,396.88,146,49
20230119,97,27.61,26.24,28.27,25.38,26.88,193,44
20230119,98,2285.77,2218.66,2321.86,2178.12,2251.1,296,73
20230119,99,49.79,48.47,51.23,47.61,49.27,136,44
20230119,100,37.0,38.43,39.43,35.9,37.69,281,77
20230119,101,15.71,16.26,16.52,15.53,16.0,207,53
20230119,102,12.5,11.45,13.21,11.37,12.13,165,53
20230119,103,1223.56,1273.39,1293.53,1189.22,1244.92,112,42
20230119,104,595.19,571.06,596.05,533.96,574.07,136,46
20230119,105,6469.18,6529.63,6548.81,6357.62,6476.31,283,71
20230119,106,150.6,142.55,152.09,139.6,146.21,291,61
20230119,107,152.85,149.9,156.01,146.56,151.33,166,31
20230119,108,315.63,350.58,356.61,305.77,332.15,173,35
20230119,109,673.28,674.27,685.5,628.41,665.36,200,43
20230119,110,840.98,812.05,858.77,782.17,823.49,154,59
20230119,111,2.1,2.05,2.1,2.03,2.07,210,49
20230119,112,17029.13,15608.57,18646.98,15607.7,16723.09,314,62
20230119,113,6.17,6.71,6.77,6.09,6.44,214,65
20230119,114,964.65,975.75,988.57,950.86,969.96,282,57
20230119,115,3401.0,3265.16,3432.64,3131.76,3307.64,193,62
20230119,116,843.86,802.46,852.33,788.83,821.87,157,44
20230119,117,6.17,6.06,6.46,6.03,6.18,249,61
20230119,118,14.5,15.17,15.62,13.74,14.76,200,52
20230119,119,71.12,66.84,74.86,66.6,69.86,173,50
20230119,120,568.81,577.58,595.3,556.27,574.49,303,48
20230119,121,1770.49,1793.28,1800.61,1699.3,1765.92,288,58
20230119,122,10155.37,9886.77,10312.92,9505.05,9965.03,236,63
20230119,123,3.56,3.46,3.73,3.39,3.54,292,70
20230119,124,26.49,27.56,27.66,26.25,26.99,164,54
20230119,125,271.61,253.98,286.91,237.63,262.53,106,33
20230119,126,81590.96,78068.23,81901.22,76416.33,79494.19,233,54
20230119,127,171.71,176.72,180.59,168.23,174.31,156,27
20230119,128,212.97,212.88,218.54,211.31,213.92,119,36
20230119,129,10820.39,10443.08,10867.24,10177.33,10577.01,128,39
20230119,130,92.06,94.57,98.86,89.94,93.86,256,54
20230119,131,210.52,219.27,221.45,210.35,215.4,222,58
20230119,132,2742.18,2766.8,2837.01,2681.26,2756.81,240,57
20230119,133,64.17,61.9,65.59,61.27,63.23,158,71
20230119,134,1462.32,1434.84,1529.07,1386.94,1453.29,188,55
20230119,135,334.98,340.82,340.85,331.31,336.99,128,34
20230119,136,243.94,230.02,255.48,210.64,235.02,167,58
20230119,137,182.89,188.7,196.39,179.7,186.92,149,37
20230119,138,2.27,2.42,2.44,2.2,2.33,323,51
20230119,139,7837.77,7611.46,7933.16,7410.47,7698.22,303,57
20230119,140,183.96,183.34,184.96,174.47,181.68,273,54
20230119,141,32.49,33.35,34.17,31.92,32.98,172,58
20230119,142,60.45,64.98,66.14,58.38,62.49,230,55
20230119,143,7389.1,7916.98,8046.2,7305.24,7664.38,275,55
20230119,144,3.55,3.25,3.72,3.17,3.42,208,53
20230119,145,1427.42,1386.05,1430.96,1345.5,1397.48,246,49
20230119,146,24068.93,24151.35,24780.27,23038.59,24009.78,199,59
20230119,147,608.17,588.6,634.91,584.06,603.94,74,41
20230119,148,100.58,105.25,107.54,99.18,103.14,313,48
20230119,149,2.16,2.25,2.35,2.09,2.21,299,55
20230119,150,4.8,4.54,4.95,4.42,4.67,300,77
20230119,151,14.56,13.92,14.71,13.58,14.19,250,64
20230119,152,16.22,15.32,16.9,15.02,15.86,212,63
20230119,153,52601.94,52300.93,53559.94,50557.86,52255.17,247,55
20230119,154,1387.69,1347.06,1431.76,1335.65,1375.54,127,38
20230119,155,65.87,67.16,68.41,64.94,66.6,211,63
20230119,156,80.26,75.73,81.54,72.81,77.59,264,60
20230119,157,1639.46,1454.33,1685.7,1428.9,1552.1,221,50
20230119,158,27.29,24.74,27.45,24.46,25.99,204,56
20230119,159,14799.37,14008.57,15301.78,13932.16,14510.47,205,62
20230119,160,52.37,50.83,54.63,50.74,52.14,282,59
20230119,161,9.16,9.33,9.53,9.14,9.29,233,64
20230119,162,111.78,105.47,116.97,104.07,109.57,169,49
20230119,163,160.8,151.73,168.65,148.33,157.38,245,45
20230119,164,52.39,49.16,52.52,44.93,49.75,181,45
20230119,165,28.85,27.58,29.24,27.44,28.28,268,45
20230119,166,28.12,27.3,28.67,26.77,27.71,190,56
20230119,167,0.74,0.72,0.74,0.68,0.72,191,69
20230119,168,28.14,28.72,29.72,26.95,28.38,293,54
20230119,169,33.75,32.16,34.14,31.43,32.87,257,58
20230119,170,2770.37,2707.48,2855.69,2651.48,2746.25,30,8
20230119,171,41.69,40.92,42.88,40.43,41.48,259,66
20230119,172,37.29,37.98,39.69,36.84,37.95,268,36
20230119,173,18.78,18.67,19.24,18.26,18.74,127,37
20230119,174,67.66,70.58,72.97,66.74,69.49,145,27
20230119,175,5701.46,5358.2,5913.66,5217.96,5547.82,161,46
20230119,176,43.71,42.91,44.26,42.39,43.32,156,56
20230119,177,49.5,47.71,49.89,47.09,48.55,271,58
20230119,178,367.29,343.53,368.85,339.0,354.67,151,43
20230119,179,4.81,4.83,4.91,4.63,4.8,206,47
20230119,180,283.89,303.21,318.54,279.18,296.21,152,27
20230119,181,40055.2,38202.0,40740.06,37728.97,39181.56,316,58
20230119,182,20.34,20.13,21.07,19.77,20.33,150,48
20230119,183,23.37,22.01,23.77,21.38,22.63,287,49
20230119,184,10.39,9.63,10.98,9.56,10.14,296,62
20230119,185,1915.45,1828.84,1953.06,1819.23,1879.15,216,53
20230119,186,51388.46,50049.11,53992.41,49621.37,51262.84,221,58
20230119,187,1142.59,1126.15,1183.72,1114.48,1141.74,235,60
20230119,188,359.0,349.57,371.14,348.11,356.96,217,68
20230119,189,4.73,4.34,4.75,4.32,4.54,244,62
20230119,190,4.87,4.7,4.89,4.6,4.76,207,43
20230119,191,18.01,18.65,19.1,17.45,18.3,146,41
20230119,192,1892.64,1770.34,1898.58,1722.08,1820.91,163,23
20230119,193,25.92,24.9,26.67,24.59,25.52,232,53
20230119,194,19.28,19.32,19.54,19.25,19.35,307,55
20230119,195,3313.67,3183.52,3407.66,3136.38,3260.31,214,51
20230119,196,75.72,75.26,77.24,73.76,75.49,110,23
20230119,197,240.35,224.8,251.24,214.97,232.84,310,65
20230119,198,299.78,317.07,328.74,295.33,310.23,203,66
20230119,199,1045.2,1069.47,1095.91,1011.21,1055.45,98,37
20230119,200,83.79,83.43,86.2,81.06,83.62,132,34
20230120,1,63.2,65.75,66.66,63.17,64.69,239,49
20230120,2,60.32,59.03,60.93,58.71,59.75,136,36
20230120,3,200.23,192.76,200.52,186.88,195.1,132,41
20230120,4,10594.88,10926.51,11483.38,10511.43,10879.05,95,35
20230120,5,51.16,55.36,56.14,50.55,53.3,177,43
20230120,6,13.38,12.91,13.48,12.84,13.15,300,79
20230120,7,473.28,463.13,497.54,418.06,463.0,265,52
20230120,8,2.41,2.5,2.61,2.4,2.48,212,57
20230120,9,11224.89,10935.33,11836.14,10628.0,11156.09,286,60
20230120,10,32.27,32.65,33.25,32.03,32.55,103,32
20230120,11,33.64,34.58,34.8,33.18,34.05,242,55
20230120,12,486.82,469.23,487.96,466.47,477.62,116,30
20230120,13,1.51,1.54,1.6,1.47,1.53,207,63
20230120,14,55.15,55.74,56.46,54.99,55.58,259,53
20230120,15,7768.96,7294.48,8108.81,7184.3,7589.14,216,72
20230120,16,1.57,1.5,1.59,1.46,1.53,218,74
20230120,17,3824.03,3715.49,3902.08,3626.69,3767.07,221,49
20230120,18,194.46,202.1,204.85,183.48,196.22,185,62
20230120,19,3753.0,3923.66,4110.72,3711.81,3874.8,212,59
20230120,20,390.3,394.27,397.76,382.7,391.26,99,25
20230120,21,20.69,20.9,22.46,19.33,20.84,206,47
20230120,22,1932.43,1963.89,2078.82,1905.05,1970.05,231,68
20230120,23,717.15,722.77,741.0,690.33,717.82,140,38
20230120,24,73.14,74.3,74.66,70.63,73.18,206,55
20230120,25,83.0,82.82,83.25,82.21,82.82,141,25
20230120,26,51.09,47.64,51.46,46.59,49.19,232,44
20230120,27,32.51,31.28,32.56,31.15,31.88,318,52
20230120,28,15429.22,14516.29,15459.62,14022.06,14856.8,242,52
20230120,29,60.05,63.1,65.6,55.93,61.17,174,59
20230120,30,1085.3,1218.64,1313.22,1045.1,1165.57,123,40
20230120,31,212.32,191.69,216.47,191.61,203.02,126,37
20230120,32,181.05,195.01,195.31,177.77,187.29,155,51
20230120,33,48.19,48.06,50.85,47.54,48.66,187,48
20230120,34,16.89,17.65,18.22,16.02,17.19,204,53
20230120,35,65.41,65.68,67.39,63.9,65.6,237,48
20230120,36,89.23,93.61,95.17,84.93,90.73,143,29
20230120,37,11.75,11.85,11.99,11.68,11.82,295,59
20230120,38,123.63,115.65,125.21,114.33,119.71,191,45
20230120,39,85.42,83.85,91.41,82.79,85.87,215,53
20230120,40,21.89,22.67,23.64,21.45,22.41,137,33
20230120,41,10864.75,10485.97,11381.84,10435.53,10792.02,35,9
20230120,42,5025.93,5179.75,5218.94,4822.4,5061.75,309,66
20230120,43,3366.32,3326.35,3568.46,3284.26,3386.35,228,73
20230120,44,45.23,44.61,47.01,44.14,45.25,185,46
20230120,45,72.61,68.02,73.09,65.19,69.73,312,66
20230120,46,422.45,417.94,426.36,413.94,420.17,168,63
20230120,47,83.7,85.85,90.09,83.31,85.74,202,55
20230120,48,363.22,329.79,386.14,327.51,351.67,206,55
20230120,49,67.94,64.62,68.52,60.87,65.49,193,62
20230120,50,1107.64,990.4,1158.75,986.71,1060.87,148,42
20230120,51,485.85,473.99,500.86,471.1,482.95,251,49
20230120,52,69.99,71.81,74.4,69.88,71.52,190,57
20230120,53,1957.59,1814.51,1963.53,1804.15,1884.94,166,49
20230120,54,10.64,11.09,11.31,10.18,10.81,125,35
20230120,55,14.19,15.84,16.34,14.07,15.11,244,49
20230120,56,163.71,174.06,180.87,159.57,169.55,175,50
20230120,57,46.64,47.12,49.82,44.31,46.97,172,62
20230120,58,2.04,2.08,2.08,2.01,2.05,194,48
20230120,59,27268.37,25378.11,28204.86,24580.96,26358.08,338,50
20230120,60,1568.78,1480.25,1615.96,1422.62,1521.9,184,52
20230120,61,600.55,586.8,609.18,581.31,594.46,156,40
20230120,62,32.62,33.31,33.96,31.5,32.85,183,59
20230120,63,1476.01,1525.2,1619.82,1434.61,1513.91,305,55
20230120,64,5124.0,5009.19,5328.55,4816.54,5069.57,230,59
20230120,65,6.88,6.85,6.93,6.84,6.87,212,73
20230120,66,6543.93,6563.59,6679.95,6460.86,6562.09,184,48
20230120,67,76.94,75.98,78.68,74.65,76.56,124,43
20230120,68,114.31,111.87,119.33,106.49,113.0,243,58
20230120,69,11330.35,10867.92,11350.6,10486.56,11008.86,253,51
20230120,70,2.54,2.57,2.64,2.48,2.56,289,55
20230120,71,5017.5,5028.79,5118.01,4917.76,5020.52,267,57
20230120,72,10626.21,10411.56,10641.19,10297.13,10494.02,122,43
20230120,73,24.58,25.04,25.28,22.58,24.37,247,61
20230120,74,4.71,4.78,4.9,4.68,4.77,193,46
20230120,75,5351.17,5511.8,5748.37,5065.03,5419.09,308,68
20230120,76,18.47,17.63,18.88,17.63,18.15,272,59
20230120,77,15469.96,15364.3,15786.17,14410.14,15257.64,296,70
20230120,78,6.1,5.79,6.35,5.63,5.96,199,66
20230120,79,150.98,149.24,159.53,143.75,150.88,218,70
20230120,80,101.24,96.89,104.69,95.68,99.63,109,24
20230120,81,14.08,14.86,15.26,13.71,14.48,187,46
20230120,82,129.47,131.64,135.78,124.44,130.33,207,68
20230120,83,21.27,22.18,22.26,19.87,21.39,188,75
20230120,84,8.56,9.03,9.24,8.45,8.82,219,58
20230120,85,81.63,80.04,84.14,78.36,81.04,182,35
20230120,86,23113.18,22479.07,23161.58,21687.89,22610.43,204,52
20230120,87,466.73,502.76,508.16,443.51,480.29,118,46
20230120,88,35.84,35.44,36.89,33.77,35.48,213,44
20230120,89,20.16,18.74,20.41,18.07,19.35,220,63
20230120,90,36.05,38.65,39.29,34.32,37.08,180,63
20230120,91,2919.12,2890.89,2954.72,2882.25,2911.75,107,22
20230120,92,20.96,21.55,21.74,20.85,21.28,313,51
20230120,93,66.2,66.75,67.18,64.96,66.27,289,61
20230120,94,815.47,812.28,834.83,812.23,818.7,95,33
20230120,95,369.75,399.67,416.14,364.99,387.64,213,35
20230120,96,407.94,374.19,421.46,365.94,392.38,174,50
20230120,97,26.24,25.51,27.1,24.44,25.82,165,58
20230120,98,2218.66,2094.1,2228.55,2091.58,2158.22,271,61
20230120,99,48.47,43.72,48.92,42.94,46.01,140,37
20230120,100,38.43,39.73,41.0,37.89,39.26,295,61
20230120,101,16.26,15.7,16.7,15.39,16.01,232,59
20230120,102,11.45,11.92,12.45,11.27,11.77,188,56
20230120,103,1273.39,1281.7,1297.61,1269.2,1280.48,95,30
20230120,104,571.06,578.27,597.74,542.39,572.36,148,39
20230120,105,6529.63,6387.83,6708.91,6314.31,6485.17,339,59
20230120,106,142.55,136.71,146.37,134.49,140.03,302,61
20230120,107,149.9,145.92,152.22,141.12,147.29,129,34
20230120,108,350.58,357.94,358.35,349.19,354.02,135,20
20230120,109,674.27,670.01,692.34,654.18,672.7,161,53
20230120,110,812.05,778.69,846.77,764.91,800.61,179,46
20230120,111,2.05,1.93,2.07,1.93,2.0,196,61
20230120,112,15608.57,15349.16,15937.37,15065.7,15490.2,296,53
20230120,113,6.71,6.57,6.84,6.49,6.65,207,54
20230120,114,975.75,969.23,1024.93,932.09,975.5,300,68
20230120,115,3265.16,3274.71,3290.03,3244.55,3268.61,204,72
20230120,116,802.46,789.83,826.99,787.84,801.78,121,47
20230120,117,6.06,6.04,6.17,5.78,6.01,211,63
20230120,118,15.17,15.5,15.57,15.15,15.35,180,68
20230120,119,66.84,71.78,72.98,65.28,69.22,166,50
20230120,120,577.58,577.68,612.26,553.55,580.27,296,68
20230120,121,1793.28,1956.42,1982.23,1777.2,1877.28,309,60
20230120,122,9886.77,9712.48,9946.85,9676.49,9805.65,247,57
20230120,123,3.46,3.21,3.53,3.21,3.35,324,49
20230120,124,27.56,26.77,28.73,26.7,27.44,169,67
20230120,125,253.98,263.95,281.17,246.88,261.5,99,30
20230120,126,78068.23,79632.61,82011.65,77709.93,79355.6,186,57
20230120,127,176.72,182.76,188.07,175.18,180.68,160,36
20230120,128,212.88,186.87,223.84,185.27,202.21,105,24
20230120,129,10443.08,11192.83,11502.75,10115.61,10813.56,144,41
20230120,130,94.57,94.38,98.02,91.85,94.7,231,51
20230120,131,219.27,203.67,229.36,200.98,213.32,247,47
20230120,132,2766.8,2832.46,2880.5,2617.83,2774.4,237,51
20230120,133,61.9,62.2,62.9,60.96,61.99,179,58
20230120,134,1434.84,1464.86,1528.99,1353.34,1445.51,201,48
20230120,135,340.82,356.42,370.27,330.48,349.5,153,25
20230120,136,230.02,236.49,243.12,228.7,234.58,198,46
20230120,137,188.7,172.92,198.39,171.78,182.95,133,54
20230120,138,2.42,2.37,2.51,2.32,2.41,296,56
20230120,139,7611.46,7012.43,7867.32,6761.47,7313.17,281,52
20230120,140,183.34,184.86,186.63,183.17,184.5,248,54
20230120,141,33.35,34.33,35.13,33.16,33.99,164,55
20230120,142,64.98,60.34,65.65,60.24,62.8,230,58
20230120,143,7916.98,7639.15,8180.85,7609.13,7836.53,290,69
20230120,144,3.25,3.11,3.4,3.09,3.21,192,65
20230120,145,1386.05,1343.17,1386.3,1295.15,1352.67,235,51
20230120,146,24151.35,24137.03,24649.05,23281.61,24054.76,212,54
20230120,147,588.6,573.14,593.46,572.74,581.99,67,23
20230120,148,105.25,104.96,109.49,102.29,105.5,309,66
20230120,149,2.25,2.28,2.37,2.23,2.28,293,60
20230120,150,4.54,4.65,4.67,4.45,4.58,308,44
20230120,151,13.92,12.92,14.14,12.4,13.34,257,59
20230120,152,15.32,16.14,16.66,14.63,15.69,211,61
20230120,153,52300.93,55892.52,58613.84,51281.32,54522.15,261,59
20230120,154,1347.06,1404.28,1465.52,1297.31,1378.54,143,28
20230120,155,67.16,65.44,67.63,64.38,66.15,195,68
20230120,156,75.73,72.27,78.36,71.68,74.51,259,47
20230120,157,1454.33,1413.48,1457.54,1374.86,1425.05,187,60
20230120,158,24.74,23.22,25.1,22.96,24.01,211,53
20230120,159,14008.57,14029.65,14107.6,13940.11,14021.48,233,57
20230120,160,50.83,52.9,53.49,50.13,51.84,297,74
20230120,161,9.33,9.95,10.29,8.99,9.64,256,50
20230120,162,105.47,102.69,105.76,102.41,104.08,173,45
20230120,163,151.73,151.82,153.49,150.05,151.77,229,57
20230120,164,49.16,48.12,49.89,46.16,48.33,165,59
20230120,165,27.58,27.12,28.22,26.89,27.45,264,39
20230120,166,27.3,28.27,28.73,26.87,27.79,201,61
20230120,167,0.72,0.74,0.76,0.71,0.73,224,75
20230120,168,28.72,28.58,29.45,28.03,28.7,302,74
20230120,169,32.16,32.7,33.67,31.58,32.53,282,44
20230120,170,2707.48,2764.09,2779.77,2654.69,2726.51,27,17
20230120,171,40.92,42.41,42.89,40.76,41.75,294,66
20230120,172,37.98,36.14,38.79,34.52,36.86,272,54
20230120,173,18.67,19.65,20.46,18.0,19.19,137,33
20230120,174,70.58,70.36,70.86,67.86,69.91,148,43
20230120,175,5358.2,5224.64,5465.8,5136.78,5296.36,156,56
20230120,176,42.91,42.74,43.89,42.58,43.03,171,38
20230120,177,47.71,47.99,48.48,47.1,47.82,235,50
20230120,178,343.53,355.58,364.39,333.65,349.29,164,47
20230120,179,4.83,4.64,5.02,4.5,4.75,212,64
20230120,180,303.21,314.75,316.33,294.3,307.15,137,27
20230120,181,38202.0,38015.37,38462.99,37701.6,38095.49,327,61
20230120,182,20.13,19.63,20.21,18.6,19.64,131,30
20230120,183,22.01,21.63,22.12,21.27,21.76,289,62
20230120,184,9.63,9.17,9.85,8.34,9.25,321,59
20230120,185,1828.84,1683.62,1909.08,1683.24,1776.19,231,46
20230120,186,50049.11,51547.59,51581.95,49416.1,50648.69,207,60
20230120,187,1126.15,1232.84,1252.61,1114.2,1181.45,213,53
20230120,188,349.57,317.54,354.02,311.86,333.25,204,78
20230120,189,4.34,4.13,4.39,4.1,4.24,193,60
20230120,190,4.7,4.83,4.97,4.6,4.77,201,71
20230120,191,18.65,18.73,18.73,17.83,18.49,130,31
20230120,192,1770.34,1834.22,1959.72,1699.97,1816.06,140,28
20230120,193,24.9,24.27,26.09,23.26,24.63,226,50
20230120,194,19.32,18.67,19.41,18.04,18.86,270,70
20230120,195,3183.52,3148.6,3218.56,3110.41,3165.27,203,58
20230120,196,75.26,66.4,80.26,65.75,71.92,87,26
20230120,197,224.8,215.54,228.15,210.03,219.63,301,51
20230120,198,317.07,332.65,333.43,311.03,323.54,209,69
20230120,199,1069.47,1132.32,1143.09,1068.05,1103.23,99,31
20230120,200,83.43,87.79,88.44,80.65,85.08,148,29
20230121,1,65.75,72.88,74.24,64.25,69.28,327,59
20230121,2,59.03,60.09,61.9,56.33,59.34,180,38
20230121,3,192.76,191.68,194.34,190.43,192.31,180,36
20230121,4,10926.51,11447.73,11485.59,10825.95,11171.44,119,30
20230121,5,55.36,64.22,65.92,55.25,60.19,280,37
20230121,6,12.91,15.06,15.82,12.39,14.04,403,66
20230121,7,463.13,499.1,510.3,436.72,477.31,368,50
20230121,8,2.5,2.41,2.56,2.38,2.46,269,69
20230121,9,10935.33,11766.1,11948.68,10932.89,11395.75,410,58
20230121,10,32.65,33.06,34.44,31.85,33.0,146,38
20230121,11,34.58,40.13,40.93,34.27,37.48,348,65
20230121,12,469.23,518.61,539.27,455.84,495.74,135,22
20230121,13,1.54,1.58,1.59,1.45,1.54,263,69
20230121,14,55.74,63.05,63.57,54.67,59.26,351,47
20230121,15,7294.48,8428.08,8677.62,7231.4,7907.89,312,63
20230121,16,1.5,1.58,1.61,1.48,1.54,294,56
20230121,17,3715.49,3718.88,3748.57,3593.5,3694.11,287,53
20230121,18,202.1,215.18,221.22,198.34,209.21,248,53
20230121,19,3923.66,4624.67,4858.99,3712.82,4280.04,296,60
20230121,20,394.27,371.83,402.16,358.8,381.77,132,29
20230121,21,20.9,22.65,22.72,20.68,21.74,315,55
20230121,22,1963.89,2026.07,2059.36,1931.15,1995.12,300,69
20230121,23,722.77,721.16,729.82,679.69,713.36,197,54
20230121,24,74.3,79.08,83.31,70.93,76.9,321,62
20230121,25,82.82,89.22,94.37,80.77,86.8,218,33
20230121,26,47.64,50.17,50.27,47.61,48.92,347,40
20230121,27,31.28,35.4,35.9,31.16,33.43,418,68
20230121,28,14516.29,15854.31,16287.13,14044.53,15175.56,355,62
20230121,29,63.1,69.63,71.88,61.24,66.46,231,54
20230121,30,1218.64,1359.02,1364.48,1191.51,1283.41,180,44
20230121,31,191.69,198.27,206.01,190.11,196.52,214,51
20230121,32,195.01,191.62,195.79,190.4,193.2,241,46
20230121,33,48.06,53.96,56.09,47.35,51.37,208,65
20230121,34,17.65,17.85,18.05,17.13,17.67,307,51
20230121,35,65.68,70.22,71.16,65.26,68.08,356,51
20230121,36,93.61,99.5,103.53,89.24,96.47,203,32
20230121,37,11.85,14.02,14.09,11.69,12.91,377,55
20230121,38,115.65,110.71,115.74,107.75,112.46,250,57
20230121,39,83.85,86.65,87.62,76.93,83.76,297,77
20230121,40,22.67,23.04,23.45,22.63,22.95,202,36
20230121,41,10485.97,9949.61,10769.81,9831.43,10259.2,53,14
20230121,42,5179.75,5553.05,5611.57,5103.87,5362.06,440,65
20230121,43,3326.35,3446.81,3470.54,3175.61,3354.83,282,64
20230121,44,44.61,44.79,46.81,43.82,45.01,261,42
20230121,45,68.02,74.52,74.62,65.48,70.66,424,56
20230121,46,417.94,467.19,469.88,411.6,441.65,262,38
20230121,47,85.85,99.39,100.09,83.78,92.28,293,62
20230121,48,329.79,317.54,330.94,311.42,322.42,306,65
20230121,49,64.62,63.36,67.66,62.51,64.54,265,45
20230121,50,990.4,1076.09,1098.57,967.95,1033.25,244,56
20230121,51,473.99,524.83,549.64,473.6,505.51,342,49
20230121,52,71.81,78.08,80.76,69.52,75.04,213,54
20230121,53,1814.51,1881.54,1917.3,1805.98,1854.83,255,64
20230121,54,11.09,12.38,12.78,10.35,11.65,203,36
20230121,55,15.84,17.08,17.74,15.82,16.62,363,38
20230121,56,174.06,168.98,180.14,166.83,172.5,225,46
20230121,57,47.12,56.01,56.7,46.29,51.53,281,64
20230121,58,2.08,2.2,2.26,2.06,2.15,304,48
20230121,59,25378.11,28161.25,29470.11,24640.72,26912.55,433,57
20230121,60,1480.25,1777.98,1872.5,1472.59,1650.83,254,37
20230121,61,586.8,644.42,659.62,577.81,617.16,266,51
20230121,62,33.31,33.96,34.63,32.89,33.7,227,62
20230121,63,1525.2,1533.08,1539.66,1481.66,1519.9,454,54
20230121,64,5009.19,5749.32,5878.67,4851.72,5372.23,341,65
20230121,65,6.85,7.19,7.35,6.81,7.05,302,69
20230121,66,6563.59,7114.27,7140.8,6119.87,6734.63,258,48
20230121,67,75.98,75.32,76.23,72.71,75.06,175,42
20230121,68,111.87,122.27,128.2,111.55,118.47,340,43
20230121,69,10867.92,12219.54,12502.0,10831.47,11605.24,407,52
20230121,70,2.57,2.85,3.02,2.56,2.75,450,68
20230121,71,5028.79,5559.85,5615.94,4956.34,5290.23,399,73
20230121,72,10411.56,10743.38,11051.75,10086.51,10573.3,195,47
20230121,73,25.04,27.56,27.88,24.82,26.33,344,39
20230121,74,4.78,4.9,4.92,4.72,4.83,248,51
20230121,75,5511.8,6374.23,6543.15,5446.01,5968.79,418,69
20230121,76,17.63,19.19,19.55,16.47,18.21,421,63
20230121,77,15364.3,16707.66,17046.79,15037.96,16039.18,408,49
20230121,78,5.79,5.84,6.07,5.71,5.85,288,63
20230121,79,149.24,147.7,152.89,142.23,148.01,300,68
20230121,80,96.89,92.96,98.19,89.17,94.3,161,22
20230121,81,14.86,15.0,15.06,14.31,14.81,242,57
20230121,82,131.64,135.25,137.69,127.7,133.07,284,59
20230121,83,22.18,22.14,22.89,21.45,22.17,281,79
20230121,84,9.03,10.11,10.57,8.91,9.65,309,52
20230121,85,80.04,89.58,89.77,75.19,83.64,281,50
20230121,86,22479.07,24258.58,24281.23,22116.84,23283.93,326,69
20230121,87,502.76,495.21,511.36,493.6,500.73,195,39
20230121,88,35.44,37.47,38.11,35.19,36.55,261,49
20230121,89,18.74,19.01,19.61,17.52,18.72,242,58
20230121,90,38.65,43.59,44.29,38.34,41.22,242,52
20230121,91,2890.89,3041.86,3234.11,2810.18,2994.26,143,31
20230121,92,21.55,23.35,23.75,21.17,22.46,418,61
20230121,93,66.75,77.09,77.4,65.79,71.76,427,57
20230121,94,812.28,823.68,831.33,799.53,816.71,149,29
20230121,95,399.67,450.11,462.21,395.24,426.81,272,35
20230121,96,374.19,403.45,419.89,373.96,392.87,218,35
20230121,97,25.51,28.67,28.75,25.45,27.09,256,56
20230121,98,2094.1,2216.02,2288.8,2036.71,2158.91,444,59
20230121,99,43.72,44.18,45.12,43.02,44.01,203,38
20230121,100,39.73,43.08,43.26,38.83,41.22,409,48
20230121,101,15.7,17.38,17.97,15.25,16.58,305,68
20230121,102,11.92,11.95,12.47,11.63,11.99,249,45
20230121,103,1281.7,1284.48,1329.56,1263.79,1289.88,170,29
20230121,104,578.27,612.54,626.46,550.87,592.03,184,37
20230121,105,6387.83,6773.7,7036.58,5987.61,6546.43,393,60
20230121,106,136.71,140.9,145.65,131.66,138.73,467,60
20230121,107,145.92,161.77,167.28,142.65,154.4,226,32
20230121,108,357.94,384.26,386.81,349.02,369.51,221,37
20230121,109,670.01,675.27,681.3,667.8,673.59,257,48
20230121,110,778.69,869.14,904.82,765.56,829.55,268,51
20230121,111,1.93,2.0,2.06,1.89,1.97,290,58
20230121,112,15349.16,16178.52,16792.0,15225.17,15886.21,444,51
20230121,113,6.57,6.96,7.3,6.41,6.81,305,65
20230121,114,969.23,1033.26,1040.5,929.13,993.03,421,61
20230121,115,3274.71,3373.77,3442.57,3208.48,3324.88,292,66
20230121,116,789.83,816.61,824.23,776.23,801.72,193,47
20230121,117,6.04,6.95,6.97,6.0,6.49,302,65
20230121,118,15.5,15.72,16.05,15.4,15.67,281,58
20230121,119,71.78,74.21,74.91,68.56,72.37,244,63
20230121,120,577.68,624.95,640.54,567.88,602.76,410,57
20230121,121,1956.42,2226.18,2239.26,1931.08,2088.23,438,68
20230121,122,9712.48,11240.56,11598.32,9154.72,10426.52,347,42
20230121,123,3.21,3.66,3.74,3.21,3.46,455,68
20230121,124,26.77,25.8,27.61,24.88,26.27,225,64
20230121,125,263.95,257.09,265.1,253.43,259.89,158,30
20230121,126,79632.61,80479.12,81561.72,75578.44,79312.97,292,61
20230121,127,182.76,192.69,197.04,174.82,186.83,205,36
20230121,128,186.87,227.64,230.79,180.52,206.45,155,28
20230121,129,11192.83,12794.8,12843.69,11172.6,12000.98,197,48
20230121,130,94.38,99.84,102.87,93.75,97.71,335,51
20230121,131,203.67,225.07,237.67,201.4,216.95,350,53
20230121,132,2832.46,3116.41,3172.8,2749.8,2967.87,340,59
20230121,133,62.2,69.6,70.68,61.33,65.96,230,51
20230121,134,1464.86,1524.89,1536.41,1453.95,1495.03,301,69
20230121,135,356.42,394.32,400.86,352.33,375.98,184,36
20230121,136,236.49,229.68,236.5,228.51,232.8,287,50
20230121,137,172.92,174.58,181.47,167.35,174.08,202,44
20230121,138,2.37,2.56,2.59,2.3,2.46,442,74
20230121,139,7012.43,7900.76,7931.11,6992.22,7459.13,478,51
20230121,140,184.86,197.21,205.9,180.08,192.01,355,47
20230121,141,34.33,35.78,36.09,33.13,34.83,224,44
20230121,142,60.34,66.78,67.52,58.96,63.4,289,45
20230121,143,7639.15,8903.4,9344.98,7549.23,8359.19,441,57
20230121,144,3.11,3.36,3.47,3.09,3.25,282,66
20230121,145,1343.17,1530.54,1566.82,1338.99,1444.88,321,53
20230121,146,24137.03,23226.47,24916.52,22275.8,23638.95,294,61
20230121,147,573.14,586.77,609.13,555.35,581.1,92,26
20230121,148,104.96,116.56,120.8,102.66,111.24,387,64
20230121,149,2.28,2.45,2.49,2.08,2.32,480,56
20230121,150,4.65,5.09,5.11,4.64,4.87,382,69
20230121,151,12.92,13.15,13.27,12.42,12.94,356,49
20230121,152,16.14,17.63,17.87,16.0,16.91,309,63
20230121,153,55892.52,59689.83,59762.93,54845.0,57547.57,356,39
20230121,154,1404.28,1402.86,1408.94,1362.89,1394.74,199,38
20230121,155,65.44,65.13,66.03,62.19,64.69,319,61
20230121,156,72.27,71.9,74.5,68.13,71.7,388,53
20230121,157,1413.48,1418.05,1490.0,1380.35,1425.47,313,53
20230121,158,23.22,27.32,28.47,22.98,25.5,291,63
20230121,159,14029.65,15601.61,16345.88,13774.94,14938.02,296,63
20230121,160,52.9,55.34,56.23,52.0,54.12,438,58
20230121,161,9.95,11.03,11.25,9.8,10.51,390,60
20230121,162,102.69,101.38,103.97,97.75,101.45,209,52
20230121,163,151.82,175.12,180.77,148.35,164.02,353,41
20230121,164,48.12,51.24,51.24,47.96,49.64,210,41
20230121,165,27.12,31.26,31.77,27.01,29.29,357,54
20230121,166,28.27,30.18,30.51,27.41,29.09,283,60
20230121,167,0.74,0.86,0.88,0.7,0.79,302,53
20230121,168,28.58,31.85,33.15,27.24,30.2,433,81
20230121,169,32.7,36.07,36.21,31.11,34.02,353,48
20230121,170,2764.09,2782.98,2826.06,2762.17,2783.83,52,15
20230121,171,42.41,46.35,46.37,40.7,43.96,428,42
20230121,172,36.14,38.48,41.58,35.69,37.97,344,50
20230121,173,19.65,19.3,20.18,19.23,19.59,216,45
20230121,174,70.36,76.78,76.88,68.54,73.14,174,46
20230121,175,5224.64,5228.92,5466.79,5201.85,5280.55,211,58
20230121,176,42.74,43.25,45.18,42.28,43.36,239,54
20230121,177,47.99,50.31,50.37,47.36,49.01,371,51
20230121,178,355.58,372.75,380.6,344.61,363.38,201,37
20230121,179,4.64,4.78,4.91,4.53,4.72,299,68
20230121,180,314.75,337.88,340.53,309.79,325.74,210,24
20230121,181,38015.37,43777.29,44091.2,37556.46,40860.08,404,49
20230121,182,19.63,19.52,20.55,18.65,19.59,188,45
20230121,183,21.63,25.04,25.93,21.52,23.53,406,57
20230121,184,9.17,9.93,9.98,8.97,9.51,419,70
20230121,185,1683.62,1782.42,1791.63,1682.07,1734.93,281,82
20230121,186,51547.59,56687.05,57321.35,50983.68,54134.92,296,58
20230121,187,1232.84,1243.97,1302.19,1175.05,1238.51,271,60
20230121,188,317.54,341.38,350.8,317.16,331.72,306,59
20230121,189,4.13,4.37,4.51,4.11,4.28,273,60
20230121,190,4.83,4.88,4.9,4.7,4.83,282,56
20230121,191,18.73,18.99,19.25,17.59,18.64,195,47
20230121,192,1834.22,2144.69,2165.67,1742.32,1971.72,182,26
20230121,193,24.27,26.75,27.44,22.97,25.36,356,55
20230121,194,18.67,20.27,20.77,18.65,19.59,393,71
20230121,195,3148.6,3149.44,3152.5,3012.94,3115.87,296,69
20230121,196,66.4,77.88,77.95,65.2,71.86,160,31
20230121,197,215.54,248.1,248.38,215.47,231.87,402,66
20230121,198,332.65,370.54,382.43,328.17,353.45,298,58
20230121,199,1132.32,1269.83,1353.19,1124.39,1219.93,160,30
20230121,200,87.79,96.73,97.05,82.47,91.01,207,44
20230122,1,72.88,72.43,73.91,67.93,71.79,370,53
20230122,2,60.09,64.65,66.21,59.4,62.59,187,44
20230122,3,191.68,256.12,264.05,189.58,225.36,173,39
20230122,4,11447.73,11435.05,11625.45,11303.8,11453.0,141,40
20230122,5,64.22,66.75,73.04,61.66,66.42,290,35
20230122,6,15.06,15.05,15.82,14.6,15.13,406,64
20230122,7,499.1,510.4,543.29,496.53,512.33,341,42
20230122,8,2.41,2.52,2.6,2.32,2.46,272,63
20230122,9,11766.1,12090.21,12497.25,11559.87,11978.36,424,64
20230122,10,33.06,34.11,36.49,32.49,34.04,158,26
20230122,11,40.13,40.73,41.86,38.13,40.21,368,62
20230122,12,518.61,555.66,560.9,504.71,534.97,143,24
20230122,13,1.58,1.55,1.64,1.53,1.58,268,62
20230122,14,63.05,63.59,63.87,61.21,62.93,366,60
20230122,15,8428.08,8421.11,8441.4,7988.0,8319.65,276,55
20230122,16,1.58,1.56,1.62,1.55,1.58,307,52
20230122,17,3718.88,3454.03,3990.92,3126.57,3572.6,294,48
20230122,18,215.18,229.08,232.6,207.97,221.21,224,49
20230122,19,4624.67,4417.08,5006.57,3953.86,4500.54,288,67
20230122,20,371.83,374.35,381.63,370.07,374.47,125,36
20230122,21,22.65,21.24,23.03,19.58,21.63,316,64
20230122,22,2026.07,2115.59,2231.01,1881.85,2063.63,288,61
20230122,23,721.16,702.97,721.91,674.8,705.21,196,51
20230122,24,79.08,75.44,80.88,74.14,77.38,298,63
20230122,25,89.22,89.08,91.94,86.01,89.06,193,32
20230122,26,50.17,49.5,51.1,46.23,49.25,352,51
20230122,27,35.4,34.83,35.69,33.35,34.81,428,75
20230122,28,15854.31,15908.3,16608.76,15575.92,15986.82,335,53
20230122,29,69.63,72.05,72.51,67.44,70.41,274,45
20230122,30,1359.02,1335.95,1416.7,1313.78,1356.36,204,39
20230122,31,198.27,192.5,206.48,189.7,196.74,184,37
20230122,32,191.62,236.13,248.45,186.84,215.76,221,52
20230122,33,53.96,54.47,55.83,53.68,54.48,236,46
20230122,34,17.85,19.02,19.28,17.26,18.35,280,63
20230122,35,70.22,67.27,70.78,65.68,68.49,398,56
20230122,36,99.5,98.11,102.52,96.98,99.28,197,33
20230122,37,14.02,14.57,15.04,13.78,14.35,339,53
20230122,38,110.71,165.56,168.71,108.01,138.25,261,55
20230122,39,86.65,101.86,101.92,86.12,94.14,290,48
20230122,40,23.04,28.17,29.07,22.56,25.71,225,45
20230122,41,9949.61,10051.88,10290.27,9474.53,9941.57,45,12
20230122,42,5553.05,5485.83,5748.78,5436.84,5556.12,405,54
20230122,43,3446.81,4118.97,4132.42,3440.1,3784.58,282,64
20230122,44,44.79,60.41,62.23,44.13,52.89,211,48
20230122,45,74.52,78.19,80.54,72.83,76.52,432,48
20230122,46,467.19,444.05,475.28,430.05,454.14,229,63
20230122,47,99.39,107.43,107.95,99.06,103.46,305,56
20230122,48,317.54,314.45,325.08,301.86,314.73,321,74
20230122,49,63.36,81.39,86.4,62.78,73.48,270,56
20230122,50,1076.09,1138.6,1146.55,1072.85,1108.52,221,51
20230122,51,524.83,539.98,549.55,505.66,530.0,339,56
20230122,52,78.08,76.15,78.13,74.91,76.81,263,42
20230122,53,1881.54,2388.99,2451.33,1803.06,2131.23,243,62
20230122,54,12.38,14.94,15.46,12.31,13.77,195,48
20230122,55,17.08,17.26,17.49,16.83,17.16,353,44
20230122,56,168.98,168.87,170.92,166.88,168.91,243,45
20230122,57,56.01,58.08,59.49,55.0,57.14,231,48
20230122,58,2.2,2.06,2.29,2.04,2.15,268,44
20230122,59,28161.25,27131.32,28808.21,26390.06,27622.71,450,52
20230122,60,1777.98,1728.12,1827.71,1715.24,1762.26,200,27
20230122,61,644.42,635.13,667.34,631.04,644.48,266,43
20230122,62,33.96,32.09,35.27,31.76,33.27,262,56
20230122,63,1533.08,1502.75,1580.33,1488.61,1526.19,426,68
20230122,64,5749.32,5552.44,5793.85,5525.04,5655.16,369,31
20230122,65,7.19,7.55,7.7,6.98,7.35,288,47
20230122,66,7114.27,6812.41,7331.62,6660.23,6979.63,242,38
20230122,67,75.32,71.88,76.08,69.09,73.09,176,43
20230122,68,122.27,122.59,128.01,119.46,123.08,327,49
20230122,69,12219.54,13108.35,13354.87,11718.11,12600.22,378,40
20230122,70,2.85,2.85,2.94,2.79,2.86,434,58
20230122,71,5559.85,5564.29,5626.65,5157.28,5477.02,427,65
20230122,72,10743.38,11435.25,11484.83,10658.04,11080.37,203,29
20230122,73,27.56,28.38,28.5,26.42,27.72,349,45
20230122,74,4.9,4.89,5.05,4.83,4.92,260,53
20230122,75,6374.23,6225.81,6394.54,5684.14,6169.68,409,77
20230122,76,19.19,19.9,20.09,17.94,19.28,440,63
20230122,77,16707.66,15875.92,17389.14,15806.31,16444.76,443,48
20230122,78,5.84,7.24,7.3,5.72,6.52,284,75
20230122,79,147.7,156.02,158.34,146.93,152.25,316,75
20230122,80,92.96,100.48,104.75,92.53,97.68,139,35
20230122,81,15.0,18.55,20.62,14.53,17.18,257,65
20230122,82,135.25,124.27,141.71,122.13,130.84,294,46
20230122,83,22.14,25.6,26.01,21.76,23.88,282,61
20230122,84,10.11,9.87,10.28,9.24,9.87,315,59
20230122,85,89.58,89.09,95.24,86.67,90.15,290,40
20230122,86,24258.58,22959.52,24695.67,22880.97,23698.68,288,42
20230122,87,495.21,596.21,604.11,487.01,545.63,207,38
20230122,88,37.47,40.63,41.31,36.52,38.98,276,43
20230122,89,19.01,19.33,19.94,16.88,18.79,328,68
20230122,90,43.59,44.18,44.93,41.76,43.61,242,66
20230122,91,3041.86,2925.13,3107.47,2819.68,2973.54,140,39
20230122,92,23.35,21.67,23.5,20.26,22.19,386,75
20230122,93,77.09,73.51,78.54,67.53,74.17,403,57
20230122,94,823.68,778.95,870.8,768.58,810.5,149,41
20230122,95,450.11,453.26,470.42,447.77,455.39,266,44
20230122,96,403.45,519.74,522.13,399.53,461.21,232,51
20230122,97,28.67,27.84,28.76,27.61,28.22,234,56
20230122,98,2216.02,2223.23,2223.3,2204.8,2216.84,429,78
20230122,99,44.18,47.96,51.66,42.48,46.57,198,41
20230122,100,43.08,46.41,46.65,42.45,44.65,433,60
20230122,101,17.38,18.05,19.42,17.32,18.04,303,61
20230122,102,11.95,11.96,12.03,11.32,11.82,254,59
20230122,103,1284.48,1324.47,1329.17,1247.17,1296.32,140,30
20230122,104,612.54,637.25,641.86,609.42,625.27,201,43
20230122,105,6773.7,6327.76,6919.74,6238.1,6564.82,417,63
20230122,106,140.9,151.62,157.63,132.98,145.78,412,62
20230122,107,161.77,155.78,172.25,149.31,159.78,219,26
20230122,108,384.26,374.76,387.93,362.53,377.37,208,36
20230122,109,675.27,670.61,679.16,659.05,671.02,232,49
20230122,110,869.14,885.28,941.79,863.48,889.92,234,49
20230122,111,2.0,1.92,2.05,1.86,1.96,292,57
20230122,112,16178.52,15891.33,16470.9,15526.69,16016.86,424,55
20230122,113,6.96,7.19,7.46,6.76,7.1,241,70
20230122,114,1033.26,1054.43,1078.18,992.6,1039.62,445,62
20230122,115,3373.77,3508.71,3628.12,3278.4,3447.25,273,58
20230122,116,816.61,830.19,841.9,800.55,822.31,194,37
20230122,117,6.95,7.05,7.46,6.49,6.99,318,61
20230122,118,15.72,16.48,16.53,15.46,16.05,280,68
20230122,119,74.21,76.19,81.2,71.87,75.87,270,43
20230122,120,624.95,623.29,625.62,620.23,623.52,440,66
20230122,121,2226.18,2318.9,2352.33,2112.77,2252.54,443,66
20230122,122,11240.56,11991.0,12315.12,10703.22,11562.48,353,53
20230122,123,3.66,4.09,4.27,3.55,3.89,421,66
20230122,124,25.8,26.75,27.97,24.51,26.26,243,66
20230122,125,257.09,259.35,260.37,249.65,256.62,162,28
20230122,126,80479.12,77485.01,82071.26,76689.08,79181.12,289,63
20230122,127,192.69,190.2,199.15,182.7,191.18,215,26
20230122,128,227.64,225.77,231.33,221.48,226.56,137,29
20230122,129,12794.8,13115.01,13302.51,12368.46,12895.19,172,46
20230122,130,99.84,97.22,103.88,96.87,99.45,359,57
20230122,131,225.07,238.55,245.19,217.91,231.68,321,61
20230122,132,3116.41,2954.91,3168.98,2851.74,3023.01,318,45
20230122,133,69.6,65.28,70.95,60.17,66.5,258,54
20230122,134,1524.89,1527.34,1544.29,1509.32,1526.46,252,74
20230122,135,394.32,383.2,403.95,382.94,391.1,226,25
20230122,136,229.68,221.55,231.66,220.81,225.92,218,45
20230122,137,174.58,171.5,178.63,163.94,172.16,186,38
20230122,138,2.56,2.49,2.71,2.43,2.55,425,63
20230122,139,7900.76,7910.14,8136.99,7828.58,7944.12,393,60
20230122,140,197.21,191.86,201.33,191.32,195.43,348,53
20230122,141,35.78,34.38,36.04,34.36,35.14,258,40
20230122,142,66.78,66.73,68.16,66.67,67.08,292,47
20230122,143,8903.4,9218.97,9369.56,8872.36,9091.07,438,58
20230122,144,3.36,3.56,3.6,3.28,3.45,312,56
20230122,145,1530.54,1531.34,1556.24,1510.57,1532.17,359,47
20230122,146,23226.47,23452.2,23838.84,22997.56,23378.77,289,61
20230122,147,586.77,584.97,587.64,569.52,582.23,123,18
20230122,148,116.56,116.15,118.02,114.71,116.36,434,62
20230122,149,2.45,2.44,2.56,2.4,2.46,422,55
20230122,150,5.09,5.26,5.31,4.99,5.16,402,55
20230122,151,13.15,12.19,13.55,12.17,12.76,390,60
20230122,152,17.63,20.59,20.75,17.42,19.09,264,57
20230122,153,59689.83,60929.43,61231.03,59374.63,60306.23,347,50
20230122,154,1402.86,1400.65,1486.98,1398.28,1422.19,203,34
20230122,155,65.13,62.48,68.73,61.87,64.55,309,61
20230122,156,71.9,69.13,72.04,67.39,70.11,356,44
20230122,157,1418.05,1531.76,1532.58,1412.92,1473.83,316,53
20230122,158,27.32,32.24,32.52,27.23,29.83,307,63
20230122,159,15601.61,14601.17,16015.45,14446.16,15166.1,325,67
20230122,160,55.34,58.08,59.71,52.32,56.36,471,67
20230122,161,11.03,11.28,11.75,11.02,11.27,374,46
20230122,162,101.38,102.13,104.66,97.53,101.42,268,51
20230122,163,175.12,169.8,178.33,166.92,172.54,341,70
20230122,164,51.24,51.1,51.33,49.78,50.86,234,40
20230122,165,31.26,33.43,34.23,30.59,32.38,338,44
20230122,166,30.18,28.44,32.12,27.88,29.66,309,53
20230122,167,0.86,0.98,1.06,0.85,0.94,318,63
20230122,168,31.85,31.03,31.97,30.72,31.39,403,54
20230122,169,36.07,36.31,37.54,35.95,36.46,368,62
20230122,170,2782.98,2735.73,2950.4,2636.46,2776.39,60,11
20230122,171,46.35,48.21,49.11,42.1,46.44,464,58
20230122,172,38.48,40.26,42.13,37.89,39.69,326,53
20230122,173,19.3,24.62,24.69,18.77,21.85,199,39
20230122,174,76.78,93.46,94.21,76.13,85.14,187,35
20230122,175,5228.92,5336.46,5380.8,5127.28,5268.36,228,42
20230122,176,43.25,43.72,46.75,41.15,43.72,245,55
20230122,177,50.31,48.15,51.65,44.25,48.59,368,60
20230122,178,372.75,355.05,386.62,332.53,361.74,198,34
20230122,179,4.78,4.59,5.05,4.51,4.73,299,65
20230122,180,337.88,333.7,342.31,320.02,333.48,212,33
20230122,181,43777.29,44025.56,45524.79,43441.92,44192.39,437,59
20230122,182,19.52,18.56,20.32,18.34,19.19,200,36
20230122,183,25.04,25.4,25.78,24.61,25.2,405,57
20230122,184,9.93,9.71,10.19,9.6,9.86,439,61
20230122,185,1782.42,1716.62,1817.02,1646.83,1740.72,286,63
20230122,186,56687.05,55531.44,57148.88,54750.3,56029.42,310,61
20230122,187,1243.97,1190.99,1283.28,1161.25,1219.87,282,54
20230122,188,341.38,434.28,434.35,319.87,382.47,307,56
20230122,189,4.37,4.35,4.41,4.33,4.37,293,70
20230122,190,4.88,5.06,5.41,4.64,5.0,298,71
20230122,191,18.99,18.93,19.3,18.7,18.98,186,35
20230122,192,2144.69,2102.65,2283.15,1955.9,2121.59,236,27
20230122,193,26.75,28.21,28.21,26.27,27.36,351,40
20230122,194,20.27,19.13,20.5,18.76,19.66,393,57
20230122,195,3149.44,3366.44,3414.3,3122.36,3263.14,265,66
20230122,196,77.88,83.01,85.75,74.4,80.26,148,39
20230122,197,248.1,261.68,266.87,238.01,253.66,459,67
20230122,198,370.54,367.61,381.23,356.11,368.87,311,62
20230122,199,1269.83,1345.15,1368.38,1257.02,1310.09,137,31
20230122,200,96.73,95.15,99.76,89.08,95.18,194,31
20230123,1,72.43,64.52,73.59,64.33,68.71,262,43
20230123,2,64.65,63.4,66.51,61.85,64.1,130,43
20230123,3,256.12,247.75,259.88,239.79,250.88,137,40
20230123,4,11435.05,10724.67,11445.83,10645.55,11062.77,110,35
20230123,5,66.75,63.32,66.81,61.98,64.71,200,50
20230123,6,15.05,13.38,15.09,13.0,14.13,287,65
20230123,7,510.4,466.6,522.52,456.27,488.95,251,51
20230123,8,2.52,2.35,2.64,2.26,2.44,202,60
20230123,9,12090.21,11044.23,12296.65,10684.65,11528.94,305,68
20230123,10,34.11,31.98,35.68,31.46,33.31,109,31
20230123,11,40.73,35.54,41.47,35.52,38.31,266,52
20230123,12,555.66,505.24,559.9,468.19,522.25,110,19
20230123,13,1.55,1.62,1.68,1.53,1.6,208,75
20230123,14,63.59,59.88,65.27,57.56,61.57,254,52
20230123,15,8421.11,8571.31,8695.09,8024.29,8427.95,204,65
20230123,16,1.56,1.55,1.6,1.54,1.56,204,59
20230123,17,3454.03,3455.43,3562.6,3368.07,3460.04,212,54
20230123,18,229.08,233.09,244.18,225.33,232.92,169,38
20230123,19,4417.08,4272.55,4564.79,4175.12,4357.38,243,62
20230123,20,374.35,382.15,396.92,364.28,379.43,96,27
20230123,21,21.24,22.06,22.16,21.21,21.67,217,63
20230123,22,2115.59,2034.95,2174.14,2020.56,2086.31,197,52
20230123,23,702.97,681.7,726.08,679.9,697.66,126,37
20230123,24,75.44,73.3,78.2,72.38,74.83,202,60
20230123,25,89.08,76.86,91.77,76.37,83.52,142,40
20230123,26,49.5,44.87,49.52,43.43,46.83,262,52
20230123,27,34.83,33.87,36.53,32.32,34.39,311,54
20230123,28,15908.3,13975.49,15938.38,13212.46,14758.66,217,53
20230123,29,72.05,74.8,77.45,71.88,74.05,208,54
20230123,30,1335.95,1322.58,1384.57,1314.51,1339.4,133,48
20230123,31,192.5,212.04,218.69,191.72,203.74,157,41
20230123,32,236.13,227.03,236.69,221.29,230.29,175,50
20230123,33,54.47,52.97,56.29,50.57,53.58,170,58
20230123,34,19.02,18.06,19.26,17.93,18.57,190,43
20230123,35,67.27,60.09,68.15,59.72,63.81,249,56
20230123,36,98.11,94.88,99.23,93.79,96.5,155,32
20230123,37,14.57,13.55,14.95,12.88,13.99,250,55
20230123,38,165.56,173.81,180.74,157.03,169.28,179,55
20230123,39,101.86,95.6,105.1,95.37,99.48,195,65
20230123,40,28.17,29.0,29.12,25.6,27.97,160,51
20230123,41,10051.88,9508.93,10420.31,9455.08,9859.05,37,11
20230123,42,5485.83,4772.25,5689.25,4704.68,5163.0,307,64
20230123,43,4118.97,4132.59,4184.73,3978.94,4103.81,195,62
20230123,44,60.41,61.69,63.53,58.17,60.95,154,43
20230123,45,78.19,71.46,80.47,69.47,74.9,291,63
20230123,46,444.05,457.79,462.2,439.5,450.89,206,56
20230123,47,107.43,110.3,110.89,107.18,108.95,209,51
20230123,48,314.45,336.45,357.52,309.69,329.53,228,68
20230123,49,81.39,76.95,82.71,73.31,78.59,169,60
20230123,50,1138.6,1176.17,1184.67,1132.06,1157.88,176,66
20230123,51,539.98,538.6,549.52,518.61,536.68,241,46
20230123,52,76.15,73.51,79.09,71.22,74.99,173,56
20230123,53,2388.99,2199.17,2473.91,2129.86,2297.98,166,51
20230123,54,14.94,13.92,15.08,13.84,14.45,132,55
20230123,55,17.26,15.49,17.62,14.97,16.33,286,60
20230123,56,168.87,182.52,183.87,168.08,175.83,187,42
20230123,57,58.08,57.29,60.26,56.0,57.91,196,42
20230123,58,2.06,1.99,2.13,1.93,2.03,233,81
20230123,59,27131.32,24267.4,28078.68,24006.69,25871.02,289,64
20230123,60,1728.12,1667.55,1774.47,1631.25,1700.35,156,54
20230123,61,635.13,599.03,669.32,584.75,622.06,176,51
20230123,62,32.09,32.17,32.67,31.75,32.17,166,54
20230123,63,1502.75,1510.79,1557.06,1435.96,1501.64,296,51
20230123,64,5552.44,5275.37,5825.18,5224.4,5469.35,232,50
20230123,65,7.55,7.59,7.76,7.2,7.52,178,63
20230123,66,6812.41,6684.39,6893.46,6412.66,6700.73,178,60
20230123,67,71.88,68.67,73.96,66.25,70.19,124,38
20230123,68,122.59,108.37,124.68,107.01,115.66,249,48
20230123,69,13108.35,11362.23,13275.88,11117.75,12216.05,241,49
20230123,70,2.85,2.72,2.88,2.65,2.77,274,65
20230123,71,5564.29,5032.05,5601.7,4788.09,5246.53,285,53
20230123,72,11435.25,11739.9,12050.46,11348.92,11643.63,130,50
20230123,73,28.38,26.1,29.92,25.3,27.42,244,50
20230123,74,4.89,4.71,5.04,4.63,4.82,161,46
20230123,75,6225.81,5446.38,6227.59,5437.49,5834.32,290,47
20230123,76,19.9,18.62,20.44,18.61,19.39,280,66
20230123,77,15875.92,14498.08,16193.89,14357.22,15231.28,304,57
20230123,78,7.24,7.55,7.92,7.03,7.43,201,55
20230123,79,156.02,148.83,160.72,142.27,151.96,203,46
20230123,80,100.48,102.76,103.4,97.8,101.11,106,35
20230123,81,18.55,19.39,19.68,18.28,18.98,180,42
20230123,82,124.27,124.69,125.98,120.66,123.9,200,66
20230123,83,25.6,26.17,27.08,25.42,26.07,233,64
20230123,84,9.87,10.06,10.14,9.8,9.97,184,62
20230123,85,89.09,88.17,89.37,88.02,88.66,202,38
20230123,86,22959.52,23103.11,23579.44,22682.15,23081.06,212,68
20230123,87,596.21,604.25,651.19,572.1,605.94,146,47
20230123,88,40.63,37.24,41.71,37.0,39.14,214,47
20230123,89,19.33,18.5,19.9,18.41,19.04,228,78
20230123,90,44.18,41.61,44.39,41.53,42.93,179,37
20230123,91,2925.13,3073.64,3092.26,2859.82,2987.71,80,26
20230123,92,21.67,19.04,22.33,18.91,20.49,309,66
20230123,93,73.51,69.78,75.84,67.97,71.78,275,59
20230123,94,778.95,809.56,839.06,737.76,791.33,96,44
20230123,95,453.26,432.34,463.53,426.34,443.87,204,50
20230123,96,519.74,506.12,533.39,488.63,511.97,166,55
20230123,97,27.84,27.0,28.5,25.53,27.22,190,55
20230123,98,2223.23,2068.47,2251.8,2025.73,2142.31,311,64
20230123,99,47.96,47.11,48.5,45.28,47.21,147,36
20230123,100,46.41,40.43,46.71,39.88,43.36,313,62
20230123,101,18.05,19.26,19.91,17.72,18.73,205,52
20230123,102,11.96,11.51,12.23,11.29,11.75,182,64
20230123,103,1324.47,1254.25,1376.13,1254.07,1302.23,106,30
20230123,104,637.25,615.45,640.04,584.4,619.28,134,41
20230123,105,6327.76,6237.71,6354.66,6106.93,6256.76,320,58
20230123,106,151.62,126.96,156.09,123.93,139.65,307,58
20230123,107,155.78,148.05,157.75,145.44,151.75,139,22
20230123,108,374.76,331.15,386.64,329.21,355.44,144,33
20230123,109,670.61,676.19,697.09,659.58,675.87,168,44
20230123,110,885.28,853.07,893.95,848.62,870.23,175,58
20230123,111,1.92,2.08,2.11,1.9,2.0,222,58
20230123,112,15891.33,14618.84,15894.37,14583.96,15247.12,309,69
20230123,113,7.19,6.94,7.49,6.91,7.13,214,61
20230123,114,1054.43,959.43,1068.37,937.06,1004.82,289,65
20230123,115,3508.71,3534.48,3584.74,3424.49,3513.1,207,79
20230123,116,830.19,850.37,854.72,826.08,840.34,129,36
20230123,117,7.05,7.0,7.07,6.89,7.0,213,65
20230123,118,16.48,16.26,17.25,16.23,16.56,202,49
20230123,119,76.19,70.55,76.67,67.29,72.67,175,58
20230123,120,623.29,560.48,655.42,551.35,597.63,309,59
20230123,121,2318.9,2179.54,2325.24,2152.89,2244.14,297,55
20230123,122,11991.0,10767.94,12619.72,10648.0,11506.67,233,40
20230123,123,4.09,3.84,4.11,3.6,3.91,300,75
20230123,124,26.75,26.13,27.1,26.1,26.52,204,43
20230123,125,259.35,256.69,261.73,255.43,258.3,97,36
20230123,126,77485.01,80747.4,82162.45,77241.39,79409.06,195,47
20230123,127,190.2,162.33,191.96,152.76,174.31,133,38
20230123,128,225.77,218.28,236.04,217.67,224.44,105,32
20230123,129,13115.01,13616.65,13891.07,12715.16,13334.47,144,34
20230123,130,97.22,96.13,97.41,94.64,96.35,253,45
20230123,131,238.55,239.86,243.71,227.74,237.46,278,62
20230123,132,2954.91,2727.9,3006.56,2663.61,2838.24,239,51
20230123,133,65.28,66.81,67.4,64.3,65.95,155,45
20230123,134,1527.34,1572.1,1574.22,1486.61,1540.07,221,66
20230123,135,383.2,372.19,392.14,368.12,378.91,143,35
20230123,136,221.55,228.19,228.82,219.68,224.56,186,47
20230123,137,171.5,178.34,180.84,170.84,175.38,134,42
20230123,138,2.49,2.34,2.58,2.17,2.39,291,58
20230123,139,7910.14,7415.79,7982.86,7060.93,7592.43,292,69
20230123,140,191.86,169.54,198.14,168.53,182.02,255,42
20230123,141,34.38,33.1,35.48,32.06,33.75,192,42
20230123,142,66.73,64.56,68.05,63.85,65.8,239,55
20230123,143,9218.97,8046.12,9596.6,7621.97,8620.92,300,52
20230123,144,3.56,3.27,3.74,3.27,3.46,197,66
20230123,145,1531.34,1378.92,1552.65,1368.29,1457.8,245,58
20230123,146,23452.2,22924.92,23470.81,21490.14,22834.52,202,57
20230123,147,584.97,583.56,605.45,568.94,585.73,87,17
20230123,148,116.15,107.72,122.94,106.79,113.4,296,65
20230123,149,2.44,2.24,2.47,2.13,2.32,283,64
20230123,150,5.26,4.74,5.35,4.65,5.0,291,65
20230123,151,12.19,10.79,12.22,10.57,11.44,246,48
20230123,152,20.59,20.74,20.8,20.18,20.58,195,61
20230123,153,60929.43,55806.95,61428.94,55726.23,58472.89,238,50
20230123,154,1400.65,1262.89,1467.27,1247.4,1344.55,157,29
20230123,155,62.48,61.42,62.57,59.77,61.56,210,50
20230123,156,69.13,61.97,70.07,58.75,64.98,255,57
20230123,157,1531.76,1512.6,1571.27,1506.76,1530.6,190,58
20230123,158,32.24,31.16,32.68,31.14,31.8,229,59
20230123,159,14601.17,14541.89,15358.29,14416.28,14729.41,200,72
20230123,160,58.08,54.96,58.24,54.13,56.35,291,60
20230123,161,11.28,10.54,11.74,10.49,11.01,284,61
20230123,162,102.13,108.81,109.52,100.14,105.15,172,51
20230123,163,169.8,164.65,174.79,159.07,167.08,256,49
20230123,164,51.1,54.68,57.02,48.67,52.87,169,48
20230123,165,33.43,31.53,33.82,31.41,32.55,244,49
20230123,166,28.44,29.4,30.21,27.99,29.01,211,59
20230123,167,0.98,0.95,0.98,0.94,0.96,223,48
20230123,168,31.03,29.45,31.46,28.71,30.16,312,69
20230123,169,36.31,32.51,38.41,32.4,34.91,254,49
20230123,170,2735.73,2552.95,2745.91,2546.4,2645.25,36,9
20230123,171,48.21,47.28,49.21,45.24,47.48,307,72
20230123,172,40.26,35.08,41.03,34.62,37.75,274,54
20230123,173,24.62,24.93,26.14,23.94,24.91,146,45
20230123,174,93.46,88.24,98.51,84.54,91.19,136,46
20230123,175,5336.46,5554.22,5832.11,5306.0,5507.2,165,40
20230123,176,43.72,45.9,46.22,42.58,44.61,166,52
20230123,177,48.15,45.54,48.71,43.61,46.5,239,45
20230123,178,355.05,367.84,373.56,345.06,360.38,141,39
20230123,179,4.59,4.67,4.7,4.55,4.63,205,63
20230123,180,333.7,332.07,336.26,330.18,333.05,163,34
20230123,181,44025.56,41522.1,45311.51,40182.99,42760.54,305,58
20230123,182,18.56,17.97,18.89,17.52,18.23,139,35
20230123,183,25.4,23.48,25.43,23.26,24.39,295,57
20230123,184,9.71,8.92,9.75,8.85,9.31,298,63
20230123,185,1716.62,1700.79,1741.5,1679.1,1709.5,213,67
20230123,186,55531.44,51467.18,56502.96,49581.33,53270.73,189,69
20230123,187,1190.99,1207.9,1220.48,1138.2,1189.39,215,54
20230123,188,434.28,405.18,446.67,390.22,419.09,225,44
20230123,189,4.35,3.86,4.35,3.75,4.08,206,74
20230123,190,5.06,4.92,5.07,4.85,4.97,225,65
20230123,191,18.93,18.38,19.07,17.83,18.55,172,38
20230123,192,2102.65,1861.74,2141.59,1827.96,1983.49,152,31
20230123,193,28.21,22.81,29.0,22.63,25.66,253,47
20230123,194,19.13,17.02,19.3,16.55,18.0,298,48
20230123,195,3366.44,3312.91,3411.97,2924.63,3253.99,212,57
20230123,196,83.01,79.38,85.22,75.59,80.8,116,26
20230123,197,261.68,245.83,262.27,243.58,253.34,296,55
20230123,198,367.61,387.21,389.43,364.41,377.16,217,59
20230123,199,1345.15,1348.01,1419.91,1328.57,1360.41,115,23
20230123,200,95.15,90.79,97.22,89.15,93.08,151,35
20230124,1,64.52,67.6,69.03,60.15,65.32,228,49
20230124,2,63.4,61.38,65.15,59.97,62.48,146,39
20230124,3,247.75,253.97,258.13,233.24,248.27,146,41
20230124,4,10724.67,11003.65,11458.13,10425.8,10903.06,96,24
20230124,5,63.32,61.26,63.63,58.18,61.6,190,40
20230124,6,13.38,13.01,13.39,13.0,13.2,271,41
20230124,7,466.6,474.48,491.77,452.43,471.32,243,52
20230124,8,2.35,2.22,2.38,2.19,2.28,202,59
20230124,9,11044.23,10487.01,11629.34,10329.26,10872.46,267,50
20230124,10,31.98,31.16,32.22,29.56,31.23,132,32
20230124,11,35.54,36.15,36.77,35.19,35.91,238,64
20230124,12,505.24,505.43,511.47,505.08,506.8,86,28
20230124,13,1.62,1.69,1.76,1.58,1.66,202,65
20230124,14,59.88,58.17,61.15,57.19,59.1,223,41
20230124,15,8571.31,8272.37,8723.67,7779.23,8336.65,218,57
20230124,16,1.55,1.59,1.67,1.54,1.59,194,61
20230124,17,3455.43,3426.58,3627.66,3401.65,3477.83,231,61
20230124,18,233.09,226.5,234.19,226.39,230.04,206,51
20230124,19,4272.55,3969.76,4403.72,3886.98,4133.25,202,61
20230124,20,382.15,384.89,387.9,377.45,383.1,110,38
20230124,21,22.06,23.25,23.55,21.88,22.68,220,61
20230124,22,2034.95,1974.8,2051.93,1876.27,1984.49,200,62
20230124,23,681.7,724.04,737.92,665.56,702.3,157,48
20230124,24,73.3,73.89,82.95,72.55,75.67,231,56
20230124,25,76.86,71.54,79.55,68.87,74.2,127,27
20230124,26,44.87,44.0,45.2,43.55,44.41,241,57
20230124,27,33.87,32.61,34.36,31.31,33.04,297,49
20230124,28,13975.49,13859.55,14174.58,13856.18,13966.45,252,60
20230124,29,74.8,75.37,75.57,72.17,74.48,169,57
20230124,30,1322.58,1468.76,1502.09,1283.56,1394.25,127,40
20230124,31,212.04,200.38,213.03,195.78,205.31,136,36
20230124,32,227.03,223.8,233.92,218.91,225.92,176,57
20230124,33,52.97,50.76,53.74,50.61,52.02,147,45
20230124,34,18.06,17.18,18.39,17.12,17.69,211,52
20230124,35,60.09,60.86,61.13,59.07,60.29,244,50
20230124,36,94.88,94.27,95.76,92.4,94.33,124,27
20230124,37,13.55,12.5,13.94,11.76,12.94,246,49
20230124,38,173.81,175.48,175.75,168.08,173.28,174,60
20230124,39,95.6,91.9,96.88,91.11,93.87,230,56
20230124,40,29.0,29.26,29.88,28.95,29.27,133,39
20230124,41,9508.93,10018.63,10094.91,9349.54,9743.0,38,10
20230124,42,4772.25,4985.95,5215.54,4751.45,4931.3,308,55
20230124,43,4132.59,4181.57,4206.45,4006.51,4131.78,197,58
20230124,44,61.69,61.45,62.36,60.79,61.57,172,50
20230124,45,71.46,70.88,72.16,67.88,70.6,308,59
20230124,46,457.79,471.9,477.71,422.81,457.55,168,40
20230124,47,110.3,112.18,115.14,106.96,111.15,204,66
20230124,48,336.45,337.15,338.16,335.06,336.71,216,62
20230124,49,76.95,78.92,80.15,76.1,78.03,182,53
20230124,50,1176.17,1101.93,1221.11,1098.44,1149.41,172,45
20230124,51,538.6,522.61,540.34,520.73,530.57,209,53
20230124,52,73.51,75.09,75.19,70.6,73.6,179,59
20230124,53,2199.17,2297.96,2310.38,2198.25,2251.44,179,58
20230124,54,13.92,14.08,14.24,13.78,14.0,150,29
20230124,55,15.49,16.3,17.03,14.75,15.89,244,57
20230124,56,182.52,185.42,191.21,172.6,182.94,187,47
20230124,57,57.29,56.69,57.77,53.79,56.39,162,61
20230124,58,1.99,1.89,2.08,1.75,1.93,181,64
20230124,59,24267.4,26084.87,27042.09,23666.04,25265.1,281,64
20230124,60,1667.55,1835.01,1840.96,1639.58,1745.78,154,55
20230124,61,599.03,630.59,658.87,569.68,614.54,177,46
20230124,62,32.17,35.92,37.29,32.01,34.35,160,54
20230124,63,1510.79,1430.87,1547.68,1428.67,1479.5,279,63
20230124,64,5275.37,5042.65,5538.81,4930.69,5196.88,269,55
20230124,65,7.59,6.7,7.66,6.56,7.13,197,61
20230124,66,6684.39,6973.94,7063.6,6649.58,6842.88,171,55
20230124,67,68.67,72.38,72.8,66.36,70.05,115,38
20230124,68,108.37,108.83,111.03,106.27,108.62,230,53
20230124,69,11362.23,10858.24,11687.03,10752.4,11164.98,240,54
20230124,70,2.72,2.71,2.76,2.7,2.72,301,66
20230124,71,5032.05,5100.33,5187.85,4936.08,5064.07,306,64
20230124,72,11739.9,12049.76,12155.53,11308.29,11813.37,130,42
20230124,73,26.1,26.23,26.56,25.76,26.16,254,50
20230124,74,4.71,4.77,4.81,4.5,4.7,175,42
20230124,75,5446.38,5474.66,5575.05,5415.75,5477.96,269,61
20230124,76,18.62,19.76,20.0,17.33,18.93,307,55
20230124,77,14498.08,15051.4,15295.56,14467.21,14828.06,270,63
20230124,78,7.55,7.23,7.76,7.08,7.4,222,62
20230124,79,148.83,156.73,161.22,146.3,153.27,193,64
20230124,80,102.76,108.48,111.13,102.08,106.11,103,31
20230124,81,19.39,19.48,19.77,19.32,19.49,192,56
20230124,82,124.69,126.52,126.64,124.5,125.59,220,55
20230124,83,26.17,27.86,28.24,25.69,26.99,205,54
20230124,84,10.06,9.44,10.19,9.28,9.74,214,48
20230124,85,88.17,91.62,95.38,86.68,90.46,200,54
20230124,86,23103.11,22697.24,23536.65,22612.01,22987.25,224,64
20230124,87,604.25,626.88,629.31,594.16,613.65,132,39
20230124,88,37.24,37.5,39.33,36.74,37.7,200,35
20230124,89,18.5,17.64,19.43,16.71,18.07,214,64
20230124,90,41.61,41.21,43.0,39.36,41.29,174,58
20230124,91,3073.64,3204.35,3249.0,2899.49,3106.62,88,34
20230124,92,19.04,18.85,19.85,18.6,19.08,292,63
20230124,93,69.78,68.18,71.75,66.1,68.95,295,51
20230124,94,809.56,806.69,851.25,806.08,818.4,92,28
20230124,95,432.34,442.77,448.57,422.39,436.51,202,37
20230124,96,506.12,549.86,571.69,496.39,531.01,166,57
20230124,97,27.0,24.96,27.04,24.4,25.85,167,51
20230124,98,2068.47,2288.16,2350.07,2036.66,2185.84,279,50
20230124,99,47.11,47.93,49.33,46.64,47.75,127,51
20230124,100,40.43,41.43,41.76,40.05,40.92,318,61
20230124,101,19.26,18.77,19.5,18.74,19.07,214,71
20230124,102,11.51,11.67,11.71,11.2,11.52,174,56
20230124,103,1254.25,1270.46,1296.5,1235.08,1264.07,86,26
20230124,104,615.45,584.92,658.79,580.27,609.86,147,44
20230124,105,6237.71,6123.98,6459.48,5851.7,6168.22,318,52
20230124,106,126.96,136.35,142.85,126.28,133.11,295,61
20230124,107,148.05,137.32,149.13,123.69,139.55,144,36
20230124,108,331.15,338.9,347.24,328.48,336.44,148,22
20230124,109,676.19,670.89,679.94,637.02,666.01,167,63
20230124,110,853.07,825.57,889.0,816.87,846.13,187,52
20230124,111,2.08,2.24,2.26,2.01,2.15,206,60
20230124,112,14618.84,14017.15,14903.36,13817.37,14339.18,292,60
20230124,113,6.94,6.68,7.03,6.64,6.82,225,73
20230124,114,959.43,962.72,995.27,948.5,966.48,278,50
20230124,115,3534.48,3467.11,3534.5,3437.46,3493.39,246,64
20230124,116,850.37,871.88,926.13,790.99,859.84,135,40
20230124,117,7.0,6.95,7.02,6.77,6.93,213,59
20230124,118,16.26,16.4,16.45,16.07,16.3,214,67
20230124,119,70.55,69.99,70.65,67.58,69.69,170,57
20230124,120,560.48,539.19,568.81,530.57,549.76,286,51
20230124,121,2179.54,2228.66,2317.12,2176.04,2225.34,319,71
20230124,122,10767.94,10956.42,11736.39,10364.4,10956.29,229,41
20230124,123,3.84,3.74,3.85,3.59,3.75,306,55
20230124,124,26.13,27.28,27.37,25.47,26.57,159,55
20230124,125,256.69,258.63,274.88,242.28,258.12,97,30
20230124,126,80747.4,84091.56,84127.98,77653.88,81655.2,221,77
20230124,127,162.33,172.69,175.0,158.92,167.23,154,30
20230124,128,218.28,233.04,233.92,213.71,224.74,119,48
20230124,129,13616.65,13906.81,13946.2,13586.52,13764.05,151,42
20230124,130,96.13,95.55,101.21,94.95,96.96,228,64
20230124,131,239.86,237.14,247.85,235.31,240.04,250,62
20230124,132,2727.9,2722.06,2782.5,2635.85,2717.07,271,52
20230124,133,66.81,61.37,68.32,59.48,63.99,172,50
20230124,134,1572.1,1621.8,1634.29,1547.36,1593.89,219,70
20230124,135,372.19,376.2,379.4,365.61,373.35,144,36
20230124,136,228.19,242.18,242.69,226.77,234.96,167,62
20230124,137,178.34,178.52,183.42,168.06,177.09,136,37
20230124,138,2.34,2.41,2.44,2.24,2.36,300,53
20230124,139,7415.79,7003.0,7574.41,6555.17,7137.09,304,63
20230124,140,169.54,162.38,170.75,154.33,164.25,239,54
20230124,141,33.1,29.71,33.15,29.59,31.39,173,51
20230124,142,64.56,64.49,65.47,63.46,64.49,219,65
20230124,143,8046.12,7811.7,8123.62,7545.61,7881.76,327,77
20230124,144,3.27,3.17,3.39,3.14,3.24,191,77
20230124,145,1378.92,1396.44,1424.6,1377.92,1394.47,239,50
20230124,146,22924.92,22588.19,23302.23,22559.04,22843.59,218,57
20230124,147,583.56,552.08,608.34,538.35,570.58,74,19
20230124,148,107.72,115.29,119.84,106.55,112.35,270,54
20230124,149,2.24,2.21,2.24,2.18,2.22,321,64
20230124,150,4.74,4.5,4.78,4.43,4.61,291,74
20230124,151,10.79,10.61,10.91,10.55,10.72,241,63
20230124,152,20.74,20.3,21.7,20.25,20.75,211,57
20230124,153,55806.95,55747.25,57592.13,53362.08,55627.1,241,52
20230124,154,1262.89,1334.98,1345.81,1233.05,1294.18,153,43
20230124,155,61.42,61.5,62.42,60.44,61.44,193,49
20230124,156,61.97,69.02,70.73,61.88,65.9,233,46
20230124,157,1512.6,1523.46,1588.83,1424.46,1512.34,218,61
20230124,158,31.16,31.87,34.14,30.5,31.92,197,59
20230124,159,14541.89,15554.14,15580.47,14520.33,15049.21,172,66
20230124,160,54.96,57.85,60.46,53.21,56.62,234,59
20230124,161,10.54,11.1,11.24,10.33,10.8,233,47
20230124,162,108.81,107.75,115.61,107.22,109.85,164,56
20230124,163,164.65,164.98,171.67,153.74,163.76,252,45
20230124,164,54.68,49.13,55.36,48.51,51.92,172,51
20230124,165,31.53,31.43,32.83,30.5,31.57,235,44
20230124,166,29.4,31.29,31.56,28.61,30.21,205,65
20230124,167,0.95,1.0,1.04,0.92,0.98,214,58
20230124,168,29.45,29.27,29.5,28.59,29.2,283,51
20230124,169,32.51,35.29,36.48,31.5,33.95,276,49
20230124,170,2552.95,2552.72,2599.89,2531.87,2559.36,30,13
20230124,171,47.28,45.89,47.31,44.74,46.31,285,49
20230124,172,35.08,34.65,35.94,34.17,34.96,268,41
20230124,173,24.93,23.89,25.49,23.57,24.47,145,41
20230124,174,88.24,89.86,92.1,84.16,88.59,125,39
20230124,175,5554.22,5616.17,5748.59,5354.74,5568.43,153,57
20230124,176,45.9,47.08,49.07,44.95,46.75,165,44
20230124,177,45.54,45.24,46.0,44.78,45.39,242,49
20230124,178,367.84,364.41,372.36,360.8,366.35,164,36
20230124,179,4.67,4.31,4.79,4.28,4.51,222,67
20230124,180,332.07,331.48,336.46,328.45,332.12,185,26
20230124,181,41522.1,41424.75,41612.58,39244.13,40950.89,317,57
20230124,182,17.97,17.53,18.27,17.21,17.75,141,37
20230124,183,23.48,23.6,24.26,22.31,23.41,296,55
20230124,184,8.92,8.97,9.21,8.54,8.91,295,59
20230124,185,1700.79,1859.3,1906.83,1681.33,1787.06,238,54
20230124,186,51467.18,50068.79,53555.46,48920.36,51002.95,230,76
20230124,187,1207.9,1233.72,1247.05,1169.75,1214.61,233,62
20230124,188,405.18,390.37,409.99,381.76,396.82,212,59
20230124,189,3.86,3.84,3.93,3.78,3.85,215,69
20230124,190,4.92,4.98,4.99,4.66,4.89,190,62
20230124,191,18.38,18.61,19.42,17.78,18.55,140,44
20230124,192,1861.74,1870.03,1884.12,1779.16,1848.76,176,31
20230124,193,22.81,23.16,23.17,21.77,22.73,267,46
20230124,194,17.02,17.01,17.46,16.85,17.09,311,64
20230124,195,3312.91,3450.42,3563.15,3270.4,3399.22,222,77
20230124,196,79.38,78.19,79.49,77.34,78.6,100,26
20230124,197,245.83,247.53,257.61,243.71,248.67,278,66
20230124,198,387.21,392.36,394.05,385.7,389.83,191,79
20230124,199,1348.01,1350.03,1360.72,1332.63,1347.85,104,28
20230124,200,90.79,92.42,92.75,86.47,90.61,164,28
20230125,1,67.6,66.74,68.41,66.24,67.25,289,59
20230125,2,61.38,62.27,63.43,58.74,61.46,127,46
20230125,3,253.97,245.83,259.39,245.09,251.07,160,45
20230125,4,11003.65,10208.69,11290.77,10197.08,10675.05,99,35
20230125,5,61.26,56.1,61.67,55.22,58.56,187,33
20230125,6,13.01,11.92,13.69,11.73,12.59,315,65
20230125,7,474.48,493.84,502.52,472.43,485.82,267,56
20230125,8,2.22,1.99,2.33,1.96,2.13,228,55
20230125,9,10487.01,10732.36,11000.76,10270.69,10622.71,307,69
20230125,10,31.16,29.57,31.56,28.11,30.1,102,30
20230125,11,36.15,36.95,38.28,36.07,36.86,277,56
20230125,12,505.43,449.11,510.12,438.59,475.81,84,18
20230125,13,1.69,1.64,1.81,1.6,1.69,232,60
20230125,14,58.17,61.43,61.78,54.04,58.85,227,56
20230125,15,8272.37,8427.25,8691.78,7805.87,8299.32,216,62
20230125,16,1.59,1.54,1.62,1.48,1.56,258,70
20230125,17,3426.58,3124.33,3477.13,3121.89,3287.48,170,62
20230125,18,226.5,209.62,231.11,205.75,218.24,168,45
20230125,19,3969.76,4194.27,4299.03,3872.24,4083.82,213,59
20230125,20,384.89,369.8,393.85,361.68,377.55,112,24
20230125,21,23.25,22.44,25.51,22.08,23.32,205,71
20230125,22,1974.8,1993.5,1997.61,1885.71,1962.91,223,56
20230125,23,724.04,673.53,736.53,651.23,696.33,116,37
20230125,24,73.89,74.17,75.01,72.25,73.83,218,66
20230125,25,71.54,69.54,72.15,66.26,69.87,144,26
20230125,26,44.0,44.6,45.9,42.28,44.19,257,44
20230125,27,32.61,31.32,32.8,30.99,31.93,296,58
20230125,28,13859.55,12730.1,14070.57,12131.18,13197.85,257,54
20230125,29,75.37,71.95,78.69,66.34,73.09,180,50
20230125,30,1468.76,1485.88,1554.22,1453.88,1490.68,132,42
20230125,31,200.38,201.65,205.56,194.69,200.57,149,50
20230125,32,223.8,220.87,224.68,219.09,222.11,193,52
20230125,33,50.76,51.39,54.69,50.66,51.87,172,53
20230125,34,17.18,16.83,17.5,16.73,17.06,219,61
20230125,35,60.86,60.06,61.36,59.5,60.45,252,56
20230125,36,94.27,90.07,94.92,87.89,91.79,147,37
20230125,37,12.5,12.74,13.35,12.21,12.7,255,51
20230125,38,175.48,174.97,184.54,173.63,177.15,164,37
20230125,39,91.9,89.24,93.23,86.17,90.13,231,57
20230125,40,29.26,26.99,29.65,26.61,28.13,151,43
20230125,41,10018.63,10182.45,10223.45,9593.9,10004.61,33,16
20230125,42,4985.95,4783.97,5132.24,4753.28,4913.86,314,56
20230125,43,4181.57,4114.34,4236.01,4053.78,4146.42,205,68
20230125,44,61.45,67.8,72.18,61.06,65.62,150,37
20230125,45,70.88,70.91,71.06,69.71,70.64,298,69
20230125,46,471.9,493.71,499.05,470.01,483.67,178,45
20230125,47,112.18,107.07,113.28,104.62,109.29,231,66
20230125,48,337.15,346.62,348.31,335.86,341.98,199,59
20230125,49,78.92,78.13,80.49,76.48,78.51,151,52
20230125,50,1101.93,1086.84,1108.27,1044.91,1085.49,184,49
20230125,51,522.61,556.59,577.2,500.71,539.28,260,59
20230125,52,75.09,72.14,76.44,71.96,73.91,178,42
20230125,53,2297.96,2255.39,2365.39,2209.08,2281.95,182,67
20230125,54,14.08,13.32,14.56,13.21,13.79,161,52
20230125,55,16.3,16.32,17.17,15.99,16.45,252,65
20230125,56,185.42,176.51,186.14,174.87,180.73,156,39
20230125,57,56.69,57.82,59.51,53.21,56.81,185,58
20230125,58,1.89,1.74,1.98,1.62,1.81,207,63
20230125,59,26084.87,26133.06,26754.0,25099.9,26017.96,310,64
20230125,60,1835.01,1797.62,1861.07,1746.67,1810.09,173,51
20230125,61,630.59,622.39,635.57,600.92,622.37,222,46
20230125,62,35.92,35.17,37.08,35.15,35.83,186,62
20230125,63,1430.87,1375.77,1439.9,1344.09,1397.66,311,58
20230125,64,5042.65,4926.69,5240.89,4857.28,5016.88,273,43
20230125,65,6.7,6.34,6.71,6.18,6.48,214,58
20230125,66,6973.94,7049.92,7189.84,6806.5,7005.05,168,44
20230125,67,72.38,68.42,74.66,66.8,70.56,144,34
20230125,68,108.83,105.32,110.02,103.75,106.98,269,61
20230125,69,10858.24,10920.98,10996.74,10510.2,10821.54,265,53
20230125,70,2.71,2.83,2.85,2.65,2.76,284,52
20230125,71,5100.33,5006.16,5111.93,4982.83,5050.31,318,70
20230125,72,12049.76,11601.58,12087.84,11340.86,11770.01,139,41
20230125,73,26.23,25.81,26.47,25.57,26.02,272,35
20230125,74,4.77,4.25,4.9,4.21,4.53,159,45
20230125,75,5474.66,5124.34,5540.84,5050.43,5297.57,290,60
20230125,76,19.76,19.06,20.27,18.57,19.41,311,51
20230125,77,15051.4,14353.61,15230.82,14053.56,14672.35,288,48
20230125,78,7.23,6.66,7.31,6.39,6.9,180,66
20230125,79,156.73,157.18,158.0,146.5,154.6,218,67
20230125,80,108.48,106.98,109.67,106.83,107.99,112,32
20230125,81,19.48,18.94,19.54,18.52,19.12,177,41
20230125,82,126.52,120.4,131.03,117.01,123.74,215,61
20230125,83,27.86,27.1,29.01,26.62,27.65,214,60
20230125,84,9.44,9.57,10.13,9.31,9.61,223,58
20230125,85,91.62,87.74,93.56,81.52,88.61,201,31
20230125,86,22697.24,22711.65,23247.31,22171.15,22706.84,216,73
20230125,87,626.88,589.5,654.3,579.51,612.55,132,37
20230125,88,37.5,36.88,38.58,35.69,37.16,209,49
20230125,89,17.64,18.33,19.52,17.44,18.23,198,49
20230125,90,41.21,43.01,44.96,39.43,42.15,163,63
20230125,91,3204.35,3287.06,3288.08,3174.26,3238.44,101,41
20230125,92,18.85,18.66,19.14,18.49,18.79,311,59
20230125,93,68.18,67.15,68.27,66.23,67.46,283,57
20230125,94,806.69,790.78,815.63,785.08,799.55,95,27
20230125,95,442.77,400.58,482.08,388.6,428.51,209,34
20230125,96,549.86,508.18,558.61,504.77,530.35,144,55
20230125,97,24.96,25.02,25.26,24.83,25.02,190,48
20230125,98,2288.16,2196.63,2376.87,2016.74,2219.6,306,63
20230125,99,47.93,49.97,51.9,46.69,49.12,143,45
20230125,100,41.43,42.6,44.0,39.56,41.9,303,57
20230125,101,18.77,17.79,19.01,17.72,18.32,204,56
20230125,102,11.67,11.95,12.01,11.14,11.69,163,54
20230125,103,1270.46,1221.93,1353.34,1212.99,1264.68,106,31
20230125,104,584.92,586.27,587.58,566.57,581.33,159,54
20230125,105,6123.98,6326.94,6333.17,6021.25,6201.34,310,66
20230125,106,136.35,141.58,144.73,130.61,138.32,286,53
20230125,107,137.32,130.94,144.72,126.58,134.89,145,27
20230125,108,338.9,346.01,353.4,314.91,338.31,165,33
20230125,109,670.89,608.58,692.44,586.99,639.73,163,53
20230125,110,825.57,864.01,864.46,804.41,839.61,172,49
20230125,111,2.24,2.17,2.33,2.14,2.22,214,53
20230125,112,14017.15,13741.53,14021.83,12999.56,13695.02,280,68
20230125,113,6.68,6.03,6.91,5.93,6.39,202,65
20230125,114,962.72,935.15,985.96,906.16,947.5,319,60
20230125,115,3467.11,3655.77,3698.84,3242.82,3516.14,206,63
20230125,116,871.88,851.83,912.18,844.64,870.13,134,49
20230125,117,6.95,6.92,7.18,6.89,6.98,218,55
20230125,118,16.4,16.05,16.59,15.02,16.02,212,60
20230125,119,69.99,71.31,72.81,67.96,70.51,179,53
20230125,120,539.19,528.45,544.26,513.48,531.35,315,72
20230125,121,2228.66,2090.13,2261.15,2064.8,2161.18,305,73
20230125,122,10956.42,10935.08,11383.93,10545.48,10955.23,242,58
20230125,123,3.74,3.87,3.93,3.65,3.8,317,69
20230125,124,27.28,26.79,27.67,26.62,27.09,164,48
20230125,125,258.63,254.38,264.66,253.01,257.67,107,29
20230125,126,84091.56,88936.97,90475.61,81318.53,86205.67,215,63
20230125,127,172.69,177.29,178.63,166.88,173.87,142,42
20230125,128,233.04,236.12,240.59,230.82,235.14,102,24
20230125,129,13906.81,13676.92,13945.89,13568.06,13774.42,128,53
20230125,130,95.55,95.77,97.41,93.97,95.67,249,40
20230125,131,237.14,237.45,240.14,234.74,237.37,246,64
20230125,132,2722.06,2433.18,2751.03,2333.78,2560.01,269,60
20230125,133,61.37,62.57,63.07,60.53,61.89,156,42
20230125,134,1621.8,1573.82,1715.24,1553.54,1616.1,200,49
20230125,135,376.2,360.49,380.38,354.04,367.78,147,38
20230125,136,242.18,237.71,244.39,230.95,238.81,188,60
20230125,137,178.52,164.08,180.74,163.59,171.73,155,47
20230125,138,2.41,2.18,2.49,2.05,2.28,304,63
20230125,139,7003.0,7265.83,7275.72,6976.43,7130.25,281,56
20230125,140,162.38,164.02,166.59,157.81,162.7,268,55
20230125,141,29.71,26.25,30.85,25.76,28.14,188,48
20230125,142,64.49,61.84,67.87,61.27,63.87,215,51
20230125,143,7811.7,7976.5,8207.16,7801.84,7949.3,272,58
20230125,144,3.17,3.09,3.27,3.06,3.15,231,65
20230125,145,1396.44,1431.88,1443.0,1365.16,1409.12,242,49
20230125,146,22588.19,23176.85,23992.53,22201.39,22989.74,221,54
20230125,147,552.08,514.26,560.41,512.88,534.91,70,21
20230125,148,115.29,109.59,119.07,108.28,113.06,317,59
20230125,149,2.21,2.1,2.23,2.1,2.16,280,62
20230125,150,4.5,4.14,4.61,4.12,4.34,324,69
20230125,151,10.61,9.84,10.77,9.45,10.17,269,47
20230125,152,20.3,19.06,20.57,18.77,19.67,227,65
20230125,153,55747.25,53375.04,58110.04,52025.4,54814.43,226,52
20230125,154,1334.98,1315.94,1358.39,1277.99,1321.83,162,33
20230125,155,61.5,63.05,65.44,61.22,62.8,207,52
20230125,156,69.02,69.54,69.92,67.77,69.06,266,47
20230125,157,1523.46,1578.97,1584.67,1508.75,1548.96,189,58
20230125,158,31.87,30.9,33.31,30.76,31.71,215,56
20230125,159,15554.14,15777.13,16751.8,15545.38,15907.11,204,45
20230125,160,57.85,56.08,61.06,54.66,57.41,294,48
20230125,161,11.1,10.62,11.12,10.08,10.73,224,48
20230125,162,107.75,114.01,115.06,105.95,110.69,199,64
20230125,163,164.98,146.19,167.69,144.98,155.96,251,48
20230125,164,49.13,44.55,49.42,44.14,46.81,177,43
20230125,165,31.43,31.4,32.36,31.02,31.55,244,49
20230125,166,31.29,30.44,32.1,30.21,31.01,197,58
20230125,167,1.0,0.92,1.01,0.92,0.96,184,65
20230125,168,29.27,27.39,30.15,26.1,28.23,272,56
20230125,169,35.29,33.22,37.32,33.05,34.72,257,53
20230125,170,2552.72,2636.58,2749.97,2434.12,2593.35,44,6
20230125,171,45.89,47.33,48.67,44.95,46.71,295,56
20230125,172,34.65,36.6,38.24,32.77,35.57,238,57
20230125,173,23.89,21.97,23.98,21.03,22.72,132,35
20230125,174,89.86,82.67,93.87,80.34,86.68,131,46
20230125,175,5616.17,5169.15,5637.88,5060.36,5370.89,183,52
20230125,176,47.08,48.34,48.82,46.07,47.58,202,47
20230125,177,45.24,45.56,46.82,44.91,45.63,246,49
20230125,178,364.41,355.94,373.55,346.68,360.14,130,33
20230125,179,4.31,4.42,4.56,4.19,4.37,200,38
20230125,180,331.48,319.46,333.53,311.36,323.96,164,28
20230125,181,41424.75,38552.34,42491.45,37859.99,40082.13,285,42
20230125,182,17.53,18.08,18.64,17.36,17.91,148,28
20230125,183,23.6,23.09,23.98,22.65,23.33,302,63
20230125,184,8.97,8.43,9.51,8.18,8.78,323,63
20230125,185,1859.3,1864.82,1878.76,1842.39,1861.32,209,51
20230125,186,50068.79,49114.85,50310.65,48537.05,49507.83,200,61
20230125,187,1233.72,1223.31,1289.92,1202.19,1237.29,203,63
20230125,188,390.37,385.2,393.35,368.88,384.45,181,55
20230125,189,3.84,3.99,4.08,3.74,3.92,207,71
20230125,190,4.98,4.91,5.09,4.83,4.95,235,63
20230125,191,18.61,17.79,18.85,17.55,18.2,157,47
20230125,192,1870.03,1861.19,1886.25,1814.53,1858.0,153,29
20230125,193,23.16,22.99,23.52,22.93,23.15,232,59
20230125,194,17.01,17.37,17.63,16.98,17.25,288,65
20230125,195,3450.42,3514.9,3534.55,3306.43,3451.57,221,58
20230125,196,78.19,74.56,81.95,70.56,76.31,100,40
20230125,197,247.53,251.4,256.13,246.03,250.27,279,61
20230125,198,392.36,356.51,407.86,347.8,376.14,208,63
20230125,199,1350.03,1306.54,1373.95,1278.42,1327.24,110,26
20230125,200,92.42,88.78,97.42,86.11,91.18,162,34
20230126,1,66.74,70.65,72.47,66.34,69.05,255,38
20230126,2,62.27,63.08,63.82,61.61,62.7,142,43
20230126,3,245.83,255.19,266.74,245.01,253.19,131,35
20230126,4,10208.69,5043.51,10684.07,4921.79,7714.51,93,34
20230126,5,56.1,55.55,57.47,52.86,55.49,214,29
20230126,6,11.92,11.8,12.3,11.63,11.91,279,58
20230126,7,493.84,534.91,536.24,489.91,513.72,233,38
20230126,8,1.99,2.01,2.01,1.99,2.0,205,51
20230126,9,10732.36,10744.31,11020.16,10646.95,10785.95,302,59
20230126,10,29.57,30.27,30.9,29.06,29.95,101,26
20230126,11,36.95,34.62,37.81,34.49,35.97,241,60
20230126,12,449.11,445.54,466.5,434.97,449.03,106,18
20230126,13,1.64,1.67,1.75,1.6,1.67,232,51
20230126,14,61.43,62.34,65.55,58.71,62.01,239,52
20230126,15,8427.25,7718.35,8556.31,7652.61,8088.63,181,58
20230126,16,1.54,0.79,1.56,0.75,1.16,216,81
20230126,17,3124.33,3463.83,3570.93,3114.21,3318.32,214,67
20230126,18,209.62,218.23,227.18,205.23,215.06,161,48
20230126,19,4194.27,4468.97,4654.02,4107.91,4356.29,212,71
20230126,20,369.8,357.05,383.16,347.15,364.29,98,23
20230126,21,22.44,23.44,23.67,22.02,22.89,210,62
20230126,22,1993.5,2037.69,2039.0,1978.32,2012.13,221,71
20230126,23,673.53,737.6,752.18,665.37,707.17,142,36
20230126,24,74.17,75.16,76.69,73.04,74.77,206,61
20230126,25,69.54,64.77,72.76,63.08,67.54,151,27
20230126,26,44.6,47.55,48.51,43.22,45.97,258,47
20230126,27,31.32,31.28,32.26,31.07,31.48,308,74
20230126,28,12730.1,12828.58,13253.38,12611.25,12855.83,288,44
20230126,29,71.95,67.97,73.62,67.95,70.37,183,55
20230126,30,1485.88,1600.24,1656.34,1476.42,1554.72,142,44
20230126,31,201.65,200.36,206.19,198.4,201.65,136,40
20230126,32,220.87,238.98,246.15,217.48,230.87,181,58
20230126,33,51.39,50.56,51.59,50.35,50.97,167,56
20230126,34,16.83,8.18,17.35,8.13,12.62,212,66
20230126,35,60.06,64.22,66.48,58.1,62.22,261,45
20230126,36,90.07,90.29,93.29,88.43,90.52,126,23
20230126,37,12.74,12.75,13.36,12.62,12.87,239,56
20230126,38,174.97,167.7,181.63,167.62,172.98,173,47
20230126,39,89.24,90.07,94.04,84.58,89.48,217,53
20230126,40,26.99,28.19,29.32,26.49,27.75,170,44
20230126,41,10182.45,5309.58,10786.79,5258.43,7884.31,48,11
20230126,42,4783.97,4798.97,4835.59,4700.45,4779.75,294,64
20230126,43,4114.34,4082.75,4284.03,3970.52,4112.91,200,58
20230126,44,67.8,68.61,70.83,66.4,68.41,176,58
20230126,45,70.91,74.44,74.59,68.09,72.01,308,60
20230126,46,493.71,272.38,502.15,269.61,384.46,171,50
20230126,47,107.07,104.87,114.26,104.3,107.62,222,68
20230126,48,346.62,387.09,390.87,337.07,365.41,187,65
20230126,49,78.13,78.08,80.35,76.97,78.38,187,50
20230126,50,1086.84,1077.62,1107.72,1037.3,1077.37,165,53
20230126,51,556.59,548.28,577.21,546.43,557.13,241,45
20230126,52,72.14,71.46,74.99,69.5,72.02,172,52
20230126,53,2255.39,2284.57,2292.28,2137.62,2242.47,175,52
20230126,54,13.32,14.12,14.81,13.19,13.86,154,46
20230126,55,16.32,16.43,17.0,15.56,16.33,241,56
20230126,56,176.51,105.23,177.95,104.54,141.06,177,51
20230126,57,57.82,60.28,61.33,55.06,58.62,182,44
20230126,58,1.74,1.8,1.81,1.73,1.77,217,64
20230126,59,26133.06,26668.14,26868.19,25760.43,26357.45,313,62
20230126,60,1797.62,1986.7,2038.93,1769.38,1898.16,172,53
20230126,61,622.39,589.23,626.06,572.37,602.51,192,43
20230126,62,35.17,39.1,39.22,34.83,37.08,168,41
20230126,63,1375.77,1368.45,1435.06,1352.19,1382.87,335,50
20230126,64,4926.69,4981.3,5145.66,4814.63,4967.07,215,48
20230126,65,6.34,3.04,6.52,2.97,4.72,222,68
20230126,66,7049.92,6734.04,7348.2,6721.02,6963.3,193,48
20230126,67,68.42,37.8,69.64,37.19,53.26,151,46
20230126,68,105.32,116.13,119.24,102.83,110.88,262,48
20230126,69,10920.98,10846.53,11005.59,10748.7,10880.45,261,49
20230126,70,2.83,2.86,2.97,2.82,2.87,305,69
20230126,71,5006.16,5108.21,5176.86,4806.31,5024.38,301,50
20230126,72,11601.58,12080.48,12580.99,11180.63,11860.92,141,38
20230126,73,25.81,28.04,28.13,25.69,26.92,279,57
20230126,74,4.25,4.55,4.75,4.08,4.41,169,33
20230126,75,5124.34,5199.34,5341.78,4975.02,5160.12,337,60
20230126,76,19.06,19.7,19.83,18.9,19.37,327,63
20230126,77,14353.61,14993.24,15877.98,14322.9,14886.93,293,52
20230126,78,6.66,6.89,7.14,6.57,6.82,210,53
20230126,79,157.18,149.87,164.95,147.71,154.93,204,59
20230126,80,106.98,103.94,107.35,99.64,104.48,94,32
20230126,81,18.94,19.65,20.92,18.29,19.45,168,47
20230126,82,120.4,128.35,133.21,115.41,124.34,183,74
20230126,83,27.1,26.82,27.76,25.54,26.81,218,72
20230126,84,9.57,9.84,10.01,9.41,9.71,209,72
20230126,85,87.74,91.47,95.09,82.87,89.29,202,42
20230126,86,22711.65,21320.18,23777.37,20480.73,22072.48,228,71
20230126,87,589.5,580.88,627.69,554.81,588.22,126,38
20230126,88,36.88,40.22,40.72,36.55,38.59,168,41
20230126,89,18.33,18.76,18.97,17.85,18.48,207,50
20230126,90,43.01,21.3,43.09,20.29,31.92,178,51
20230126,91,3287.06,3287.13,3301.75,3170.63,3261.64,103,22
20230126,92,18.66,19.53,19.73,18.34,19.06,295,57
20230126,93,67.15,60.81,68.51,57.33,63.45,309,64
20230126,94,790.78,825.27,866.45,757.44,809.99,105,34
20230126,95,400.58,400.26,406.86,400.22,401.98,231,42
20230126,96,508.18,480.26,510.12,450.07,487.16,167,43
20230126,97,25.02,26.17,26.24,24.76,25.55,180,49
20230126,98,2196.63,2168.49,2264.11,2019.78,2162.25,325,58
20230126,99,49.97,50.12,53.73,49.32,50.78,132,53
20230126,100,42.6,41.94,43.96,41.73,42.56,289,47
20230126,101,17.79,17.18,18.21,16.86,17.51,189,68
20230126,102,11.95,5.72,12.28,5.57,8.88,169,54
20230126,103,1221.93,620.74,1268.39,613.86,931.23,102,41
20230126,104,586.27,606.1,650.0,581.27,605.91,142,43
20230126,105,6326.94,6518.93,6848.54,6111.3,6451.43,304,51
20230126,106,141.58,142.18,144.74,136.98,141.37,304,76
20230126,107,130.94,126.01,141.08,124.36,130.6,149,32
20230126,108,346.01,341.86,355.89,325.59,342.34,143,21
20230126,109,608.58,647.92,658.63,590.65,626.44,173,53
20230126,110,864.01,891.35,905.97,848.03,877.34,187,53
20230126,111,2.17,2.12,2.34,2.12,2.19,227,60
20230126,112,13741.53,12392.37,13747.46,11835.08,12929.11,311,58
20230126,113,6.03,2.73,6.07,2.56,4.35,210,72
20230126,114,935.15,934.34,936.92,923.36,932.44,311,66
20230126,115,3655.77,1823.26,3723.93,1793.16,2749.03,221,60
20230126,116,851.83,860.78,883.94,813.21,852.44,116,46
20230126,117,6.92,7.08,7.1,6.83,6.98,204,61
20230126,118,16.05,8.84,16.44,8.69,12.5,190,69
20230126,119,71.31,42.97,73.04,42.15,57.36,177,45
20230126,120,528.45,497.62,529.7,488.96,511.18,271,60
20230126,121,2090.13,2080.83,2198.27,2052.68,2105.48,323,70
20230126,122,10935.08,10248.0,10993.05,9665.36,10460.37,259,52
20230126,123,3.87,3.79,3.92,3.69,3.82,331,68
20230126,124,26.79,25.5,28.09,24.58,26.24,169,58
20230126,125,254.38,148.31,261.46,147.02,202.79,125,33
20230126,126,88936.97,89221.81,91627.29,88488.15,89568.56,223,53
20230126,127,177.29,184.68,192.58,172.51,181.76,146,29
20230126,128,236.12,233.05,245.94,227.2,235.58,100,28
20230126,129,13676.92,13117.62,13688.48,12696.16,13294.79,147,33
20230126,130,95.77,91.77,97.94,89.71,93.8,245,54
20230126,131,237.45,239.02,249.48,223.11,237.27,249,51
20230126,132,2433.18,2719.67,2873.78,2363.86,2597.62,232,51
20230126,133,62.57,65.49,68.0,61.93,64.5,184,48
20230126,134,1573.82,842.64,1580.27,774.02,1192.69,190,59
20230126,135,360.49,361.39,367.67,346.69,359.06,155,30
20230126,136,237.71,123.99,239.31,122.39,180.85,166,45
20230126,137,164.08,183.05,186.95,159.04,173.28,129,41
20230126,138,2.18,2.34,2.35,2.16,2.26,283,61
20230126,139,7265.83,7388.27,7786.75,7243.45,7421.08,300,76
20230126,140,164.02,167.47,170.71,160.29,165.62,227,61
20230126,141,26.25,27.45,29.14,25.37,27.05,176,42
20230126,142,61.84,64.14,66.22,61.4,63.4,199,61
20230126,143,7976.5,7904.62,8067.81,7693.99,7910.73,313,73
20230126,144,3.09,3.04,3.13,2.87,3.03,228,63
20230126,145,1431.88,1485.59,1518.67,1428.59,1466.18,241,46
20230126,146,23176.85,23319.02,23400.72,22757.93,23163.63,203,77
20230126,147,514.26,553.17,566.45,485.7,529.89,84,21
20230126,148,109.59,113.89,116.6,106.76,111.71,285,58
20230126,149,2.1,2.14,2.23,2.04,2.13,307,63
20230126,150,4.14,4.25,4.35,4.1,4.21,290,65
20230126,151,9.84,11.65,12.03,9.83,10.84,280,57
20230126,152,19.06,19.23,19.4,18.92,19.15,216,61
20230126,153,53375.04,51806.94,56321.28,49500.93,52751.05,288,55
20230126,154,1315.94,1303.81,1326.87,1274.2,1305.21,139,39
20230126,155,63.05,67.27,68.16,61.24,64.93,202,73
20230126,156,69.54,66.6,71.35,65.41,68.23,225,46
20230126,157,1578.97,760.17,1622.47,733.21,1173.7,222,75
20230126,158,30.9,32.67,33.39,30.57,31.88,199,71
20230126,159,15777.13,15811.88,15875.68,15458.64,15730.83,210,50
20230126,160,56.08,56.11,56.14,54.99,55.83,303,67
20230126,161,10.62,11.11,11.18,10.51,10.85,241,46
20230126,162,114.01,110.7,114.02,103.95,110.67,184,46
20230126,163,146.19,140.26,151.83,136.0,143.57,224,39
20230126,164,44.55,43.0,45.13,40.43,43.28,167,50
20230126,165,31.4,32.48,32.55,30.65,31.77,264,60
20230126,166,30.44,31.23,32.56,29.81,31.01,209,59
20230126,167,0.92,0.91,0.94,0.86,0.91,211,73
20230126,168,27.39,26.4,28.59,26.25,27.16,295,49
20230126,169,33.22,33.28,34.68,32.13,33.33,230,44
20230126,170,2636.58,1529.68,2664.75,1513.41,2086.11,36,12
20230126,171,47.33,45.91,50.27,45.51,47.26,314,64
20230126,172,36.6,35.81,37.41,34.68,36.13,238,54
20230126,173,21.97,21.41,22.48,20.53,21.6,132,38
20230126,174,82.67,82.13,83.35,79.99,82.03,142,40
20230126,175,5169.15,2834.24,5482.1,2833.94,4079.86,172,54
20230126,176,48.34,52.12,53.17,46.48,50.03,168,38
20230126,177,45.56,46.69,47.48,44.44,46.04,250,64
20230126,178,355.94,355.86,360.12,326.65,349.64,133,38
20230126,179,4.42,2.33,4.67,2.27,3.42,205,50
20230126,180,319.46,325.85,326.0,303.54,318.71,166,23
20230126,181,38552.34,37996.4,39191.84,36629.47,38092.51,314,51
20230126,182,18.08,20.62,21.04,17.85,19.4,119,43
20230126,183,23.09,23.46,24.68,23.04,23.57,293,63
20230126,184,8.43,8.8,8.89,8.36,8.62,301,71
20230126,185,1864.82,1915.95,1935.76,1819.59,1884.03,210,59
20230126,186,49114.85,51619.07,55518.11,48090.32,51085.59,228,57
20230126,187,1223.31,743.03,1249.43,725.17,985.24,200,61
20230126,188,385.2,383.87,400.72,380.81,387.65,220,53
20230126,189,3.99,4.21,4.39,3.89,4.12,207,53
20230126,190,4.91,4.97,4.98,4.81,4.92,231,69
20230126,191,17.79,19.21,19.37,17.58,18.49,130,48
20230126,192,1861.19,1861.8,1986.44,1775.39,1871.2,124,38
20230126,193,22.99,22.78,23.96,21.64,22.84,235,49
20230126,194,17.37,18.35,18.46,16.85,17.76,321,58
20230126,195,3514.9,3564.92,3697.14,3366.13,3535.77,188,65
20230126,196,74.56,72.83,75.31,71.66,73.59,124,27
20230126,197,251.4,268.61,273.06,249.9,260.74,288,69
20230126,198,356.51,373.62,386.76,352.58,367.37,220,62
20230126,199,1306.54,1304.87,1335.25,1263.17,1302.46,101,29
20230126,200,88.78,87.23,88.8,83.03,86.96,130,29
20230127,1,70.65,71.14,73.81,69.89,71.37,265,54
20230127,2,63.08,63.46,65.72,61.16,63.35,131,38
20230127,3,255.19,240.37,256.79,236.46,247.2,142,48
20230127,4,5043.51,5260.54,5524.22,4826.93,5163.8,95,32
20230127,5,55.55,57.33,57.72,52.24,55.71,176,47
20230127,6,11.8,10.86,12.27,10.67,11.4,319,53
20230127,7,534.91,528.39,545.62,521.07,532.5,271,47
20230127,8,2.01,2.17,2.21,1.83,2.05,214,53
20230127,9,10744.31,10962.42,11052.65,10721.45,10870.21,297,57
20230127,10,30.27,31.73,32.92,29.72,31.16,113,34
20230127,11,34.62,34.42,34.76,34.27,34.52,210,56
20230127,12,445.54,432.64,449.91,431.37,439.87,109,16
20230127,13,1.67,1.56,1.73,1.55,1.63,209,60
20230127,14,62.34,65.69,66.92,60.72,63.92,248,52
20230127,15,7718.35,7851.78,8317.58,7418.8,7826.63,182,53
20230127,16,0.79,0.88,0.92,0.79,0.85,208,87
20230127,17,3463.83,3463.28,3574.56,3314.22,3453.97,197,58
20230127,18,218.23,219.14,222.46,208.52,217.09,176,51
20230127,19,4468.97,4053.9,4643.17,4040.95,4301.75,203,56
20230127,20,357.05,347.91,365.13,336.39,351.62,101,29
20230127,21,23.44,23.32,23.52,23.1,23.35,207,63
20230127,22,2037.69,2055.48,2059.07,2035.67,2046.97,211,60
20230127,23,737.6,794.62,794.9,716.72,760.96,142,37
20230127,24,75.16,75.24,78.33,75.11,75.96,254,52
20230127,25,64.77,64.4,68.3,64.27,65.44,137,33
20230127,26,47.55,46.45,48.65,45.6,47.07,240,42
20230127,27,31.28,30.91,31.76,30.53,31.12,296,59
20230127,28,12828.58,14405.2,14622.57,12579.18,13608.88,246,43
20230127,29,67.97,68.2,69.24,63.32,67.18,180,59
20230127,30,1600.24,1609.13,1644.53,1555.74,1602.41,139,44
20230127,31,200.36,201.69,211.27,193.18,201.63,144,42
20230127,32,238.98,239.5,249.35,226.43,238.56,177,59
20230127,33,50.56,52.1,53.68,48.72,51.26,178,64
20230127,34,8.18,8.11,8.2,8.01,8.12,191,58
20230127,35,64.22,63.66,65.11,61.55,63.63,256,60
20230127,36,90.29,88.3,95.8,87.75,90.54,144,27
20230127,37,12.75,12.56,13.02,12.3,12.66,237,40
20230127,38,167.7,171.28,173.43,163.06,168.87,172,52
20230127,39,90.07,89.24,92.65,86.78,89.69,209,48
20230127,40,28.19,29.04,29.08,26.4,28.18,141,42
20230127,41,5309.58,5422.09,5492.5,5125.03,5337.3,24,20
20230127,42,4798.97,4890.41,4979.33,4622.62,4822.83,290,53
20230127,43,4082.75,3986.31,4120.05,3790.37,3994.87,204,60
20230127,44,68.61,69.39,70.67,67.1,68.94,175,38
20230127,45,74.44,72.17,74.79,71.85,73.31,294,71
20230127,46,272.38,272.18,279.63,266.66,272.71,180,49
20230127,47,104.87,106.75,107.11,101.96,105.17,215,59
20230127,48,387.09,365.53,410.04,357.21,379.97,200,46
20230127,49,78.08,86.88,86.92,76.12,82.0,189,44
20230127,50,1077.62,1035.91,1121.23,1022.46,1064.31,163,66
20230127,51,548.28,557.65,573.99,534.89,553.7,247,46
20230127,52,71.46,66.91,74.73,66.64,69.93,176,46
20230127,53,2284.57,2408.32,2550.8,2215.53,2364.8,183,53
20230127,54,14.12,14.18,14.93,13.85,14.27,130,43
20230127,55,16.43,16.04,16.56,15.86,16.22,249,40
20230127,56,105.23,100.1,105.58,99.63,102.64,171,53
20230127,57,60.28,57.29,60.48,56.59,58.66,174,44
20230127,58,1.8,1.88,1.9,1.73,1.83,201,51
20230127,59,26668.14,26906.7,27345.38,26319.5,26809.93,305,71
20230127,60,1986.7,1955.98,2052.24,1906.21,1975.29,172,60
20230127,61,589.23,569.72,590.95,541.59,572.87,215,31
20230127,62,39.1,37.71,40.19,37.7,38.68,170,53
20230127,63,1368.45,1365.15,1388.72,1342.83,1366.29,278,59
20230127,64,4981.3,5210.31,5261.65,4927.16,5095.1,249,63
20230127,65,3.04,3.33,3.4,3.01,3.19,192,63
20230127,66,6734.04,7011.71,7220.87,6679.95,6911.64,164,51
20230127,67,37.8,38.71,38.99,34.88,37.6,154,31
20230127,68,116.13,117.13,118.33,112.69,116.07,262,54
20230127,69,10846.53,10971.1,11384.93,10378.59,10895.29,236,44
20230127,70,2.86,2.66,2.96,2.56,2.76,297,60
20230127,71,5108.21,5103.41,5112.86,5045.35,5092.46,306,53
20230127,72,12080.48,11859.17,12507.45,11745.64,12048.19,142,41
20230127,73,28.04,26.67,29.03,26.16,27.48,226,62
20230127,74,4.55,4.44,4.72,4.2,4.48,192,44
20230127,75,5199.34,5349.44,5419.88,5021.43,5247.52,315,51
20230127,76,19.7,18.92,20.12,18.6,19.34,309,56
20230127,77,14993.24,14703.48,15091.33,13865.89,14663.49,296,58
20230127,78,6.89,7.58,7.68,6.73,7.22,203,46
20230127,79,149.87,140.66,157.1,134.05,145.42,218,62
20230127,80,103.94,103.95,104.33,98.49,102.68,114,32
20230127,81,19.65,18.61,20.23,18.34,19.21,167,59
20230127,82,128.35,124.92,129.41,124.21,126.72,207,64
20230127,83,26.82,26.6,27.46,26.35,26.81,235,61
20230127,84,9.84,9.18,9.89,8.76,9.42,234,43
20230127,85,91.47,92.55,93.13,90.98,92.03,205,45
20230127,86,21320.18,22983.15,23956.59,20979.43,22309.84,213,59
20230127,87,580.88,603.56,611.87,578.38,593.67,147,27
20230127,88,40.22,41.56,42.38,39.65,40.95,208,39
20230127,89,18.76,17.84,19.22,17.56,18.35,208,54
20230127,90,21.3,21.39,22.31,20.92,21.48,195,47
20230127,91,3287.13,3215.69,3381.2,3044.7,3232.18,106,31
20230127,92,19.53,20.16,20.53,19.41,19.91,281,54
20230127,93,60.81,67.56,68.35,58.93,63.91,280,71
20230127,94,825.27,853.27,874.74,794.03,836.83,103,29
20230127,95,400.26,421.65,426.58,392.05,410.14,193,40
20230127,96,480.26,549.33,549.63,464.92,511.03,176,51
20230127,97,26.17,26.02,26.86,25.81,26.21,195,41
20230127,98,2168.49,2132.04,2203.01,2063.23,2141.69,321,43
20230127,99,50.12,50.64,51.53,49.05,50.34,161,39
20230127,100,41.94,40.45,44.4,39.88,41.67,299,70
20230127,101,17.18,16.77,18.38,16.01,17.08,194,64
20230127,102,5.72,5.04,5.84,5.01,5.4,167,62
20230127,103,620.74,607.62,630.68,593.16,613.05,94,26
20230127,104,606.1,600.68,614.62,599.44,605.21,152,39
20230127,105,6518.93,6880.89,7206.35,6249.19,6713.84,322,68
20230127,106,142.18,149.47,154.02,134.77,145.11,340,62
20230127,107,126.01,122.2,132.32,117.5,124.51,138,22
20230127,108,341.86,371.8,374.89,329.09,354.41,134,31
20230127,109,647.92,664.57,678.23,620.72,652.86,176,56
20230127,110,891.35,871.78,892.03,863.29,879.61,178,48
20230127,111,2.12,1.99,2.16,1.91,2.04,231,53
20230127,112,12392.37,12374.14,12513.83,12220.09,12375.11,283,51
20230127,113,2.73,3.25,3.25,2.68,2.98,221,66
20230127,114,934.34,960.43,990.92,920.05,951.44,312,69
20230127,115,1823.26,1887.79,1925.77,1784.2,1855.25,206,58
20230127,116,860.78,857.01,865.46,854.51,859.44,152,34
20230127,117,7.08,6.41,7.22,6.27,6.74,173,75
20230127,118,8.84,8.79,9.25,8.62,8.87,193,62
20230127,119,42.97,46.13,47.6,42.97,44.92,175,65
20230127,120,497.62,524.66,525.01,484.94,508.06,287,48
20230127,121,2080.83,2088.09,2163.3,2039.11,2092.83,276,69
20230127,122,10248.0,11395.11,11537.54,9880.59,10765.31,256,66
20230127,123,3.79,3.6,3.91,3.49,3.7,300,54
20230127,124,25.5,24.47,26.09,22.34,24.6,173,57
20230127,125,148.31,169.86,171.96,146.48,159.15,111,26
20230127,126,89221.81,89992.26,92364.75,84684.28,89065.77,196,55
20230127,127,184.68,181.86,184.81,180.86,183.05,125,27
20230127,128,233.05,225.24,239.1,223.36,230.19,103,32
20230127,129,13117.62,12267.62,13142.76,12223.78,12687.94,143,33
20230127,130,91.77,93.25,97.2,91.31,93.38,244,50
20230127,131,239.02,239.73,243.24,238.14,240.03,245,43
20230127,132,2719.67,2757.44,2849.04,2631.35,2739.37,258,56
20230127,133,65.49,60.78,65.58,59.0,62.71,184,61
20230127,134,842.64,865.51,898.47,814.0,855.16,215,69
20230127,135,361.39,357.02,362.29,348.09,357.2,144,31
20230127,136,123.99,116.86,128.2,110.62,119.92,175,60
20230127,137,183.05,186.7,193.39,180.89,186.01,139,34
20230127,138,2.34,2.57,2.66,2.31,2.47,301,70
20230127,139,7388.27,7986.0,8145.58,7133.56,7663.35,297,89
20230127,140,167.47,174.19,178.65,162.16,170.62,249,49
20230127,141,27.45,27.76,28.35,26.71,27.57,175,42
20230127,142,64.14,62.13,65.32,62.07,63.41,199,69
20230127,143,7904.62,8109.38,8227.73,7830.34,8018.02,294,49
20230127,144,3.04,3.05,3.05,2.89,3.01,214,44
20230127,145,1485.59,1546.81,1631.89,1450.96,1528.81,242,59
20230127,146,23319.02,21522.54,23686.53,20870.37,22349.61,218,56
20230127,147,553.17,556.19,574.26,548.57,558.05,64,21
20230127,148,113.89,114.37,115.7,113.6,114.39,307,54
20230127,149,2.14,2.07,2.23,2.06,2.13,259,63
20230127,150,4.25,4.24,4.43,4.06,4.25,317,63
20230127,151,11.65,11.98,12.06,11.64,11.83,264,49
20230127,152,19.23,20.35,20.79,19.22,19.9,197,53
20230127,153,51806.94,49996.61,53860.26,48966.73,51157.63,252,52
20230127,154,1303.81,1237.21,1355.34,1133.32,1257.42,155,33
20230127,155,67.27,64.55,68.11,62.43,65.59,212,62
20230127,156,66.6,63.38,68.65,63.38,65.5,241,60
20230127,157,760.17,689.72,785.92,671.61,726.86,189,68
20230127,158,32.67,31.49,32.77,29.5,31.61,228,60
20230127,159,15811.88,16227.17,16999.85,15603.44,16160.59,208,62
20230127,160,56.11,55.68,57.3,55.34,56.11,341,70
20230127,161,11.11,11.1,11.2,10.76,11.04,238,49
20230127,162,110.7,106.83,112.32,105.65,108.87,199,62
20230127,163,140.26,149.21,158.64,138.79,146.72,257,51
20230127,164,43.0,46.51,48.35,42.21,45.02,171,59
20230127,165,32.48,31.48,32.64,30.82,31.85,274,51
20230127,166,31.23,32.6,33.87,30.35,32.01,218,77
20230127,167,0.91,0.94,0.96,0.89,0.92,213,54
20230127,168,26.4,26.92,27.61,24.9,26.46,315,74
20230127,169,33.28,34.27,36.34,32.33,34.06,235,49
20230127,170,1529.68,1579.96,1617.01,1500.84,1556.87,30,12
20230127,171,45.91,49.76,49.96,44.75,47.6,270,63
20230127,172,35.81,36.88,37.98,35.76,36.61,249,49
20230127,173,21.41,22.71,22.78,20.8,21.92,153,41
20230127,174,82.13,81.48,83.91,79.89,81.85,121,37
20230127,175,2834.24,3053.83,3157.12,2818.37,2965.89,161,59
20230127,176,52.12,47.96,52.72,46.45,49.81,180,42
20230127,177,46.69,47.44,49.16,45.07,47.09,258,47
20230127,178,355.86,396.82,397.69,355.36,376.43,132,37
20230127,179,2.33,1.89,2.39,1.87,2.12,239,58
20230127,180,325.85,325.74,331.5,321.51,326.15,144,29
20230127,181,37996.4,38869.79,39653.09,37724.47,38560.94,313,57
20230127,182,20.62,20.62,20.92,20.11,20.56,141,51
20230127,183,23.46,23.59,24.18,22.29,23.38,298,53
20230127,184,8.8,9.06,9.15,8.54,8.89,297,51
20230127,185,1915.95,1899.06,1973.94,1800.88,1897.46,205,72
20230127,186,51619.07,51283.3,51641.29,51114.38,51414.51,217,59
20230127,187,743.03,711.97,749.37,708.65,728.25,213,56
20230127,188,383.87,427.71,441.81,369.57,405.74,201,48
20230127,189,4.21,4.22,4.48,4.14,4.26,218,42
20230127,190,4.97,5.1,5.34,4.82,5.06,226,60
20230127,191,19.21,19.01,19.33,18.54,19.02,141,32
20230127,192,1861.8,1950.1,2003.19,1860.72,1918.95,138,25
20230127,193,22.78,23.61,24.77,22.36,23.38,268,58
20230127,194,18.35,18.93,19.17,18.21,18.67,268,76
20230127,195,3564.92,3417.8,3594.85,3273.12,3462.67,209,56
20230127,196,72.83,68.69,73.74,68.34,70.9,100,28
20230127,197,268.61,286.79,287.04,266.16,277.15,293,54
20230127,198,373.62,350.96,374.3,345.35,361.06,187,58
20230127,199,1304.87,1292.55,1325.94,1284.61,1301.99,93,41
20230127,200,87.23,84.26,88.89,84.17,86.14,149,29
20230128,1,71.14,78.45,78.86,70.16,74.65,340,51
20230128,2,63.46,62.35,63.6,61.87,62.82,196,41
20230128,3,240.37,234.77,247.86,226.81,237.45,228,43
20230128,4,5260.54,5022.65,5385.52,4867.12,5133.96,145,24
20230128,5,57.33,60.59,60.93,57.26,59.03,291,47
20230128,6,10.86,12.69,12.81,10.21,11.64,429,61
20230128,7,528.39,556.65,562.24,503.26,537.64,331,47
20230128,8,2.17,2.12,2.3,2.06,2.16,280,69
20230128,9,10962.42,11715.6,12101.12,10948.21,11431.84,449,58
20230128,10,31.73,30.53,32.38,30.51,31.29,150,27
20230128,11,34.42,38.42,39.41,34.41,36.67,350,64
20230128,12,432.64,495.31,495.92,426.32,462.55,146,21
20230128,13,1.56,1.58,1.65,1.49,1.57,266,61
20230128,14,65.69,71.53,72.67,64.82,68.68,369,45
20230128,15,7851.78,8628.99,8865.11,7779.37,8281.31,284,68
20230128,16,0.88,0.88,0.9,0.86,0.88,261,77
20230128,17,3463.28,3434.08,3596.83,3275.15,3442.33,304,65
20230128,18,219.14,225.31,226.3,216.03,221.69,227,49
20230128,19,4053.9,3913.2,4287.06,3848.02,4025.54,296,50
20230128,20,347.91,350.58,355.5,336.43,347.61,151,28
20230128,21,23.32,22.63,24.15,21.47,22.89,275,62
20230128,22,2055.48,2021.94,2107.26,1951.59,2034.07,330,61
20230128,23,794.62,786.11,808.82,771.63,790.29,201,46
20230128,24,75.24,79.01,80.27,73.73,77.06,313,65
20230128,25,64.4,76.41,76.78,64.39,70.49,208,24
20230128,26,46.45,53.35,53.86,44.44,49.53,366,53
20230128,27,30.91,34.7,35.26,30.73,32.9,430,59
20230128,28,14405.2,15462.99,16588.69,13540.45,14999.33,361,57
20230128,29,68.2,61.94,68.82,61.83,65.2,267,45
20230128,30,1609.13,1621.5,1650.22,1530.56,1602.85,198,46
20230128,31,201.69,185.55,206.99,172.15,191.6,193,31
20230128,32,239.5,222.27,248.41,219.03,232.3,234,45
20230128,33,52.1,51.79,53.31,51.75,52.24,220,48
20230128,34,8.11,8.63,9.0,7.6,8.34,269,61
20230128,35,63.66,67.82,70.31,63.63,66.35,387,49
20230128,36,88.3,101.81,103.86,85.02,94.75,236,37
20230128,37,12.56,13.87,13.89,12.37,13.18,341,51
20230128,38,171.28,172.47,180.89,169.71,173.59,221,51
20230128,39,89.24,97.94,99.17,88.91,93.81,278,55
20230128,40,29.04,31.38,31.57,28.73,30.18,197,51
20230128,41,5422.09,5614.88,5669.6,5396.52,5525.77,40,5
20230128,42,4890.41,5274.64,5371.45,4545.0,5020.37,455,77
20230128,43,3986.31,3959.15,4034.33,3928.36,3977.04,298,59
20230128,44,69.39,65.86,73.12,65.63,68.5,270,51
20230128,45,72.17,76.74,79.26,71.26,74.86,433,71
20230128,46,272.18,251.47,273.99,251.27,262.23,255,49
20230128,47,106.75,105.72,109.86,100.69,105.76,284,64
20230128,48,365.53,369.0,376.48,357.94,367.24,267,67
20230128,49,86.88,80.39,90.61,77.28,83.79,255,48
20230128,50,1035.91,985.06,1040.68,939.1,1000.19,254,51
20230128,51,557.65,588.53,594.38,546.12,571.67,332,54
20230128,52,66.91,67.35,69.15,66.37,67.45,286,61
20230128,53,2408.32,2365.29,2427.63,2346.63,2386.97,271,47
20230128,54,14.18,14.17,14.63,13.41,14.1,206,40
20230128,55,16.04,16.72,17.26,15.93,16.49,351,44
20230128,56,100.1,89.7,103.18,86.49,94.87,255,56
20230128,57,57.29,56.01,58.18,52.3,55.94,265,50
20230128,58,1.88,1.9,1.9,1.82,1.87,301,65
20230128,59,26906.7,28689.64,29297.35,25637.92,27632.9,401,56
20230128,60,1955.98,2019.75,2034.5,1937.25,1986.87,259,61
20230128,61,569.72,621.27,626.88,562.73,595.15,284,40
20230128,62,37.71,38.69,38.83,37.19,38.1,258,42
20230128,63,1365.15,1470.09,1470.1,1329.18,1408.63,436,61
20230128,64,5210.31,5394.11,5546.66,5185.03,5334.03,369,48
20230128,65,3.33,3.75,3.81,3.32,3.55,308,68
20230128,66,7011.71,7146.52,7239.41,6891.13,7072.19,254,42
20230128,67,38.71,36.54,39.6,36.39,37.81,186,47
20230128,68,117.13,126.13,131.03,115.22,122.38,345,47
20230128,69,10971.1,12605.32,13070.55,10672.65,11829.9,364,55
20230128,70,2.66,3.08,3.24,2.59,2.89,426,67
20230128,71,5103.41,5611.67,5651.18,4912.61,5319.72,434,72
20230128,72,11859.17,12346.09,12480.05,11544.31,12057.4,213,43
20230128,73,26.67,27.33,28.19,26.25,27.11,336,33
20230128,74,4.44,4.44,4.51,4.31,4.42,237,49
20230128,75,5349.44,5830.03,5866.88,5052.52,5524.72,413,66
20230128,76,18.92,21.01,21.62,18.12,19.92,431,67
20230128,77,14703.48,17135.31,17551.51,14581.89,15993.05,428,64
20230128,78,7.58,7.77,7.93,7.46,7.68,298,59
20230128,79,140.66,137.01,142.2,135.21,138.77,303,69
20230128,80,103.95,99.58,104.31,98.94,101.7,158,39
20230128,81,18.61,19.75,20.13,18.6,19.27,253,42
20230128,82,124.92,128.67,133.27,124.66,127.88,310,61
20230128,83,26.6,27.12,28.38,25.82,26.98,314,56
20230128,84,9.18,9.22,9.23,8.69,9.08,288,46
20230128,85,92.55,99.07,104.72,86.31,95.66,307,39
20230128,86,22983.15,22259.55,23394.47,22234.19,22717.84,299,53
20230128,87,603.56,613.28,626.43,595.63,609.73,192,29
20230128,88,41.56,42.38,45.23,40.56,42.43,279,46
20230128,89,17.84,17.88,17.93,17.28,17.73,288,58
20230128,90,21.39,20.79,21.76,20.7,21.16,278,53
20230128,91,3215.69,2795.79,3271.51,2723.37,3001.59,120,32
20230128,92,20.16,21.28,21.94,19.98,20.84,411,64
20230128,93,67.56,71.42,71.44,66.93,69.34,414,63
20230128,94,853.27,859.79,865.51,843.38,855.49,143,26
20230128,95,421.65,458.54,459.26,411.34,437.7,290,45
20230128,96,549.33,590.23,609.62,514.33,565.88,238,51
20230128,97,26.02,27.17,27.23,25.69,26.53,258,52
20230128,98,2132.04,2312.04,2368.53,2113.82,2231.61,400,55
20230128,99,50.64,51.81,54.72,49.38,51.64,193,38
20230128,100,40.45,45.33,46.26,40.27,43.08,391,67
20230128,101,16.77,17.3,17.38,15.79,16.81,264,65
20230128,102,5.04,5.48,5.57,4.87,5.24,276,46
20230128,103,607.62,661.89,672.5,583.3,631.33,146,26
20230128,104,600.68,544.39,611.97,531.22,572.06,200,38
20230128,105,6880.89,8059.05,8306.17,6863.59,7527.42,414,57
20230128,106,149.47,169.86,178.79,143.3,160.35,406,58
20230128,107,122.2,135.46,138.77,119.07,128.88,200,30
20230128,108,371.8,376.73,381.08,369.72,374.83,203,30
20230128,109,664.57,710.15,739.55,658.72,693.25,255,54
20230128,110,871.78,851.16,874.56,834.02,857.88,232,48
20230128,111,1.99,2.06,2.14,1.98,2.04,301,54
20230128,112,12374.14,13110.6,13432.68,11783.71,12675.28,436,74
20230128,113,3.25,4.05,4.29,3.2,3.7,301,79
20230128,114,960.43,998.12,1028.75,924.98,978.07,420,67
20230128,115,1887.79,1940.4,2076.77,1841.59,1936.64,286,46
20230128,116,857.01,793.38,877.92,782.81,827.78,167,39
20230128,117,6.41,6.4,6.54,6.21,6.39,319,54
20230128,118,8.79,8.56,9.0,8.5,8.71,315,46
20230128,119,46.13,48.13,49.82,44.1,47.05,261,44
20230128,120,524.66,557.43,564.55,521.57,542.05,444,53
20230128,121,2088.09,2372.05,2457.16,2062.4,2244.93,432,55
20230128,122,11395.11,12073.52,12552.36,11242.43,11815.85,365,55
20230128,123,3.6,3.87,3.89,3.58,3.73,398,59
20230128,124,24.47,24.33,24.69,23.94,24.36,245,35
20230128,125,169.86,173.25,176.99,164.57,171.17,152,30
20230128,126,89992.26,90123.75,90777.96,87406.82,89575.2,281,56
20230128,127,181.86,200.35,200.44,175.72,189.59,198,33
20230128,128,225.24,229.38,233.06,210.38,224.51,146,38
20230128,129,12267.62,12746.17,13450.59,12158.56,12655.73,197,46
20230128,130,93.25,97.51,105.33,89.13,96.31,354,43
20230128,131,239.73,259.95,263.56,232.71,248.99,355,60
20230128,132,2757.44,3199.99,3210.59,2741.69,2977.43,313,39
20230128,133,60.78,57.65,61.59,55.55,58.89,237,58
20230128,134,865.51,900.81,907.08,842.27,878.92,286,68
20230128,135,357.02,401.06,420.16,354.45,383.17,227,38
20230128,136,116.86,136.79,136.99,110.59,125.31,237,55
20230128,137,186.7,191.88,198.11,182.55,189.81,206,51
20230128,138,2.57,2.75,2.87,2.49,2.67,422,55
20230128,139,7986.0,8633.76,8888.78,7847.44,8338.99,375,60
20230128,140,174.19,184.16,187.38,172.91,179.66,371,41
20230128,141,27.76,27.93,28.25,26.16,27.52,264,49
20230128,142,62.13,59.25,66.56,58.26,61.55,290,70
20230128,143,8109.38,9283.07,9508.46,7813.12,8678.51,426,59
20230128,144,3.05,3.18,3.19,2.92,3.08,333,66
20230128,145,1546.81,1585.32,1585.59,1530.34,1562.02,378,57
20230128,146,21522.54,22184.86,22385.35,20351.45,21611.05,296,67
20230128,147,556.19,594.92,595.77,547.22,573.53,104,21
20230128,148,114.37,122.97,124.69,114.1,119.03,391,57
20230128,149,2.07,2.16,2.33,2.04,2.15,399,50
20230128,150,4.24,4.08,4.34,3.83,4.12,384,52
20230128,151,11.98,13.09,13.27,11.94,12.57,356,48
20230128,152,20.35,19.55,21.08,18.94,19.98,265,77
20230128,153,49996.61,57513.54,57956.44,47826.99,53323.4,343,45
20230128,154,1237.21,1403.14,1405.58,1150.55,1299.12,218,34
20230128,155,64.55,67.55,67.92,62.59,65.65,314,76
20230128,156,63.38,75.99,76.56,63.08,69.75,354,56
20230128,157,689.72,824.76,854.95,647.37,754.2,301,69
20230128,158,31.49,34.06,35.77,29.91,32.81,311,69
20230128,159,16227.17,17227.3,17418.91,15569.86,16610.81,286,72
20230128,160,55.68,63.78,64.14,53.59,59.3,412,46
20230128,161,11.1,11.89,12.2,11.06,11.56,361,45
20230128,162,106.83,102.27,109.68,100.21,104.75,258,50
20230128,163,149.21,182.42,188.43,148.92,167.25,352,50
20230128,164,46.51,47.45,48.56,45.75,47.07,245,52
20230128,165,31.48,35.96,36.28,30.96,33.67,346,61
20230128,166,32.6,31.88,33.44,31.06,32.25,279,54
20230128,167,0.94,0.99,1.0,0.93,0.96,301,61
20230128,168,26.92,26.82,28.44,26.66,27.21,428,56
20230128,169,34.27,36.76,37.59,33.32,35.48,365,49
20230128,170,1579.96,1570.01,1599.38,1498.28,1561.91,57,8
20230128,171,49.76,54.14,55.44,48.48,51.95,416,44
20230128,172,36.88,41.52,41.86,35.61,38.97,342,53
20230128,173,22.71,22.18,23.82,22.17,22.72,194,45
20230128,174,81.48,84.75,85.67,80.54,83.11,204,36
20230128,175,3053.83,3331.6,3525.66,2979.7,3222.7,256,42
20230128,176,47.96,52.03,55.6,46.72,50.58,235,68
20230128,177,47.44,53.13,53.87,47.36,50.45,346,47
20230128,178,396.82,385.53,415.09,379.86,394.33,206,40
20230128,179,1.89,1.78,1.89,1.73,1.82,318,58
20230128,180,325.74,368.32,369.19,322.05,346.33,231,30
20230128,181,38869.79,43512.1,44487.02,38541.54,41352.61,438,50
20230128,182,20.62,20.83,20.96,20.18,20.65,175,50
20230128,183,23.59,24.27,25.27,22.1,23.8,422,60
20230128,184,9.06,9.66,9.99,8.99,9.42,403,68
20230128,185,1899.06,1954.25,1965.78,1894.11,1928.3,290,65
20230128,186,51283.3,53236.05,54983.88,50900.06,52600.82,283,58
20230128,187,711.97,612.97,718.65,610.55,663.54,285,44
20230128,188,427.71,441.81,448.24,411.17,432.23,300,68
20230128,189,4.22,4.0,4.37,3.96,4.13,298,65
20230128,190,5.1,5.38,5.59,4.88,5.24,298,71
20230128,191,19.01,19.63,19.81,18.96,19.35,200,41
20230128,192,1950.1,2070.48,2220.89,1856.89,2024.59,211,22
20230128,193,23.61,26.38,26.81,22.08,24.72,339,55
20230128,194,18.93,20.93,21.2,18.59,19.91,382,59
20230128,195,3417.8,3620.39,3652.82,3304.64,3498.91,302,51
20230128,196,68.69,70.31,70.81,67.8,69.4,133,37
20230128,197,286.79,306.89,309.99,285.34,297.25,408,52
20230128,198,350.96,351.68,380.45,349.41,358.13,279,73
20230128,199,1292.55,1304.9,1369.99,1268.24,1308.92,141,30
20230128,200,84.26,97.78,99.83,83.93,91.45,224,28
20230129,1,78.45,76.9,79.01,75.39,77.44,353,60
20230129,2,62.35,65.51,67.73,60.58,64.04,216,43
20230129,3,234.77,232.66,236.48,229.29,233.3,200,46
20230129,4,5022.65,8938.63,9157.41,4985.22,7025.98,137,30
20230129,5,60.59,61.83,62.86,59.24,61.13,294,43
20230129,6,12.69,13.42,13.47,12.45,13.01,445,50
20230129,7,556.65,551.12,572.35,521.51,550.41,372,58
20230129,8,2.12,2.06,2.15,2.0,2.08,253,55
20230129,9,11715.6,11896.69,11917.56,11344.53,11718.59,431,59
20230129,10,30.53,31.54,32.47,30.45,31.25,142,32
20230129,11,38.42,37.62,39.42,37.29,38.19,344,60
20230129,12,495.31,479.28,532.89,475.03,495.63,127,23
20230129,13,1.58,1.6,1.62,1.5,1.57,324,55
20230129,14,71.53,73.76,75.38,67.08,71.94,380,46
20230129,15,8628.99,8875.79,9164.81,8595.9,8816.37,316,57
20230129,16,0.88,1.58,1.64,0.88,1.24,296,75
20230129,17,3434.08,3616.96,3664.7,3431.99,3536.93,330,56
20230129,18,225.31,234.82,234.83,219.9,228.72,252,58
20230129,19,3913.2,3816.42,3999.79,3721.97,3862.85,274,63
20230129,20,350.58,359.51,366.53,348.31,356.23,163,24
20230129,21,22.63,23.84,24.08,21.48,23.01,302,56
20230129,22,2021.94,1957.09,2116.18,1809.81,1976.26,292,56
20230129,23,786.11,826.68,844.46,785.96,810.8,197,43
20230129,24,79.01,85.02,85.02,78.8,81.96,302,57
20230129,25,76.41,77.97,78.38,73.52,76.57,221,36
20230129,26,53.35,53.66,56.37,52.72,54.03,302,42
20230129,27,34.7,36.9,37.47,33.36,35.61,437,56
20230129,28,15462.99,15570.5,15645.39,15320.78,15499.91,363,64
20230129,29,61.94,57.1,64.55,53.96,59.39,266,51
20230129,30,1621.5,1613.69,1662.61,1591.65,1622.36,200,45
20230129,31,185.55,197.15,200.05,181.79,191.13,181,36
20230129,32,222.27,234.35,238.3,207.73,225.66,234,56
20230129,33,51.79,50.43,52.48,49.52,51.05,228,49
20230129,34,8.63,17.32,17.77,8.48,13.05,269,74
20230129,35,67.82,71.31,73.55,64.96,69.41,325,63
20230129,36,101.81,102.28,103.73,99.68,101.88,208,25
20230129,37,13.87,13.25,14.31,12.7,13.53,403,41
20230129,38,172.47,185.68,189.88,170.46,179.62,230,38
20230129,39,97.94,99.38,102.1,96.97,99.1,312,62
20230129,40,31.38,33.0,33.21,29.91,31.87,190,41
20230129,41,5614.88,9558.83,9560.33,5514.09,7562.03,57,11
20230129,42,5274.64,5426.58,5437.69,5170.53,5327.36,403,63
20230129,43,3959.15,4145.91,4177.5,3886.11,4042.17,314,58
20230129,44,65.86,67.13,69.17,64.76,66.73,246,55
20230129,45,76.74,73.76,78.81,72.65,75.49,396,75
20230129,46,251.47,432.84,445.65,243.26,343.3,279,53
20230129,47,105.72,113.66,114.15,104.55,109.52,279,64
20230129,48,369.0,374.22,380.92,361.48,371.4,308,42
20230129,49,80.39,86.18,89.34,79.55,83.87,244,56
20230129,50,985.06,1040.61,1067.02,956.56,1012.31,231,44
20230129,51,588.53,607.42,632.38,575.37,600.92,347,48
20230129,52,67.35,67.44,67.67,66.83,67.32,246,49
20230129,53,2365.29,2436.66,2512.74,2351.92,2416.65,281,39
20230129,54,14.17,15.26,15.5,14.04,14.74,210,34
20230129,55,16.72,16.9,16.99,16.66,16.82,344,42
20230129,56,89.7,187.87,197.11,86.17,140.21,244,62
20230129,57,56.01,53.12,57.05,52.78,54.74,240,59
20230129,58,1.9,1.81,1.9,1.74,1.84,280,60
20230129,59,28689.64,30048.69,31334.08,27672.33,29436.19,418,70
20230129,60,2019.75,2003.67,2067.84,1989.3,2020.14,230,54
20230129,61,621.27,668.95,671.31,607.82,642.34,278,42
20230129,62,38.69,40.73,43.14,37.85,40.1,217,47
20230129,63,1470.09,1605.2,1632.49,1441.36,1537.29,382,66
20230129,64,5394.11,5778.99,5828.63,5269.99,5567.93,321,38
20230129,65,3.75,6.72,6.75,3.74,5.24,295,55
20230129,66,7146.52,6744.48,7450.88,6660.61,7000.63,269,53
20230129,67,36.54,79.68,81.06,35.29,58.14,182,45
20230129,68,126.13,119.81,131.3,118.39,123.91,353,50
20230129,69,12605.32,13553.34,14158.97,11994.38,13078.0,367,52
20230129,70,3.08,3.17,3.2,3.06,3.13,416,66
20230129,71,5611.67,5673.34,5694.82,5598.8,5644.66,442,73
20230129,72,12346.09,12558.09,12931.96,12252.24,12522.09,185,35
20230129,73,27.33,28.12,29.58,27.25,28.07,366,58
20230129,74,4.44,4.45,4.69,4.44,4.5,240,53
20230129,75,5830.03,6311.38,6395.13,5820.72,6089.32,420,64
20230129,76,21.01,22.47,23.1,20.02,21.65,409,51
20230129,77,17135.31,17398.52,17620.68,16902.47,17264.24,409,74
20230129,78,7.77,7.71,8.02,7.46,7.74,289,59
20230129,79,137.01,148.1,156.49,135.46,144.26,292,57
20230129,80,99.58,93.38,100.01,91.42,96.1,140,35
20230129,81,19.75,19.99,20.89,19.51,20.04,232,57
20230129,82,128.67,133.89,137.31,125.26,131.28,308,69
20230129,83,27.12,26.42,27.68,26.17,26.85,283,70
20230129,84,9.22,9.87,9.93,9.16,9.54,302,69
20230129,85,99.07,98.81,102.88,97.06,99.46,293,43
20230129,86,22259.55,22218.82,22268.06,20843.31,21897.44,301,54
20230129,87,613.28,639.07,649.41,596.76,624.63,188,36
20230129,88,42.38,41.02,45.01,40.41,42.2,263,36
20230129,89,17.88,18.98,19.24,17.06,18.29,287,60
20230129,90,20.79,38.88,38.91,20.55,29.78,275,49
20230129,91,2795.79,2898.29,2946.09,2744.19,2846.09,138,27
20230129,92,21.28,21.43,22.18,20.92,21.45,434,44
20230129,93,71.42,71.63,74.19,68.43,71.42,425,59
20230129,94,859.79,894.43,912.81,857.38,881.1,147,31
20230129,95,458.54,463.75,467.15,456.75,461.55,309,39
20230129,96,590.23,613.3,623.65,585.79,603.24,247,51
20230129,97,27.17,28.67,29.15,26.01,27.75,202,47
20230129,98,2312.04,2357.66,2390.48,2309.45,2342.4,406,58
20230129,99,51.81,52.75,54.42,49.41,52.1,185,36
20230129,100,45.33,44.94,46.02,42.89,44.79,441,60
20230129,101,17.3,17.33,17.39,16.71,17.18,301,68
20230129,102,5.48,11.72,11.84,5.39,8.61,265,65
20230129,103,661.89,1268.69,1286.02,648.41,966.26,155,38
20230129,104,544.39,581.22,584.54,543.76,563.48,208,46
20230129,105,8059.05,8102.14,8113.62,7823.29,8024.52,426,65
20230129,106,169.86,171.87,174.5,169.25,171.37,400,59
20230129,107,135.46,130.77,136.03,129.52,132.95,219,29
20230129,108,376.73,393.34,396.98,353.65,380.18,215,25
20230129,109,710.15,703.02,727.0,667.39,701.89,234,37
20230129,110,851.16,827.16,885.63,757.77,830.43,246,48
20230129,111,2.06,2.22,2.29,2.01,2.14,282,55
20230129,112,13110.6,14039.07,14224.05,12599.48,13493.3,433,68
20230129,113,4.05,7.85,7.97,3.74,5.9,315,59
20230129,114,998.12,1048.66,1082.71,988.7,1029.55,389,54
20230129,115,1940.4,3774.88,3874.96,1935.0,2881.31,290,63
20230129,116,793.38,818.91,818.96,755.26,796.62,213,46
20230129,117,6.4,6.65,6.96,6.35,6.59,277,55
20230129,118,8.56,16.96,17.05,8.49,12.76,298,47
20230129,119,48.13,78.84,80.93,47.64,63.89,245,47
20230129,120,557.43,606.86,620.08,539.03,580.85,433,46
20230129,121,2372.05,2375.65,2404.51,2317.66,2367.47,407,60
20230129,122,12073.52,11751.36,12411.26,11409.64,11911.44,336,47
20230129,123,3.87,3.67,3.87,3.55,3.74,404,60
20230129,124,24.33,23.0,24.37,22.95,23.66,270,53
20230129,125,173.25,296.38,304.19,171.21,236.26,146,44
20230129,126,90123.75,88879.7,91937.26,83769.02,88677.43,344,65
20230129,127,200.35,205.71,224.67,199.35,207.52,222,35
20230129,128,229.38,231.7,241.3,228.59,232.74,133,24
20230129,129,12746.17,13336.6,13429.8,12312.06,12956.16,178,40
20230129,130,97.51,99.27,100.12,96.89,98.45,345,49
20230129,131,259.95,260.73,264.94,255.9,260.38,351,65
20230129,132,3199.99,3159.2,3249.47,3112.85,3180.38,365,51
20230129,133,57.65,64.4,64.87,56.84,60.94,277,35
20230129,134,900.81,1549.66,1575.9,883.44,1227.45,271,74
20230129,135,401.06,411.24,434.35,400.68,411.84,207,30
20230129,136,136.79,259.8,264.75,135.02,199.09,257,51
20230129,137,191.88,197.95,198.83,183.26,192.98,214,33
20230129,138,2.75,2.76,2.81,2.69,2.75,440,67
20230129,139,8633.76,8635.27,8842.59,8486.03,8649.41,445,59
20230129,140,184.16,185.73,193.54,180.06,185.87,376,53
20230129,141,27.93,30.49,31.1,27.23,29.19,274,52
20230129,142,59.25,60.79,62.02,58.38,60.11,290,65
20230129,143,9283.07,9966.49,10204.83,8795.13,9562.38,414,77
20230129,144,3.18,3.29,3.39,3.08,3.23,286,55
20230129,145,1585.32,1590.12,1604.64,1528.22,1577.07,321,50
20230129,146,22184.86,22522.81,22537.46,21982.22,22306.84,324,46
20230129,147,594.92,617.72,618.2,587.51,604.59,93,19
20230129,148,122.97,118.89,125.78,118.42,121.52,437,45
20230129,149,2.16,2.2,2.23,2.11,2.17,415,61
20230129,150,4.08,4.23,4.31,4.05,4.17,408,73
20230129,151,13.09,13.33,13.36,12.75,13.13,337,57
20230129,152,19.55,19.92,20.01,19.12,19.65,293,51
20230129,153,57513.54,60034.62,63075.64,56745.57,59342.34,361,53
20230129,154,1403.14,1425.17,1511.91,1388.89,1432.28,209,31
20230129,155,67.55,71.69,72.93,67.49,69.92,322,62
20230129,156,75.99,78.64,79.07,71.28,76.25,351,42
20230129,157,824.76,1875.52,1894.54,801.69,1349.13,323,62
20230129,158,34.06,34.27,36.38,32.45,34.29,281,58
20230129,159,17227.3,17909.18,18519.99,17222.73,17719.8,281,46
20230129,160,63.78,62.48,64.44,61.43,63.03,440,53
20230129,161,11.89,12.56,12.83,11.74,12.26,397,43
20230129,162,102.27,101.73,103.96,101.4,102.34,230,38
20230129,163,182.42,187.48,197.62,177.59,186.28,352,55
20230129,164,47.45,47.92,48.45,46.67,47.62,247,65
20230129,165,35.96,36.88,37.62,33.85,36.08,343,49
20230129,166,31.88,31.9,32.51,31.37,31.91,303,55
20230129,167,0.99,0.98,1.01,0.93,0.98,300,64
20230129,168,26.82,27.57,28.0,26.49,27.22,439,71
20230129,169,36.76,39.58,40.24,36.41,38.25,332,60
20230129,170,1570.01,2955.47,3028.55,1566.41,2280.11,53,11
20230129,171,54.14,51.86,57.75,51.59,53.83,422,60
20230129,172,41.52,43.37,43.76,40.35,42.25,307,59
20230129,173,22.18,22.12,23.56,22.11,22.49,191,36
20230129,174,84.75,88.4,89.17,81.01,85.83,210,39
20230129,175,3331.6,6011.99,6466.82,3295.18,4776.4,253,55
20230129,176,52.03,52.61,53.89,51.68,52.55,274,50
20230129,177,53.13,57.37,60.49,51.97,55.74,341,52
20230129,178,385.53,373.22,392.87,367.66,379.82,187,44
20230129,179,1.78,4.67,4.84,1.75,3.26,271,57
20230129,180,368.32,380.49,391.12,363.56,375.87,209,37
20230129,181,43512.1,42963.07,44528.35,42798.71,43450.56,401,49
20230129,182,20.83,20.55,21.05,19.33,20.44,194,30
20230129,183,24.27,24.73,25.64,23.92,24.64,423,78
20230129,184,9.66,10.09,10.26,9.52,9.88,402,73
20230129,185,1954.25,1861.35,1958.56,1775.56,1887.43,256,59
20230129,186,53236.05,55753.33,59423.7,52421.2,55208.57,282,64
20230129,187,612.97,1149.48,1169.66,580.26,878.09,272,56
20230129,188,441.81,468.19,476.38,417.22,450.9,310,60
20230129,189,4.0,4.21,4.3,3.96,4.12,301,52
20230129,190,5.38,5.75,5.83,5.33,5.57,302,67
20230129,191,19.63,20.69,21.31,18.52,20.04,195,44
20230129,192,2070.48,2074.05,2178.63,2060.18,2095.83,200,23
20230129,193,26.38,25.75,27.62,25.46,26.3,326,52
20230129,194,20.93,21.41,21.99,19.67,21.0,405,55
20230129,195,3620.39,3631.3,3694.6,3537.16,3620.86,308,72
20230129,196,70.31,75.65,79.29,67.39,73.16,137,32
20230129,197,306.89,297.48,317.41,289.37,302.79,420,63
20230129,198,351.68,390.26,393.29,344.17,369.85,279,56
20230129,199,1304.9,1375.86,1430.38,1275.89,1346.76,151,34
20230129,200,97.78,97.66,98.85,95.14,97.36,214,30
20230130,1,76.9,73.87,78.8,69.51,74.77,243,63
20230130,2,65.51,61.76,65.92,60.66,63.46,166,40
20230130,3,232.66,232.14,236.19,219.38,230.09,131,39
20230130,4,8938.63,8330.1,9174.37,7919.76,8590.72,96,33
20230130,5,61.83,59.92,64.03,58.74,61.13,195,34
20230130,6,13.42,11.3,13.74,10.67,12.28,298,59
20230130,7,551.12,468.53,556.49,463.18,509.83,240,49
20230130,8,2.06,2.0,2.08,1.98,2.03,197,69
20230130,9,11896.69,11251.28,12026.69,10580.63,11438.82,296,54
20230130,10,31.54,32.05,32.1,31.5,31.8,110,29
20230130,11,37.62,34.19,38.45,33.69,35.99,232,38
20230130,12,479.28,454.44,490.11,426.24,462.52,88,26
20230130,13,1.6,1.56,1.68,1.52,1.59,227,77
20230130,14,73.76,67.48,75.72,67.23,71.05,257,57
20230130,15,8875.79,9194.73,9349.6,8631.67,9012.95,241,51
20230130,16,1.58,1.53,1.66,1.52,1.57,208,72
20230130,17,3616.96,3463.71,3801.55,3353.87,3559.02,200,59
20230130,18,234.82,230.83,239.29,222.83,231.95,163,60
20230130,19,3816.42,3909.38,3922.01,3780.68,3857.12,200,48
20230130,20,359.51,353.5,360.78,351.5,356.32,114,40
20230130,21,23.84,23.77,23.95,23.01,23.64,233,63
20230130,22,1957.09,1915.11,1976.71,1899.07,1936.99,185,50
20230130,23,826.68,800.92,852.43,763.43,810.87,153,41
20230130,24,85.02,83.21,88.86,82.06,84.79,210,62
20230130,25,77.97,71.67,78.44,68.4,74.12,173,24
20230130,26,53.66,51.87,54.13,51.32,52.74,254,33
20230130,27,36.9,33.84,37.63,33.25,35.4,308,61
20230130,28,15570.5,13891.27,15716.01,13578.6,14689.09,242,54
20230130,29,57.1,58.5,62.14,56.58,58.58,170,49
20230130,30,1613.69,1618.14,1666.17,1579.81,1619.46,145,50
20230130,31,197.15,201.3,208.04,194.13,200.15,152,36
20230130,32,234.35,235.35,241.45,233.71,236.22,187,59
20230130,33,50.43,46.11,50.93,45.41,48.22,179,38
20230130,34,17.32,15.18,17.59,14.45,16.13,217,74
20230130,35,71.31,67.52,73.54,66.78,69.79,234,46
20230130,36,102.28,93.76,102.43,93.47,97.98,170,31
20230130,37,13.25,11.98,13.87,11.71,12.7,240,55
20230130,38,185.68,185.84,186.67,181.62,184.95,151,59
20230130,39,99.38,105.53,105.83,95.59,101.58,206,70
20230130,40,33.0,33.59,33.94,31.98,33.13,145,34
20230130,41,9558.83,9697.05,9885.46,9021.96,9540.83,25,10
20230130,42,5426.58,4735.45,5650.14,4658.18,5117.59,312,66
20230130,43,4145.91,3925.7,4175.77,3885.79,4033.29,214,69
20230130,44,67.13,59.11,67.14,57.95,62.83,166,63
20230130,45,73.76,68.21,75.96,65.68,70.9,279,48
20230130,46,432.84,448.92,458.88,421.99,440.66,164,49
20230130,47,113.66,114.91,117.82,107.85,113.56,198,73
20230130,48,374.22,371.16,384.05,365.87,373.83,205,70
20230130,49,86.18,83.33,86.68,81.02,84.3,199,58
20230130,50,1040.61,986.57,1088.74,948.58,1016.12,196,45
20230130,51,607.42,529.57,620.66,512.22,567.47,271,50
20230130,52,67.44,65.34,67.51,64.52,66.2,183,63
20230130,53,2436.66,2270.81,2508.41,2263.7,2369.9,162,44
20230130,54,15.26,15.82,16.54,14.81,15.61,139,37
20230130,55,16.9,14.45,16.93,14.24,15.63,242,59
20230130,56,187.87,180.44,189.51,175.96,183.45,167,59
20230130,57,53.12,47.57,54.01,45.24,49.98,192,45
20230130,58,1.81,1.82,1.84,1.74,1.8,196,57
20230130,59,30048.69,27055.9,30727.49,27038.04,28717.53,300,66
20230130,60,2003.67,1947.11,2043.17,1901.34,1973.82,186,50
20230130,61,668.95,579.8,682.2,577.96,627.23,200,38
20230130,62,40.73,39.13,42.1,37.83,39.95,176,60
20230130,63,1605.2,1417.85,1664.86,1391.05,1519.74,310,73
20230130,64,5778.99,5207.39,5947.51,4790.86,5431.19,231,51
20230130,65,6.72,7.1,7.25,6.67,6.93,209,64
20230130,66,6744.48,6642.56,6910.96,6607.43,6726.36,160,49
20230130,67,79.68,79.32,81.8,76.14,79.23,125,46
20230130,68,119.81,106.09,120.92,104.98,112.95,255,49
20230130,69,13553.34,11833.28,13684.99,11745.05,12704.17,228,51
20230130,70,3.17,2.85,3.29,2.78,3.02,293,66
20230130,71,5673.34,5646.53,5731.45,5545.61,5649.23,328,69
20230130,72,12558.09,11966.27,13260.85,11811.05,12399.06,140,40
20230130,73,28.12,25.71,28.13,25.68,26.91,247,38
20230130,74,4.45,4.18,4.58,4.06,4.32,193,48
20230130,75,6311.38,5059.88,6351.47,4899.94,5655.67,303,64
20230130,76,22.47,19.62,23.1,19.43,21.16,292,61
20230130,77,17398.52,17165.73,17476.92,16771.79,17203.24,296,64
20230130,78,7.71,7.74,8.3,7.45,7.8,204,57
20230130,79,148.1,153.84,157.17,145.71,151.21,222,64
20230130,80,93.38,91.13,93.75,90.37,92.16,119,40
20230130,81,19.99,17.54,20.64,17.32,18.87,178,43
20230130,82,133.89,124.03,134.5,118.03,127.61,244,59
20230130,83,26.42,26.1,26.45,26.01,26.25,199,62
20230130,84,9.87,9.73,10.04,9.52,9.79,216,62
20230130,85,98.81,88.77,103.44,86.97,94.5,181,38
20230130,86,22218.82,21300.46,23219.13,20341.36,21769.94,214,61
20230130,87,639.07,637.96,652.04,629.36,639.61,147,46
20230130,88,41.02,36.29,42.89,35.92,39.03,193,38
20230130,89,18.98,18.75,20.01,18.71,19.11,226,65
20230130,90,38.88,38.98,39.69,38.62,39.04,167,59
20230130,91,2898.29,2789.66,2910.05,2789.24,2846.81,104,26
20230130,92,21.43,18.64,21.93,18.52,20.13,293,61
20230130,93,71.63,63.76,72.22,63.39,67.75,281,64
20230130,94,894.43,944.96,979.84,851.82,917.77,99,21
20230130,95,463.75,437.93,474.8,414.62,447.77,195,32
20230130,96,613.3,611.24,620.34,606.36,612.81,192,53
20230130,97,28.67,27.13,29.6,26.91,28.08,200,54
20230130,98,2357.66,2004.58,2383.62,2001.69,2186.89,277,68
20230130,99,52.75,53.23,53.87,51.32,52.79,145,38
20230130,100,44.94,42.02,45.43,41.96,43.59,280,53
20230130,101,17.33,17.0,17.94,16.84,17.28,180,61
20230130,102,11.72,11.34,12.11,11.26,11.61,182,52
20230130,103,1268.69,1164.07,1274.77,1120.37,1206.98,125,23
20230130,104,581.22,584.99,588.27,577.69,583.04,131,41
20230130,105,8102.14,7619.09,8240.36,7611.06,7893.16,293,63
20230130,106,171.87,150.5,180.99,148.53,162.97,285,63
20230130,107,130.77,114.7,130.84,113.6,122.48,138,29
20230130,108,393.34,371.06,403.38,359.03,381.71,159,31
20230130,109,703.02,667.9,728.72,649.54,687.29,149,63
20230130,110,827.16,874.78,880.05,810.55,848.14,174,44
20230130,111,2.22,2.14,2.27,2.09,2.18,217,57
20230130,112,14039.07,12533.62,14242.29,12452.54,13316.88,303,65
20230130,113,7.85,7.62,8.01,7.58,7.77,241,74
20230130,114,1048.66,934.97,1067.69,893.4,986.18,305,61
20230130,115,3774.88,3865.96,3898.16,3699.67,3809.67,226,60
20230130,116,818.91,850.04,858.26,779.72,826.73,127,45
20230130,117,6.65,6.7,6.72,6.62,6.67,226,53
20230130,118,16.96,16.55,17.36,16.53,16.85,194,60
20230130,119,78.84,74.36,80.37,72.65,76.55,188,40
20230130,120,606.86,545.32,646.49,530.66,582.33,313,64
20230130,121,2375.65,2106.35,2393.99,2046.62,2230.65,323,58
20230130,122,11751.36,11428.49,12109.09,11245.21,11633.54,258,41
20230130,123,3.67,3.48,3.79,3.46,3.6,316,77
20230130,124,23.0,22.48,24.17,21.12,22.69,176,56
20230130,125,296.38,276.32,297.61,276.27,286.64,110,26
20230130,126,88879.7,90401.08,91813.33,84059.53,88788.41,236,60
20230130,127,205.71,185.86,208.55,182.8,195.73,143,31
20230130,128,231.7,223.99,240.69,216.02,228.1,112,27
20230130,129,13336.6,13722.65,14481.63,13148.68,13672.39,142,48
20230130,130,99.27,87.82,105.0,85.23,94.33,267,50
20230130,131,260.73,231.75,263.73,219.76,243.99,263,49
20230130,132,3159.2,2824.64,3375.46,2800.28,3039.89,273,42
20230130,133,64.4,59.59,65.68,57.27,61.74,164,34
20230130,134,1549.66,1536.33,1581.27,1466.08,1533.33,179,56
20230130,135,411.24,359.76,417.12,356.74,386.21,161,27
20230130,136,259.8,247.65,268.75,246.05,255.56,190,46
20230130,137,197.95,185.26,205.84,182.95,193.0,145,35
20230130,138,2.76,2.43,2.89,2.33,2.6,347,54
20230130,139,8635.27,7517.96,9225.27,7242.28,8155.2,297,67
20230130,140,185.73,169.81,192.81,168.26,179.15,265,49
20230130,141,30.49,29.57,31.44,28.67,30.04,145,48
20230130,142,60.79,59.77,61.33,57.49,59.85,213,58
20230130,143,9966.49,9708.59,10347.78,9482.89,9876.44,326,47
20230130,144,3.29,3.2,3.37,3.2,3.26,223,57
20230130,145,1590.12,1463.94,1721.53,1435.18,1552.69,246,37
20230130,146,22522.81,22717.49,22878.12,22085.29,22550.93,197,56
20230130,147,617.72,598.75,640.01,583.04,609.88,71,17
20230130,148,118.89,107.52,123.32,105.61,113.83,293,66
20230130,149,2.2,1.99,2.28,1.99,2.11,299,65
20230130,150,4.23,3.88,4.27,3.65,4.01,291,58
20230130,151,13.33,11.73,14.39,11.61,12.76,240,48
20230130,152,19.92,18.89,20.1,18.44,19.34,211,62
20230130,153,60034.62,54419.5,62336.86,54139.68,57732.66,258,43
20230130,154,1425.17,1184.15,1478.99,1144.15,1308.12,162,35
20230130,155,71.69,72.6,74.72,70.77,72.45,223,64
20230130,156,78.64,77.34,80.48,76.83,78.33,262,56
20230130,157,1875.52,1829.41,1881.42,1823.82,1852.54,235,53
20230130,158,34.27,34.01,34.4,33.53,34.05,189,61
20230130,159,17909.18,17950.96,18232.19,17590.92,17920.81,216,64
20230130,160,62.48,53.38,62.58,52.99,57.86,289,54
20230130,161,12.56,11.68,12.81,11.67,12.18,267,55
20230130,162,101.73,98.27,104.21,96.27,100.12,173,48
20230130,163,187.48,184.27,190.34,180.45,185.63,246,41
20230130,164,47.92,46.56,50.65,44.35,47.37,179,44
20230130,165,36.88,34.41,38.74,34.2,36.06,257,43
20230130,166,31.9,30.78,32.02,30.77,31.37,229,60
20230130,167,0.98,1.04,1.05,0.97,1.01,219,54
20230130,168,27.57,24.51,27.79,24.24,26.03,309,53
20230130,169,39.58,37.31,40.29,36.7,38.47,266,61
20230130,170,2955.47,2937.12,2971.26,2897.66,2940.38,34,7
20230130,171,51.86,47.55,53.62,46.21,49.81,302,59
20230130,172,43.37,39.32,43.86,37.57,41.03,252,51
20230130,173,22.12,21.31,22.17,21.19,21.69,133,52
20230130,174,88.4,76.95,88.9,75.06,82.33,157,51
20230130,175,6011.99,6037.97,6306.63,5649.64,6001.56,176,43
20230130,176,52.61,49.35,53.88,49.23,51.27,188,61
20230130,177,57.37,53.87,57.59,52.0,55.21,248,51
20230130,178,373.22,365.79,391.71,351.16,370.47,140,31
20230130,179,4.67,4.91,4.99,4.31,4.72,191,53
20230130,180,380.49,350.16,380.69,344.47,363.95,148,36
20230130,181,42963.07,34897.42,42985.43,34304.21,38787.53,294,52
20230130,182,20.55,20.64,20.74,20.51,20.61,144,38
20230130,183,24.73,22.12,25.16,21.33,23.33,296,55
20230130,184,10.09,9.61,10.84,9.57,10.03,290,56
20230130,185,1861.35,1860.13,1863.48,1840.31,1856.32,200,46
20230130,186,55753.33,55840.87,56337.6,52534.79,55116.65,211,60
20230130,187,1149.48,1121.21,1188.77,1060.96,1130.1,216,55
20230130,188,468.19,436.0,480.62,434.84,454.91,184,53
20230130,189,4.21,4.05,4.22,3.95,4.11,204,49
20230130,190,5.75,5.15,5.83,5.13,5.47,197,47
20230130,191,20.69,19.71,21.25,18.9,20.14,145,32
20230130,192,2074.05,1761.45,2080.51,1711.89,1906.97,138,22
20230130,193,25.75,21.9,26.27,20.89,23.7,243,60
20230130,194,21.41,19.41,22.9,19.11,20.71,314,62
20230130,195,3631.3,3586.01,3673.47,3584.06,3618.71,196,63
20230130,196,75.65,73.52,77.2,73.29,74.92,87,25
20230130,197,297.48,262.83,307.68,261.45,282.36,300,45
20230130,198,390.26,363.27,407.28,357.4,379.55,215,65
20230130,199,1375.86,1307.1,1416.42,1218.12,1329.37,88,25
20230130,200,97.66,85.17,103.03,83.28,92.28,144,28
20230131,1,73.87,72.05,74.21,70.12,72.56,262,53
20230131,2,61.76,57.8,63.27,56.95,59.94,138,45
20230131,3,232.14,348.49,352.33,223.19,289.04,133,41
20230131,4,8330.1,8283.86,8529.93,8030.07,8293.49,130,31
20230131,5,59.92,59.83,60.89,59.47,60.03,182,42
20230131,6,11.3,12.08,12.43,11.25,11.77,332,62
20230131,7,468.53,469.52,481.06,464.38,470.87,251,52
20230131,8,2.0,2.14,2.24,1.98,2.09,215,62
20230131,9,11251.28,10193.7,11324.54,9913.67,10670.8,280,62
20230131,10,32.05,31.23,33.45,30.62,31.84,105,30
20230131,11,34.19,35.69,36.68,33.66,35.05,260,54
20230131,12,454.44,464.71,477.63,433.8,457.64,103,16
20230131,13,1.56,1.68,1.71,1.54,1.62,234,62
20230131,14,67.48,70.95,72.53,67.26,69.56,228,45
20230131,15,9194.73,9149.07,9490.1,8672.12,9126.51,190,66
20230131,16,1.53,1.52,1.56,1.46,1.52,223,63
20230131,17,3463.71,3380.52,3555.79,3315.79,3428.95,197,58
20230131,18,230.83,223.05,232.96,215.82,225.67,169,50
20230131,19,3909.38,3865.77,4250.26,3756.9,3945.58,199,72
20230131,20,353.5,345.03,376.08,338.22,353.21,114,35
20230131,21,23.77,22.48,24.33,21.35,22.98,209,58
20230131,22,1915.11,1974.76,2014.0,1894.1,1949.49,218,63
20230131,23,800.92,840.91,859.13,780.31,820.32,127,34
20230131,24,83.21,84.91,86.74,81.4,84.06,191,66
20230131,25,71.67,71.12,74.89,70.87,72.14,153,36
20230131,26,51.87,53.52,54.34,51.72,52.86,238,55
20230131,27,33.84,34.13,34.6,32.94,33.87,310,71
20230131,28,13891.27,13853.82,13927.82,13501.8,13793.68,251,51
20230131,29,58.5,59.2,61.67,55.45,58.7,151,46
20230131,30,1618.14,1575.84,1684.09,1550.59,1607.17,141,35
20230131,31,201.3,207.89,215.22,195.12,204.88,164,35
20230131,32,235.35,332.48,337.93,231.78,284.38,168,52
20230131,33,46.11,44.94,46.49,44.2,45.43,171,49
20230131,34,15.18,14.98,15.7,14.76,15.16,207,67
20230131,35,67.52,67.31,71.04,67.05,68.23,222,61
20230131,36,93.76,94.28,98.57,88.79,93.85,144,29
20230131,37,11.98,11.84,12.14,11.81,11.94,271,49
20230131,38,185.84,251.92,258.51,178.88,218.79,161,54
20230131,39,105.53,152.98,156.65,103.92,129.77,229,65
20230131,40,33.59,46.85,48.28,33.45,40.54,138,35
20230131,41,9697.05,8862.37,9857.91,8629.08,9261.6,29,6
20230131,42,4735.45,5112.14,5178.99,4636.46,4915.76,328,65
20230131,43,3925.7,5667.78,5710.3,3773.08,4769.22,220,56
20230131,44,59.11,89.65,90.16,57.2,74.03,153,53
20230131,45,68.21,70.52,71.97,64.07,68.69,288,74
20230131,46,448.92,482.13,499.63,408.12,459.7,194,64
20230131,47,114.91,117.15,117.81,108.01,114.47,190,51
20230131,48,371.16,369.16,384.11,352.1,369.13,223,67
20230131,49,83.33,113.48,120.75,79.89,99.36,181,50
20230131,50,986.57,898.65,1026.72,869.93,945.47,159,46
20230131,51,529.57,546.03,551.46,517.28,536.09,228,69
20230131,52,65.34,69.1,69.49,61.21,66.28,198,43
20230131,53,2270.81,3151.81,3161.15,2209.17,2698.24,159,47
20230131,54,15.82,21.41,21.92,15.73,18.72,141,38
20230131,55,14.45,14.1,14.78,13.71,14.26,261,41
20230131,56,180.44,174.76,184.26,173.27,178.18,186,55
20230131,57,47.57,50.72,54.56,47.44,50.07,156,55
20230131,58,1.82,1.85,1.93,1.77,1.84,211,68
20230131,59,27055.9,26534.23,28474.64,26136.97,27050.44,298,71
20230131,60,1947.11,2219.26,2356.06,1923.67,2111.52,176,45
20230131,61,579.8,540.08,580.7,535.62,559.05,203,30
20230131,62,39.13,39.26,39.79,39.01,39.3,180,58
20230131,63,1417.85,1356.41,1425.86,1340.32,1385.11,288,80
20230131,64,5207.39,5202.85,5425.3,5183.97,5254.88,263,51
20230131,65,7.1,7.06,7.18,7.04,7.1,213,57
20230131,66,6642.56,6873.43,6889.98,6486.76,6723.18,176,54
20230131,67,79.32,78.01,81.87,75.94,78.78,151,40
20230131,68,106.09,104.18,108.81,99.26,104.58,234,67
20230131,69,11833.28,11631.04,12167.1,11571.68,11800.78,267,33
20230131,70,2.85,2.69,2.87,2.69,2.77,311,70
20230131,71,5646.53,5682.39,5955.89,5518.0,5700.7,298,54
20230131,72,11966.27,11939.96,12173.14,11873.59,11988.24,125,36
20230131,73,25.71,25.9,26.32,24.83,25.69,246,52
20230131,74,4.18,4.16,4.28,4.15,4.19,181,68
20230131,75,5059.88,5092.62,5199.04,4970.9,5080.61,319,77
20230131,76,19.62,20.48,20.84,18.6,19.89,289,57
20230131,77,17165.73,17461.02,18158.56,16512.91,17324.56,335,60
20230131,78,7.74,11.46,11.51,7.7,9.6,204,52
20230131,79,153.84,154.07,157.92,148.85,153.67,219,76
20230131,80,91.13,98.45,102.15,88.21,94.99,105,21
20230131,81,17.54,24.47,25.27,17.43,21.18,153,56
20230131,82,124.03,122.69,124.12,119.62,122.61,187,66
20230131,83,26.1,37.85,38.71,24.9,31.89,216,47
20230131,84,9.73,10.05,10.26,9.51,9.89,202,66
20230131,85,88.77,86.48,94.3,86.41,88.99,211,39
20230131,86,21300.46,20483.23,23316.12,20481.36,21395.29,218,56
20230131,87,637.96,862.48,891.41,636.2,757.01,137,33
20230131,88,36.29,35.24,37.31,33.95,35.7,203,31
20230131,89,18.75,20.0,20.98,18.47,19.55,190,63
20230131,90,38.98,40.94,41.05,37.49,39.61,198,40
20230131,91,2789.66,2704.91,2800.96,2612.58,2727.03,106,33
20230131,92,18.64,17.76,19.39,17.04,18.21,354,65
20230131,93,63.76,62.16,66.34,60.97,63.31,302,72
20230131,94,944.96,913.16,962.4,878.4,924.73,103,28
20230131,95,437.93,430.92,449.52,430.51,437.22,177,58
20230131,96,611.24,846.21,877.66,601.71,734.2,161,52
20230131,97,27.13,26.16,27.34,25.99,26.65,162,62
20230131,98,2004.58,2179.52,2290.92,1999.07,2118.52,330,57
20230131,99,53.23,50.53,54.52,49.12,51.85,122,44
20230131,100,42.02,39.28,43.87,37.33,40.62,318,47
20230131,101,17.0,18.17,18.46,16.67,17.58,218,67
20230131,102,11.34,12.11,12.67,11.02,11.79,163,50
20230131,103,1164.07,1166.07,1182.0,1132.99,1161.28,112,26
20230131,104,584.99,587.98,591.18,583.91,587.01,140,43
20230131,105,7619.09,7590.66,7667.53,7488.11,7591.35,300,62
20230131,106,150.5,149.4,150.87,148.79,149.89,303,75
20230131,107,114.7,109.47,116.51,108.64,112.33,140,35
20230131,108,371.06,330.65,380.34,325.76,351.96,149,35
20230131,109,667.9,645.82,688.14,637.93,659.95,176,49
20230131,110,874.78,933.06,939.71,857.07,901.16,169,56
20230131,111,2.14,2.26,2.31,2.11,2.21,220,56
20230131,112,12533.62,12546.2,12751.96,11845.05,12419.21,275,53
20230131,113,7.62,7.26,7.94,7.18,7.5,209,48
20230131,114,934.97,954.45,967.47,918.26,943.79,277,60
20230131,115,3865.96,3910.8,4007.43,3740.45,3881.16,229,65
20230131,116,850.04,883.38,887.81,838.54,864.94,155,46
20230131,117,6.7,5.94,6.89,5.62,6.29,219,48
20230131,118,16.55,18.44,18.57,16.55,17.53,198,68
20230131,119,74.36,76.24,77.59,72.45,75.16,193,44
20230131,120,545.32,533.35,556.4,501.18,534.06,308,53
20230131,121,2106.35,2036.32,2198.04,1976.44,2079.29,278,47
20230131,122,11428.49,11981.62,12146.94,11051.42,11652.12,261,38
20230131,123,3.48,3.55,3.57,3.45,3.51,280,61
20230131,124,22.48,22.68,22.77,22.22,22.54,163,59
20230131,125,276.32,279.96,293.6,267.65,279.38,113,23
20230131,126,90401.08,87944.28,91422.02,86403.76,89042.79,216,52
20230131,127,185.86,185.82,188.06,182.62,185.59,140,24
20230131,128,223.99,229.81,230.06,215.77,224.91,99,26
20230131,129,13722.65,13658.88,13815.3,12542.58,13434.85,138,31
20230131,130,87.82,88.96,92.83,86.47,89.02,214,62
20230131,131,231.75,241.91,251.06,227.76,238.12,238,52
20230131,132,2824.64,2630.49,2839.79,2592.6,2721.88,258,56
20230131,133,59.59,58.32,59.69,57.59,58.8,177,44
20230131,134,1536.33,1536.97,1545.47,1447.79,1516.64,214,68
20230131,135,359.76,348.66,369.92,341.15,354.87,155,39
20230131,136,247.65,244.18,248.34,243.48,245.91,187,57
20230131,137,185.26,192.59,194.61,176.5,187.24,134,26
20230131,138,2.43,2.39,2.44,2.36,2.41,294,78
20230131,139,7517.96,6909.72,7572.97,6766.69,7191.83,317,63
20230131,140,169.81,166.73,171.74,158.84,166.78,252,52
20230131,141,29.57,29.63,30.58,29.25,29.76,159,39
20230131,142,59.77,60.1,60.12,59.26,59.81,205,64
20230131,143,9708.59,9604.92,9781.88,9525.31,9655.18,284,65
20230131,144,3.2,3.27,3.35,3.16,3.24,238,47
20230131,145,1463.94,1433.91,1510.71,1404.18,1453.18,268,54
20230131,146,22717.49,21547.39,23698.18,20791.83,22188.72,218,73
20230131,147,598.75,585.01,623.24,582.4,597.35,56,23
20230131,148,107.52,102.59,108.82,102.58,105.38,279,46
20230131,149,1.99,1.96,2.0,1.95,1.97,342,61
20230131,150,3.88,4.04,4.07,3.73,3.93,299,45
20230131,151,11.73,11.83,11.99,11.23,11.7,234,57
20230131,152,18.89,27.04,28.86,18.35,23.28,200,62
20230131,153,54419.5,53709.29,55659.43,53122.15,54227.59,255,44
20230131,154,1184.15,1270.37,1312.76,1166.47,1233.44,141,32
20230131,155,72.6,72.49,75.26,70.74,72.77,226,50
20230131,156,77.34,76.54,79.54,75.66,77.27,236,55
20230131,157,1829.41,1855.24,1856.96,1729.94,1817.89,190,61
20230131,158,34.01,45.97,46.72,30.51,39.3,203,71
20230131,159,17950.96,16162.07,18982.38,15572.28,17166.92,197,68
20230131,160,53.38,52.09,54.37,51.24,52.77,281,50
20230131,161,11.68,11.77,12.15,11.62,11.81,247,52
20230131,162,98.27,99.63,100.63,96.51,98.76,159,40
20230131,163,184.27,179.71,193.29,178.32,183.9,247,59
20230131,164,46.56,44.98,47.92,43.08,45.64,162,39
20230131,165,34.41,31.38,34.95,31.03,32.94,226,41
20230131,166,30.78,32.51,33.26,30.58,31.78,206,64
20230131,167,1.04,1.44,1.55,0.99,1.26,218,60
20230131,168,24.51,24.49,24.73,24.08,24.46,309,56
20230131,169,37.31,35.81,38.46,34.03,36.4,265,53
20230131,170,2937.12,3046.79,3108.86,2909.36,3000.53,32,9
20230131,171,47.55,48.82,49.78,46.56,48.18,296,50
20230131,172,39.32,37.29,40.91,37.26,38.7,254,46
20230131,173,21.31,33.54,34.64,20.27,27.44,123,41
20230131,174,76.95,112.13,113.05,75.06,94.3,143,31
20230131,175,6037.97,5792.84,6060.63,5729.68,5905.28,186,56
20230131,176,49.35,47.79,51.85,47.57,49.14,173,52
20230131,177,53.87,51.28,55.35,50.04,52.63,254,50
20230131,178,365.79,342.75,374.15,332.33,353.75,136,39
20230131,179,4.91,5.13,5.16,4.65,4.96,217,71
20230131,180,350.16,337.83,351.81,322.08,340.47,139,27
20230131,181,34897.42,36361.2,38088.87,34128.11,35868.9,309,49
20230131,182,20.64,20.85,20.99,20.45,20.73,152,41
20230131,183,22.12,22.93,23.77,21.21,22.51,303,46
20230131,184,9.61,8.79,9.8,8.65,9.21,281,63
20230131,185,1860.13,1785.6,1884.28,1767.32,1824.33,212,65
20230131,186,55840.87,56911.6,58110.95,55265.97,56532.35,193,66
20230131,187,1121.21,1070.57,1121.82,1061.68,1093.82,193,54
20230131,188,436.0,616.98,633.34,432.43,529.69,222,68
20230131,189,4.05,3.83,4.13,3.75,3.94,198,55
20230131,190,5.15,5.09,5.25,4.93,5.11,208,58
20230131,191,19.71,21.14,22.5,19.32,20.67,147,48
20230131,192,1761.45,1832.23,1836.25,1728.48,1789.6,143,28
20230131,193,21.9,20.22,22.99,19.75,21.21,259,56
20230131,194,19.41,19.97,20.01,19.11,19.63,289,78
20230131,195,3586.01,3788.69,3954.58,3534.76,3716.01,202,60
20230131,196,73.52,81.92,84.89,72.23,78.14,101,37
20230131,197,262.83,266.31,271.65,255.52,264.08,285,47
20230131,198,363.27,340.97,363.54,338.02,351.45,194,78
20230131,199,1307.1,1310.68,1384.79,1255.81,1314.59,110,39
20230131,200,85.17,90.39,91.9,84.64,88.02,151,32
20230201,1,72.05,70.93,72.62,69.03,71.16,242,55
20230201,2,57.8,62.2,63.36,57.55,60.23,148,28
20230201,3,348.49,344.67,352.08,333.84,344.77,149,36
20230201,4,8283.86,8731.45,8795.38,8166.4,8494.27,113,31
20230201,5,59.83,53.98,59.91,53.0,56.68,188,33
20230201,6,12.08,11.89,12.44,11.59,12.0,288,68
20230201,7,469.52,469.5,469.83,462.33,467.8,215,46
20230201,8,2.14,2.17,2.19,2.12,2.16,229,74
20230201,9,10193.7,9728.15,10720.95,9509.3,10038.03,287,67
20230201,10,31.23,30.9,31.33,30.11,30.89,105,44
20230201,11,35.69,36.28,36.43,32.92,35.33,254,61
20230201,12,464.71,467.53,471.18,432.76,459.04,87,25
20230201,13,1.68,1.69,1.71,1.59,1.67,234,65
20230201,14,70.95,72.14,73.69,68.6,71.35,231,54
20230201,15,9149.07,8980.21,9275.26,8741.35,9036.47,199,54
20230201,16,1.52,1.63,1.65,1.5,1.58,211,62
20230201,17,3380.52,3352.12,3591.72,3151.81,3369.04,184,63
20230201,18,223.05,240.54,245.9,219.45,232.23,173,57
20230201,19,3865.77,4148.21,4242.7,3752.16,4002.21,218,52
20230201,20,345.03,345.6,353.05,344.01,346.92,110,28
20230201,21,22.48,22.16,22.94,21.89,22.37,201,65
20230201,22,1974.76,2032.75,2109.46,1944.75,2015.43,188,55
20230201,23,840.91,850.37,875.97,824.5,847.94,136,44
20230201,24,84.91,87.76,89.58,81.64,85.97,207,65
20230201,25,71.12,68.38,74.16,66.71,70.09,162,43
20230201,26,53.52,54.33,55.53,51.98,53.84,276,50
20230201,27,34.13,31.42,34.3,30.97,32.7,308,67
20230201,28,13853.82,13908.39,14607.99,13538.51,13977.18,202,50
20230201,29,59.2,64.97,65.83,59.09,62.27,181,50
20230201,30,1575.84,1482.02,1630.12,1454.04,1535.5,156,39
20230201,31,207.89,196.48,209.46,185.58,199.85,161,46
20230201,32,332.48,336.73,349.78,312.69,332.92,162,53
20230201,33,44.94,48.75,49.98,43.82,46.87,181,63
20230201,34,14.98,15.83,16.64,14.37,15.46,204,65
20230201,35,67.31,62.24,67.38,61.79,64.68,248,45
20230201,36,94.28,88.11,96.46,83.94,90.69,153,24
20230201,37,11.84,12.08,13.15,11.79,12.22,248,49
20230201,38,251.92,246.06,259.3,239.84,249.28,156,43
20230201,39,152.98,153.66,159.96,145.29,152.97,228,78
20230201,40,46.85,46.82,47.87,45.66,46.8,150,38
20230201,41,8862.37,8839.95,9393.23,8675.49,8942.76,40,11
20230201,42,5112.14,5600.09,5847.87,4740.2,5325.08,285,53
20230201,43,5667.78,5857.22,5965.94,5524.77,5753.93,190,60
20230201,44,89.65,95.01,98.47,87.36,92.62,162,55
20230201,45,70.52,72.67,72.69,70.48,71.59,307,66
20230201,46,482.13,481.33,516.77,480.72,490.24,163,51
20230201,47,117.15,115.04,120.74,113.93,116.72,177,49
20230201,48,369.16,363.93,380.62,346.21,364.98,212,66
20230201,49,113.48,117.56,118.63,109.62,114.82,174,60
20230201,50,898.65,893.03,908.08,868.23,892.0,172,52
20230201,51,546.03,584.32,589.28,541.79,565.36,253,57
20230201,52,69.1,67.18,70.64,65.48,68.1,165,55
20230201,53,3151.81,3214.03,3268.75,3138.46,3193.26,206,52
20230201,54,21.41,21.29,21.76,21.17,21.41,151,48
20230201,55,14.1,14.04,14.78,13.82,14.19,259,50
20230201,56,174.76,191.53,194.35,171.85,183.12,161,47
20230201,57,50.72,50.59,51.23,49.58,50.53,163,40
20230201,58,1.85,1.86,1.9,1.81,1.86,210,68
20230201,59,26534.23,25935.21,26539.99,25874.55,26221.0,276,57
20230201,60,2219.26,2234.78,2248.97,2181.03,2221.01,176,39
20230201,61,540.08,541.72,575.26,533.49,547.64,198,27
20230201,62,39.26,37.37,39.35,36.07,38.01,190,57
20230201,63,1356.41,1358.28,1382.55,1285.22,1345.62,305,62
20230201,64,5202.85,5436.91,5446.34,5065.73,5287.96,239,50
20230201,65,7.06,7.35,7.52,6.81,7.18,188,63
20230201,66,6873.43,6922.17,7270.88,6869.74,6984.05,180,40
20230201,67,78.01,78.82,79.89,77.12,78.46,134,44
20230201,68,104.18,103.83,104.28,103.41,103.92,242,50
20230201,69,11631.04,11489.19,12116.04,11068.99,11576.31,267,49
20230201,70,2.69,2.61,2.81,2.58,2.68,325,48
20230201,71,5682.39,5315.83,5762.57,5260.38,5505.29,286,72
20230201,72,11939.96,11599.76,12413.25,11454.51,11851.87,142,47
20230201,73,25.9,26.82,27.65,24.97,26.33,223,49
20230201,74,4.16,4.14,4.32,4.07,4.17,187,62
20230201,75,5092.62,5151.53,5448.66,4906.18,5149.75,312,66
20230201,76,20.48,20.21,20.8,19.55,20.26,293,61
20230201,77,17461.02,18028.72,18455.61,17125.73,17767.77,319,76
20230201,78,11.46,11.21,11.61,10.84,11.28,184,47
20230201,79,154.07,155.39,158.06,149.67,154.3,207,64
20230201,80,98.45,99.86,100.01,97.18,98.87,115,28
20230201,81,24.47,24.76,25.22,23.02,24.37,203,50
20230201,82,122.69,125.27,133.31,112.09,123.34,252,54
20230201,83,37.85,37.95,38.2,37.83,37.96,204,63
20230201,84,10.05,10.42,10.43,9.54,10.11,239,61
20230201,85,86.48,86.37,87.0,85.92,86.44,202,41
20230201,86,20483.23,22657.08,22758.42,19843.7,21435.61,197,61
20230201,87,862.48,863.14,869.52,857.46,863.15,132,39
20230201,88,35.24,33.24,35.43,31.78,33.92,207,47
20230201,89,20.0,20.45,21.16,19.93,20.38,168,60
20230201,90,40.94,42.45,43.78,39.6,41.69,176,54
20230201,91,2704.91,2765.88,2945.6,2688.32,2776.18,101,36
20230201,92,17.76,17.82,17.83,17.63,17.76,273,61
20230201,93,62.16,57.84,62.7,57.33,60.01,300,63
20230201,94,913.16,844.01,919.93,807.05,871.04,108,25
20230201,95,430.92,460.91,463.67,422.59,444.52,188,47
20230201,96,846.21,826.61,874.9,777.62,831.33,177,46
20230201,97,26.16,28.08,29.45,25.67,27.34,163,52
20230201,98,2179.52,2036.88,2209.64,2024.49,2112.63,298,55
20230201,99,50.53,48.6,53.56,46.89,49.89,130,45
20230201,100,39.28,40.82,42.49,37.63,40.05,297,73
20230201,101,18.17,18.07,18.85,17.82,18.23,219,69
20230201,102,12.11,12.51,12.83,12.07,12.38,181,50
20230201,103,1166.07,1191.34,1212.63,1149.52,1179.89,114,27
20230201,104,587.98,583.62,601.2,572.46,586.32,118,54
20230201,105,7590.66,7343.86,7759.63,7169.98,7466.03,288,57
20230201,106,149.4,142.46,154.5,137.45,145.95,279,62
20230201,107,109.47,120.57,124.0,108.57,115.65,148,38
20230201,108,330.65,355.6,371.26,320.25,344.44,162,31
20230201,109,645.82,629.68,654.23,605.18,633.73,168,58
20230201,110,933.06,887.66,955.59,885.25,915.39,153,46
20230201,111,2.26,2.22,2.28,2.15,2.23,225,65
20230201,112,12546.2,13061.36,13284.22,11802.66,12673.61,304,69
20230201,113,7.26,7.28,7.74,7.02,7.33,210,67
20230201,114,954.45,991.95,1001.32,930.82,969.64,296,58
20230201,115,3910.8,3917.73,3967.75,3910.78,3926.77,199,70
20230201,116,883.38,894.32,895.39,874.84,886.98,142,46
20230201,117,5.94,6.63,6.67,5.8,6.26,193,52
20230201,118,18.44,17.85,18.84,16.66,17.95,224,61
20230201,119,76.24,80.04,82.62,76.17,78.77,141,59
20230201,120,533.35,562.84,575.44,516.61,547.06,297,44
20230201,121,2036.32,2105.74,2197.23,2014.39,2088.42,315,68
20230201,122,11981.62,11152.7,12396.86,10881.61,11603.19,271,37
20230201,123,3.55,3.58,3.69,3.43,3.56,299,67
20230201,124,22.68,22.54,23.66,22.36,22.81,180,56
20230201,125,279.96,281.37,285.84,274.65,280.46,124,35
20230201,126,87944.28,83741.84,90320.08,81631.4,85909.4,205,62
20230201,127,185.82,190.25,200.88,180.44,189.35,152,31
20230201,128,229.81,239.8,242.68,222.95,233.81,99,30
20230201,129,13658.88,14182.72,14656.37,13555.42,14013.35,152,41
20230201,130,88.96,88.51,92.86,88.41,89.69,253,39
20230201,131,241.91,231.05,242.87,219.33,233.79,241,42
20230201,132,2630.49,2722.03,2842.12,2542.29,2684.23,221,45
20230201,133,58.32,65.37,66.49,58.25,62.1,160,58
20230201,134,1536.97,1558.52,1562.49,1533.41,1547.85,235,67
20230201,135,348.66,361.18,363.77,340.41,353.5,142,32
20230201,136,244.18,245.94,257.55,243.99,247.91,184,49
20230201,137,192.59,187.63,198.23,186.12,191.14,138,34
20230201,138,2.39,2.47,2.54,2.35,2.44,332,65
20230201,139,6909.72,6983.24,7069.04,6771.58,6933.39,315,58
20230201,140,166.73,171.96,172.06,160.68,167.86,237,62
20230201,141,29.63,30.6,31.29,29.54,30.26,163,52
20230201,142,60.1,61.92,63.2,57.59,60.7,202,62
20230201,143,9604.92,9610.8,9736.52,9519.71,9617.99,287,57
20230201,144,3.27,3.19,3.46,3.07,3.24,212,63
20230201,145,1433.91,1381.61,1448.82,1346.58,1402.73,241,52
20230201,146,21547.39,21890.35,21965.8,20659.78,21515.83,212,70
20230201,147,585.01,590.42,616.95,584.9,594.32,73,19
20230201,148,102.59,99.85,104.62,96.37,100.86,294,67
20230201,149,1.96,2.0,2.09,1.9,1.99,309,47
20230201,150,4.04,4.26,4.35,4.0,4.16,341,60
20230201,151,11.83,12.42,12.71,11.65,12.15,266,50
20230201,152,27.04,28.15,29.09,26.27,27.64,204,71
20230201,153,53709.29,51612.01,54359.04,49450.49,52282.71,252,58
20230201,154,1270.37,1220.42,1275.55,1211.35,1244.42,161,30
20230201,155,72.49,70.69,74.26,69.52,71.74,210,59
20230201,156,76.54,76.6,77.23,73.25,75.91,262,44
20230201,157,1855.24,1837.53,1934.75,1732.12,1839.91,227,58
20230201,158,45.97,45.49,46.0,43.99,45.36,194,50
20230201,159,16162.07,16031.19,16368.85,15501.82,16015.98,234,64
20230201,160,52.09,54.09,55.88,51.45,53.38,282,55
20230201,161,11.77,11.08,12.63,10.77,11.56,230,63
20230201,162,99.63,111.95,115.76,95.84,105.79,160,46
20230201,163,179.71,178.8,182.43,178.27,179.8,242,61
20230201,164,44.98,48.15,48.87,44.04,46.51,189,57
20230201,165,31.38,30.97,32.95,30.47,31.44,225,51
20230201,166,32.51,33.24,33.54,30.84,32.53,213,67
20230201,167,1.44,1.45,1.46,1.42,1.44,208,62
20230201,168,24.49,26.29,26.34,24.23,25.34,293,64
20230201,169,35.81,35.61,37.37,35.6,36.1,243,46
20230201,170,3046.79,3206.22,3417.75,2941.11,3152.97,35,7
20230201,171,48.82,45.98,48.88,43.91,46.9,345,49
20230201,172,37.29,38.79,40.71,37.01,38.45,271,50
20230201,173,33.54,34.28,34.62,33.28,33.93,141,46
20230201,174,112.13,110.59,112.24,107.89,110.71,125,36
20230201,175,5792.84,6214.66,6390.71,5662.04,6015.07,175,56
20230201,176,47.79,50.93,52.61,47.4,49.68,198,61
20230201,177,51.28,47.12,51.44,47.11,49.24,244,55
20230201,178,342.75,348.12,357.59,332.72,345.29,135,46
20230201,179,5.13,5.36,5.4,5.13,5.26,202,52
20230201,180,337.83,338.65,343.56,308.88,332.23,148,27
20230201,181,36361.2,39488.98,40810.15,35341.87,38000.55,294,66
20230201,182,20.85,22.14,23.07,19.91,21.49,129,34
20230201,183,22.93,23.63,24.74,21.61,23.23,310,68
20230201,184,8.79,9.92,10.12,8.42,9.31,303,81
20230201,185,1785.6,1878.81,1911.46,1670.41,1811.57,202,59
20230201,186,56911.6,56310.56,57716.76,54603.43,56385.59,218,46
20230201,187,1070.57,1078.6,1101.85,1026.09,1069.28,222,59
20230201,188,616.98,641.09,664.11,612.97,633.78,217,54
20230201,189,3.83,3.8,3.96,3.69,3.82,204,79
20230201,190,5.09,5.02,5.2,4.98,5.07,194,67
20230201,191,21.14,21.04,21.74,20.17,21.02,136,41
20230201,192,1832.23,1882.26,1932.2,1808.57,1863.81,163,20
20230201,193,20.22,20.6,21.1,19.2,20.28,223,48
20230201,194,19.97,18.97,20.25,17.55,19.18,304,63
20230201,195,3788.69,3909.95,3932.69,3617.71,3812.26,231,63
20230201,196,81.92,79.98,88.16,74.02,81.02,110,29
20230201,197,266.31,288.57,292.53,261.47,277.22,299,69
20230201,198,340.97,351.86,364.99,325.04,345.71,206,65
20230201,199,1310.68,1370.52,1391.56,1275.57,1337.08,93,30
20230201,200,90.39,92.47,95.5,87.66,91.51,159,40
20230202,1,70.93,73.72,76.76,70.14,72.89,262,52
20230202,2,62.2,64.45,66.6,61.41,63.67,172,43
20230202,3,344.67,351.41,367.7,332.75,349.13,122,43
20230202,4,8731.45,9367.96,10179.57,8729.72,9252.18,119,43
20230202,5,53.98,59.97,60.17,53.08,56.8,190,32
20230202,6,11.89,12.06,12.51,11.77,12.06,318,52
20230202,7,469.5,482.65,506.81,463.69,480.66,238,53
20230202,8,2.17,2.23,2.34,2.08,2.2,221,75
20230202,9,9728.15,10044.89,10284.98,9598.95,9914.24,298,60
20230202,10,30.9,31.21,31.98,30.44,31.13,102,35
20230202,11,36.28,33.17,36.29,31.89,34.41,229,36
20230202,12,467.53,466.31,470.15,458.02,465.5,101,24
20230202,13,1.69,1.75,1.82,1.68,1.74,193,65
20230202,14,72.14,69.11,72.41,67.73,70.35,252,41
20230202,15,8980.21,9258.92,9437.7,8930.52,9151.84,204,65
20230202,16,1.63,1.65,1.69,1.58,1.64,188,46
20230202,17,3352.12,3447.34,3551.52,3202.26,3388.31,223,55
20230202,18,240.54,245.55,246.97,238.47,242.88,151,55
20230202,19,4148.21,4298.47,4391.36,4027.03,4216.26,207,67
20230202,20,345.6,356.48,356.55,338.68,349.33,103,31
20230202,21,22.16,22.93,24.15,21.29,22.63,199,62
20230202,22,2032.75,2075.14,2106.46,1975.13,2047.37,213,74
20230202,23,850.37,788.25,856.51,767.8,815.73,132,41
20230202,24,87.76,85.34,88.37,84.22,86.42,191,69
20230202,25,68.38,64.36,68.71,60.53,65.49,169,28
20230202,26,54.33,55.32,56.87,53.48,55.0,211,61
20230202,27,31.42,33.11,34.55,31.06,32.53,325,52
20230202,28,13908.39,14554.83,14583.96,13844.3,14222.87,272,52
20230202,29,64.97,66.95,69.57,62.4,65.97,191,39
20230202,30,1482.02,1544.35,1548.41,1475.53,1512.58,128,49
20230202,31,196.48,186.33,198.01,182.66,190.87,152,35
20230202,32,336.73,336.23,336.98,321.28,332.81,188,58
20230202,33,48.75,46.22,49.99,44.4,47.34,181,61
20230202,34,15.83,15.99,16.39,15.66,15.97,222,61
20230202,35,62.24,66.67,68.85,61.82,64.89,235,50
20230202,36,88.11,92.64,93.74,87.67,90.54,172,34
20230202,37,12.08,12.53,12.79,11.93,12.33,270,57
20230202,38,246.06,247.61,251.38,245.72,247.69,177,46
20230202,39,153.66,149.06,155.37,148.66,151.69,219,65
20230202,40,46.82,46.66,46.99,45.35,46.45,143,41
20230202,41,8839.95,9407.86,9445.16,8662.09,9088.77,40,12
20230202,42,5600.09,5688.78,5926.83,5550.07,5691.44,335,64
20230202,43,5857.22,5630.06,5999.59,5502.32,5747.3,231,58
20230202,44,95.01,96.18,97.14,90.77,94.77,159,47
20230202,45,72.67,66.79,73.56,66.38,69.85,278,70
20230202,46,481.33,497.46,511.76,460.76,487.83,180,42
20230202,47,115.04,110.75,119.66,107.61,113.27,191,67
20230202,48,363.93,345.48,367.37,338.51,353.82,200,56
20230202,49,117.56,121.12,123.52,116.12,119.58,159,48
20230202,50,893.03,935.82,972.41,888.03,922.32,179,50
20230202,51,584.32,583.24,587.38,568.14,580.77,262,57
20230202,52,67.18,73.64,73.83,67.07,70.43,137,52
20230202,53,3214.03,3296.01,3344.14,3154.41,3252.15,167,53
20230202,54,21.29,20.88,21.56,19.89,20.91,128,54
20230202,55,14.04,14.53,15.27,13.58,14.35,228,48
20230202,56,191.53,187.8,194.05,187.62,190.25,167,52
20230202,57,50.59,54.18,54.28,49.49,52.14,177,44
20230202,58,1.86,1.91,2.02,1.85,1.91,221,67
20230202,59,25935.21,26442.52,27919.42,25354.87,26413.0,281,64
20230202,60,2234.78,2104.45,2249.26,2053.74,2160.56,164,48
20230202,61,541.72,545.0,555.8,529.77,543.07,196,32
20230202,62,37.37,37.19,37.37,37.06,37.25,175,61
20230202,63,1358.28,1319.76,1407.42,1235.57,1330.26,290,55
20230202,64,5436.91,5431.04,5497.4,5266.88,5408.06,246,43
20230202,65,7.35,7.41,7.41,7.32,7.37,228,82
20230202,66,6922.17,6934.75,6984.33,6902.84,6936.02,187,49
20230202,67,78.82,74.6,80.94,73.39,76.94,156,43
20230202,68,103.83,103.58,111.06,101.44,104.98,253,66
20230202,69,11489.19,11348.88,11532.57,11293.93,11416.14,251,55
20230202,70,2.61,2.65,2.67,2.52,2.61,297,68
20230202,71,5315.83,5331.14,5341.43,5042.98,5257.84,303,61
20230202,72,11599.76,11408.53,11610.99,11386.88,11501.54,134,37
20230202,73,26.82,26.17,27.49,26.13,26.65,249,57
20230202,74,4.14,4.19,4.38,4.1,4.2,171,56
20230202,75,5151.53,5488.34,5524.09,4934.6,5274.64,317,66
20230202,76,20.21,20.43,21.04,19.38,20.26,291,60
20230202,77,18028.72,18574.84,18799.26,17274.45,18169.32,304,56
20230202,78,11.21,11.61,11.94,11.09,11.46,210,49
20230202,79,155.39,163.22,166.61,146.57,157.95,204,56
20230202,80,99.86,106.83,107.0,92.95,101.66,112,33
20230202,81,24.76,25.99,26.0,24.07,25.2,171,47
20230202,82,125.27,119.98,126.2,118.11,122.39,224,60
20230202,83,37.95,38.54,39.01,37.06,38.14,193,65
20230202,84,10.42,10.88,10.96,10.03,10.57,199,57
20230202,85,86.37,90.78,93.99,84.77,88.98,186,37
20230202,86,22657.08,22089.6,23700.02,21850.36,22574.27,206,79
20230202,87,863.14,875.47,892.49,854.27,871.34,129,52
20230202,88,33.24,34.11,35.19,32.74,33.82,213,44
20230202,89,20.45,21.7,22.24,19.89,21.07,226,60
20230202,90,42.45,40.42,44.16,39.78,41.7,190,55
20230202,91,2765.88,2709.38,2770.79,2678.36,2731.1,96,32
20230202,92,17.82,16.65,18.52,16.19,17.3,294,48
20230202,93,57.84,60.33,62.34,55.63,59.04,329,48
20230202,94,844.01,941.94,950.38,839.21,893.89,112,36
20230202,95,460.91,456.16,471.43,455.42,460.98,185,48
20230202,96,826.61,822.51,832.92,788.19,817.56,174,52
20230202,97,28.08,29.11,29.4,27.7,28.57,205,49
20230202,98,2036.88,2029.62,2061.14,2023.1,2037.69,301,61
20230202,99,48.6,49.62,49.66,47.23,48.78,134,37
20230202,100,40.82,41.54,42.09,40.23,41.17,301,54
20230202,101,18.07,17.4,18.62,17.12,17.8,191,59
20230202,102,12.51,12.5,12.87,12.13,12.5,174,62
20230202,103,1191.34,1247.95,1287.18,1179.2,1226.42,121,32
20230202,104,583.62,604.1,623.27,550.25,590.31,119,43
20230202,105,7343.86,7663.63,7756.19,7098.12,7465.45,301,62
20230202,106,142.46,144.93,147.83,140.11,143.83,298,61
20230202,107,120.57,124.16,128.4,118.03,122.79,147,31
20230202,108,355.6,364.58,368.58,343.53,358.07,117,29
20230202,109,629.68,626.4,635.84,611.95,625.97,178,55
20230202,110,887.66,863.25,920.06,843.91,878.72,177,48
20230202,111,2.22,2.19,2.33,2.03,2.19,211,71
20230202,112,13061.36,12539.44,13195.15,12353.68,12787.41,306,60
20230202,113,7.28,7.44,7.56,6.97,7.31,203,65
20230202,114,991.95,1043.35,1078.44,983.44,1024.29,302,59
20230202,115,3917.73,3809.57,4100.18,3633.67,3865.29,215,55
20230202,116,894.32,922.48,976.38,893.55,921.68,138,43
20230202,117,6.63,6.41,6.92,6.32,6.57,214,60
20230202,118,17.85,16.98,17.94,16.65,17.35,230,61
20230202,119,80.04,84.2,87.55,79.27,82.76,208,38
20230202,120,562.84,536.05,570.75,532.52,550.54,305,61
20230202,121,2105.74,2005.89,2131.59,2003.06,2061.57,293,75
20230202,122,11152.7,11469.31,12047.48,10701.71,11342.8,264,43
20230202,123,3.58,3.64,3.72,3.51,3.61,286,69
20230202,124,22.54,23.49,23.7,22.17,22.98,174,60
20230202,125,281.37,303.76,309.13,279.18,293.36,106,33
20230202,126,83741.84,80838.24,84647.6,76985.3,81553.25,207,61
20230202,127,190.25,184.19,198.9,183.71,189.26,172,21
20230202,128,239.8,253.47,258.44,239.17,247.72,99,33
20230202,129,14182.72,14468.57,15050.03,13973.21,14418.63,138,20
20230202,130,88.51,92.21,96.47,83.8,90.25,247,60
20230202,131,231.05,225.36,235.78,216.67,227.22,212,71
20230202,132,2722.03,2879.97,2949.15,2659.76,2802.73,251,50
20230202,133,65.37,68.42,69.86,64.12,66.94,197,47
20230202,134,1558.52,1579.65,1626.34,1523.74,1572.06,209,66
20230202,135,361.18,355.18,367.42,353.63,359.35,144,42
20230202,136,245.94,250.23,253.66,237.84,246.91,191,62
20230202,137,187.63,198.78,201.1,182.26,192.44,144,42
20230202,138,2.47,2.36,2.56,2.32,2.43,287,61
20230202,139,6983.24,6819.57,7095.09,6715.88,6903.45,296,61
20230202,140,171.96,168.61,175.52,167.16,170.81,244,57
20230202,141,30.6,30.19,30.7,29.0,30.12,180,48
20230202,142,61.92,62.32,64.2,59.15,61.9,215,62
20230202,143,9610.8,9721.52,9888.29,9183.61,9601.05,287,78
20230202,144,3.19,3.29,3.35,3.05,3.22,228,68
20230202,145,1381.61,1386.42,1429.71,1380.95,1394.67,240,50
20230202,146,21890.35,22408.54,22855.95,21013.74,22042.14,204,56
20230202,147,590.42,608.67,621.56,584.71,601.34,67,15
20230202,148,99.85,92.88,101.39,92.56,96.67,354,63
20230202,149,2.0,2.1,2.16,1.96,2.06,291,53
20230202,150,4.26,4.14,4.36,4.09,4.22,298,65
20230202,151,12.42,12.12,12.98,11.7,12.31,254,46
20230202,152,28.15,28.22,29.07,27.55,28.25,188,62
20230202,153,51612.01,52527.62,53623.41,49090.81,51713.46,242,56
20230202,154,1220.42,1259.3,1303.67,1133.21,1229.15,163,26
20230202,155,70.69,70.06,72.4,69.54,70.67,215,55
20230202,156,76.6,75.35,81.05,74.97,76.99,248,52
20230202,157,1837.53,1943.35,1965.11,1835.49,1895.37,197,59
20230202,158,45.49,46.55,47.84,43.63,45.88,222,67
20230202,159,16031.19,16276.23,16362.41,15384.67,16013.63,199,45
20230202,160,54.09,56.09,57.84,53.7,55.43,301,62
20230202,161,11.08,10.74,11.12,10.35,10.82,270,58
20230202,162,111.95,121.35,123.11,111.41,116.96,191,46
20230202,163,178.8,170.12,183.09,166.37,174.6,219,45
20230202,164,48.15,48.74,49.8,47.92,48.65,181,57
20230202,165,30.97,30.91,31.81,29.33,30.76,249,53
20230202,166,33.24,32.59,33.95,31.88,32.91,215,69
20230202,167,1.45,1.43,1.56,1.41,1.46,204,59
20230202,168,26.29,25.86,26.53,25.13,25.95,296,69
20230202,169,35.61,37.27,37.63,34.85,36.34,252,53
20230202,170,3206.22,3020.52,3308.03,2992.44,3131.8,21,6
20230202,171,45.98,48.07,50.44,44.95,47.36,296,66
20230202,172,38.79,39.52,39.62,37.5,38.86,270,33
20230202,173,34.28,34.29,34.97,32.59,34.03,143,39
20230202,174,110.59,114.18,114.59,108.42,111.95,120,43
20230202,175,6214.66,6089.74,6280.68,6057.28,6160.59,174,47
20230202,176,50.93,48.02,51.21,46.2,49.09,155,58
20230202,177,47.12,45.35,47.67,44.23,46.09,240,59
20230202,178,348.12,358.31,366.15,346.06,354.66,139,37
20230202,179,5.36,5.52,5.85,5.06,5.45,212,44
20230202,180,338.65,336.06,362.94,333.09,342.69,137,33
20230202,181,39488.98,38995.69,40165.29,37070.73,38930.17,301,56
20230202,182,22.14,21.89,22.35,21.32,21.93,133,41
20230202,183,23.63,23.56,23.89,22.92,23.5,320,65
20230202,184,9.92,9.26,10.28,9.24,9.67,348,67
20230202,185,1878.81,1886.77,1981.76,1832.77,1895.03,220,61
20230202,186,56310.56,57676.11,58724.28,54597.24,56827.05,212,42
20230202,187,1078.6,1112.96,1157.73,1075.06,1106.09,212,67
20230202,188,641.09,668.78,673.2,638.3,655.34,186,63
20230202,189,3.8,3.72,3.89,3.57,3.75,214,59
20230202,190,5.02,4.89,5.08,4.83,4.95,213,73
20230202,191,21.04,21.2,21.41,20.41,21.02,127,48
20230202,192,1882.26,1910.39,1980.63,1825.42,1899.67,156,28
20230202,193,20.6,19.27,20.79,18.84,19.87,250,46
20230202,194,18.97,19.56,20.26,17.85,19.16,304,65
20230202,195,3909.95,3877.76,4101.69,3763.83,3913.31,209,61
20230202,196,79.98,72.78,81.45,72.3,76.63,114,33
20230202,197,288.57,284.18,293.3,274.28,285.08,303,51
20230202,198,351.86,342.91,371.94,334.66,350.34,186,53
20230202,199,1370.52,1329.48,1371.11,1309.58,1345.17,103,31
20230202,200,92.47,87.16,95.34,85.08,90.01,164,31
20230203,1,73.72,72.74,77.88,72.41,74.19,256,54
20230203,2,64.45,68.63,68.88,61.93,65.97,140,47
20230203,3,351.41,351.88,358.9,346.03,352.05,112,42
20230203,4,9367.96,8467.29,9461.94,8462.17,8939.84,108,27
20230203,5,59.97,59.29,60.23,58.8,59.57,211,55
20230203,6,12.06,12.04,12.26,11.31,11.92,316,65
20230203,7,482.65,452.54,515.34,443.96,473.62,251,58
20230203,8,2.23,2.27,2.35,2.14,2.25,224,64
20230203,9,10044.89,10312.33,10859.33,9634.05,10212.65,289,66
20230203,10,31.21,30.08,31.95,29.99,30.81,87,17
20230203,11,33.17,30.72,34.99,30.55,32.36,273,49
20230203,12,466.31,423.45,470.41,410.48,442.66,111,15
20230203,13,1.75,1.67,1.89,1.64,1.74,209,56
20230203,14,69.11,67.14,69.78,66.13,68.04,257,42
20230203,15,9258.92,8857.38,9551.08,8767.97,9108.84,209,56
20230203,16,1.65,1.58,1.7,1.53,1.61,220,56
20230203,17,3447.34,3591.33,3680.65,3354.49,3518.45,195,71
20230203,18,245.55,242.56,246.14,242.4,244.16,180,45
20230203,19,4298.47,4275.93,4570.52,4233.44,4344.59,227,65
20230203,20,356.48,365.99,378.07,344.79,361.33,83,37
20230203,21,22.93,21.85,24.34,20.83,22.49,224,60
20230203,22,2075.14,1961.97,2116.65,1827.42,1995.29,209,79
20230203,23,788.25,757.96,815.41,755.51,779.28,139,43
20230203,24,85.34,81.43,87.08,77.33,82.79,234,56
20230203,25,64.36,59.0,65.35,54.18,60.72,155,23
20230203,26,55.32,52.92,57.64,52.68,54.64,210,55
20230203,27,33.11,34.32,35.71,32.14,33.82,305,46
20230203,28,14554.83,14805.77,14953.04,14281.01,14648.66,241,51
20230203,29,66.95,67.7,68.4,66.23,67.32,136,58
20230203,30,1544.35,1523.59,1606.72,1473.34,1537.0,139,40
20230203,31,186.33,200.62,210.1,183.45,195.13,153,44
20230203,32,336.23,321.78,354.67,305.58,329.56,163,53
20230203,33,46.22,44.22,47.24,43.12,45.2,176,52
20230203,34,15.99,16.95,17.08,15.89,16.48,199,65
20230203,35,66.67,65.45,67.67,64.44,66.06,236,53
20230203,36,92.64,88.74,95.85,86.97,91.05,147,34
20230203,37,12.53,12.66,12.84,12.37,12.6,225,38
20230203,38,247.61,243.1,249.37,233.45,243.38,192,36
20230203,39,149.06,143.56,149.53,139.5,145.42,194,68
20230203,40,46.66,44.57,46.87,44.11,45.55,123,48
20230203,41,9407.86,9441.16,9873.36,8972.27,9423.66,26,10
20230203,42,5688.78,5635.99,6063.01,5486.18,5718.49,290,65
20230203,43,5630.06,5872.75,6093.49,5623.75,5805.01,181,63
20230203,44,96.18,94.56,96.98,92.36,95.02,156,51
20230203,45,66.79,65.05,70.07,64.6,66.63,304,63
20230203,46,497.46,516.11,525.82,496.13,508.88,188,52
20230203,47,110.75,112.84,115.11,108.13,111.71,201,66
20230203,48,345.48,343.64,353.48,335.76,344.59,217,72
20230203,49,121.12,114.24,125.27,109.86,117.62,177,47
20230203,50,935.82,899.59,959.69,889.23,921.08,179,43
20230203,51,583.24,546.66,610.57,542.61,570.77,280,51
20230203,52,73.64,72.02,75.81,71.9,73.34,181,54
20230203,53,3296.01,3209.04,3363.71,3121.68,3247.61,168,46
20230203,54,20.88,21.53,22.05,20.53,21.25,124,39
20230203,55,14.53,13.46,14.57,12.49,13.76,274,63
20230203,56,187.8,175.73,193.15,172.38,182.26,140,50
20230203,57,54.18,54.09,54.75,53.09,54.03,184,46
20230203,58,1.91,1.95,1.97,1.88,1.93,198,62
20230203,59,26442.52,23361.13,26769.56,22938.43,24877.91,286,52
20230203,60,2104.45,1933.1,2160.66,1887.52,2021.43,183,57
20230203,61,545.0,532.43,564.88,528.28,542.65,210,42
20230203,62,37.19,38.53,39.28,37.02,38.0,185,50
20230203,63,1319.76,1437.4,1452.92,1318.52,1382.15,274,50
20230203,64,5431.04,5297.14,5609.97,5185.94,5381.02,239,52
20230203,65,7.41,7.19,7.43,6.93,7.24,184,51
20230203,66,6934.75,6610.98,6943.65,6415.23,6726.15,172,47
20230203,67,74.6,76.3,78.41,70.66,74.99,153,35
20230203,68,103.58,109.54,111.38,100.92,106.35,263,58
20230203,69,11348.88,11867.6,11923.06,11286.15,11606.42,250,50
20230203,70,2.65,2.62,2.67,2.58,2.63,346,61
20230203,71,5331.14,5072.38,5526.99,4842.94,5193.36,308,48
20230203,72,11408.53,11265.03,11554.9,10906.51,11283.74,144,55
20230203,73,26.17,27.07,27.76,25.6,26.65,263,61
20230203,74,4.19,4.08,4.37,3.81,4.11,175,48
20230203,75,5488.34,5040.56,5715.82,4917.49,5290.55,293,73
20230203,76,20.43,19.81,20.55,19.7,20.12,302,59
20230203,77,18574.84,17746.5,19116.85,17547.12,18246.33,322,55
20230203,78,11.61,10.84,11.86,10.62,11.23,197,63
20230203,79,163.22,160.24,170.99,159.92,163.59,236,65
20230203,80,106.83,107.49,109.71,105.69,107.43,98,25
20230203,81,25.99,26.86,27.47,24.83,26.29,167,58
20230203,82,119.98,112.64,120.4,109.99,115.75,193,74
20230203,83,38.54,38.57,40.16,37.62,38.72,213,57
20230203,84,10.88,11.02,11.14,10.75,10.95,199,60
20230203,85,90.78,90.33,94.54,88.19,90.96,178,32
20230203,86,22089.6,21034.81,22493.62,21005.46,21655.88,204,77
20230203,87,875.47,833.2,896.03,820.99,856.42,152,51
20230203,88,34.11,34.31,37.71,33.44,34.89,202,42
20230203,89,21.7,21.14,21.92,20.92,21.42,212,59
20230203,90,40.42,39.49,43.03,38.06,40.25,194,53
20230203,91,2709.38,2871.45,2966.3,2705.38,2813.13,105,26
20230203,92,16.65,16.43,16.8,16.31,16.55,282,68
20230203,93,60.33,55.63,60.37,54.17,57.62,304,58
20230203,94,941.94,917.18,946.8,897.68,925.9,109,24
20230203,95,456.16,454.63,458.27,449.11,454.54,201,57
20230203,96,822.51,812.57,841.86,773.73,812.67,191,43
20230203,97,29.11,29.26,29.59,27.52,28.87,149,50
20230203,98,2029.62,2123.01,2211.82,1902.65,2066.77,332,60
20230203,99,49.62,46.78,52.19,46.54,48.78,143,32
20230203,100,41.54,40.2,43.66,39.28,41.17,298,59
20230203,101,17.4,18.29,18.82,17.04,17.89,186,52
20230203,102,12.5,11.36,12.51,11.3,11.92,151,37
20230203,103,1247.95,1235.38,1259.7,1190.33,1233.34,87,36
20230203,104,604.1,619.74,630.75,581.18,608.94,141,39
20230203,105,7663.63,7806.69,7826.06,7621.13,7729.38,280,59
20230203,106,144.93,146.71,147.71,135.85,143.8,296,73
20230203,107,124.16,126.96,132.5,120.39,126.0,148,26
20230203,108,364.58,342.56,365.66,325.85,349.66,152,26
20230203,109,626.4,668.72,671.22,591.86,639.55,172,55
20230203,110,863.25,809.19,873.96,797.16,835.89,169,39
20230203,111,2.19,2.05,2.23,2.03,2.12,195,63
20230203,112,12539.44,12824.86,13087.24,12289.18,12685.18,262,43
20230203,113,7.44,7.2,7.79,7.08,7.38,210,60
20230203,114,1043.35,1036.73,1083.59,1013.88,1044.39,304,58
20230203,115,3809.57,3835.7,3873.04,3793.53,3827.96,225,67
20230203,116,922.48,985.2,988.22,905.76,950.42,126,44
20230203,117,6.41,6.41,6.47,6.22,6.38,193,77
20230203,118,16.98,16.25,17.36,15.8,16.6,235,57
20230203,119,84.2,82.89,87.47,80.72,83.82,156,62
20230203,120,536.05,509.01,545.57,489.59,520.05,293,53
20230203,121,2005.89,2076.03,2181.09,1961.37,2056.09,332,68
20230203,122,11469.31,11477.22,11970.16,10889.95,11451.66,254,47
20230203,123,3.64,3.65,3.71,3.5,3.62,274,68
20230203,124,23.49,21.56,24.11,20.9,22.51,172,49
20230203,125,303.76,271.3,309.61,270.65,288.83,102,31
20230203,126,80838.24,74857.63,80983.95,72624.06,77325.97,213,56
20230203,127,184.19,192.59,194.9,184.12,188.95,139,28
20230203,128,253.47,235.71,275.24,232.03,249.11,107,23
20230203,129,14468.57,14412.43,14733.99,13987.61,14400.65,141,51
20230203,130,92.21,88.64,94.36,84.38,89.9,248,42
20230203,131,225.36,220.27,226.45,216.7,222.2,270,49
20230203,132,2879.97,2836.49,2900.68,2796.06,2853.3,235,58
20230203,133,68.42,72.38,73.18,67.03,70.25,168,71
20230203,134,1579.65,1598.7,1680.78,1545.6,1601.18,177,52
20230203,135,355.18,358.93,378.5,347.55,360.04,154,30
20230203,136,250.23,262.41,268.74,248.92,257.57,182,46
20230203,137,198.78,188.69,205.12,188.68,195.32,143,26
20230203,138,2.36,2.43,2.48,2.36,2.41,302,63
20230203,139,6819.57,7069.17,7149.6,6730.8,6942.29,295,65
20230203,140,168.61,173.79,177.87,166.76,171.76,264,50
20230203,141,30.19,29.7,30.84,29.44,30.04,186,44
20230203,142,62.32,60.57,63.78,56.18,60.71,228,65
20230203,143,9721.52,9097.06,9786.4,8986.37,9397.84,304,45
20230203,144,3.29,3.15,3.32,3.07,3.21,231,46
20230203,145,1386.42,1316.19,1398.18,1261.17,1340.49,237,60
20230203,146,22408.54,22580.79,23353.2,21617.68,22490.05,210,73
20230203,147,608.67,594.54,637.43,592.93,608.39,68,15
20230203,148,92.88,93.48,100.06,89.57,93.99,304,62
20230203,149,2.1,2.1,2.12,2.06,2.09,256,63
20230203,150,4.14,3.93,4.18,3.84,4.02,310,57
20230203,151,12.12,11.39,12.55,10.91,11.74,238,61
20230203,152,28.22,27.45,29.45,26.68,27.95,199,60
20230203,153,52527.62,50806.1,57238.68,49695.16,52566.89,249,49
20230203,154,1259.3,1202.16,1290.32,1151.86,1225.91,143,37
20230203,155,70.06,72.5,74.59,68.1,71.31,196,67
20230203,156,75.35,69.57,79.39,68.3,73.15,231,57
20230203,157,1943.35,2041.6,2049.22,1940.48,1993.66,198,60
20230203,158,46.55,46.23,48.69,45.7,46.79,247,62
20230203,159,16276.23,16698.5,17238.55,16126.86,16585.04,220,64
20230203,160,56.09,57.34,57.51,54.86,56.45,303,66
20230203,161,10.74,10.84,11.0,10.16,10.68,248,47
20230203,162,121.35,125.44,130.82,118.55,124.04,177,52
20230203,163,170.12,160.26,173.0,152.24,163.91,253,58
20230203,164,48.74,47.94,51.21,47.71,48.9,183,63
20230203,165,30.91,29.62,31.06,29.12,30.18,269,39
20230203,166,32.59,29.78,33.36,29.51,31.31,187,64
20230203,167,1.43,1.38,1.44,1.33,1.39,207,76
20230203,168,25.86,28.1,28.64,25.72,27.08,279,57
20230203,169,37.27,36.25,38.83,35.36,36.93,261,66
20230203,170,3020.52,3181.38,3403.98,2966.72,3143.15,44,15
20230203,171,48.07,51.21,51.52,47.86,49.66,278,57
20230203,172,39.52,43.03,43.44,39.42,41.35,256,50
20230203,173,34.29,36.08,36.49,33.04,34.98,141,44
20230203,174,114.18,121.6,125.11,111.32,118.05,129,45
20230203,175,6089.74,6006.78,6171.62,5724.29,5998.11,168,48
20230203,176,48.02,47.32,48.73,47.08,47.79,195,47
20230203,177,45.35,45.82,46.53,43.66,45.34,233,58
20230203,178,358.31,352.52,368.34,337.1,354.07,172,50
20230203,179,5.52,5.48,5.6,5.32,5.48,202,64
20230203,180,336.06,335.44,340.42,333.41,336.33,128,33
20230203,181,38995.69,37857.44,39141.81,37064.89,38264.96,281,59
20230203,182,21.89,20.36,23.16,19.15,21.14,142,32
20230203,183,23.56,23.8,23.81,22.67,23.46,296,59
20230203,184,9.26,8.96,9.48,8.89,9.14,319,55
20230203,185,1886.77,1816.5,1953.64,1785.51,1860.6,210,76
20230203,186,57676.11,56425.33,59356.41,55526.49,57246.09,195,53
20230203,187,1112.96,1100.77,1189.18,1056.83,1114.93,214,59
20230203,188,668.78,671.69,687.84,662.49,672.7,212,44
20230203,189,3.72,3.74,3.78,3.62,3.71,210,58
20230203,190,4.89,5.06,5.28,4.81,5.01,240,66
20230203,191,21.2,21.08,21.76,20.85,21.22,163,43
20230203,192,1910.39,1879.87,1983.74,1877.15,1912.79,138,33
20230203,193,19.27,19.69,20.36,19.18,19.62,265,39
20230203,194,19.56,18.29,19.94,17.53,18.83,253,71
20230203,195,3877.76,3811.0,4054.36,3616.49,3839.9,221,54
20230203,196,72.78,74.74,79.5,71.37,74.6,104,25
20230203,197,284.18,288.13,301.5,283.72,289.38,283,75
20230203,198,342.91,321.38,351.2,321.08,334.14,207,68
20230203,199,1329.48,1221.35,1353.8,1218.68,1280.83,90,35
20230203,200,87.16,84.11,88.35,83.59,85.8,133,27
20230204,1,72.74,82.0,83.72,71.61,77.52,352,51
20230204,2,68.63,70.36,70.48,64.57,68.51,202,34
20230204,3,351.88,354.96,365.65,343.52,354.0,195,34
20230204,4,8467.29,8344.49,8561.76,8020.16,8348.42,130,26
20230204,5,59.29,63.0,66.17,55.38,60.96,293,54
20230204,6,12.04,13.3,13.52,11.94,12.7,420,60
20230204,7,452.54,516.28,519.9,447.94,484.17,349,50
20230204,8,2.27,2.47,2.51,2.26,2.38,321,68
20230204,9,10312.33,10932.44,11612.57,10199.61,10764.24,426,51
20230204,10,30.08,32.12,32.71,28.83,30.93,148,42
20230204,11,30.72,35.94,36.95,30.49,33.52,361,45
20230204,12,423.45,457.99,471.41,410.38,440.81,138,21
20230204,13,1.67,1.7,1.72,1.62,1.68,289,62
20230204,14,67.14,74.12,75.53,66.19,70.74,362,68
20230204,15,8857.38,9068.13,9154.11,8664.9,8936.13,275,62
20230204,16,1.58,1.51,1.6,1.47,1.54,306,70
20230204,17,3591.33,3792.36,3931.34,3461.79,3694.2,275,51
20230204,18,242.56,249.47,249.65,236.74,244.6,257,49
20230204,19,4275.93,4658.16,4740.18,4139.25,4453.38,313,61
20230204,20,365.99,365.58,366.17,362.45,365.05,149,37
20230204,21,21.85,21.79,21.97,21.16,21.69,275,60
20230204,22,1961.97,2024.15,2025.81,1951.88,1990.95,293,54
20230204,23,757.96,784.41,791.17,745.45,769.75,218,40
20230204,24,81.43,83.11,86.98,79.6,82.78,317,60
20230204,25,59.0,71.7,72.28,57.96,65.24,225,43
20230204,26,52.92,55.6,56.41,50.89,53.96,366,38
20230204,27,34.32,38.31,40.39,33.71,36.68,388,59
20230204,28,14805.77,15790.45,15883.87,14440.94,15230.26,336,42
20230204,29,67.7,68.93,70.12,66.48,68.31,232,57
20230204,30,1523.59,1656.75,1687.27,1519.98,1596.9,206,47
20230204,31,200.62,196.02,206.3,190.44,198.34,190,37
20230204,32,321.78,329.06,329.85,320.37,325.26,263,44
20230204,33,44.22,43.73,46.45,43.29,44.42,225,43
20230204,34,16.95,17.71,18.04,16.15,17.21,291,53
20230204,35,65.45,74.33,77.86,62.96,70.15,348,52
20230204,36,88.74,98.91,100.97,88.48,94.27,244,39
20230204,37,12.66,13.9,14.09,12.49,13.28,349,47
20230204,38,243.1,261.77,262.45,242.35,252.41,247,68
20230204,39,143.56,149.18,149.29,137.11,144.78,295,55
20230204,40,44.57,46.44,46.65,43.24,45.22,208,40
20230204,41,9441.16,9972.32,10035.01,9339.2,9696.92,53,9
20230204,42,5635.99,5547.47,5649.84,5469.29,5575.65,470,56
20230204,43,5872.75,6028.87,6367.04,5656.56,5981.31,309,50
20230204,44,94.56,94.62,95.25,93.58,94.5,252,46
20230204,45,65.05,69.82,70.34,64.81,67.51,430,52
20230204,46,516.11,550.11,561.81,483.75,527.95,251,46
20230204,47,112.84,112.51,114.13,108.31,111.95,312,53
20230204,48,343.64,379.27,390.92,333.04,361.72,280,67
20230204,49,114.24,113.32,118.18,106.96,113.17,238,62
20230204,50,899.59,894.16,939.65,845.76,894.79,242,54
20230204,51,546.66,616.28,631.88,532.64,581.87,363,48
20230204,52,72.02,72.05,75.57,70.97,72.65,235,58
20230204,53,3209.04,3332.08,3374.02,3097.31,3253.11,263,59
20230204,54,21.53,21.84,22.12,21.31,21.7,206,35
20230204,55,13.46,15.14,15.45,12.76,14.2,331,55
20230204,56,175.73,178.03,183.24,173.61,177.65,228,45
20230204,57,54.09,55.86,56.75,53.72,55.1,239,45
20230204,58,1.95,2.06,2.09,1.84,1.98,325,76
20230204,59,23361.13,28182.09,28361.15,22957.59,25715.49,428,59
20230204,60,1933.1,2009.74,2011.6,1814.68,1942.28,252,56
20230204,61,532.43,581.91,584.31,511.0,552.41,255,38
20230204,62,38.53,38.27,39.58,37.55,38.48,235,59
20230204,63,1437.4,1683.75,1738.06,1364.65,1555.97,432,56
20230204,64,5297.14,6083.79,6183.05,5044.76,5652.18,345,44
20230204,65,7.19,6.78,7.27,6.42,6.91,269,55
20230204,66,6610.98,6282.18,6700.9,6135.86,6432.48,252,54
20230204,67,76.3,76.0,79.85,72.26,76.1,198,45
20230204,68,109.54,121.48,123.15,109.29,115.86,354,49
20230204,69,11867.6,13064.19,13299.38,11531.91,12440.77,338,59
20230204,70,2.62,2.97,3.0,2.53,2.78,434,66
20230204,71,5072.38,5592.77,5599.31,4885.22,5287.42,425,71
20230204,72,11265.03,12192.52,12417.16,11023.16,11724.47,179,40
20230204,73,27.07,30.12,30.15,26.53,28.47,365,52
20230204,74,4.08,4.24,4.5,4.08,4.23,230,35
20230204,75,5040.56,6019.17,6095.16,4750.53,5476.35,416,54
20230204,76,19.81,20.55,21.03,19.28,20.17,407,59
20230204,77,17746.5,18954.84,18975.8,17655.41,18333.14,479,59
20230204,78,10.84,11.23,11.57,10.24,10.97,290,51
20230204,79,160.24,165.23,166.25,158.81,162.63,297,61
20230204,80,107.49,102.51,109.57,98.15,104.43,167,36
20230204,81,26.86,27.03,27.76,26.43,27.02,241,56
20230204,82,112.64,119.85,120.06,108.04,115.15,318,68
20230204,83,38.57,39.68,39.97,38.06,39.07,292,66
20230204,84,11.02,11.59,11.93,10.75,11.32,340,61
20230204,85,90.33,100.38,100.79,89.88,95.34,314,50
20230204,86,21034.81,21870.31,21968.23,20984.24,21464.4,340,45
20230204,87,833.2,868.17,882.12,796.07,844.89,205,46
20230204,88,34.31,38.38,39.6,33.5,36.45,278,39
20230204,89,21.14,21.39,21.61,20.8,21.24,323,66
20230204,90,39.49,42.77,42.83,38.74,40.96,263,41
20230204,91,2871.45,2952.37,2977.79,2835.07,2909.17,150,36
20230204,92,16.43,18.98,19.14,16.31,17.71,445,45
20230204,93,55.63,67.84,69.9,53.6,61.74,454,74
20230204,94,917.18,964.83,966.85,890.39,934.81,141,34
20230204,95,454.63,515.54,536.83,437.74,486.18,303,33
20230204,96,812.57,875.46,881.99,757.03,831.76,258,37
20230204,97,29.26,30.94,31.28,28.21,29.92,242,53
20230204,98,2123.01,2277.41,2289.97,2052.62,2185.75,412,70
20230204,99,46.78,49.43,52.53,46.3,48.76,202,45
20230204,100,40.2,45.22,45.69,39.54,42.66,446,55
20230204,101,18.29,19.01,19.16,17.76,18.56,280,63
20230204,102,11.36,12.59,12.63,10.78,11.84,246,40
20230204,103,1235.38,1187.54,1245.26,1175.8,1210.99,131,28
20230204,104,619.74,660.33,666.56,615.13,640.44,197,46
20230204,105,7806.69,8908.12,9236.58,7716.29,8416.92,384,67
20230204,106,146.71,164.29,165.02,141.38,154.35,432,65
20230204,107,126.96,143.86,144.65,120.83,134.07,223,23
20230204,108,342.56,374.2,376.78,340.58,358.53,217,37
20230204,109,668.72,691.8,702.28,643.16,676.49,241,42
20230204,110,809.19,862.9,865.39,778.64,829.03,230,59
20230204,111,2.05,2.15,2.15,1.96,2.08,291,65
20230204,112,12824.86,14892.7,15416.9,12577.67,13928.03,395,67
20230204,113,7.2,7.6,7.82,7.19,7.45,296,64
20230204,114,1036.73,1178.47,1229.9,1030.08,1118.79,400,66
20230204,115,3835.7,4054.19,4072.05,3706.05,3917.0,316,68
20230204,116,985.2,962.3,989.59,902.45,959.88,206,26
20230204,117,6.41,6.73,6.95,6.41,6.62,291,52
20230204,118,16.25,17.83,18.13,16.03,17.06,316,63
20230204,119,82.89,82.35,85.27,75.41,81.48,261,41
20230204,120,509.01,593.15,599.79,502.09,551.01,419,55
20230204,121,2076.03,2225.62,2244.03,1905.99,2112.92,400,62
20230204,122,11477.22,12863.52,12989.18,11210.94,12135.22,374,40
20230204,123,3.65,3.92,4.16,3.61,3.83,461,62
20230204,124,21.56,23.86,25.41,21.38,23.05,231,56
20230204,125,271.3,297.13,306.52,269.41,286.09,132,35
20230204,126,74857.63,77149.12,77780.39,71405.65,75298.2,303,61
20230204,127,192.59,215.81,220.53,190.59,204.88,206,39
20230204,128,235.71,255.23,263.25,227.27,245.36,142,32
20230204,129,14412.43,14423.75,14587.96,14211.75,14408.97,209,35
20230204,130,88.64,99.07,101.31,84.32,93.33,329,51
20230204,131,220.27,250.67,255.15,213.08,234.79,347,45
20230204,132,2836.49,3038.93,3154.89,2820.36,2962.66,339,52
20230204,133,72.38,73.85,74.77,72.1,73.28,245,53
20230204,134,1598.7,1772.42,1809.13,1583.67,1690.98,297,61
20230204,135,358.93,392.0,409.72,348.41,377.27,193,31
20230204,136,262.41,277.71,285.73,257.77,270.9,249,53
20230204,137,188.69,195.16,198.74,188.04,192.66,187,44
20230204,138,2.43,2.66,2.68,2.42,2.55,425,60
20230204,139,7069.17,7928.92,8404.04,6784.73,7546.72,422,44
20230204,140,173.79,204.63,212.96,172.64,191.01,355,48
20230204,141,29.7,31.27,32.21,28.34,30.38,257,56
20230204,142,60.57,64.45,65.3,59.75,62.52,304,65
20230204,143,9097.06,10310.09,10390.77,8914.99,9678.23,398,69
20230204,144,3.15,3.22,3.23,3.13,3.18,267,58
20230204,145,1316.19,1407.43,1448.12,1310.15,1370.47,336,55
20230204,146,22580.79,24880.54,26165.47,21995.01,23905.46,292,57
20230204,147,594.54,613.3,660.68,575.83,611.09,80,18
20230204,148,93.48,106.58,110.17,90.99,100.31,402,60
20230204,149,2.1,2.24,2.28,2.06,2.17,460,51
20230204,150,3.93,4.5,4.63,3.78,4.21,451,64
20230204,151,11.39,12.11,12.56,10.87,11.73,342,40
20230204,152,27.45,27.98,29.38,27.12,27.98,305,59
20230204,153,50806.1,56326.61,58958.41,50046.43,54034.39,333,43
20230204,154,1202.16,1302.75,1313.62,1192.32,1252.71,208,30
20230204,155,72.5,71.82,75.46,69.79,72.39,270,61
20230204,156,69.57,70.84,75.31,67.14,70.71,368,60
20230204,157,2041.6,1962.82,2054.78,1959.66,2004.72,287,53
20230204,158,46.23,48.26,49.28,45.45,47.31,262,62
20230204,159,16698.5,17217.28,17339.44,16625.38,16970.15,289,67
20230204,160,57.34,60.52,61.33,55.81,58.75,405,62
20230204,161,10.84,12.12,12.46,10.31,11.43,328,49
20230204,162,125.44,121.79,125.98,121.38,123.65,238,49
20230204,163,160.26,183.15,185.48,157.42,171.58,345,55
20230204,164,47.94,49.16,50.59,47.9,48.9,239,53
20230204,165,29.62,32.97,33.19,29.1,31.22,353,48
20230204,166,29.78,30.62,31.34,28.73,30.12,309,66
20230204,167,1.38,1.52,1.58,1.37,1.46,293,73
20230204,168,28.1,30.3,30.57,25.76,28.68,434,58
20230204,169,36.25,39.98,40.03,36.14,38.1,299,52
20230204,170,3181.38,3285.23,3368.4,3112.08,3236.77,44,10
20230204,171,51.21,53.56,57.5,50.09,53.09,417,49
20230204,172,43.03,43.51,43.64,41.82,43.0,380,59
20230204,173,36.08,36.38,36.62,35.14,36.05,198,47
20230204,174,121.6,126.88,128.3,116.85,123.41,216,34
20230204,175,6006.78,5990.48,6151.15,5696.32,5961.18,228,58
20230204,176,47.32,47.51,49.07,47.05,47.74,232,44
20230204,177,45.82,53.05,54.22,44.91,49.5,363,56
20230204,178,352.52,349.08,357.38,341.1,350.02,183,46
20230204,179,5.48,5.58,5.7,5.36,5.53,292,60
20230204,180,335.44,342.26,354.89,332.76,341.34,216,32
20230204,181,37857.44,42723.51,45396.61,36547.29,40631.21,424,55
20230204,182,20.36,21.19,22.33,19.75,20.91,206,43
20230204,183,23.8,27.32,28.53,23.34,25.75,438,53
20230204,184,8.96,9.67,9.83,8.85,9.33,430,53
20230204,185,1816.5,1854.85,1911.99,1735.65,1829.75,298,60
20230204,186,56425.33,54757.86,56645.54,53992.02,55455.19,320,75
20230204,187,1100.77,1142.96,1199.64,1078.25,1130.4,282,57
20230204,188,671.69,702.94,722.99,668.08,691.42,285,80
20230204,189,3.74,3.89,4.14,3.65,3.85,299,51
20230204,190,5.06,4.89,5.3,4.66,4.98,288,55
20230204,191,21.08,21.0,21.2,20.75,21.01,226,43
20230204,192,1879.87,1958.24,2059.53,1867.61,1941.31,220,39
20230204,193,19.69,21.36,21.7,19.41,20.54,343,55
20230204,194,18.29,20.99,22.41,18.12,19.95,473,60
20230204,195,3811.0,3635.09,3864.53,3575.45,3721.52,291,66
20230204,196,74.74,77.47,79.76,74.21,76.54,152,32
20230204,197,288.13,311.71,316.51,277.81,298.54,392,59
20230204,198,321.38,329.15,333.6,301.27,321.35,303,53
20230204,199,1221.35,1263.9,1283.7,1166.82,1233.94,150,32
20230204,200,84.11,90.11,92.03,82.47,87.18,212,41
20230205,1,82.0,83.16,84.53,78.77,82.11,350,49
20230205,2,70.36,68.37,76.12,67.51,70.59,180,42
20230205,3,354.96,356.26,357.14,351.02,354.85,202,37
20230205,4,8344.49,8472.71,8533.68,8074.92,8356.45,149,31
20230205,5,63.0,64.71,65.91,60.7,63.58,254,55
20230205,6,13.3,13.98,14.04,13.07,13.6,435,65
20230205,7,516.28,469.18,524.41,431.68,485.39,333,44
20230205,8,2.47,2.52,2.59,2.38,2.49,273,59
20230205,9,10932.44,10341.49,11325.29,10103.63,10675.71,413,54
20230205,10,32.12,31.98,32.89,31.58,32.14,147,30
20230205,11,35.94,36.45,37.27,34.99,36.16,340,65
20230205,12,457.99,464.55,472.76,437.07,458.09,125,26
20230205,13,1.7,1.74,1.81,1.61,1.72,287,65
20230205,14,74.12,75.85,78.82,74.12,75.73,357,56
20230205,15,9068.13,8791.72,9725.08,8455.77,9010.18,290,52
20230205,16,1.51,1.49,1.52,1.42,1.49,248,68
20230205,17,3792.36,3875.76,4059.3,3790.5,3879.48,282,69
20230205,18,249.47,232.61,256.35,229.03,241.86,262,55
20230205,19,4658.16,4555.56,4992.71,4543.43,4687.46,302,54
20230205,20,365.58,389.77,395.09,349.62,375.02,144,32
20230205,21,21.79,20.63,22.15,20.27,21.21,301,73
20230205,22,2024.15,2033.95,2094.35,2004.14,2039.15,283,66
20230205,23,784.41,769.23,816.31,767.93,784.47,180,31
20230205,24,83.11,89.39,92.27,83.01,86.94,286,56
20230205,25,71.7,72.64,72.89,69.88,71.78,211,25
20230205,26,55.6,55.06,56.18,55.0,55.46,338,50
20230205,27,38.31,37.0,40.7,35.49,37.88,395,68
20230205,28,15790.45,15896.94,16349.62,15561.95,15899.74,343,53
20230205,29,68.93,70.16,73.41,66.63,69.78,253,62
20230205,30,1656.75,1589.17,1669.95,1547.37,1615.81,202,41
20230205,31,196.02,209.64,211.4,182.74,199.95,197,32
20230205,32,329.06,335.59,337.24,324.82,331.68,247,37
20230205,33,43.73,46.84,47.27,43.09,45.23,243,50
20230205,34,17.71,17.74,18.0,17.62,17.77,287,51
20230205,35,74.33,74.7,75.58,71.91,74.13,344,60
20230205,36,98.91,98.85,103.1,96.02,99.22,222,30
20230205,37,13.9,14.72,14.84,13.7,14.29,366,59
20230205,38,261.77,264.95,268.58,254.56,262.47,237,50
20230205,39,149.18,150.46,156.79,148.79,151.3,285,72
20230205,40,46.44,45.84,47.25,45.59,46.28,213,33
20230205,41,9972.32,9810.42,10325.5,9188.19,9824.11,37,10
20230205,42,5547.47,5712.84,5966.48,5505.17,5682.99,444,60
20230205,43,6028.87,6226.39,6289.46,5941.31,6121.51,289,58
20230205,44,94.62,94.33,99.74,91.52,95.05,244,40
20230205,45,69.82,71.06,72.44,69.22,70.63,361,66
20230205,46,550.11,547.35,566.07,530.58,548.53,280,51
20230205,47,112.51,113.91,116.29,110.58,113.32,279,52
20230205,48,379.27,354.16,380.1,338.94,363.12,301,74
20230205,49,113.32,112.43,114.96,111.21,112.98,247,49
20230205,50,894.16,863.16,942.1,805.13,876.14,231,59
20230205,51,616.28,616.52,621.26,604.65,614.68,403,59
20230205,52,72.05,69.51,73.98,69.3,71.21,230,46
20230205,53,3332.08,3313.81,3363.69,3313.64,3330.8,267,50
20230205,54,21.84,21.17,21.97,20.4,21.34,184,41
20230205,55,15.14,15.19,15.8,15.01,15.29,382,51
20230205,56,178.03,171.6,182.47,168.62,175.18,241,59
20230205,57,55.86,57.88,58.28,54.05,56.52,202,57
20230205,58,2.06,2.11,2.11,1.96,2.06,267,56
20230205,59,28182.09,28620.01,29913.85,27675.82,28597.94,435,56
20230205,60,2009.74,2033.61,2108.81,1990.83,2035.75,248,61
20230205,61,581.91,543.89,596.39,534.95,564.28,231,48
20230205,62,38.27,37.62,38.31,36.39,37.65,219,58
20230205,63,1683.75,1640.76,1696.95,1566.58,1647.01,423,73
20230205,64,6083.79,6196.12,6196.16,5907.55,6095.9,356,50
20230205,65,6.78,7.02,7.17,6.76,6.93,294,58
20230205,66,6282.18,6529.29,6539.65,6279.99,6407.77,235,42
20230205,67,76.0,81.24,82.87,75.32,78.86,193,40
20230205,68,121.48,119.4,123.36,117.79,120.51,360,53
20230205,69,13064.19,12850.13,13068.94,11978.09,12740.34,375,47
20230205,70,2.97,3.1,3.19,2.92,3.05,422,65
20230205,71,5592.77,5684.53,5741.38,5540.3,5639.74,450,60
20230205,72,12192.52,12066.06,12482.59,12035.81,12194.25,198,45
20230205,73,30.12,31.76,32.67,29.23,30.95,354,44
20230205,74,4.24,4.39,4.81,4.18,4.41,246,46
20230205,75,6019.17,6070.26,6423.52,5979.48,6123.11,404,57
20230205,76,20.55,20.34,20.64,19.43,20.24,400,62
20230205,77,18954.84,19603.15,20103.63,18697.18,19339.7,378,58
20230205,78,11.23,11.41,11.76,10.9,11.33,293,54
20230205,79,165.23,163.96,165.6,161.76,164.14,287,73
20230205,80,102.51,106.88,107.78,99.97,104.28,166,35
20230205,81,27.03,27.6,27.82,26.61,27.26,243,64
20230205,82,119.85,124.9,129.61,118.38,123.19,303,56
20230205,83,39.68,40.51,42.05,39.21,40.36,297,54
20230205,84,11.59,11.63,12.17,11.49,11.72,286,57
20230205,85,100.38,101.48,102.29,97.58,100.43,264,39
20230205,86,21870.31,21617.97,23292.62,21593.95,22093.71,312,54
20230205,87,868.17,912.38,914.47,844.68,884.93,185,39
20230205,88,38.38,37.23,40.74,36.56,38.23,273,34
20230205,89,21.39,21.46,21.76,21.36,21.49,297,51
20230205,90,42.77,41.09,44.43,37.9,41.55,245,56
20230205,91,2952.37,2971.52,3152.29,2731.69,2951.97,138,35
20230205,92,18.98,18.93,19.36,18.63,18.98,404,52
20230205,93,67.84,70.18,71.27,67.19,69.12,376,61
20230205,94,964.83,978.12,988.7,949.73,970.35,155,26
20230205,95,515.54,495.28,528.61,493.89,508.33,294,39
20230205,96,875.46,866.52,895.16,835.07,868.05,234,45
20230205,97,30.94,32.79,32.92,30.48,31.78,245,50
20230205,98,2277.41,2176.59,2287.67,2066.65,2202.08,417,59
20230205,99,49.43,48.23,52.3,46.4,49.09,200,48
20230205,100,45.22,46.83,49.2,44.25,46.37,437,55
20230205,101,19.01,18.99,19.25,18.13,18.84,317,62
20230205,102,12.59,12.77,13.25,12.17,12.69,247,47
20230205,103,1187.54,1268.15,1294.99,1175.66,1231.58,138,44
20230205,104,660.33,633.95,663.4,594.72,638.1,203,31
20230205,105,8908.12,8622.15,9167.96,8615.73,8828.49,434,65
20230205,106,164.29,160.64,168.4,152.28,161.4,424,63
20230205,107,143.86,142.81,145.02,140.67,143.09,215,22
20230205,108,374.2,395.08,401.12,350.93,380.33,213,34
20230205,109,691.8,652.7,705.83,651.85,675.55,246,60
20230205,110,862.9,828.11,866.73,816.58,843.58,228,47
20230205,111,2.15,2.04,2.22,1.97,2.1,302,58
20230205,112,14892.7,15889.9,16187.63,14847.95,15454.54,422,62
20230205,113,7.6,7.46,7.69,7.14,7.47,282,50
20230205,114,1178.47,1165.16,1179.39,1160.39,1170.85,407,60
20230205,115,4054.19,3812.24,4247.87,3732.61,3961.73,300,58
20230205,116,962.3,959.22,988.5,897.06,951.77,177,42
20230205,117,6.73,6.93,7.1,6.7,6.87,314,55
20230205,118,17.83,17.89,18.88,17.82,18.1,286,54
20230205,119,82.35,80.67,82.55,79.75,81.33,239,50
20230205,120,593.15,560.21,605.11,543.1,575.39,426,62
20230205,121,2225.62,2230.47,2293.3,2206.88,2239.07,410,68
20230205,122,12863.52,13129.64,13307.77,12284.18,12896.28,336,53
20230205,123,3.92,3.81,4.04,3.71,3.87,420,67
20230205,124,23.86,24.77,25.42,23.85,24.47,251,48
20230205,125,297.13,306.65,307.16,286.29,299.31,163,22
20230205,126,77149.12,76575.55,78239.03,76566.47,77132.55,277,64
20230205,127,215.81,218.37,225.07,214.95,218.55,190,24
20230205,128,255.23,251.97,268.84,250.18,256.55,110,22
20230205,129,14423.75,14869.46,15274.23,14420.21,14746.91,184,47
20230205,130,99.07,107.51,116.74,93.39,104.18,350,48
20230205,131,250.67,241.87,254.12,241.26,246.98,354,60
20230205,132,3038.93,3164.04,3225.81,3014.9,3110.92,360,55
20230205,133,73.85,77.55,79.6,73.77,76.19,225,58
20230205,134,1772.42,1698.48,1850.57,1664.02,1746.37,270,79
20230205,135,392.0,388.77,396.43,370.56,386.94,198,27
20230205,136,277.71,271.75,287.4,257.57,273.61,229,45
20230205,137,195.16,193.24,198.72,189.02,194.03,205,38
20230205,138,2.66,2.63,2.71,2.54,2.63,412,54
20230205,139,7928.92,7942.5,8083.87,7651.31,7901.65,446,54
20230205,140,204.63,210.13,213.67,197.78,206.55,384,44
20230205,141,31.27,29.15,31.54,29.01,30.24,242,42
20230205,142,64.45,62.37,66.33,62.12,63.82,296,73
20230205,143,10310.09,10379.74,10605.82,10085.87,10345.38,435,70
20230205,144,3.22,3.35,3.38,3.1,3.26,301,58
20230205,145,1407.43,1373.57,1469.42,1342.17,1398.15,342,54
20230205,146,24880.54,25373.76,25505.38,24611.19,25092.72,279,67
20230205,147,613.3,649.22,655.57,612.04,632.53,98,12
20230205,148,106.58,106.57,109.89,101.57,106.15,398,75
20230205,149,2.24,2.17,2.29,2.08,2.19,400,66
20230205,150,4.5,4.72,4.91,4.42,4.64,413,56
20230205,151,12.11,13.1,13.39,11.97,12.64,384,58
20230205,152,27.98,27.35,28.1,26.74,27.54,305,63
20230205,153,56326.61,57924.93,59162.03,55226.19,57159.94,357,54
20230205,154,1302.75,1385.49,1385.94,1283.42,1339.4,191,30
20230205,155,71.82,71.39,72.82,69.03,71.27,304,63
20230205,156,70.84,67.62,74.73,64.13,69.33,330,72
20230205,157,1962.82,1984.59,2037.87,1919.52,1976.2,290,60
20230205,158,48.26,47.06,49.33,46.83,47.87,296,56
20230205,159,17217.28,16344.54,18571.3,15317.62,16862.69,257,52
20230205,160,60.52,57.2,61.18,52.98,57.97,391,53
20230205,161,12.12,12.62,12.88,11.93,12.39,360,44
20230205,162,121.79,117.3,122.29,114.29,118.92,252,36
20230205,163,183.15,186.53,191.53,172.31,183.38,321,51
20230205,164,49.16,50.91,52.82,47.44,50.08,289,41
20230205,165,32.97,33.81,33.86,32.63,33.32,390,60
20230205,166,30.62,31.39,32.38,30.27,31.17,301,47
20230205,167,1.52,1.54,1.54,1.45,1.51,300,66
20230205,168,30.3,30.87,31.93,29.18,30.57,445,63
20230205,169,39.98,38.94,41.93,38.13,39.75,337,61
20230205,170,3285.23,3147.54,3287.65,3121.58,3210.5,46,10
20230205,171,53.56,53.38,54.43,53.32,53.67,408,70
20230205,172,43.51,43.1,43.86,43.09,43.39,353,55
20230205,173,36.38,37.15,37.55,35.35,36.61,192,45
20230205,174,126.88,130.78,132.13,126.79,129.14,206,38
20230205,175,5990.48,6048.29,6238.6,5942.07,6054.86,250,57
20230205,176,47.51,45.95,48.39,45.67,46.88,238,62
20230205,177,53.05,49.21,53.67,49.06,51.25,366,51
20230205,178,349.08,341.62,358.29,330.33,344.83,195,40
20230205,179,5.58,5.32,5.81,5.25,5.49,289,59
20230205,180,342.26,333.33,349.99,326.79,338.09,201,40
20230205,181,42723.51,43522.57,45331.27,42453.83,43507.79,410,64
20230205,182,21.19,21.47,21.82,20.29,21.19,195,39
20230205,183,27.32,29.35,29.72,26.17,28.14,484,59
20230205,184,9.67,10.12,10.54,9.29,9.91,447,70
20230205,185,1854.85,2017.71,2038.99,1825.27,1934.2,301,76
20230205,186,54757.86,57196.68,58280.62,51288.75,55380.98,303,71
20230205,187,1142.96,1227.91,1232.85,1128.04,1182.94,283,74
20230205,188,702.94,688.91,742.49,671.34,701.42,307,55
20230205,189,3.89,3.81,3.93,3.8,3.86,288,62
20230205,190,4.89,4.85,5.23,4.75,4.93,294,60
20230205,191,21.0,21.19,21.4,20.58,21.04,204,31
20230205,192,1958.24,1945.29,1974.65,1936.98,1953.79,201,27
20230205,193,21.36,21.2,21.45,20.71,21.18,349,53
20230205,194,20.99,21.51,22.11,18.88,20.87,435,58
20230205,195,3635.09,3496.36,3708.03,3428.8,3567.07,299,66
20230205,196,77.47,72.98,79.08,72.93,75.62,153,28
20230205,197,311.71,298.35,325.13,293.86,307.26,422,55
20230205,198,329.15,334.97,340.05,319.55,330.93,301,72
20230205,199,1263.9,1219.8,1294.66,1210.55,1247.23,144,33
20230205,200,90.11,90.68,95.25,89.06,91.28,194,28
20230206,1,83.16,75.76,86.22,73.78,79.73,253,60
20230206,2,68.37,67.65,71.1,65.31,68.11,153,41
20230206,3,356.26,340.5,362.03,332.94,347.93,144,50
20230206,4,8472.71,7885.5,8612.33,7849.3,8204.96,122,27
20230206,5,64.71,56.7,65.19,52.37,59.74,212,33
20230206,6,13.98,12.98,14.32,12.95,13.56,317,81
20230206,7,469.18,439.2,478.1,436.35,455.71,243,52
20230206,8,2.52,2.48,2.55,2.36,2.48,216,67
20230206,9,10341.49,9834.82,10984.91,9383.97,10136.3,313,77
20230206,10,31.98,33.3,33.65,31.3,32.56,112,24
20230206,11,36.45,32.19,37.57,31.32,34.38,259,52
20230206,12,464.55,448.78,469.47,447.26,457.51,105,19
20230206,13,1.74,1.66,1.83,1.64,1.72,197,56
20230206,14,75.85,70.51,75.91,66.38,72.16,258,54
20230206,15,8791.72,8756.51,8831.3,7981.63,8590.29,231,58
20230206,16,1.49,1.33,1.56,1.31,1.42,209,61
20230206,17,3875.76,3634.96,4050.77,3541.98,3775.87,235,58
20230206,18,232.61,212.91,235.24,207.71,222.12,164,51
20230206,19,4555.56,4073.03,4721.51,4057.77,4351.97,206,55
20230206,20,389.77,389.23,391.48,379.1,387.39,125,24
20230206,21,20.63,21.86,22.59,19.59,21.17,208,64
20230206,22,2033.95,1967.18,2040.07,1953.14,1998.58,210,50
20230206,23,769.23,771.2,796.6,762.46,774.87,124,38
20230206,24,89.39,90.1,93.34,89.26,90.52,181,72
20230206,25,72.64,66.55,74.2,65.8,69.8,153,37
20230206,26,55.06,49.48,56.29,48.87,52.43,247,51
20230206,27,37.0,32.94,37.47,32.26,34.92,293,53
20230206,28,15896.94,14590.29,16255.7,13851.52,15148.61,271,57
20230206,29,70.16,70.32,72.21,67.37,70.02,178,48
20230206,30,1589.17,1558.08,1596.72,1482.79,1556.69,133,41
20230206,31,209.64,208.09,211.6,206.87,209.05,161,43
20230206,32,335.59,325.31,337.51,317.34,328.94,166,59
20230206,33,46.84,42.68,47.23,41.43,44.54,179,53
20230206,34,17.74,17.97,18.12,17.62,17.86,198,61
20230206,35,74.7,63.62,79.09,60.12,69.38,274,45
20230206,36,98.85,91.1,100.26,89.98,95.05,153,35
20230206,37,14.72,13.57,14.94,12.7,13.98,229,50
20230206,38,264.95,248.46,266.17,239.93,254.88,194,59
20230206,39,150.46,143.31,155.99,141.2,147.74,180,71
20230206,40,45.84,46.82,48.6,44.54,46.45,143,35
20230206,41,9810.42,9473.29,9834.3,8937.6,9513.9,38,10
20230206,42,5712.84,4881.39,6047.51,4771.73,5353.37,275,48
20230206,43,6226.39,6160.23,6568.29,6099.64,6263.64,216,63
20230206,44,94.33,90.04,95.35,86.18,91.47,168,47
20230206,45,71.06,58.85,72.0,57.13,64.76,312,53
20230206,46,547.35,533.16,567.44,527.84,543.95,166,64
20230206,47,113.91,105.53,114.39,102.83,109.17,216,61
20230206,48,354.16,347.83,361.08,336.19,349.81,216,67
20230206,49,112.43,107.43,114.36,105.23,109.86,165,53
20230206,50,863.16,885.11,886.32,855.58,872.54,169,53
20230206,51,616.52,556.6,634.44,546.78,588.59,227,59
20230206,52,69.51,60.0,71.31,56.76,64.4,179,50
20230206,53,3313.81,3253.53,3366.27,3209.06,3285.67,186,63
20230206,54,21.17,20.34,22.7,20.26,21.12,143,32
20230206,55,15.19,14.56,15.77,13.91,14.86,282,47
20230206,56,171.6,170.14,174.46,169.07,171.32,165,53
20230206,57,57.88,57.52,58.03,56.69,57.53,160,56
20230206,58,2.11,1.98,2.12,1.97,2.04,219,63
20230206,59,28620.01,24900.18,29457.02,24546.52,26880.93,287,60
20230206,60,2033.61,1994.67,2097.77,1965.26,2022.83,187,49
20230206,61,543.89,483.62,552.4,469.24,512.29,199,33
20230206,62,37.62,38.29,38.94,37.39,38.06,190,59
20230206,63,1640.76,1464.83,1684.33,1419.06,1552.24,317,47
20230206,64,6196.12,5291.78,6296.69,5006.22,5697.7,260,40
20230206,65,7.02,6.57,7.14,6.5,6.81,211,61
20230206,66,6529.29,6652.51,6727.99,6438.42,6587.05,185,39
20230206,67,81.24,78.12,84.39,76.3,80.01,144,39
20230206,68,119.4,106.33,119.54,105.89,112.79,223,57
20230206,69,12850.13,12058.31,12990.87,11927.01,12456.58,241,50
20230206,70,3.1,2.68,3.11,2.6,2.87,271,68
20230206,71,5684.53,4644.15,5785.58,4566.5,5170.19,330,62
20230206,72,12066.06,11246.96,12235.09,11027.2,11643.83,160,40
20230206,73,31.76,28.58,32.97,28.26,30.4,272,45
20230206,74,4.39,4.21,4.49,4.03,4.28,172,56
20230206,75,6070.26,5107.5,6124.53,5086.54,5597.21,300,57
20230206,76,20.34,19.16,22.01,18.8,20.08,303,48
20230206,77,19603.15,17594.37,19774.21,17408.69,18595.11,285,55
20230206,78,11.41,11.2,11.85,10.9,11.34,210,65
20230206,79,163.96,159.59,166.31,156.5,161.59,224,52
20230206,80,106.88,98.17,109.3,97.29,102.91,98,34
20230206,81,27.6,26.73,27.92,26.05,27.08,162,42
20230206,82,124.9,126.16,127.33,123.5,125.47,220,42
20230206,83,40.51,40.07,41.28,39.45,40.33,249,53
20230206,84,11.63,11.39,12.27,11.38,11.67,202,59
20230206,85,101.48,92.43,101.74,87.3,95.74,202,40
20230206,86,21617.97,19576.11,21913.53,19415.49,20630.77,187,62
20230206,87,912.38,875.66,945.8,841.89,893.93,148,44
20230206,88,37.23,32.22,38.23,31.98,34.92,212,40
20230206,89,21.46,21.53,22.34,20.85,21.54,213,59
20230206,90,41.09,42.36,42.61,40.19,41.56,190,47
20230206,91,2971.52,2768.56,3050.41,2706.56,2874.26,116,26
20230206,92,18.93,17.06,19.38,16.75,18.03,282,76
20230206,93,70.18,64.13,71.41,62.13,66.96,319,70
20230206,94,978.12,975.8,1002.78,971.91,982.15,105,32
20230206,95,495.28,415.18,502.58,403.92,454.24,207,38
20230206,96,866.52,782.07,883.3,762.4,823.57,171,52
20230206,97,32.79,31.54,33.67,31.06,32.26,186,42
20230206,98,2176.59,1753.51,2306.75,1720.67,1989.38,321,65
20230206,99,48.23,47.34,49.46,45.23,47.57,146,45
20230206,100,46.83,42.94,48.01,41.97,44.94,288,57
20230206,101,18.99,19.14,19.36,17.62,18.78,245,58
20230206,102,12.77,12.06,13.18,11.36,12.34,157,54
20230206,103,1268.15,1242.75,1272.36,1197.64,1245.22,104,28
20230206,104,633.95,622.72,656.32,621.91,633.72,139,41
20230206,105,8622.15,7373.41,8956.24,7207.07,8039.72,313,69
20230206,106,160.64,149.49,165.48,147.77,155.85,300,83
20230206,107,142.81,129.77,145.25,119.24,134.27,175,32
20230206,108,395.08,345.81,395.97,339.89,369.19,138,31
20230206,109,652.7,644.66,653.61,635.5,646.62,187,51
20230206,110,828.11,803.43,846.49,802.75,820.2,181,60
20230206,111,2.04,2.05,2.11,2.01,2.05,206,68
20230206,112,15889.9,14059.91,16202.27,13363.55,14878.91,282,76
20230206,113,7.46,7.31,7.85,7.31,7.48,213,59
20230206,114,1165.16,1019.85,1175.23,989.15,1087.35,328,53
20230206,115,3812.24,3563.56,3818.92,3542.62,3684.33,199,56
20230206,116,959.22,937.41,971.91,919.3,946.96,158,38
20230206,117,6.93,6.41,6.97,6.39,6.67,210,50
20230206,118,17.89,17.68,18.85,17.26,17.92,207,53
20230206,119,80.67,78.55,82.64,77.31,79.79,197,56
20230206,120,560.21,487.9,572.6,471.17,522.97,313,65
20230206,121,2230.47,2028.28,2254.87,1974.82,2122.11,302,72
20230206,122,13129.64,11440.22,13340.65,11297.42,12301.98,268,55
20230206,123,3.81,3.2,3.84,3.12,3.49,301,66
20230206,124,24.77,23.4,24.84,23.15,24.04,178,55
20230206,125,306.65,293.74,324.33,293.6,304.58,119,27
20230206,126,76575.55,76391.99,76736.49,76295.92,76499.99,201,59
20230206,127,218.37,195.95,227.09,190.27,207.92,149,33
20230206,128,251.97,250.12,257.23,247.66,251.75,109,25
20230206,129,14869.46,13651.03,15259.88,13275.27,14263.91,133,43
20230206,130,107.51,94.91,108.01,90.21,100.16,255,43
20230206,131,241.87,232.42,255.5,229.62,239.85,234,58
20230206,132,3164.04,2621.13,3286.17,2573.33,2911.17,258,63
20230206,133,77.55,72.99,78.08,71.39,75.0,189,48
20230206,134,1698.48,1568.32,1714.29,1551.63,1633.18,226,63
20230206,135,388.77,347.5,402.62,337.42,369.08,141,28
20230206,136,271.75,258.25,288.26,252.6,267.71,173,50
20230206,137,193.24,190.24,193.88,182.12,189.87,139,45
20230206,138,2.63,2.39,2.68,2.3,2.5,276,70
20230206,139,7942.5,6760.02,8298.04,6636.92,7409.37,299,58
20230206,140,210.13,183.88,211.66,182.78,197.11,241,51
20230206,141,29.15,28.5,29.9,27.9,28.86,164,43
20230206,142,62.37,62.7,64.84,61.43,62.83,199,65
20230206,143,10379.74,10050.2,11145.46,9810.36,10346.44,288,65
20230206,144,3.35,3.35,3.41,3.13,3.31,183,60
20230206,145,1373.57,1185.26,1425.63,1149.05,1283.38,236,53
20230206,146,25373.76,24296.28,25725.77,23695.45,24772.82,204,51
20230206,147,649.22,629.12,653.91,623.22,638.87,66,20
20230206,148,106.57,93.65,109.48,91.98,100.42,322,52
20230206,149,2.17,1.99,2.31,1.93,2.1,313,51
20230206,150,4.72,3.85,4.97,3.79,4.33,300,58
20230206,151,13.1,12.01,13.27,11.91,12.57,247,43
20230206,152,27.35,26.1,29.15,25.41,27.0,221,56
20230206,153,57924.93,52080.26,58920.53,50367.23,54823.24,227,64
20230206,154,1385.49,1322.45,1411.89,1294.1,1353.48,151,28
20230206,155,71.39,65.14,71.9,64.91,68.33,209,67
20230206,156,67.62,62.16,69.31,61.95,65.26,249,42
20230206,157,1984.59,1959.91,2023.74,1866.65,1958.73,223,64
20230206,158,47.06,45.76,47.56,45.65,46.51,206,66
20230206,159,16344.54,14759.58,16738.06,13813.36,15413.89,226,51
20230206,160,57.2,54.66,59.46,54.07,56.35,291,58
20230206,161,12.62,11.2,12.91,11.13,11.97,230,46
20230206,162,117.3,110.64,124.04,107.53,114.88,164,61
20230206,163,186.53,165.39,194.67,155.87,175.62,256,58
20230206,164,50.91,48.51,51.79,48.12,49.83,166,68
20230206,165,33.81,28.93,35.33,27.86,31.48,252,40
20230206,166,31.39,30.68,32.51,29.9,31.12,209,67
20230206,167,1.54,1.46,1.61,1.42,1.51,216,65
20230206,168,30.87,28.56,32.08,28.54,30.01,283,64
20230206,169,38.94,35.7,39.2,35.66,37.37,252,54
20230206,170,3147.54,3202.92,3447.85,3050.14,3212.11,29,14
20230206,171,53.38,47.48,55.28,47.25,50.85,279,59
20230206,172,43.1,37.42,43.92,37.33,40.44,225,49
20230206,173,37.15,34.48,39.08,34.09,36.2,136,45
20230206,174,130.78,133.2,135.47,130.51,132.49,160,54
20230206,175,6048.29,5956.67,6188.54,5837.43,6007.73,186,43
20230206,176,45.95,43.15,46.21,39.98,43.82,166,45
20230206,177,49.21,47.74,51.29,47.43,48.92,245,52
20230206,178,341.62,351.65,351.91,328.3,343.37,143,45
20230206,179,5.32,4.89,5.45,4.83,5.12,221,58
20230206,180,333.33,290.26,360.2,277.14,315.23,136,39
20230206,181,43522.57,38907.13,44720.69,38001.34,41287.93,309,61
20230206,182,21.47,19.91,22.71,19.86,20.99,156,41
20230206,183,29.35,26.19,30.36,25.83,27.93,334,72
20230206,184,10.12,9.42,10.2,9.26,9.75,329,57
20230206,185,2017.71,1838.81,2047.99,1824.05,1932.14,203,61
20230206,186,57196.68,56127.42,57439.93,55712.83,56619.22,232,69
20230206,187,1227.91,1256.0,1259.03,1175.34,1229.57,199,66
20230206,188,688.91,666.66,706.72,660.61,680.72,229,59
20230206,189,3.81,3.76,3.86,3.72,3.79,207,58
20230206,190,4.85,4.59,4.88,4.47,4.7,204,59
20230206,191,21.19,21.26,21.69,20.27,21.11,150,38
20230206,192,1945.29,1665.68,1954.96,1640.05,1801.5,169,30
20230206,193,21.2,19.47,21.31,19.04,20.25,240,52
20230206,194,21.51,19.35,21.64,18.91,20.35,281,62
20230206,195,3496.36,3539.19,3547.28,3439.15,3505.5,225,54
20230206,196,72.98,69.26,76.06,67.09,71.35,102,23
20230206,197,298.35,262.43,307.55,262.06,282.6,296,61
20230206,198,334.97,310.35,343.33,305.79,323.61,195,65
20230206,199,1219.8,1208.43,1302.15,1168.34,1224.68,104,27
20230206,200,90.68,80.24,93.93,77.34,85.55,152,34
20230207,1,75.76,71.28,77.03,70.75,73.71,238,50
20230207,2,67.65,64.59,71.04,63.77,66.76,122,48
20230207,3,340.5,346.3,359.04,338.48,346.08,151,44
20230207,4,7885.5,7650.46,7962.95,7352.78,7712.93,127,27
20230207,5,56.7,53.74,57.08,52.62,55.04,199,50
20230207,6,12.98,13.46,14.1,12.97,13.38,270,48
20230207,7,439.2,433.67,455.98,432.0,440.21,240,60
20230207,8,2.48,2.55,2.63,2.46,2.53,186,60
20230207,9,9834.82,9648.29,10172.4,8727.33,9595.71,287,53
20230207,10,33.3,32.79,34.38,32.25,33.18,108,28
20230207,11,32.19,32.5,32.7,31.62,32.25,240,52
20230207,12,448.78,474.61,485.58,443.1,463.02,88,23
20230207,13,1.66,1.73,1.79,1.59,1.69,221,57
20230207,14,70.51,71.83,72.19,69.38,70.98,250,42
20230207,15,8756.51,8410.75,8865.23,8159.69,8548.05,243,62
20230207,16,1.33,1.3,1.34,1.28,1.31,222,77
20230207,17,3634.96,3792.6,3849.49,3632.5,3727.39,218,56
20230207,18,212.91,223.55,231.97,210.78,219.8,155,60
20230207,19,4073.03,4265.78,4482.93,4034.49,4214.06,223,60
20230207,20,389.23,382.8,391.04,367.67,382.68,104,29
20230207,21,21.86,22.16,23.12,21.73,22.22,208,55
20230207,22,1967.18,2040.61,2051.75,1902.48,1990.5,218,61
20230207,23,771.2,765.59,806.4,744.52,771.93,138,34
20230207,24,90.1,88.12,92.69,87.39,89.58,200,52
20230207,25,66.55,67.75,68.8,64.45,66.89,185,29
20230207,26,49.48,47.59,50.22,46.52,48.45,247,57
20230207,27,32.94,31.81,33.88,31.38,32.5,309,53
20230207,28,14590.29,14005.97,14915.18,13842.58,14338.51,245,51
20230207,29,70.32,64.74,71.72,64.01,67.7,195,56
20230207,30,1558.08,1539.49,1626.71,1528.85,1563.28,138,37
20230207,31,208.09,206.74,210.86,199.9,206.4,112,47
20230207,32,325.31,330.45,333.86,320.74,327.59,165,51
20230207,33,42.68,45.79,46.35,41.41,44.06,175,52
20230207,34,17.97,18.82,18.94,17.22,18.24,208,67
20230207,35,63.62,66.54,69.78,62.44,65.6,254,62
20230207,36,91.1,87.34,96.12,85.69,90.06,151,32
20230207,37,13.57,12.57,13.6,12.3,13.01,266,39
20230207,38,248.46,254.49,261.21,239.69,250.96,163,54
20230207,39,143.31,148.29,149.03,141.7,145.58,238,61
20230207,40,46.82,47.78,48.48,45.49,47.14,128,31
20230207,41,9473.29,9582.76,9903.83,9317.42,9569.32,20,11
20230207,42,4881.39,4477.93,4894.07,4381.07,4658.62,282,57
20230207,43,6160.23,6142.25,6360.63,5668.13,6082.81,237,50
20230207,44,90.04,91.94,95.46,88.81,91.56,169,77
20230207,45,58.85,62.59,63.13,58.57,60.78,319,54
20230207,46,533.16,547.41,552.91,521.22,538.67,159,49
20230207,47,105.53,108.32,109.13,101.82,106.2,213,49
20230207,48,347.83,336.24,350.57,332.0,341.66,204,78
20230207,49,107.43,104.7,109.17,102.26,105.89,172,42
20230207,50,885.11,915.22,967.3,853.67,905.33,173,56
20230207,51,556.6,530.91,571.14,527.14,546.45,230,48
20230207,52,60.0,64.64,66.44,58.07,62.29,157,45
20230207,53,3253.53,3069.41,3277.67,3017.3,3154.48,174,58
20230207,54,20.34,20.51,21.41,19.81,20.52,131,46
20230207,55,14.56,14.66,15.3,14.19,14.68,227,58
20230207,56,170.14,167.92,171.83,160.88,167.69,166,55
20230207,57,57.52,54.4,57.86,53.75,55.88,151,57
20230207,58,1.98,1.8,2.03,1.79,1.9,207,65
20230207,59,24900.18,24271.63,25369.44,22976.51,24379.44,290,71
20230207,60,1994.67,1957.74,1997.58,1857.12,1951.78,185,47
20230207,61,483.62,511.61,519.09,460.8,493.78,220,37
20230207,62,38.29,36.46,39.05,35.02,37.2,181,42
20230207,63,1464.83,1479.1,1514.61,1394.53,1463.27,273,52
20230207,64,5291.78,4994.12,5511.89,4715.86,5128.41,233,52
20230207,65,6.57,6.67,6.69,6.3,6.56,232,70
20230207,66,6652.51,6000.57,6733.93,5957.66,6336.17,163,55
20230207,67,78.12,84.13,84.49,76.81,80.89,134,34
20230207,68,106.33,104.9,108.85,102.74,105.7,247,55
20230207,69,12058.31,10579.12,12073.46,10503.39,11303.57,249,45
20230207,70,2.68,2.58,2.78,2.52,2.64,308,45
20230207,71,4644.15,4493.17,4776.8,4390.08,4576.05,302,59
20230207,72,11246.96,10852.2,11578.58,10811.36,11122.27,127,38
20230207,73,28.58,27.43,28.95,25.76,27.68,236,45
20230207,74,4.21,4.07,4.45,3.89,4.15,192,42
20230207,75,5107.5,4963.1,5124.08,4892.23,5021.73,294,56
20230207,76,19.16,18.14,19.2,17.87,18.59,282,67
20230207,77,17594.37,17634.3,18674.94,17243.24,17786.71,282,60
20230207,78,11.2,11.48,11.6,10.79,11.27,225,62
20230207,79,159.59,154.64,164.86,148.33,156.86,207,55
20230207,80,98.17,98.16,98.42,95.4,97.54,108,29
20230207,81,26.73,25.44,27.06,24.31,25.88,180,54
20230207,82,126.16,125.34,131.76,119.5,125.69,211,67
20230207,83,40.07,39.44,41.33,38.73,39.89,217,59
20230207,84,11.39,10.98,11.72,10.67,11.19,218,43
20230207,85,92.43,91.52,95.15,91.5,92.65,196,49
20230207,86,19576.11,20180.34,20686.35,18943.99,19846.7,207,66
20230207,87,875.66,835.6,933.31,813.0,864.39,122,36
20230207,88,32.22,34.45,34.98,31.42,33.27,208,35
20230207,89,21.53,20.81,21.88,20.43,21.16,207,58
20230207,90,42.36,45.26,45.44,40.36,43.36,174,52
20230207,91,2768.56,2821.03,2851.1,2619.72,2765.1,114,18
20230207,92,17.06,18.61,18.93,16.63,17.81,297,50
20230207,93,64.13,67.69,67.8,62.49,65.53,337,66
20230207,94,975.8,965.23,996.4,921.61,964.76,85,30
20230207,95,415.18,400.23,441.49,397.77,413.67,185,35
20230207,96,782.07,757.38,795.5,756.65,772.9,189,55
20230207,97,31.54,31.64,32.97,31.52,31.92,173,55
20230207,98,1753.51,1784.01,1792.24,1711.48,1760.31,300,68
20230207,99,47.34,46.01,47.95,45.21,46.63,139,38
20230207,100,42.94,43.54,45.0,42.53,43.5,300,63
20230207,101,19.14,18.72,19.38,18.26,18.88,189,55
20230207,102,12.06,12.43,12.47,11.82,12.19,165,51
20230207,103,1242.75,1186.37,1305.46,1126.63,1215.3,90,32
20230207,104,622.72,631.7,648.01,616.72,629.79,139,49
20230207,105,7373.41,7378.2,7424.05,7276.92,7363.15,305,69
20230207,106,149.49,154.03,160.31,142.25,151.52,289,64
20230207,107,129.77,133.56,138.52,128.22,132.52,124,22
20230207,108,345.81,340.49,351.24,331.45,342.25,153,27
20230207,109,644.66,642.29,662.16,640.79,647.48,189,45
20230207,110,803.43,867.51,906.09,793.31,842.59,176,54
20230207,111,2.05,2.01,2.09,1.97,2.03,200,58
20230207,112,14059.91,14355.82,14743.14,13844.35,14250.8,310,65
20230207,113,7.31,7.14,7.58,7.08,7.28,197,64
20230207,114,1019.85,933.97,1062.89,926.56,985.82,313,60
20230207,115,3563.56,3379.21,3588.19,3347.87,3469.71,221,77
20230207,116,937.41,945.84,966.62,931.96,945.46,140,33
20230207,117,6.41,6.49,6.63,6.14,6.42,213,84
20230207,118,17.68,17.56,17.92,16.59,17.44,209,63
20230207,119,78.55,79.54,80.33,75.91,78.58,185,58
20230207,120,487.9,494.43,503.52,484.8,492.66,292,64
20230207,121,2028.28,1955.93,2076.14,1924.09,1996.11,300,50
20230207,122,11440.22,11744.07,11843.07,11075.3,11525.66,257,42
20230207,123,3.2,3.25,3.26,2.92,3.16,294,55
20230207,124,23.4,22.71,24.36,21.69,23.04,168,45
20230207,125,293.74,293.73,298.66,293.39,294.88,120,21
20230207,126,76391.99,76306.17,76978.7,74778.97,76113.96,222,67
20230207,127,195.95,186.64,204.59,177.51,191.18,140,29
20230207,128,250.12,242.54,254.07,231.44,244.54,101,26
20230207,129,13651.03,14104.84,14443.53,13260.84,13865.06,140,49
20230207,130,94.91,98.61,101.05,94.76,97.33,233,48
20230207,131,232.42,230.66,232.52,225.86,230.37,250,55
20230207,132,2621.13,2635.04,2654.08,2492.11,2600.59,268,35
20230207,133,72.99,67.58,73.6,66.92,70.27,164,55
20230207,134,1568.32,1665.25,1728.27,1502.38,1616.06,213,63
20230207,135,347.5,363.03,368.3,336.88,353.93,154,41
20230207,136,258.25,264.13,273.86,250.84,261.77,183,53
20230207,137,190.24,169.72,191.39,167.99,179.83,148,35
20230207,138,2.39,2.37,2.43,2.29,2.37,307,62
20230207,139,6760.02,6733.98,7015.99,6542.08,6763.02,291,69
20230207,140,183.88,185.74,186.6,178.67,183.72,266,60
20230207,141,28.5,27.97,28.63,27.83,28.23,154,57
20230207,142,62.7,61.59,64.73,61.56,62.64,204,75
20230207,143,10050.2,9880.94,10104.05,9751.63,9946.7,291,59
20230207,144,3.35,3.22,3.52,3.12,3.3,224,60
20230207,145,1185.26,1167.29,1249.73,1154.56,1189.21,244,58
20230207,146,24296.28,24079.59,25638.0,23771.26,24446.28,215,64
20230207,147,629.12,651.12,684.6,609.8,643.66,76,27
20230207,148,93.65,95.78,96.26,91.98,94.42,318,58
20230207,149,1.99,2.06,2.12,1.98,2.04,292,54
20230207,150,3.85,3.89,4.09,3.82,3.91,301,67
20230207,151,12.01,12.53,12.94,11.41,12.22,235,53
20230207,152,26.1,24.58,27.07,24.49,25.56,215,45
20230207,153,52080.26,57052.94,60135.72,50637.51,54976.61,250,56
20230207,154,1322.45,1415.61,1501.32,1317.28,1389.16,154,28
20230207,155,65.14,65.33,66.77,65.11,65.59,243,55
20230207,156,62.16,65.42,66.56,60.1,63.56,240,53
20230207,157,1959.91,1912.65,1978.03,1796.51,1911.77,205,54
20230207,158,45.76,45.03,46.15,44.94,45.47,207,59
20230207,159,14759.58,14380.92,15479.9,13974.04,14648.61,180,52
20230207,160,54.66,54.2,58.44,52.65,54.99,308,59
20230207,161,11.2,11.23,11.85,11.11,11.35,244,41
20230207,162,110.64,111.16,111.87,105.43,109.78,198,52
20230207,163,165.39,177.11,180.55,164.53,171.9,256,49
20230207,164,48.51,48.39,49.97,48.1,48.74,163,59
20230207,165,28.93,27.19,29.67,27.03,28.2,252,52
20230207,166,30.68,32.57,33.53,30.0,31.7,218,70
20230207,167,1.46,1.39,1.49,1.33,1.42,223,54
20230207,168,28.56,27.66,29.89,26.85,28.24,293,55
20230207,169,35.7,35.62,35.91,35.11,35.58,264,52
20230207,170,3202.92,3165.57,3271.22,3083.31,3180.75,43,15
20230207,171,47.48,44.19,48.11,42.28,45.52,279,70
20230207,172,37.42,35.83,37.69,34.79,36.43,255,49
20230207,173,34.48,32.87,36.45,32.07,33.97,135,31
20230207,174,133.2,132.16,136.94,130.75,133.26,163,45
20230207,175,5956.67,6096.72,6343.23,5921.05,6079.42,190,57
20230207,176,43.15,40.62,46.05,40.16,42.49,167,53
20230207,177,47.74,49.33,50.14,44.97,48.05,272,47
20230207,178,351.65,360.71,363.43,345.74,355.38,118,33
20230207,179,4.89,4.77,5.07,4.74,4.87,229,56
20230207,180,290.26,264.66,299.35,263.1,279.34,133,25
20230207,181,38907.13,36915.02,39162.09,36461.54,37861.45,294,48
20230207,182,19.91,19.39,20.72,18.31,19.58,154,30
20230207,183,26.19,27.27,27.93,25.89,26.82,270,50
20230207,184,9.42,9.35,9.55,9.3,9.4,306,52
20230207,185,1838.81,1748.94,1870.44,1747.41,1801.4,192,51
20230207,186,56127.42,55924.95,57317.55,54409.24,55944.79,202,63
20230207,187,1256.0,1178.66,1272.85,1118.38,1206.47,212,62
20230207,188,666.66,661.09,687.15,649.43,666.08,199,62
20230207,189,3.76,3.64,3.96,3.59,3.74,182,51
20230207,190,4.59,4.43,4.62,4.4,4.51,208,61
20230207,191,21.26,21.33,21.58,20.37,21.14,144,43
20230207,192,1665.68,1817.35,1840.07,1617.2,1735.07,133,26
20230207,193,19.47,21.8,22.13,18.56,20.49,252,36
20230207,194,19.35,18.35,19.96,17.9,18.89,308,52
20230207,195,3539.19,3403.67,3700.53,3339.13,3495.63,210,60
20230207,196,69.26,70.9,72.72,66.44,69.83,111,38
20230207,197,262.43,272.15,281.27,257.39,268.31,288,61
20230207,198,310.35,282.13,310.54,272.99,294.0,191,59
20230207,199,1208.43,1203.71,1235.22,1168.33,1203.92,104,29
20230207,200,80.24,78.6,82.77,78.11,79.93,152,27
20230208,1,71.28,65.28,71.85,63.84,68.06,235,60
20230208,2,64.59,61.02,66.87,60.4,63.22,120,44
20230208,3,346.3,236.28,350.96,234.82,292.09,138,42
20230208,4,7650.46,8001.29,8094.48,7624.78,7842.75,111,31
20230208,5,53.74,56.25,58.13,52.26,55.1,219,43
20230208,6,13.46,13.69,13.96,13.31,13.6,335,54
20230208,7,433.67,453.27,457.62,412.62,439.3,277,56
20230208,8,2.55,2.54,2.59,2.49,2.54,218,54
20230208,9,9648.29,9440.04,9713.89,8650.41,9363.16,308,60
20230208,10,32.79,32.41,33.45,32.35,32.75,91,29
20230208,11,32.5,33.85,35.41,31.34,33.28,263,59
20230208,12,474.61,494.08,494.36,470.88,483.48,97,22
20230208,13,1.73,1.71,1.77,1.64,1.71,227,54
20230208,14,71.83,68.2,71.9,63.59,68.88,239,62
20230208,15,8410.75,8535.52,8643.31,8197.37,8446.74,215,66
20230208,16,1.3,1.37,1.4,1.26,1.33,241,49
20230208,17,3792.6,4041.82,4074.33,3768.02,3919.19,206,64
20230208,18,223.55,216.06,224.04,208.36,218.0,153,52
20230208,19,4265.78,4142.65,4354.73,4134.32,4224.37,179,57
20230208,20,382.8,391.69,396.66,369.43,385.14,120,27
20230208,21,22.16,21.65,23.55,21.21,22.14,243,52
20230208,22,2040.61,2015.13,2049.26,1872.93,1994.48,202,62
20230208,23,765.59,801.04,817.21,758.24,785.52,146,45
20230208,24,88.12,82.24,88.56,76.87,83.94,230,48
20230208,25,67.75,75.56,76.85,67.0,71.79,152,33
20230208,26,47.59,46.8,49.02,45.79,47.3,232,50
20230208,27,31.81,33.28,34.62,30.59,32.58,282,61
20230208,28,14005.97,13979.67,14433.3,13967.18,14096.53,257,50
20230208,29,64.74,65.88,68.41,60.42,64.86,175,48
20230208,30,1539.49,1512.06,1541.61,1476.51,1517.42,136,46
20230208,31,206.74,215.31,221.29,202.46,211.45,147,39
20230208,32,330.45,230.05,332.47,224.34,279.33,159,47
20230208,33,45.79,45.2,47.45,45.05,45.87,169,61
20230208,34,18.82,20.06,20.34,17.75,19.24,200,61
20230208,35,66.54,66.07,68.96,65.59,66.79,269,47
20230208,36,87.34,85.24,90.49,85.07,87.03,136,27
20230208,37,12.57,11.81,13.04,11.7,12.28,296,42
20230208,38,254.49,192.92,260.08,186.7,223.55,200,56
20230208,39,148.29,102.68,148.63,98.68,124.57,215,75
20230208,40,47.78,36.95,49.39,35.41,42.38,161,36
20230208,41,9582.76,9729.21,9854.23,8631.81,9449.5,32,6
20230208,42,4477.93,4655.6,4851.42,4466.51,4612.87,339,67
20230208,43,6142.25,4391.38,6440.36,4220.02,5298.5,216,52
20230208,44,91.94,70.24,96.22,69.1,81.88,185,51
20230208,45,62.59,57.23,65.96,55.48,60.31,330,55
20230208,46,547.41,540.55,574.89,525.21,547.01,172,49
20230208,47,108.32,106.52,108.62,104.31,106.94,231,62
20230208,48,336.24,334.76,337.03,318.89,331.73,189,62
20230208,49,104.7,72.34,107.93,70.85,88.95,165,42
20230208,50,915.22,916.37,935.71,867.41,908.68,170,46
20230208,51,530.91,534.9,564.88,524.09,538.7,235,55
20230208,52,64.64,64.97,66.17,62.15,64.48,182,52
20230208,53,3069.41,2015.94,3103.12,1873.49,2515.49,188,50
20230208,54,20.51,14.71,21.33,14.53,17.77,144,46
20230208,55,14.66,15.11,15.57,14.37,14.93,274,65
20230208,56,167.92,165.25,175.17,154.54,165.72,170,67
20230208,57,54.4,58.58,58.6,53.93,56.38,176,43
20230208,58,1.8,1.94,1.95,1.78,1.87,210,75
20230208,59,24271.63,25417.71,25426.31,23710.42,24706.52,293,49
20230208,60,1957.74,2070.37,2076.53,1876.02,1995.16,161,43
20230208,61,511.61,516.69,534.01,495.87,514.54,205,35
20230208,62,36.46,38.01,40.03,34.41,37.23,171,64
20230208,63,1479.1,1570.92,1593.83,1466.59,1527.61,310,65
20230208,64,4994.12,5266.02,5267.9,4939.64,5116.92,262,49
20230208,65,6.67,6.53,6.81,6.52,6.63,209,56
20230208,66,6000.57,6115.84,6208.2,5861.72,6046.58,176,51
20230208,67,84.13,85.12,89.79,81.1,85.04,136,41
20230208,68,104.9,108.9,113.24,104.24,107.82,232,47
20230208,69,10579.12,10716.19,10770.38,10273.11,10584.7,253,43
20230208,70,2.58,2.54,2.71,2.52,2.59,306,58
20230208,71,4493.17,4925.22,5112.89,4437.62,4742.23,307,68
20230208,72,10852.2,10429.25,11000.71,10315.91,10649.52,140,45
20230208,73,27.43,26.1,27.47,24.69,26.42,241,53
20230208,74,4.07,3.87,4.12,3.51,3.89,168,67
20230208,75,4963.1,4863.08,4975.06,4740.67,4885.48,322,56
20230208,76,18.14,19.37,19.89,17.53,18.73,273,52
20230208,77,17634.3,18093.2,18336.04,16279.1,17585.66,304,60
20230208,78,11.48,8.13,11.52,8.02,9.79,215,67
20230208,79,154.64,156.17,159.11,153.64,155.89,215,50
20230208,80,98.16,99.15,101.89,94.27,98.37,126,30
20230208,81,25.44,17.2,26.57,16.74,21.49,172,57
20230208,82,125.34,136.69,140.93,121.06,131.0,224,64
20230208,83,39.44,29.72,39.74,28.77,34.42,213,67
20230208,84,10.98,10.96,11.25,10.39,10.89,201,63
20230208,85,91.52,87.33,92.88,84.71,89.11,210,42
20230208,86,20180.34,20406.09,21541.13,19676.96,20451.13,219,55
20230208,87,835.6,576.22,835.76,575.92,705.88,152,49
20230208,88,34.45,35.03,35.45,34.05,34.74,195,47
20230208,89,20.81,20.76,21.13,19.81,20.63,218,67
20230208,90,45.26,44.51,46.67,44.17,45.15,183,53
20230208,91,2821.03,2660.33,2889.42,2609.86,2745.16,107,25
20230208,92,18.61,20.21,20.88,17.68,19.34,318,71
20230208,93,67.69,68.71,70.36,65.92,68.17,285,52
20230208,94,965.23,973.12,979.65,959.17,969.29,103,30
20230208,95,400.23,396.52,421.4,386.21,401.09,205,39
20230208,96,757.38,500.14,791.2,488.58,634.33,159,56
20230208,97,31.64,31.23,34.85,30.92,32.16,173,42
20230208,98,1784.01,1790.42,1794.81,1713.11,1770.59,252,64
20230208,99,46.01,47.91,48.25,44.17,46.59,148,33
20230208,100,43.54,44.53,47.61,40.84,44.13,287,71
20230208,101,18.72,19.05,19.3,18.64,18.93,199,47
20230208,102,12.43,12.92,13.18,12.39,12.73,169,52
20230208,103,1186.37,1293.82,1303.46,1128.05,1227.93,109,37
20230208,104,631.7,630.55,657.15,624.4,635.95,148,39
20230208,105,7378.2,7611.37,7643.95,7224.71,7464.56,299,65
20230208,106,154.03,155.13,156.77,146.25,153.05,303,70
20230208,107,133.56,122.97,134.24,119.27,127.51,141,31
20230208,108,340.49,338.1,358.64,335.86,343.27,146,35
20230208,109,642.29,626.73,650.09,579.88,624.75,172,47
20230208,110,867.51,874.04,897.21,853.05,872.95,170,63
20230208,111,2.01,1.95,2.04,1.91,1.97,226,62
20230208,112,14355.82,14653.92,15177.1,13834.55,14505.35,303,67
20230208,113,7.14,7.47,7.57,7.1,7.32,216,69
20230208,114,933.97,996.58,1044.65,925.09,975.07,309,64
20230208,115,3379.21,3697.91,3716.37,3276.07,3517.39,211,53
20230208,116,945.84,879.13,983.77,836.12,911.22,143,42
20230208,117,6.49,6.13,6.57,5.86,6.26,201,74
20230208,118,17.56,19.22,19.45,17.27,18.37,215,56
20230208,119,79.54,80.64,81.99,78.9,80.27,200,35
20230208,120,494.43,501.18,504.82,487.98,497.11,313,61
20230208,121,1955.93,1982.61,2068.57,1954.0,1990.28,343,54
20230208,122,11744.07,11791.49,12113.62,11467.14,11779.08,268,42
20230208,123,3.25,3.02,3.36,2.97,3.15,311,59
20230208,124,22.71,22.15,23.35,21.55,22.44,189,50
20230208,125,293.73,289.73,311.39,289.32,296.04,86,31
20230208,126,76306.17,74415.7,76699.76,73553.86,75243.87,230,56
20230208,127,186.64,180.43,191.13,173.96,183.04,134,24
20230208,128,242.54,263.9,281.27,240.55,257.07,124,24
20230208,129,14104.84,13731.06,14132.2,13547.12,13878.8,159,46
20230208,130,98.61,98.52,103.04,97.99,99.54,238,65
20230208,131,230.66,231.69,244.51,214.42,230.32,238,56
20230208,132,2635.04,2733.75,2821.17,2537.49,2681.86,252,48
20230208,133,67.58,66.35,67.95,65.67,66.89,174,52
20230208,134,1665.25,1731.85,1768.53,1590.1,1688.93,213,68
20230208,135,363.03,370.74,383.05,360.5,369.33,140,24
20230208,136,264.13,250.05,264.78,246.38,256.34,178,56
20230208,137,169.72,169.9,172.39,164.36,169.09,144,42
20230208,138,2.37,2.35,2.46,2.35,2.38,299,65
20230208,139,6733.98,6751.16,6796.55,6583.86,6716.39,284,72
20230208,140,185.74,187.68,199.27,184.09,189.19,253,52
20230208,141,27.97,29.13,29.75,27.63,28.62,176,51
20230208,142,61.59,63.21,64.32,60.07,62.3,216,69
20230208,143,9880.94,9718.93,10195.36,9522.85,9829.52,322,72
20230208,144,3.22,3.25,3.37,3.19,3.26,204,65
20230208,145,1167.29,1077.88,1199.75,1041.53,1121.61,273,48
20230208,146,24079.59,24648.68,24978.68,22873.79,24145.18,214,69
20230208,147,651.12,654.75,666.52,621.09,648.37,78,34
20230208,148,95.78,91.69,98.49,89.95,93.98,306,52
20230208,149,2.06,2.08,2.09,2.04,2.07,320,57
20230208,150,3.89,4.06,4.19,3.69,3.96,273,65
20230208,151,12.53,12.93,12.94,11.93,12.58,276,43
20230208,152,24.58,17.51,25.53,17.32,21.24,210,66
20230208,153,57052.94,57856.71,59106.69,54367.92,57096.06,271,46
20230208,154,1415.61,1444.15,1544.35,1369.37,1443.37,152,37
20230208,155,65.33,64.14,70.44,60.59,65.13,209,72
20230208,156,65.42,67.62,68.06,64.65,66.44,232,51
20230208,157,1912.65,1846.86,1957.32,1793.9,1877.68,211,63
20230208,158,45.03,33.2,46.09,32.7,39.25,196,56
20230208,159,14380.92,13536.35,14968.76,13440.16,14081.55,200,57
20230208,160,54.2,56.25,56.51,53.65,55.15,298,67
20230208,161,11.23,11.13,11.9,10.97,11.31,252,54
20230208,162,111.16,114.98,115.9,109.9,112.99,182,54
20230208,163,177.11,170.12,182.54,166.42,174.05,257,47
20230208,164,48.39,48.71,49.37,48.08,48.64,180,44
20230208,165,27.19,28.02,28.24,26.68,27.53,244,41
20230208,166,32.57,32.89,34.61,32.14,33.06,211,70
20230208,167,1.39,0.93,1.4,0.91,1.16,210,62
20230208,168,27.66,28.53,30.16,27.28,28.41,288,69
20230208,169,35.62,32.9,35.78,32.34,34.16,219,52
20230208,170,3165.57,3036.27,3348.41,2965.88,3129.03,40,11
20230208,171,44.19,41.6,44.61,40.27,42.67,287,65
20230208,172,35.83,37.13,39.21,34.77,36.74,244,54
20230208,173,32.87,23.18,33.88,23.04,28.24,136,40
20230208,174,132.16,96.76,133.78,94.33,114.26,125,46
20230208,175,6096.72,6329.59,6534.76,6014.63,6243.92,168,64
20230208,176,40.62,40.54,41.03,38.29,40.12,160,48
20230208,177,49.33,50.37,52.29,49.14,50.28,250,50
20230208,178,360.71,359.47,377.79,351.51,362.37,139,46
20230208,179,4.77,4.85,4.87,4.58,4.77,222,55
20230208,180,264.66,284.74,302.17,262.89,278.62,150,34
20230208,181,36915.02,40590.62,41004.15,35531.89,38510.42,290,52
20230208,182,19.39,19.27,20.35,19.13,19.54,143,38
20230208,183,27.27,27.72,28.18,26.08,27.31,269,64
20230208,184,9.35,9.55,9.75,9.26,9.48,285,59
20230208,185,1748.94,1789.6,1851.77,1736.73,1781.76,211,58
20230208,186,55924.95,56492.69,57408.71,55655.33,56370.42,208,61
20230208,187,1178.66,1173.0,1200.99,1140.84,1173.38,202,56
20230208,188,661.09,413.12,693.13,409.34,544.17,214,48
20230208,189,3.64,4.02,4.06,3.59,3.83,210,69
20230208,190,4.43,4.36,4.49,4.24,4.38,202,48
20230208,191,21.33,21.05,21.93,20.49,21.2,138,51
20230208,192,1817.35,1812.5,1853.07,1763.93,1811.71,148,28
20230208,193,21.8,21.24,22.06,20.93,21.51,264,57
20230208,194,18.35,18.68,19.02,18.05,18.53,291,80
20230208,195,3403.67,3394.68,3474.83,3329.91,3400.77,216,62
20230208,196,70.9,69.13,72.83,67.15,70.0,101,38
20230208,197,272.15,272.04,284.62,265.55,273.59,311,65
20230208,198,282.13,294.16,298.24,277.24,287.94,196,86
20230208,199,1203.71,1253.86,1314.91,1198.64,1242.78,101,31
20230208,200,78.6,75.04,79.39,74.64,76.92,138,32
20230209,1,65.28,63.79,68.47,62.91,65.11,257,53
20230209,2,61.02,64.3,66.03,59.16,62.63,118,48
20230209,3,236.28,235.29,240.58,235.01,236.79,152,47
20230209,4,8001.29,8019.89,8141.49,7864.74,8006.85,99,34
20230209,5,56.25,55.39,56.84,55.19,55.92,211,38
20230209,6,13.69,13.77,13.87,13.36,13.67,308,52
20230209,7,453.27,455.64,473.46,451.33,458.43,273,45
20230209,8,2.54,3.23,3.36,2.54,2.92,204,64
20230209,9,9440.04,9236.05,9773.68,9009.99,9364.94,278,62
20230209,10,32.41,33.65,34.02,32.01,33.02,119,27
20230209,11,33.85,36.25,37.3,33.52,35.23,254,45
20230209,12,494.08,459.36,499.62,449.26,475.58,90,16
20230209,13,1.71,1.61,1.71,1.57,1.65,194,60
20230209,14,68.2,70.72,70.97,66.54,69.11,262,49
20230209,15,8535.52,9167.19,9185.32,8439.85,8831.97,227,55
20230209,16,1.37,1.29,1.38,1.27,1.33,209,60
20230209,17,4041.82,4227.33,4254.45,3953.63,4119.31,207,65
20230209,18,216.06,232.75,233.27,214.36,224.11,165,44
20230209,19,4142.65,4047.55,4253.95,3960.75,4101.23,216,48
20230209,20,391.69,415.29,434.6,378.03,404.9,105,27
20230209,21,21.65,21.62,22.29,21.52,21.77,198,70
20230209,22,2015.13,2084.42,2149.69,1966.67,2053.98,211,69
20230209,23,801.04,779.29,809.15,777.48,791.74,128,36
20230209,24,82.24,85.48,86.32,78.88,83.23,220,58
20230209,25,75.56,79.2,81.37,74.66,77.7,156,27
20230209,26,46.8,51.43,55.2,46.11,49.88,280,55
20230209,27,33.28,35.66,35.92,33.17,34.51,263,53
20230209,28,13979.67,14163.13,14969.3,13944.05,14264.04,257,42
20230209,29,65.88,75.56,75.98,65.12,70.64,175,52
20230209,30,1512.06,1603.16,1665.88,1501.84,1570.73,135,40
20230209,31,215.31,222.09,226.19,214.5,219.52,132,50
20230209,32,230.05,223.56,233.9,219.33,226.71,157,50
20230209,33,45.2,57.11,58.83,43.72,51.22,183,57
20230209,34,20.06,18.91,20.09,18.71,19.45,174,60
20230209,35,66.07,63.87,66.13,61.56,64.41,255,60
20230209,36,85.24,91.83,94.64,80.65,88.09,150,32
20230209,37,11.81,12.3,12.63,11.36,12.02,236,62
20230209,38,192.92,188.65,208.56,179.66,192.45,189,39
20230209,39,102.68,103.28,106.96,100.74,103.41,207,66
20230209,40,36.95,35.95,37.08,34.73,36.18,146,41
20230209,41,9729.21,10107.55,10144.71,9558.14,9884.91,39,10
20230209,42,4655.6,4638.49,4727.33,4589.63,4652.76,311,50
20230209,43,4391.38,4467.18,4538.77,4374.89,4443.05,240,63
20230209,44,70.24,71.63,73.69,68.8,71.09,167,49
20230209,45,57.23,56.92,58.95,56.16,57.32,281,55
20230209,46,540.55,565.97,585.83,524.11,554.11,171,50
20230209,47,106.52,105.93,107.69,105.48,106.4,207,61
20230209,48,334.76,422.62,436.71,331.58,381.42,228,63
20230209,49,72.34,77.88,78.7,70.93,74.96,182,43
20230209,50,916.37,941.17,947.14,891.61,924.07,177,41
20230209,51,534.9,548.54,559.99,497.41,535.21,251,54
20230209,52,64.97,62.68,66.39,57.22,62.81,182,61
20230209,53,2015.94,2159.4,2187.2,1995.28,2089.46,158,47
20230209,54,14.71,16.09,16.21,14.42,15.36,129,36
20230209,55,15.11,14.47,15.29,13.9,14.69,265,61
20230209,56,165.25,171.17,172.6,163.4,168.11,165,44
20230209,57,58.58,56.68,60.55,51.73,56.89,167,45
20230209,58,1.94,2.18,2.29,1.86,2.07,200,64
20230209,59,25417.71,27078.38,27562.19,24742.37,26200.16,324,52
20230209,60,2070.37,2138.32,2145.26,2023.08,2094.26,218,40
20230209,61,516.69,499.16,523.75,477.41,504.25,219,45
20230209,62,38.01,36.63,38.96,35.96,37.39,160,57
20230209,63,1570.92,1615.36,1620.33,1503.94,1577.64,287,46
20230209,64,5266.02,5065.4,5278.45,4827.11,5109.24,249,58
20230209,65,6.53,6.27,6.78,6.14,6.43,211,61
20230209,66,6115.84,6298.53,6459.48,5915.81,6197.42,179,62
20230209,67,85.12,85.38,87.27,84.74,85.63,143,39
20230209,68,108.9,111.44,113.12,108.35,110.45,251,47
20230209,69,10716.19,10783.42,11025.04,10462.52,10746.79,254,52
20230209,70,2.54,2.69,2.9,2.49,2.65,274,61
20230209,71,4925.22,4835.78,5180.24,4739.43,4920.17,279,54
20230209,72,10429.25,10962.16,11085.46,10381.21,10714.52,138,46
20230209,73,26.1,26.39,27.21,24.4,26.03,216,49
20230209,74,3.87,4.08,4.17,3.86,4.0,172,51
20230209,75,4863.08,5332.4,5461.56,4534.52,5047.89,301,67
20230209,76,19.37,19.26,19.69,18.81,19.28,310,48
20230209,77,18093.2,17436.98,18230.33,17346.71,17776.8,319,56
20230209,78,8.13,7.64,8.17,7.37,7.83,196,68
20230209,79,156.17,144.21,158.5,137.15,149.01,179,76
20230209,80,99.15,129.61,131.54,98.67,114.74,115,33
20230209,81,17.2,17.36,17.38,16.85,17.2,162,82
20230209,82,136.69,165.91,170.11,134.03,151.69,193,56
20230209,83,29.72,28.47,31.03,26.7,28.98,216,56
20230209,84,10.96,11.53,11.99,10.92,11.35,194,58
20230209,85,87.33,90.4,92.63,86.15,89.12,199,50
20230209,86,20406.09,19872.25,20665.3,19751.16,20173.7,199,60
20230209,87,576.22,572.17,617.52,571.05,584.24,141,45
20230209,88,35.03,36.37,37.21,34.58,35.8,212,39
20230209,89,20.76,20.2,21.29,19.34,20.4,182,55
20230209,90,44.51,43.5,45.61,43.44,44.26,174,54
20230209,91,2660.33,2692.65,2734.32,2547.97,2658.82,107,17
20230209,92,20.21,20.98,21.16,19.97,20.58,278,63
20230209,93,68.71,72.97,74.49,68.47,71.16,281,65
20230209,94,973.12,944.09,974.82,933.3,956.33,113,35
20230209,95,396.52,412.88,414.99,392.57,404.24,172,33
20230209,96,500.14,511.26,535.08,492.03,509.63,143,44
20230209,97,31.23,30.05,32.59,29.24,30.78,194,53
20230209,98,1790.42,1818.83,1843.25,1690.56,1785.76,292,53
20230209,99,47.91,46.12,49.69,43.55,46.82,127,31
20230209,100,44.53,46.22,46.92,44.42,45.52,320,65
20230209,101,19.05,20.08,20.36,18.74,19.56,205,69
20230209,102,12.92,12.77,13.23,12.42,12.84,166,48
20230209,103,1293.82,1271.64,1324.0,1189.37,1269.71,119,37
20230209,104,630.55,650.62,669.64,623.73,643.64,154,39
20230209,105,7611.37,7913.94,8379.09,7500.97,7851.34,328,54
20230209,106,155.13,148.31,157.53,145.89,151.71,289,42
20230209,107,122.97,124.43,126.09,118.53,123.01,138,24
20230209,108,338.1,340.9,342.66,333.64,338.83,143,34
20230209,109,626.73,623.57,658.81,614.56,630.92,166,44
20230209,110,874.04,894.05,915.88,839.01,880.74,180,50
20230209,111,1.95,2.49,2.61,1.89,2.24,208,59
20230209,112,14653.92,14403.52,14718.2,13769.87,14386.38,300,63
20230209,113,7.47,7.5,7.86,7.33,7.54,202,52
20230209,114,996.58,949.46,1005.88,912.78,966.17,261,59
20230209,115,3697.91,3439.83,3745.4,3353.08,3559.06,237,55
20230209,116,879.13,934.98,935.62,869.61,904.84,144,27
20230209,117,6.13,6.0,6.36,5.81,6.07,207,63
20230209,118,19.22,20.29,20.39,18.89,19.7,229,82
20230209,119,80.64,84.93,85.46,76.81,81.96,171,56
20230209,120,501.18,497.2,510.75,491.21,500.09,286,55
20230209,121,1982.61,2224.41,2283.12,1982.5,2118.16,310,60
20230209,122,11791.49,12451.26,12577.02,10958.63,11944.6,248,59
20230209,123,3.02,3.05,3.11,2.98,3.04,325,41
20230209,124,22.15,20.18,23.13,19.81,21.32,185,57
20230209,125,289.73,298.09,301.83,279.75,292.35,114,18
20230209,126,74415.7,76011.98,77591.65,72641.85,75165.29,218,51
20230209,127,180.43,184.02,195.28,180.25,185.0,167,25
20230209,128,263.9,258.15,269.49,245.83,259.34,101,31
20230209,129,13731.06,13075.83,13804.19,12443.01,13263.52,122,27
20230209,130,98.52,96.8,102.77,95.31,98.35,267,51
20230209,131,231.69,239.06,239.74,222.88,233.34,253,56
20230209,132,2733.75,2738.95,2863.71,2627.0,2740.85,267,47
20230209,133,66.35,66.36,67.57,65.48,66.44,177,46
20230209,134,1731.85,1628.52,1806.35,1528.56,1673.82,178,54
20230209,135,370.74,375.88,396.07,366.37,377.26,179,38
20230209,136,250.05,242.63,250.27,236.09,244.76,170,38
20230209,137,169.9,179.48,180.37,163.18,173.23,124,35
20230209,138,2.35,2.31,2.49,2.09,2.31,310,58
20230209,139,6751.16,6818.8,7006.29,6653.66,6807.48,279,61
20230209,140,187.68,202.82,206.63,187.0,196.03,237,60
20230209,141,29.13,29.28,31.06,28.93,29.6,196,55
20230209,142,63.21,62.7,64.15,62.35,63.1,200,70
20230209,143,9718.93,9745.63,10002.62,9613.57,9770.19,303,56
20230209,144,3.25,3.06,3.3,2.9,3.13,209,61
20230209,145,1077.88,1202.5,1248.85,1054.02,1145.81,264,55
20230209,146,24648.68,25573.68,25930.33,24082.53,25058.8,203,49
20230209,147,654.75,664.93,681.93,605.4,651.75,74,31
20230209,148,91.69,80.18,98.17,77.59,86.91,280,50
20230209,149,2.08,2.07,2.17,1.98,2.07,324,49
20230209,150,4.06,3.92,4.16,3.86,4.0,317,52
20230209,151,12.93,13.36,14.38,12.66,13.33,249,49
20230209,152,17.51,18.63,18.84,17.18,18.04,234,65
20230209,153,57856.71,59292.57,62826.11,57760.07,59433.86,229,40
20230209,154,1444.15,1370.65,1470.63,1367.08,1413.13,145,31
20230209,155,64.14,85.74,87.48,62.86,75.05,227,68
20230209,156,67.62,68.28,68.56,63.1,66.89,250,47
20230209,157,1846.86,1982.83,2057.58,1793.89,1920.29,240,58
20230209,158,33.2,33.68,33.74,32.08,33.17,227,48
20230209,159,13536.35,14398.26,14414.43,13198.98,13887.01,232,57
20230209,160,56.25,55.71,58.1,54.68,56.19,328,57
20230209,161,11.13,11.74,11.85,11.09,11.45,243,50
20230209,162,114.98,147.98,148.09,109.87,130.23,177,53
20230209,163,170.12,180.72,181.3,164.26,174.1,260,46
20230209,164,48.71,49.69,49.79,47.58,48.94,179,50
20230209,165,28.02,28.93,29.93,27.71,28.65,238,57
20230209,166,32.89,33.7,34.37,32.02,33.24,232,64
20230209,167,0.93,1.01,1.04,0.93,0.98,201,72
20230209,168,28.53,30.02,30.97,28.31,29.46,296,58
20230209,169,32.9,33.73,35.9,31.87,33.6,249,46
20230209,170,3036.27,2820.74,3171.42,2643.89,2918.08,37,10
20230209,171,41.6,44.33,45.53,38.85,42.58,297,69
20230209,172,37.13,35.28,37.4,33.65,35.86,278,44
20230209,173,23.18,23.8,24.92,22.54,23.61,170,42
20230209,174,96.76,95.32,97.17,89.57,94.71,129,35
20230209,175,6329.59,5945.22,6427.26,5943.46,6161.38,174,49
20230209,176,40.54,42.19,43.99,39.43,41.54,161,52
20230209,177,50.37,54.77,57.07,50.14,53.09,245,43
20230209,178,359.47,356.72,360.78,355.21,358.04,130,40
20230209,179,4.85,5.16,5.32,4.81,5.03,200,58
20230209,180,284.74,317.36,327.06,281.33,302.62,124,28
20230209,181,40590.62,42187.21,44326.07,39729.23,41708.28,304,66
20230209,182,19.27,19.21,19.61,18.37,19.12,139,43
20230209,183,27.72,27.75,28.58,26.66,27.68,309,66
20230209,184,9.55,9.89,10.02,9.45,9.73,303,62
20230209,185,1789.6,1926.07,1928.69,1743.15,1846.88,192,55
20230209,186,56492.69,59823.24,60095.71,56161.18,58143.21,200,50
20230209,187,1173.0,1057.93,1188.64,995.24,1103.7,221,77
20230209,188,413.12,404.85,416.03,404.21,409.55,193,64
20230209,189,4.02,4.1,4.18,3.92,4.05,228,54
20230209,190,4.36,4.29,4.4,4.19,4.31,195,73
20230209,191,21.05,23.93,25.42,20.57,22.74,143,51
20230209,192,1812.5,1789.43,1839.06,1721.1,1790.52,138,33
20230209,193,21.24,21.71,22.59,20.4,21.49,237,54
20230209,194,18.68,18.57,19.02,18.03,18.57,303,64
20230209,195,3394.68,3292.12,3540.08,3287.43,3378.58,213,72
20230209,196,69.13,70.76,74.3,66.58,70.19,105,30
20230209,197,272.04,276.71,279.23,262.02,272.5,298,75
20230209,198,294.16,301.52,312.03,293.76,300.37,215,64
20230209,199,1253.86,1331.95,1377.95,1216.31,1295.02,100,29
20230209,200,75.04,77.75,79.79,74.09,76.67,157,28
20230210,1,63.79,61.15,64.53,59.63,62.28,244,46
20230210,2,64.3,60.83,64.31,58.4,61.96,149,38
20230210,3,235.29,234.11,239.42,233.15,235.49,152,50
20230210,4,8019.89,8654.48,8986.62,7936.5,8399.37,94,31
20230210,5,55.39,53.1,55.9,51.5,53.97,189,41
20230210,6,13.77,13.98,14.25,13.54,13.89,287,69
20230210,7,455.64,452.82,462.37,452.08,455.73,253,56
20230210,8,3.23,3.39,3.39,3.22,3.31,221,57
20230210,9,9236.05,9457.97,9757.51,9119.91,9392.86,299,65
20230210,10,33.65,32.22,33.97,30.5,32.58,101,21
20230210,11,36.25,36.81,37.08,34.97,36.28,222,53
20230210,12,459.36,472.28,490.89,448.52,467.76,101,20
20230210,13,1.61,1.57,1.63,1.57,1.59,229,55
20230210,14,70.72,66.13,71.5,63.53,67.97,226,52
20230210,15,9167.19,9181.14,9202.69,8791.23,9085.56,236,57
20230210,16,1.29,1.33,1.4,1.22,1.31,203,50
20230210,17,4227.33,3923.55,4308.53,3781.78,4060.3,214,54
20230210,18,232.75,230.53,237.69,227.6,232.14,172,55
20230210,19,4047.55,3928.34,4115.46,3894.61,3996.49,222,53
20230210,20,415.29,382.64,447.66,382.35,406.98,98,17
20230210,21,21.62,21.06,21.71,20.96,21.34,224,67
20230210,22,2084.42,2190.63,2269.36,2045.1,2147.38,201,61
20230210,23,779.29,805.24,809.11,762.76,789.1,147,34
20230210,24,85.48,86.62,86.65,84.31,85.76,207,82
20230210,25,79.2,79.1,81.0,71.33,77.66,157,42
20230210,26,51.43,52.13,54.07,49.66,51.82,243,56
20230210,27,35.66,35.23,37.15,35.02,35.76,328,54
20230210,28,14163.13,13424.72,14391.4,12878.02,13714.32,249,47
20230210,29,75.56,71.21,75.56,70.79,73.28,160,59
20230210,30,1603.16,1533.16,1674.5,1519.25,1582.52,138,35
20230210,31,222.09,231.33,233.74,211.62,224.69,139,33
20230210,32,223.56,233.25,233.63,219.25,227.42,176,43
20230210,33,57.11,55.38,57.53,53.54,55.89,173,49
20230210,34,18.91,18.7,20.12,18.16,18.97,205,58
20230210,35,63.87,62.19,66.31,61.13,63.38,264,64
20230210,36,91.83,90.23,93.7,88.54,91.07,143,29
20230210,37,12.3,11.96,13.17,11.92,12.34,264,69
20230210,38,188.65,196.49,202.39,184.48,193.0,159,43
20230210,39,103.28,102.36,104.22,101.03,102.72,222,59
20230210,40,35.95,35.12,37.02,34.3,35.6,151,37
20230210,41,10107.55,10030.87,10130.54,9623.08,9973.01,35,9
20230210,42,4638.49,4490.17,4827.37,4376.18,4583.05,287,61
20230210,43,4467.18,4412.71,4470.71,4333.3,4420.98,227,56
20230210,44,71.63,73.66,75.64,69.79,72.68,163,48
20230210,45,56.92,61.6,63.86,56.25,59.66,281,62
20230210,46,565.97,526.4,580.69,512.99,546.51,163,52
20230210,47,105.93,98.17,107.18,94.71,101.5,227,66
20230210,48,422.62,422.93,441.93,421.68,427.29,206,64
20230210,49,77.88,81.91,82.88,76.97,79.91,170,58
20230210,50,941.17,956.54,984.18,939.05,955.23,157,59
20230210,51,548.54,556.13,566.79,507.36,544.7,261,59
20230210,52,62.68,58.98,64.25,58.64,61.14,174,38
20230210,53,2159.4,2109.62,2179.5,1996.81,2111.33,175,40
20230210,54,16.09,14.44,16.34,14.42,15.32,139,30
20230210,55,14.47,14.32,14.52,13.96,14.32,253,48
20230210,56,171.17,155.08,173.68,151.02,162.74,185,57
20230210,57,56.68,58.87,61.35,56.62,58.38,163,49
20230210,58,2.18,2.27,2.33,2.18,2.24,222,59
20230210,59,27078.38,26854.41,27377.67,26806.4,27029.22,303,76
20230210,60,2138.32,1989.91,2177.97,1954.2,2065.1,179,46
20230210,61,499.16,509.27,516.7,482.73,501.96,198,38
20230210,62,36.63,38.91,40.18,34.25,37.49,185,52
20230210,63,1615.36,1609.85,1626.77,1569.31,1605.32,276,69
20230210,64,5065.4,5366.45,5422.43,4866.79,5180.27,255,64
20230210,65,6.27,6.16,6.48,6.08,6.25,222,55
20230210,66,6298.53,6083.98,6401.07,5827.17,6152.69,180,50
20230210,67,85.38,83.5,86.25,82.85,84.49,129,44
20230210,68,111.44,101.6,114.17,100.49,106.92,260,53
20230210,69,10783.42,11904.69,12017.47,10488.28,11298.46,260,40
20230210,70,2.69,2.68,2.8,2.54,2.68,300,58
20230210,71,4835.78,5024.84,5091.96,4792.92,4936.37,310,43
20230210,72,10962.16,10709.84,11394.41,10629.7,10924.03,134,52
20230210,73,26.39,24.41,26.71,23.82,25.33,214,43
20230210,74,4.08,4.33,4.51,3.98,4.23,176,59
20230210,75,5332.4,5088.37,5545.84,5087.82,5263.61,298,57
20230210,76,19.26,19.45,19.5,19.2,19.35,304,52
20230210,77,17436.98,17280.35,17818.04,16833.07,17342.11,276,67
20230210,78,7.64,7.63,7.76,7.25,7.57,224,61
20230210,79,144.21,138.61,149.33,134.65,141.7,200,60
20230210,80,129.61,128.58,133.54,125.93,129.42,104,29
20230210,81,17.36,16.57,18.31,16.51,17.19,184,65
20230210,82,165.91,167.98,175.51,160.29,167.42,223,66
20230210,83,28.47,28.43,29.36,28.35,28.66,220,60
20230210,84,11.53,11.19,11.62,10.98,11.33,222,45
20230210,85,90.4,86.66,93.83,86.31,89.3,205,39
20230210,86,19872.25,22131.29,23348.84,19410.42,21190.7,211,50
20230210,87,572.17,537.97,576.04,521.64,551.96,132,43
20230210,88,36.37,33.89,36.82,33.6,35.17,204,39
20230210,89,20.2,19.79,20.6,19.13,19.93,197,57
20230210,90,43.5,42.8,43.58,41.76,42.91,149,43
20230210,91,2692.65,2843.23,2845.13,2602.77,2745.95,109,28
20230210,92,20.98,20.96,21.05,20.19,20.8,278,50
20230210,93,72.97,72.04,76.39,71.69,73.27,318,67
20230210,94,944.09,949.51,954.49,891.1,934.8,84,20
20230210,95,412.88,419.31,430.18,403.51,416.47,221,33
20230210,96,511.26,556.58,567.08,496.69,532.9,174,51
20230210,97,30.05,30.06,30.86,29.44,30.1,154,38
20230210,98,1818.83,1774.9,1874.2,1766.87,1808.7,299,53
20230210,99,46.12,46.59,47.58,44.9,46.3,118,54
20230210,100,46.22,40.74,46.68,40.46,43.53,278,48
20230210,101,20.08,19.49,20.79,18.92,19.82,200,62
20230210,102,12.77,13.17,13.25,12.47,12.92,181,56
20230210,103,1271.64,1293.79,1382.84,1229.03,1294.33,100,33
20230210,104,650.62,639.98,658.27,634.15,645.76,136,40
20230210,105,7913.94,7885.7,8001.23,7875.49,7919.09,300,61
20230210,106,148.31,152.62,154.68,142.33,149.48,303,56
20230210,107,124.43,131.48,133.61,117.8,126.83,147,27
20230210,108,340.9,343.93,345.38,340.73,342.74,153,28
20230210,109,623.57,620.78,631.97,598.69,618.75,202,51
20230210,110,894.05,798.3,904.85,797.13,848.58,172,49
20230210,111,2.49,2.57,2.57,2.36,2.5,233,67
20230210,112,14403.52,14529.37,15380.21,14247.49,14640.15,303,46
20230210,113,7.5,7.47,7.51,7.28,7.44,186,62
20230210,114,949.46,923.52,955.8,848.66,919.36,303,63
20230210,115,3439.83,3617.16,3728.87,3429.73,3553.9,194,56
20230210,116,934.98,918.44,974.0,900.29,931.93,136,45
20230210,117,6.0,5.96,6.3,5.92,6.05,217,58
20230210,118,20.29,19.49,20.89,18.64,19.83,191,63
20230210,119,84.93,83.12,87.97,81.87,84.47,179,65
20230210,120,497.2,471.21,518.93,459.44,486.7,312,76
20230210,121,2224.41,2239.01,2274.33,2173.69,2227.86,273,59
20230210,122,12451.26,11965.04,12611.77,11783.29,12202.84,251,40
20230210,123,3.05,3.0,3.06,2.87,3.0,277,71
20230210,124,20.18,21.41,21.8,19.29,20.67,163,40
20230210,125,298.09,281.39,307.02,268.05,288.64,121,40
20230210,126,76011.98,78622.96,78880.59,73281.27,76699.2,224,64
20230210,127,184.02,181.59,185.75,175.69,181.76,134,28
20230210,128,258.15,235.74,267.06,222.59,245.89,94,25
20230210,129,13075.83,13602.47,14028.91,12798.55,13376.44,159,45
20230210,130,96.8,96.36,97.17,96.08,96.6,281,45
20230210,131,239.06,238.38,239.85,236.64,238.48,255,52
20230210,132,2738.95,2847.02,2912.27,2723.05,2805.32,277,53
20230210,133,66.36,70.44,70.61,66.22,68.41,185,52
20230210,134,1628.52,1621.15,1660.12,1560.06,1617.46,190,55
20230210,135,375.88,381.25,396.2,369.14,380.62,122,34
20230210,136,242.63,247.11,247.87,237.68,243.82,174,58
20230210,137,179.48,175.04,185.39,171.29,177.8,138,34
20230210,138,2.31,2.15,2.43,2.13,2.25,292,51
20230210,139,6818.8,6891.6,6958.33,6653.32,6830.51,301,68
20230210,140,202.82,206.92,210.62,199.02,204.84,243,48
20230210,141,29.28,29.93,30.06,29.2,29.61,168,48
20230210,142,62.7,59.44,63.72,58.72,61.14,230,74
20230210,143,9745.63,9785.69,9830.87,9670.54,9758.18,276,57
20230210,144,3.06,3.03,3.13,3.01,3.06,211,60
20230210,145,1202.5,1100.07,1246.17,1053.75,1150.62,235,54
20230210,146,25573.68,25955.46,26500.9,25476.34,25876.6,212,42
20230210,147,664.93,627.1,671.28,609.89,643.3,75,20
20230210,148,80.18,88.08,88.77,75.94,83.24,305,67
20230210,149,2.07,2.14,2.15,2.04,2.1,298,68
20230210,150,3.92,3.9,3.93,3.84,3.9,343,64
20230210,151,13.36,13.21,14.03,12.03,13.16,267,34
20230210,152,18.63,20.26,20.47,18.08,19.36,212,62
20230210,153,59292.57,60868.93,62590.35,57897.47,60162.33,243,51
20230210,154,1370.65,1358.96,1388.55,1342.34,1365.12,135,25
20230210,155,85.74,91.52,94.66,85.26,89.29,207,61
20230210,156,68.28,68.61,72.5,63.01,68.1,238,48
20230210,157,1982.83,1978.17,2051.96,1940.43,1988.34,209,50
20230210,158,33.68,31.94,33.8,31.7,32.78,204,62
20230210,159,14398.26,13378.79,14948.54,12639.76,13841.34,209,60
20230210,160,55.71,54.6,57.37,53.42,55.27,294,60
20230210,161,11.74,11.48,12.14,11.43,11.7,258,65
20230210,162,147.98,146.9,151.52,146.82,148.31,174,56
20230210,163,180.72,167.58,185.81,163.11,174.31,236,58
20230210,164,49.69,50.6,54.52,48.53,50.83,160,52
20230210,165,28.93,28.08,29.07,27.14,28.3,246,52
20230210,166,33.7,33.83,34.64,32.91,33.77,201,60
20230210,167,1.01,1.04,1.05,1.0,1.02,205,50
20230210,168,30.02,29.11,31.16,28.33,29.65,300,60
20230210,169,33.73,32.25,34.58,32.06,33.15,223,64
20230210,170,2820.74,2971.23,3000.55,2787.79,2895.08,29,14
20230210,171,44.33,45.91,46.97,42.97,45.05,313,55
20230210,172,35.28,35.38,35.57,33.79,35.01,232,52
20230210,173,23.8,25.33,25.81,22.94,24.47,118,49
20230210,174,95.32,93.22,95.55,91.59,93.92,133,35
20230210,175,5945.22,5693.41,5987.45,5552.85,5794.73,170,60
20230210,176,42.19,40.25,43.38,40.09,41.48,182,48
20230210,177,54.77,53.21,55.9,51.74,53.9,269,55
20230210,178,356.72,363.14,376.82,352.85,362.38,140,44
20230210,179,5.16,5.46,5.55,4.96,5.28,202,58
20230210,180,317.36,311.87,320.13,311.19,315.14,142,29
20230210,181,42187.21,43372.57,48053.73,41201.63,43703.79,280,61
20230210,182,19.21,19.14,19.49,18.32,19.04,114,39
20230210,183,27.75,26.32,28.57,25.66,27.07,327,69
20230210,184,9.89,9.29,10.13,9.16,9.62,291,56
20230210,185,1926.07,1862.43,1953.82,1838.39,1895.17,214,57
20230210,186,59823.24,55801.7,60199.64,54795.8,57655.09,215,52
20230210,187,1057.93,1178.8,1253.69,1026.17,1129.15,207,63
20230210,188,404.85,412.24,436.4,400.96,413.61,205,59
20230210,189,4.1,4.09,4.13,4.07,4.1,220,64
20230210,190,4.29,4.68,4.71,4.26,4.49,225,55
20230210,191,23.93,23.03,24.38,21.63,23.24,147,37
20230210,192,1789.43,1779.78,1805.3,1731.36,1776.47,123,31
20230210,193,21.71,23.54,23.66,21.55,22.62,281,48
20230210,194,18.57,18.41,19.15,17.83,18.49,274,60
20230210,195,3292.12,3612.88,3796.49,3279.17,3495.17,205,72
20230210,196,70.76,73.08,74.92,69.22,71.99,112,25
20230210,197,276.71,285.99,290.42,264.41,279.38,300,63
20230210,198,301.52,328.69,330.08,297.47,314.44,222,56
20230210,199,1331.95,1305.52,1362.37,1294.56,1323.6,106,31
20230210,200,77.75,76.57,80.15,76.42,77.72,159,28
20230211,1,61.15,68.54,69.79,59.75,64.81,347,69
20230211,2,60.83,60.71,61.56,60.24,60.83,190,38
20230211,3,234.11,244.29,252.24,232.38,240.75,206,36
20230211,4,8654.48,9121.08,9552.3,8484.77,8953.15,158,30
20230211,5,53.1,63.32,63.38,52.25,58.01,263,39
20230211,6,13.98,15.76,15.88,13.6,14.8,414,61
20230211,7,452.82,544.61,563.98,446.51,501.98,361,46
20230211,8,3.39,3.24,3.49,3.14,3.32,289,81
20230211,9,9457.97,10186.87,10198.76,9055.47,9724.77,394,70
20230211,10,32.22,32.65,32.73,30.44,32.01,148,29
20230211,11,36.81,42.48,43.94,36.48,39.93,345,46
20230211,12,472.28,522.23,538.85,449.23,495.65,126,15
20230211,13,1.57,1.54,1.58,1.44,1.53,292,57
20230211,14,66.13,72.07,73.38,65.95,69.39,388,48
20230211,15,9181.14,8897.17,9505.27,8602.51,9046.52,273,62
20230211,16,1.33,1.32,1.35,1.29,1.32,303,69
20230211,17,3923.55,4401.2,4510.51,3865.7,4175.24,316,69
20230211,18,230.53,231.28,248.41,227.3,234.38,247,50
20230211,19,3928.34,4130.89,4204.57,3826.8,4022.65,298,63
20230211,20,382.64,389.84,393.1,364.71,382.57,135,29
20230211,21,21.06,21.47,22.27,20.74,21.39,303,61
20230211,22,2190.63,2170.98,2210.89,2134.3,2176.7,302,59
20230211,23,805.24,809.62,817.52,776.6,802.24,187,34
20230211,24,86.62,88.61,90.13,86.25,87.9,273,66
20230211,25,79.1,91.7,91.74,76.29,84.71,201,31
20230211,26,52.13,59.41,59.9,51.41,55.71,327,60
20230211,27,35.23,37.04,37.88,34.77,36.23,409,68
20230211,28,13424.72,15681.44,15795.69,13126.35,14507.05,349,49
20230211,29,71.21,73.95,75.37,70.15,72.67,234,51
20230211,30,1533.16,1527.85,1559.65,1470.01,1522.67,194,38
20230211,31,231.33,236.72,238.89,219.42,231.59,193,45
20230211,32,233.25,245.54,258.21,229.79,241.7,224,54
20230211,33,55.38,58.55,59.64,53.89,56.86,243,45
20230211,34,18.7,19.53,19.9,18.36,19.12,309,65
20230211,35,62.19,67.01,71.54,60.44,65.3,361,65
20230211,36,90.23,107.21,107.27,89.04,98.44,164,28
20230211,37,11.96,12.44,12.51,11.79,12.17,351,44
20230211,38,196.49,203.93,206.85,195.73,200.75,265,52
20230211,39,102.36,107.09,110.36,101.01,105.2,312,60
20230211,40,35.12,36.08,37.12,34.19,35.63,202,31
20230211,41,10030.87,9966.42,10126.8,9887.3,10002.85,52,9
20230211,42,4490.17,5490.71,5496.14,4474.31,4987.83,413,49
20230211,43,4412.71,4488.42,4601.89,4363.72,4466.69,295,62
20230211,44,73.66,71.72,73.82,70.74,72.48,250,48
20230211,45,61.6,66.51,69.08,59.72,64.23,435,63
20230211,46,526.4,535.03,559.13,523.22,535.95,230,53
20230211,47,98.17,95.16,99.04,92.25,96.15,287,66
20230211,48,422.93,464.2,465.87,420.66,443.41,305,58
20230211,49,81.91,88.31,94.86,80.0,86.27,268,55
20230211,50,956.54,1068.64,1072.49,904.89,1000.64,228,48
20230211,51,556.13,647.46,648.36,546.49,599.61,367,61
20230211,52,58.98,61.23,61.97,57.45,59.91,242,58
20230211,53,2109.62,2126.68,2166.16,2040.78,2110.81,246,50
20230211,54,14.44,13.31,14.57,13.1,13.85,185,40
20230211,55,14.32,15.78,16.08,13.84,15.0,355,55
20230211,56,155.08,175.92,181.26,149.48,165.44,231,43
20230211,57,58.87,57.87,59.58,56.02,58.08,218,47
20230211,58,2.27,2.27,2.33,2.2,2.27,315,50
20230211,59,26854.41,28999.9,29201.01,26246.37,27825.42,413,56
20230211,60,1989.91,2120.73,2129.73,1889.63,2032.5,244,47
20230211,61,509.27,601.55,610.6,493.11,553.63,231,39
20230211,62,38.91,37.28,40.6,36.88,38.42,239,53
20230211,63,1609.85,1670.24,1728.33,1562.07,1642.62,431,47
20230211,64,5366.45,6349.58,6393.31,5297.57,5851.73,321,51
20230211,65,6.16,6.65,6.85,6.14,6.45,297,53
20230211,66,6083.98,6328.84,6334.5,6069.85,6204.29,262,54
20230211,67,83.5,90.51,90.87,80.92,86.45,196,38
20230211,68,101.6,108.34,108.54,97.68,104.04,352,49
20230211,69,11904.69,13609.88,13772.39,11437.57,12681.13,380,52
20230211,70,2.68,2.97,3.06,2.53,2.81,438,56
20230211,71,5024.84,5740.66,5746.67,4774.53,5321.67,376,72
20230211,72,10709.84,10043.4,10822.57,9799.76,10343.89,199,38
20230211,73,24.41,26.94,27.15,24.22,25.68,360,47
20230211,74,4.33,4.58,4.59,4.33,4.46,240,57
20230211,75,5088.37,5806.65,5818.73,5019.75,5433.38,449,69
20230211,76,19.45,22.65,22.7,18.95,20.94,460,63
20230211,77,17280.35,19445.3,19677.0,16763.11,18291.44,380,63
20230211,78,7.63,7.6,7.71,7.14,7.52,297,61
20230211,79,138.61,148.77,151.97,132.67,143.01,292,76
20230211,80,128.58,129.21,133.42,122.58,128.45,136,38
20230211,81,16.57,17.27,17.73,15.98,16.89,262,43
20230211,82,167.98,175.03,178.59,167.01,172.15,282,59
20230211,83,28.43,27.91,29.53,27.68,28.39,276,83
20230211,84,11.19,11.62,12.21,11.06,11.52,296,53
20230211,85,86.66,93.43,94.84,84.82,89.94,277,33
20230211,86,22131.29,22417.0,23273.94,22072.82,22473.76,290,62
20230211,87,537.97,577.58,587.24,536.6,559.85,206,38
20230211,88,33.89,37.24,37.78,32.29,35.3,270,47
20230211,89,19.79,19.54,20.81,18.5,19.66,271,58
20230211,90,42.8,46.21,46.48,42.61,44.52,222,43
20230211,91,2843.23,2960.12,3102.86,2770.31,2919.13,141,35
20230211,92,20.96,21.56,21.62,20.86,21.25,418,60
20230211,93,72.04,81.83,83.8,70.37,77.01,416,58
20230211,94,949.51,953.82,1019.08,938.55,965.24,148,34
20230211,95,419.31,442.47,462.13,410.05,433.49,273,43
20230211,96,556.58,515.26,577.55,502.07,537.86,255,45
20230211,97,30.06,31.99,32.33,29.67,31.01,248,49
20230211,98,1774.9,1959.02,1966.6,1767.62,1867.04,435,50
20230211,99,46.59,45.98,47.25,44.54,46.09,184,34
20230211,100,40.74,46.15,46.79,40.58,43.56,430,59
20230211,101,19.49,20.24,20.69,19.15,19.89,302,52
20230211,102,13.17,13.03,13.32,12.42,12.99,241,55
20230211,103,1293.79,1377.0,1390.16,1277.28,1334.56,130,42
20230211,104,639.98,692.31,720.92,626.69,669.98,230,28
20230211,105,7885.7,8868.49,8931.23,7477.87,8290.82,426,55
20230211,106,152.62,173.58,179.07,149.81,163.77,443,55
20230211,107,131.48,146.88,152.02,128.52,139.72,219,34
20230211,108,343.93,374.25,377.51,342.45,359.54,212,33
20230211,109,620.78,652.3,660.29,619.75,638.28,259,51
20230211,110,798.3,848.08,857.57,776.44,820.1,211,46
20230211,111,2.57,2.55,2.6,2.54,2.56,303,67
20230211,112,14529.37,15564.16,16230.93,14361.86,15171.58,408,57
20230211,113,7.47,7.25,7.64,7.02,7.34,285,57
20230211,114,923.52,1059.86,1068.92,913.78,991.52,438,96
20230211,115,3617.16,3776.01,3842.47,3471.88,3676.88,272,52
20230211,116,918.44,924.33,928.1,882.71,913.4,206,41
20230211,117,5.96,6.37,6.52,5.87,6.18,297,55
20230211,118,19.49,18.77,19.67,18.46,19.09,301,56
20230211,119,83.12,81.01,88.39,80.88,83.35,215,54
20230211,120,471.21,548.72,573.26,460.05,513.31,442,57
20230211,121,2239.01,2532.13,2541.0,2180.07,2373.05,441,57
20230211,122,11965.04,12958.74,13047.38,11850.62,12455.45,387,45
20230211,123,3.0,3.52,3.54,2.91,3.24,419,65
20230211,124,21.41,21.75,22.14,20.83,21.53,260,64
20230211,125,281.39,286.45,287.52,269.28,281.16,162,40
20230211,126,78622.96,81463.36,83143.65,74891.71,79530.42,312,61
20230211,127,181.59,203.04,211.26,176.62,193.13,200,37
20230211,128,235.74,243.67,248.37,232.29,240.02,150,36
20230211,129,13602.47,13949.45,14340.13,13399.89,13822.99,178,53
20230211,130,96.36,101.63,103.38,95.41,99.19,404,56
20230211,131,238.38,264.04,265.07,228.56,249.01,354,59
20230211,132,2847.02,3221.6,3272.88,2795.88,3034.35,348,46
20230211,133,70.44,74.17,77.06,70.22,72.98,252,50
20230211,134,1621.15,1615.77,1623.98,1565.83,1606.68,320,70
20230211,135,381.25,433.93,434.23,364.84,403.56,175,22
20230211,136,247.11,242.98,262.92,239.33,248.09,260,56
20230211,137,175.04,177.26,178.89,165.68,174.21,203,35
20230211,138,2.15,2.41,2.49,2.1,2.29,437,61
20230211,139,6891.6,7377.25,7570.45,6602.83,7110.53,393,50
20230211,140,206.92,219.22,221.86,198.8,211.7,340,32
20230211,141,29.93,31.19,31.81,29.53,30.61,241,43
20230211,142,59.44,57.04,61.41,54.7,58.15,323,65
20230211,143,9785.69,10284.64,10358.26,9342.96,9942.89,447,72
20230211,144,3.03,2.94,3.04,2.82,2.96,285,47
20230211,145,1100.07,1399.6,1451.84,1064.65,1254.04,363,44
20230211,146,25955.46,26400.12,26470.19,25618.0,26110.94,272,55
20230211,147,627.1,643.29,646.21,626.91,635.88,94,17
20230211,148,88.08,99.95,100.14,83.1,92.82,446,61
20230211,149,2.14,2.39,2.42,2.12,2.27,448,68
20230211,150,3.9,4.6,4.84,3.86,4.3,412,59
20230211,151,13.21,13.49,13.94,13.03,13.42,358,53
20230211,152,20.26,21.51,21.82,19.56,20.79,300,55
20230211,153,60868.93,69550.99,72318.1,58838.32,65394.08,337,57
20230211,154,1358.96,1484.16,1589.59,1314.68,1436.85,219,45
20230211,155,91.52,91.85,91.87,88.55,90.95,275,74
20230211,156,68.61,68.02,68.7,66.61,67.99,323,49
20230211,157,1978.17,1910.5,2123.17,1890.7,1975.63,266,49
20230211,158,31.94,33.55,34.46,31.15,32.78,311,80
20230211,159,13378.79,15033.76,15236.56,12804.81,14113.48,302,63
20230211,160,54.6,62.51,63.04,52.1,58.06,433,63
20230211,161,11.48,12.45,12.91,10.94,11.94,362,34
20230211,162,146.9,158.2,167.6,141.14,153.46,238,36
20230211,163,167.58,192.06,200.82,166.53,181.75,368,55
20230211,164,50.6,51.05,51.51,50.51,50.92,237,45
20230211,165,28.08,35.07,36.11,26.81,31.52,381,71
20230211,166,33.83,32.89,33.88,32.09,33.17,273,67
20230211,167,1.04,1.0,1.06,0.99,1.02,289,70
20230211,168,29.11,31.69,32.93,28.97,30.68,386,58
20230211,169,32.25,35.37,37.78,31.55,34.24,395,60
20230211,170,2971.23,2988.68,3102.51,2904.59,2991.75,43,8
20230211,171,45.91,52.59,53.86,43.6,48.99,370,66
20230211,172,35.38,39.47,40.23,33.83,37.23,359,48
20230211,173,25.33,26.07,26.42,24.38,25.55,156,32
20230211,174,93.22,94.52,95.25,91.08,93.51,200,33
20230211,175,5693.41,5311.89,5698.31,5199.88,5475.87,252,58
20230211,176,40.25,39.32,41.68,38.15,39.85,245,54
20230211,177,53.21,57.03,59.2,52.53,55.49,315,53
20230211,178,363.14,359.09,363.59,354.03,359.96,186,46
20230211,179,5.46,5.56,5.65,5.36,5.5,282,66
20230211,180,311.87,358.39,358.44,304.94,333.41,200,24
20230211,181,43372.57,46974.19,47741.37,43051.9,45285.01,390,59
20230211,182,19.14,18.93,20.08,18.41,19.14,229,46
20230211,183,26.32,27.99,28.01,25.83,27.04,388,68
20230211,184,9.29,11.13,11.74,8.88,10.26,397,57
20230211,185,1862.43,2031.01,2055.76,1824.66,1943.46,342,60
20230211,186,55801.7,58860.53,60078.07,54348.79,57272.27,308,66
20230211,187,1178.8,1148.05,1216.04,1083.62,1156.63,309,71
20230211,188,412.24,432.34,441.68,393.56,419.96,314,47
20230211,189,4.09,4.33,4.43,4.07,4.23,312,69
20230211,190,4.68,4.86,5.02,4.54,4.78,323,63
20230211,191,23.03,23.88,24.15,22.09,23.29,181,30
20230211,192,1779.78,1978.03,1995.93,1695.19,1862.23,201,38
20230211,193,23.54,25.36,25.46,23.15,24.38,365,53
20230211,194,18.41,19.77,20.45,17.95,19.14,402,79
20230211,195,3612.88,3865.54,3911.12,3410.02,3699.89,308,57
20230211,196,73.08,78.14,81.39,71.97,76.15,157,31
20230211,197,285.99,307.88,327.2,269.79,297.71,397,65
20230211,198,328.69,350.49,359.27,325.33,340.95,320,70
20230211,199,1305.52,1349.01,1371.29,1303.77,1332.4,159,35
20230211,200,76.57,95.49,98.75,76.09,86.72,183,32
20230212,1,68.54,72.8,74.88,67.15,70.84,348,56
20230212,2,60.71,67.97,70.05,60.46,64.8,209,34
20230212,3,244.29,252.88,258.95,235.73,247.96,190,26
20230212,4,9121.08,9303.21,9601.58,8984.34,9252.55,149,32
20230212,5,63.32,67.39,68.71,61.12,65.14,267,24
20230212,6,15.76,16.34,16.71,15.58,16.1,391,52
20230212,7,544.61,532.81,552.3,525.88,538.9,364,54
20230212,8,3.24,3.35,3.45,3.23,3.32,307,54
20230212,9,10186.87,10929.7,11004.97,10050.9,10543.11,432,60
20230212,10,32.65,30.64,33.01,29.75,31.51,149,28
20230212,11,42.48,41.41,43.4,40.83,42.03,323,35
20230212,12,522.23,540.18,553.69,507.96,531.01,140,18
20230212,13,1.54,1.46,1.57,1.44,1.5,292,63
20230212,14,72.07,68.73,74.21,66.84,70.46,338,63
20230212,15,8897.17,9292.52,9526.52,8799.4,9128.9,319,56
20230212,16,1.32,1.44,1.5,1.31,1.39,313,60
20230212,17,4401.2,4547.38,4761.25,4303.26,4503.27,325,52
20230212,18,231.28,257.12,261.15,231.13,245.17,250,47
20230212,19,4130.89,4441.34,4521.16,4068.94,4290.58,318,56
20230212,20,389.84,390.19,398.13,380.0,389.54,149,40
20230212,21,21.47,20.82,22.29,19.72,21.07,299,67
20230212,22,2170.98,2273.23,2330.18,2161.73,2234.03,282,68
20230212,23,809.62,840.8,854.7,791.41,824.13,208,35
20230212,24,88.61,91.26,92.1,83.35,88.83,302,54
20230212,25,91.7,93.34,95.22,89.63,92.47,195,36
20230212,26,59.41,61.19,64.15,57.96,60.68,340,52
20230212,27,37.04,39.6,40.99,36.31,38.48,389,62
20230212,28,15681.44,16064.46,16271.83,15671.39,15922.28,368,54
20230212,29,73.95,81.25,82.77,71.57,77.39,269,49
20230212,30,1527.85,1570.44,1621.85,1474.43,1548.64,208,45
20230212,31,236.72,238.14,254.73,234.38,240.99,203,55
20230212,32,245.54,245.03,250.18,242.43,245.8,231,46
20230212,33,58.55,62.45,62.72,57.17,60.22,264,49
20230212,34,19.53,19.04,19.75,18.31,19.16,271,65
20230212,35,67.01,68.02,70.14,63.89,67.27,333,53
20230212,36,107.21,101.34,108.01,98.02,103.65,208,47
20230212,37,12.44,13.24,13.6,12.08,12.84,312,51
20230212,38,203.93,214.35,216.91,201.89,209.27,234,42
20230212,39,107.09,112.91,120.51,102.58,110.77,294,59
20230212,40,36.08,36.97,39.4,34.59,36.76,172,47
20230212,41,9966.42,10465.19,10583.51,9384.82,10099.98,43,14
20230212,42,5490.71,5851.36,5853.21,5424.08,5654.84,400,49
20230212,43,4488.42,4656.82,4663.35,4480.18,4572.19,303,72
20230212,44,71.72,74.96,75.61,70.92,73.3,247,44
20230212,45,66.51,67.19,67.31,62.93,65.98,412,56
20230212,46,535.03,534.04,538.55,502.69,527.58,247,48
20230212,47,95.16,103.66,104.93,95.13,99.72,336,68
20230212,48,464.2,467.44,491.97,453.21,469.21,324,59
20230212,49,88.31,84.48,95.64,83.86,88.07,238,41
20230212,50,1068.64,1072.15,1131.56,1008.76,1070.28,252,70
20230212,51,647.46,655.52,705.86,646.72,663.89,378,54
20230212,52,61.23,69.14,72.78,60.65,65.95,247,50
20230212,53,2126.68,2212.79,2215.97,2125.34,2170.19,259,61
20230212,54,13.31,15.46,16.09,13.0,14.46,206,34
20230212,55,15.78,15.66,16.21,15.59,15.81,350,54
20230212,56,175.92,183.49,192.71,171.5,180.91,240,56
20230212,57,57.87,63.79,64.5,56.34,60.63,260,49
20230212,58,2.27,2.37,2.51,2.24,2.35,278,50
20230212,59,28999.9,30250.87,31434.85,27623.33,29577.24,450,58
20230212,60,2120.73,2376.12,2421.42,2091.62,2252.47,209,55
20230212,61,601.55,614.76,641.8,595.66,613.44,274,45
20230212,62,37.28,40.36,42.22,35.6,38.86,222,49
20230212,63,1670.24,1773.55,1838.24,1634.41,1729.11,443,65
20230212,64,6349.58,6261.02,6352.72,5992.8,6239.03,357,46
20230212,65,6.65,6.93,7.21,6.46,6.81,285,55
20230212,66,6328.84,6150.72,6634.83,6101.63,6304.0,289,54
20230212,67,90.51,95.53,97.61,85.52,92.29,218,32
20230212,68,108.34,113.35,114.73,107.52,110.98,361,47
20230212,69,13609.88,14425.36,15668.24,13068.64,14193.03,330,54
20230212,70,2.97,3.02,3.07,2.88,2.98,445,88
20230212,71,5740.66,5468.71,5856.97,5422.31,5622.16,451,54
20230212,72,10043.4,11717.9,11876.74,9976.62,10903.66,193,34
20230212,73,26.94,27.73,28.12,26.77,27.39,345,47
20230212,74,4.58,4.47,4.7,4.33,4.52,268,50
20230212,75,5806.65,6290.22,6448.33,5800.12,6086.33,411,54
20230212,76,22.65,24.6,24.87,21.59,23.43,404,58
20230212,77,19445.3,19310.01,19763.36,19019.84,19384.63,441,55
20230212,78,7.6,7.81,7.88,7.55,7.71,310,65
20230212,79,148.77,153.32,155.74,147.78,151.4,301,60
20230212,80,129.21,128.64,136.54,127.11,130.37,136,33
20230212,81,17.27,17.26,17.58,17.12,17.31,249,49
20230212,82,175.03,186.04,191.55,173.04,181.42,311,50
20230212,83,27.91,28.08,28.09,27.56,27.91,301,63
20230212,84,11.62,11.66,11.96,11.59,11.71,300,60
20230212,85,93.43,93.51,98.1,89.49,93.63,283,44
20230212,86,22417.0,24098.49,24867.9,21207.12,23147.63,305,60
20230212,87,577.58,546.08,578.97,511.05,553.42,214,46
20230212,88,37.24,39.09,39.3,36.79,38.11,268,41
20230212,89,19.54,21.8,23.06,19.06,20.87,286,52
20230212,90,46.21,50.68,51.57,45.2,48.42,250,50
20230212,91,2960.12,3224.53,3361.5,2938.2,3121.09,126,28
20230212,92,21.56,22.83,22.85,21.14,22.09,413,52
20230212,93,81.83,86.47,86.82,79.78,83.73,418,52
20230212,94,953.82,1001.02,1005.04,890.8,962.67,156,22
20230212,95,442.47,471.96,481.41,431.88,456.93,276,45
20230212,96,515.26,571.04,585.65,494.35,541.58,226,63
20230212,97,31.99,32.02,32.21,31.13,31.84,264,54
20230212,98,1959.02,2089.78,2112.17,1954.62,2028.9,421,55
20230212,99,45.98,48.44,49.28,45.19,47.22,193,32
20230212,100,46.15,47.01,48.34,45.75,46.81,413,64
20230212,101,20.24,20.94,21.5,19.8,20.62,297,89
20230212,102,13.03,13.37,13.64,12.8,13.21,217,53
20230212,103,1377.0,1411.16,1430.32,1347.78,1391.57,147,28
20230212,104,692.31,712.92,736.41,690.41,708.01,205,43
20230212,105,8868.49,8973.16,9093.09,8678.64,8903.34,408,54
20230212,106,173.58,173.44,180.02,169.17,174.05,425,65
20230212,107,146.88,144.83,148.18,138.72,144.65,219,33
20230212,108,374.25,375.63,389.59,359.51,374.75,235,31
20230212,109,652.3,684.97,731.38,631.95,675.15,250,49
20230212,110,848.08,880.42,928.92,824.71,870.53,231,58
20230212,111,2.55,2.7,2.79,2.55,2.65,279,59
20230212,112,15564.16,16128.47,16266.18,15061.22,15755.01,410,64
20230212,113,7.25,7.8,8.07,7.1,7.55,312,58
20230212,114,1059.86,1067.39,1084.29,1038.1,1062.41,424,66
20230212,115,3776.01,3752.5,3784.59,3632.04,3736.28,300,69
20230212,116,924.33,1034.56,1073.05,905.11,984.26,187,38
20230212,117,6.37,6.77,7.16,6.31,6.66,297,65
20230212,118,18.77,18.63,19.01,18.26,18.67,283,92
20230212,119,81.01,82.75,83.7,80.96,82.1,238,38
20230212,120,548.72,576.1,576.75,529.94,557.88,415,56
20230212,121,2532.13,2444.73,2536.28,2396.21,2477.34,381,67
20230212,122,12958.74,14013.76,14255.37,12614.83,13460.67,340,58
20230212,123,3.52,3.61,3.66,3.42,3.55,390,55
20230212,124,21.75,24.33,24.75,21.53,23.09,248,42
20230212,125,286.45,276.89,286.67,271.62,280.41,148,24
20230212,126,81463.36,84079.85,85449.71,80535.25,82882.04,273,58
20230212,127,203.04,203.86,207.91,199.41,203.56,215,26
20230212,128,243.67,237.0,254.25,228.28,240.8,163,24
20230212,129,13949.45,14901.62,14910.67,13299.2,14265.24,186,45
20230212,130,101.63,96.53,106.5,94.81,99.87,360,62
20230212,131,264.04,263.92,275.06,260.8,265.96,384,51
20230212,132,3221.6,3402.07,3468.88,3087.48,3295.0,372,44
20230212,133,74.17,76.33,78.37,72.25,75.28,221,54
20230212,134,1615.77,1592.44,1646.53,1523.36,1594.53,271,52
20230212,135,433.93,450.74,462.98,432.23,444.97,214,25
20230212,136,242.98,249.55,251.26,241.98,246.44,248,57
20230212,137,177.26,185.76,200.23,174.86,184.53,188,43
20230212,138,2.41,2.62,2.66,2.33,2.51,405,49
20230212,139,7377.25,7302.37,7531.24,6979.99,7297.71,401,49
20230212,140,219.22,216.1,222.64,213.48,217.86,342,48
20230212,141,31.19,32.92,33.16,30.85,32.03,256,40
20230212,142,57.04,58.88,60.35,56.44,58.18,264,70
20230212,143,10284.64,10843.91,10940.27,10180.77,10562.4,429,70
20230212,144,2.94,3.06,3.1,2.79,2.97,290,70
20230212,145,1399.6,1494.04,1502.93,1392.12,1447.17,410,46
20230212,146,26400.12,27289.78,27353.99,25285.8,26582.42,311,61
20230212,147,643.29,647.69,667.93,638.7,649.4,113,25
20230212,148,99.95,100.77,106.22,95.2,100.54,423,61
20230212,149,2.39,2.41,2.41,2.34,2.39,402,55
20230212,150,4.6,4.84,4.95,4.49,4.72,416,50
20230212,151,13.49,13.19,14.04,12.94,13.41,321,41
20230212,152,21.51,20.62,22.05,20.6,21.19,273,67
20230212,153,69550.99,73413.0,74777.94,67719.1,71365.26,379,48
20230212,154,1484.16,1465.35,1494.64,1438.12,1470.57,208,25
20230212,155,91.85,92.98,93.92,88.14,91.72,299,62
20230212,156,68.02,70.85,72.0,67.62,69.62,347,58
20230212,157,1910.5,1922.74,1946.34,1879.8,1914.84,275,64
20230212,158,33.55,35.95,37.66,33.01,35.04,287,64
20230212,159,15033.76,16161.86,16341.9,14921.65,15614.79,304,69
20230212,160,62.51,62.85,66.52,60.06,62.98,440,52
20230212,161,12.45,12.45,12.58,12.25,12.43,373,66
20230212,162,158.2,156.56,158.43,149.17,155.59,222,52
20230212,163,192.06,189.99,210.92,184.74,194.43,357,57
20230212,164,51.05,53.02,54.94,50.11,52.28,269,46
20230212,165,35.07,38.06,38.17,34.66,36.49,350,56
20230212,166,32.89,35.57,36.8,32.8,34.51,300,67
20230212,167,1.0,1.01,1.04,0.99,1.01,319,76
20230212,168,31.69,33.47,34.24,31.52,32.73,425,53
20230212,169,35.37,34.4,36.31,33.27,34.84,368,55
20230212,170,2988.68,3188.43,3250.48,2851.9,3069.87,48,15
20230212,171,52.59,55.91,58.18,51.06,54.43,430,59
20230212,172,39.47,43.71,43.88,38.37,41.35,370,56
20230212,173,26.07,27.63,27.89,25.91,26.87,210,43
20230212,174,94.52,96.53,98.16,91.05,95.06,196,37
20230212,175,5311.89,5760.2,5857.52,5233.13,5540.68,254,50
20230212,176,39.32,41.76,41.92,37.14,40.03,243,44
20230212,177,57.03,56.83,57.06,55.58,56.63,327,47
20230212,178,359.09,364.99,375.58,356.62,364.07,196,39
20230212,179,5.56,5.97,6.21,5.29,5.76,295,65
20230212,180,358.39,350.14,375.6,348.91,358.26,213,35
20230212,181,46974.19,45835.41,48809.68,45615.14,46808.6,432,55
20230212,182,18.93,19.98,21.07,17.81,19.44,178,47
20230212,183,27.99,29.17,30.06,27.21,28.61,429,67
20230212,184,11.13,11.05,11.33,10.73,11.06,394,57
20230212,185,2031.01,2101.49,2198.17,2012.69,2085.84,321,58
20230212,186,58860.53,65306.8,68003.49,54915.55,61771.59,274,76
20230212,187,1148.05,1256.18,1345.28,1142.01,1222.88,268,59
20230212,188,432.34,448.33,461.45,431.68,443.45,295,72
20230212,189,4.33,4.42,4.54,4.22,4.38,296,57
20230212,190,4.86,5.33,5.57,4.79,5.14,284,59
20230212,191,23.88,24.99,25.33,23.21,24.35,201,34
20230212,192,1978.03,2111.9,2241.8,1944.72,2069.11,190,32
20230212,193,25.36,27.68,28.47,24.24,26.44,336,58
20230212,194,19.77,21.1,21.32,19.46,20.41,411,47
20230212,195,3865.54,3742.32,3939.25,3686.32,3808.36,293,56
20230212,196,78.14,78.56,78.98,76.41,78.02,138,38
20230212,197,307.88,307.86,308.56,305.18,307.37,416,63
20230212,198,350.49,387.85,404.94,331.19,368.62,297,60
20230212,199,1349.01,1433.32,1509.61,1338.68,1407.65,164,38
20230212,200,95.49,105.02,106.21,93.53,100.06,196,31
20230213,1,72.8,65.42,74.53,63.54,69.07,243,54
20230213,2,67.97,64.09,70.83,62.74,66.41,147,45
20230213,3,252.88,230.5,261.64,224.37,242.35,128,55
20230213,4,9303.21,9424.08,9460.27,8894.22,9270.45,114,29
20230213,5,67.39,59.32,67.96,57.64,63.08,204,47
20230213,6,16.34,13.57,16.47,13.4,14.94,297,64
20230213,7,532.81,469.9,547.63,462.95,503.32,259,54
20230213,8,3.35,3.09,3.42,2.93,3.2,196,58
20230213,9,10929.7,9491.57,10947.72,9033.92,10100.73,307,70
20230213,10,30.64,29.44,30.98,27.85,29.73,130,28
20230213,11,41.41,35.21,44.29,34.61,38.88,250,43
20230213,12,540.18,467.31,550.92,455.75,503.54,91,24
20230213,13,1.46,1.37,1.5,1.37,1.43,214,57
20230213,14,68.73,58.92,72.43,58.31,64.6,251,51
20230213,15,9292.52,8476.63,9548.53,8092.91,8852.65,199,59
20230213,16,1.44,1.36,1.44,1.34,1.4,217,62
20230213,17,4547.38,4153.59,4681.95,4095.39,4369.58,224,62
20230213,18,257.12,247.55,272.65,244.91,255.56,144,50
20230213,19,4441.34,4279.83,4545.93,4157.6,4356.17,197,80
20230213,20,390.19,388.51,396.87,380.45,389.0,102,30
20230213,21,20.82,21.54,21.87,20.36,21.15,238,59
20230213,22,2273.23,2229.98,2293.66,2225.55,2255.6,193,61
20230213,23,840.8,808.08,840.96,792.74,820.65,125,41
20230213,24,91.26,88.15,94.54,86.8,90.19,211,59
20230213,25,93.34,83.64,94.32,82.46,88.44,153,35
20230213,26,61.19,53.99,63.42,53.58,58.04,241,51
20230213,27,39.6,34.86,41.18,34.38,37.5,302,51
20230213,28,16064.46,13593.24,16189.85,13272.52,14780.02,243,46
20230213,29,81.25,78.88,83.43,75.31,79.72,170,48
20230213,30,1570.44,1495.06,1602.53,1466.61,1533.66,140,39
20230213,31,238.14,237.81,240.6,229.49,236.51,137,34
20230213,32,245.03,241.73,247.96,232.4,241.78,165,45
20230213,33,62.45,58.58,63.08,56.32,60.11,179,47
20230213,34,19.04,19.05,19.77,18.45,19.08,218,59
20230213,35,68.02,53.64,69.72,52.18,60.89,264,56
20230213,36,101.34,96.44,103.86,94.62,99.07,152,24
20230213,37,13.24,11.04,13.45,11.01,12.19,258,58
20230213,38,214.35,205.21,221.16,196.27,209.25,178,69
20230213,39,112.91,108.76,114.73,105.59,110.5,200,64
20230213,40,36.97,36.02,37.16,34.21,36.09,133,31
20230213,41,10465.19,9784.68,10926.49,9588.24,10191.15,37,11
20230213,42,5851.36,4702.65,6055.57,4701.02,5327.65,278,50
20230213,43,4656.82,4351.0,4712.33,4349.11,4517.31,208,46
20230213,44,74.96,70.47,76.38,70.34,73.04,202,62
20230213,45,67.19,54.1,67.7,54.08,60.77,278,54
20230213,46,534.04,505.33,541.63,498.03,519.76,177,51
20230213,47,103.66,94.93,105.24,92.21,99.01,226,56
20230213,48,467.44,453.57,470.47,429.58,455.27,220,60
20230213,49,84.48,79.94,87.66,76.48,82.14,181,40
20230213,50,1072.15,1103.79,1106.83,1028.47,1077.81,172,58
20230213,51,655.52,571.3,682.83,566.72,619.09,235,45
20230213,52,69.14,67.44,71.33,63.34,67.81,173,53
20230213,53,2212.79,2106.83,2224.62,2086.64,2157.72,192,50
20230213,54,15.46,13.73,15.73,13.08,14.5,137,50
20230213,55,15.66,13.74,15.82,13.2,14.61,260,56
20230213,56,183.49,180.04,189.62,175.07,182.05,197,58
20230213,57,63.79,61.57,67.37,57.69,62.61,148,53
20230213,58,2.37,2.2,2.37,2.18,2.28,204,60
20230213,59,30250.87,25144.04,31974.6,24226.04,27898.89,286,66
20230213,60,2376.12,2322.39,2443.45,2284.72,2356.67,160,60
20230213,61,614.76,551.69,634.7,543.12,586.07,178,45
20230213,62,40.36,39.34,43.07,38.89,40.42,178,64
20230213,63,1773.55,1545.53,1824.73,1460.61,1651.11,326,58
20230213,64,6261.02,5148.11,6347.98,5147.28,5726.1,255,52
20230213,65,6.93,6.76,7.08,6.55,6.83,248,70
20230213,66,6150.72,5954.5,6181.75,5862.87,6037.46,200,54
20230213,67,95.53,93.99,96.05,90.09,93.91,147,47
20230213,68,113.35,100.43,116.27,97.41,106.87,252,41
20230213,69,14425.36,12673.56,14866.57,12396.09,13590.4,238,52
20230213,70,3.02,2.71,3.08,2.66,2.87,328,57
20230213,71,5468.71,4714.73,5638.95,4677.33,5124.93,306,62
20230213,72,11717.9,10869.06,11934.48,10853.24,11343.67,127,41
20230213,73,27.73,24.39,28.27,23.24,25.91,276,48
20230213,74,4.47,4.1,4.51,3.94,4.26,185,57
20230213,75,6290.22,5506.13,6476.33,5485.2,5939.47,326,59
20230213,76,24.6,23.18,24.69,22.4,23.72,311,66
20230213,77,19310.01,17629.74,19669.32,17264.93,18468.5,289,57
20230213,78,7.81,7.58,7.88,7.56,7.71,199,65
20230213,79,153.32,154.92,158.46,151.95,154.66,186,61
20230213,80,128.64,120.15,131.75,117.96,124.63,94,31
20230213,81,17.26,18.31,19.17,17.03,17.94,170,57
20230213,82,186.04,172.94,191.56,169.42,179.99,227,63
20230213,83,28.08,28.68,29.83,27.34,28.48,202,68
20230213,84,11.66,11.83,11.87,11.48,11.71,206,65
20230213,85,93.51,76.69,95.79,76.26,85.56,212,39
20230213,86,24098.49,24310.36,25498.63,23866.43,24443.48,208,71
20230213,87,546.08,519.11,556.26,514.3,533.94,121,47
20230213,88,39.09,33.75,39.19,33.65,36.42,195,50
20230213,89,21.8,20.95,22.94,20.5,21.55,245,69
20230213,90,50.68,46.0,53.01,45.81,48.88,185,52
20230213,91,3224.53,3129.58,3239.81,2998.45,3148.09,109,30
20230213,92,22.83,19.39,23.25,18.61,21.02,315,56
20230213,93,86.47,76.59,87.37,74.34,81.19,307,65
20230213,94,1001.02,1001.37,1013.57,959.67,993.91,98,25
20230213,95,471.96,423.43,490.14,421.16,451.67,187,39
20230213,96,571.04,534.87,574.77,514.0,548.67,170,50
20230213,97,32.02,31.17,32.04,30.89,31.53,161,41
20230213,98,2089.78,1736.58,2126.32,1696.38,1912.27,256,47
20230213,99,48.44,44.75,49.17,43.26,46.41,135,43
20230213,100,47.01,40.75,47.3,40.42,43.87,307,57
20230213,101,20.94,20.27,21.45,18.97,20.41,242,75
20230213,102,13.37,12.89,13.41,12.64,13.08,176,48
20230213,103,1411.16,1363.61,1492.71,1359.44,1406.73,104,35
20230213,104,712.92,665.53,738.45,662.19,694.77,132,39
20230213,105,8973.16,7662.42,9224.0,7651.56,8377.79,287,67
20230213,106,173.44,161.24,177.0,158.51,167.55,320,67
20230213,107,144.83,124.24,145.22,120.09,133.59,141,30
20230213,108,375.63,337.52,397.32,328.42,359.72,159,26
20230213,109,684.97,653.9,697.96,651.11,671.98,175,52
20230213,110,880.42,863.29,937.16,842.49,880.84,174,60
20230213,111,2.7,2.52,2.82,2.5,2.64,212,48
20230213,112,16128.47,14825.55,16200.88,14750.37,15476.32,269,53
20230213,113,7.8,7.82,7.91,7.3,7.71,206,62
20230213,114,1067.39,985.84,1077.13,936.07,1016.61,294,65
20230213,115,3752.5,3622.37,3855.32,3523.21,3688.35,193,61
20230213,116,1034.56,966.6,1037.03,946.17,996.09,141,32
20230213,117,6.77,7.16,7.48,6.53,6.99,211,61
20230213,118,18.63,16.9,18.81,16.76,17.77,217,51
20230213,119,82.75,80.04,86.18,76.74,81.43,167,46
20230213,120,576.1,515.31,607.5,505.93,551.21,324,58
20230213,121,2444.73,2150.82,2471.29,2110.56,2294.35,294,65
20230213,122,14013.76,12455.65,14035.51,12285.84,13197.69,261,59
20230213,123,3.61,3.12,3.68,3.02,3.36,295,64
20230213,124,24.33,23.64,24.57,23.16,23.93,174,45
20230213,125,276.89,268.21,280.66,260.62,271.6,109,33
20230213,126,84079.85,88406.75,90206.8,83039.55,86433.24,223,63
20230213,127,203.86,187.1,206.63,180.35,194.49,120,29
20230213,128,237.0,231.14,237.48,229.78,233.85,106,33
20230213,129,14901.62,14351.1,14944.48,13907.87,14526.27,144,37
20230213,130,96.53,92.19,98.71,90.61,94.51,241,64
20230213,131,263.92,223.83,282.25,223.15,248.29,254,43
20230213,132,3402.07,2975.76,3522.78,2816.51,3179.28,242,47
20230213,133,76.33,66.99,78.0,66.63,71.99,183,46
20230213,134,1592.44,1557.44,1646.25,1507.44,1575.89,210,58
20230213,135,450.74,409.48,454.8,400.64,428.92,162,31
20230213,136,249.55,229.39,252.16,229.26,240.09,165,53
20230213,137,185.76,188.02,202.93,180.98,189.42,129,41
20230213,138,2.62,2.25,2.72,2.24,2.46,264,52
20230213,139,7302.37,6375.13,7776.66,6329.34,6945.87,308,69
20230213,140,216.1,190.98,223.62,186.65,204.34,251,54
20230213,141,32.92,33.2,33.4,32.35,32.97,184,49
20230213,142,58.88,54.77,61.66,54.49,57.45,216,63
20230213,143,10843.91,9610.07,11050.41,9267.37,10192.94,320,59
20230213,144,3.06,3.06,3.09,2.95,3.04,224,56
20230213,145,1494.04,1351.22,1525.32,1250.89,1405.37,250,40
20230213,146,27289.78,26215.05,28200.1,25701.14,26851.52,215,66
20230213,147,647.69,632.48,657.21,620.9,639.57,77,21
20230213,148,100.77,87.01,103.44,86.79,94.5,343,66
20230213,149,2.41,2.26,2.54,2.19,2.35,291,67
20230213,150,4.84,4.26,4.94,4.25,4.57,331,71
20230213,151,13.19,11.52,13.58,11.4,12.42,252,47
20230213,152,20.62,20.49,21.25,19.53,20.47,228,54
20230213,153,73413.0,63060.07,76187.84,62416.2,68769.28,292,43
20230213,154,1465.35,1309.36,1517.57,1280.11,1393.1,161,31
20230213,155,92.98,85.73,93.72,85.01,89.36,213,54
20230213,156,70.85,70.22,75.28,67.03,70.84,247,46
20230213,157,1922.74,1987.91,2038.53,1823.19,1943.09,193,50
20230213,158,35.95,33.81,36.35,32.81,34.73,207,55
20230213,159,16161.86,15847.24,16215.82,15669.98,15973.72,228,57
20230213,160,62.85,55.49,63.74,54.1,59.04,295,63
20230213,161,12.45,10.82,13.11,10.68,11.76,254,49
20230213,162,156.56,148.37,160.33,147.33,153.15,158,46
20230213,163,189.99,167.32,191.05,158.21,176.64,287,49
20230213,164,53.02,47.38,53.6,45.71,49.93,164,50
20230213,165,38.06,33.88,38.22,32.69,35.71,231,58
20230213,166,35.57,33.6,37.18,32.62,34.74,221,60
20230213,167,1.01,0.98,1.03,0.94,0.99,202,56
20230213,168,33.47,29.42,34.56,28.34,31.45,303,62
20230213,169,34.4,30.02,36.11,28.9,32.36,233,43
20230213,170,3188.43,3108.59,3398.73,3071.92,3191.92,45,8
20230213,171,55.91,50.23,56.16,48.85,52.79,305,58
20230213,172,43.71,40.54,43.81,39.82,41.97,295,42
20230213,173,27.63,26.69,27.72,26.61,27.16,129,29
20230213,174,96.53,90.32,101.02,88.96,94.21,131,49
20230213,175,5760.2,5616.07,5964.99,5483.7,5706.24,170,43
20230213,176,41.76,36.71,42.96,36.01,39.36,178,58
20230213,177,56.83,54.2,59.2,53.03,55.81,217,41
20230213,178,364.99,350.97,369.56,340.1,356.4,129,40
20230213,179,5.97,6.13,6.3,5.78,6.04,217,66
20230213,180,350.14,298.16,368.89,288.64,326.46,151,36
20230213,181,45835.41,38637.53,47128.75,38222.78,42456.12,305,68
20230213,182,19.98,19.54,20.58,18.98,19.77,159,36
20230213,183,29.17,26.07,31.63,24.76,27.91,277,67
20230213,184,11.05,9.89,11.85,9.81,10.65,295,56
20230213,185,2101.49,1997.77,2110.12,1948.57,2039.49,214,65
20230213,186,65306.8,60221.57,65828.3,58395.77,62438.11,216,53
20230213,187,1256.18,1126.1,1274.16,1099.94,1189.09,211,74
20230213,188,448.33,431.42,448.78,429.84,439.59,207,63
20230213,189,4.42,4.0,4.46,3.86,4.18,243,68
20230213,190,5.33,4.78,5.34,4.74,5.05,202,67
20230213,191,24.99,23.76,25.66,23.13,24.38,152,39
20230213,192,2111.9,1898.2,2112.67,1866.68,1997.36,149,27
20230213,193,27.68,26.21,28.24,25.37,26.87,263,41
20230213,194,21.1,19.41,21.58,18.8,20.22,309,59
20230213,195,3742.32,3737.35,3951.92,3727.47,3789.76,186,63
20230213,196,78.56,77.0,78.98,76.59,77.78,99,43
20230213,197,307.86,275.18,315.27,270.88,292.3,277,73
20230213,198,387.85,408.62,412.61,386.84,398.98,206,65
20230213,199,1433.32,1285.72,1448.52,1283.02,1362.64,118,29
20230213,200,105.02,91.0,108.98,86.72,97.93,143,32
20230214,1,65.42,65.2,67.43,63.55,65.4,249,54
20230214,2,64.09,67.84,71.37,60.51,65.95,147,47
20230214,3,230.5,132.82,246.11,128.67,184.52,136,37
20230214,4,9424.08,9899.63,9917.3,9404.67,9661.42,104,30
20230214,5,59.32,60.66,62.77,56.22,59.74,213,45
20230214,6,13.57,14.19,14.41,13.29,13.86,285,51
20230214,7,469.9,486.37,494.74,465.81,479.21,271,60
20230214,8,3.09,3.29,3.43,3.01,3.2,221,60
20230214,9,9491.57,9691.82,9996.78,9314.09,9623.56,281,77
20230214,10,29.44,30.84,31.08,29.17,30.13,89,32
20230214,11,35.21,34.52,36.05,34.18,34.99,238,55
20230214,12,467.31,455.07,469.37,437.7,457.36,105,20
20230214,13,1.37,1.54,1.55,1.36,1.46,197,61
20230214,14,58.92,58.24,59.6,57.24,58.5,242,55
20230214,15,8476.63,8848.62,9388.12,8452.06,8791.35,236,66
20230214,16,1.36,1.45,1.47,1.34,1.41,200,58
20230214,17,4153.59,4385.32,4441.87,4111.61,4273.1,234,73
20230214,18,247.55,231.42,251.97,229.69,240.16,184,57
20230214,19,4279.83,4506.31,4532.11,4135.99,4363.56,209,78
20230214,20,388.51,388.61,398.78,375.96,387.97,106,30
20230214,21,21.54,21.19,21.63,21.03,21.35,205,57
20230214,22,2229.98,2231.63,2393.06,2213.56,2267.06,193,45
20230214,23,808.08,839.04,844.36,791.68,820.79,146,32
20230214,24,88.15,89.73,90.08,86.3,88.56,202,44
20230214,25,83.64,83.14,86.55,81.9,83.81,124,35
20230214,26,53.99,51.73,54.61,49.76,52.52,240,50
20230214,27,34.86,33.62,36.03,32.44,34.24,324,77
20230214,28,13593.24,14285.48,14796.35,12978.0,13913.27,265,41
20230214,29,78.88,74.71,80.14,72.86,76.65,145,48
20230214,30,1495.06,1508.96,1532.66,1476.37,1503.26,145,41
20230214,31,237.81,259.94,271.62,230.16,249.88,123,44
20230214,32,241.73,161.52,243.88,160.45,201.9,185,66
20230214,33,58.58,61.5,61.93,58.45,60.12,180,49
20230214,34,19.05,18.35,19.92,18.1,18.85,214,55
20230214,35,53.64,52.62,55.56,52.48,53.57,251,51
20230214,36,96.44,99.33,99.95,92.3,97.01,161,33
20230214,37,11.04,11.26,11.57,10.35,11.06,236,45
20230214,38,205.21,145.39,213.57,144.1,177.07,177,56
20230214,39,108.76,71.66,109.87,71.31,90.4,237,68
20230214,40,36.02,28.7,36.51,28.48,32.43,158,43
20230214,41,9784.68,9673.01,9820.65,9449.68,9682.0,34,12
20230214,42,4702.65,4962.36,5258.95,4630.48,4888.61,294,67
20230214,43,4351.0,2692.09,4430.62,2572.17,3511.47,221,71
20230214,44,70.47,48.75,72.41,47.02,59.66,163,45
20230214,45,54.1,58.0,58.15,54.01,56.07,280,47
20230214,46,505.33,489.54,513.96,487.22,499.01,179,55
20230214,47,94.93,97.17,101.89,94.29,97.07,219,59
20230214,48,453.57,477.52,506.24,432.7,467.51,206,74
20230214,49,79.94,55.12,80.1,53.6,67.19,182,47
20230214,50,1103.79,1050.35,1133.39,1031.91,1079.86,180,52
20230214,51,571.3,563.35,578.94,535.33,562.23,271,40
20230214,52,67.44,74.02,75.56,64.3,70.33,155,56
20230214,53,2106.83,1306.8,2136.57,1290.02,1710.06,191,56
20230214,54,13.73,8.85,13.95,8.81,11.33,157,37
20230214,55,13.74,14.74,14.84,13.68,14.25,257,50
20230214,56,180.04,172.63,186.91,171.74,177.83,185,56
20230214,57,61.57,59.48,62.18,55.21,59.61,181,56
20230214,58,2.2,2.17,2.25,2.16,2.2,229,63
20230214,59,25144.04,26936.43,27529.29,24899.3,26127.27,326,63
20230214,60,2322.39,2445.55,2542.24,2321.03,2407.8,174,50
20230214,61,551.69,574.12,583.89,537.65,561.84,209,47
20230214,62,39.34,39.16,40.23,38.82,39.39,183,53
20230214,63,1545.53,1623.73,1638.25,1507.46,1578.74,311,62
20230214,64,5148.11,5265.7,5483.12,5070.77,5241.92,269,45
20230214,65,6.76,7.02,7.2,6.55,6.88,205,56
20230214,66,5954.5,6444.47,6537.21,5849.61,6196.45,184,45
20230214,67,93.99,98.26,99.68,91.15,95.77,148,47
20230214,68,100.43,102.88,105.61,98.83,101.94,241,62
20230214,69,12673.56,12541.17,13116.1,11868.98,12549.95,280,40
20230214,70,2.71,2.89,2.89,2.51,2.75,313,57
20230214,71,4714.73,5148.43,5241.99,4669.18,4943.58,290,55
20230214,72,10869.06,10857.81,10925.04,10357.48,10752.35,153,56
20230214,73,24.39,23.73,24.98,22.5,23.9,262,58
20230214,74,4.1,4.4,4.49,4.05,4.26,168,58
20230214,75,5506.13,5250.53,5667.05,5138.92,5390.66,299,55
20230214,76,23.18,21.62,24.71,21.42,22.73,316,64
20230214,77,17629.74,17362.51,17949.19,16808.99,17437.61,295,56
20230214,78,7.58,4.84,7.59,4.78,6.2,217,59
20230214,79,154.92,148.91,160.3,145.6,152.43,182,62
20230214,80,120.15,124.72,128.87,117.71,122.86,93,39
20230214,81,18.31,12.12,19.14,11.8,15.34,167,51
20230214,82,172.94,170.52,176.85,167.16,171.87,214,56
20230214,83,28.68,21.17,30.54,20.8,25.3,226,61
20230214,84,11.83,11.89,12.15,11.62,11.87,214,54
20230214,85,76.69,82.27,83.9,74.36,79.31,215,37
20230214,86,24310.36,23029.39,25447.78,22352.33,23784.97,214,63
20230214,87,519.11,287.4,522.43,275.56,401.12,113,37
20230214,88,33.75,35.41,36.55,33.47,34.8,188,32
20230214,89,20.95,22.27,23.24,20.26,21.68,207,65
20230214,90,46.0,44.44,47.66,43.34,45.36,173,64
20230214,91,3129.58,3172.31,3289.14,3023.65,3153.67,89,31
20230214,92,19.39,18.55,19.82,18.37,19.03,282,63
20230214,93,76.59,74.36,78.54,72.71,75.55,282,53
20230214,94,1001.37,1009.75,1044.28,999.35,1013.69,94,34
20230214,95,423.43,419.81,436.35,408.96,422.14,202,40
20230214,96,534.87,314.92,555.25,312.15,429.3,173,49
20230214,97,31.17,29.81,31.91,28.41,30.32,170,63
20230214,98,1736.58,1646.42,1806.89,1592.0,1695.47,285,56
20230214,99,44.75,46.94,48.06,44.24,46.0,143,37
20230214,100,40.75,42.11,43.07,38.4,41.08,285,66
20230214,101,20.27,20.55,20.98,20.09,20.47,217,51
20230214,102,12.89,12.51,13.15,12.06,12.65,165,51
20230214,103,1363.61,1417.67,1421.53,1306.88,1377.42,93,23
20230214,104,665.53,672.91,689.84,634.47,665.69,128,50
20230214,105,7662.42,7626.81,7715.62,7518.56,7630.85,257,69
20230214,106,161.24,159.13,173.86,157.92,163.04,326,65
20230214,107,124.24,123.01,125.09,121.25,123.39,153,37
20230214,108,337.52,344.13,355.38,327.38,341.1,152,21
20230214,109,653.9,715.04,729.39,635.38,683.43,162,58
20230214,110,863.29,918.06,935.83,834.06,887.81,172,66
20230214,111,2.52,2.55,2.62,2.47,2.54,174,49
20230214,112,14825.55,15173.71,15403.41,14739.8,15035.62,273,61
20230214,113,7.82,7.51,7.86,7.47,7.67,210,63
20230214,114,985.84,1032.67,1054.83,945.02,1004.59,281,58
20230214,115,3622.37,3568.62,3707.45,3537.8,3609.06,229,55
20230214,116,966.6,1007.08,1061.3,944.34,994.83,155,44
20230214,117,7.16,7.87,7.88,7.13,7.51,213,51
20230214,118,16.9,16.58,17.71,16.4,16.9,210,55
20230214,119,80.04,87.1,88.94,79.1,83.79,157,67
20230214,120,515.31,530.14,539.03,514.97,524.86,298,60
20230214,121,2150.82,2105.36,2179.39,2043.72,2119.82,286,55
20230214,122,12455.65,12169.25,12776.52,12068.25,12367.42,259,45
20230214,123,3.12,3.58,3.67,3.06,3.36,310,69
20230214,124,23.64,24.44,24.51,23.57,24.04,153,55
20230214,125,268.21,266.09,280.55,244.04,264.72,101,22
20230214,126,88406.75,87224.39,88498.66,86762.27,87723.02,200,79
20230214,127,187.1,189.84,190.34,183.29,187.65,161,31
20230214,128,231.14,233.99,237.14,224.35,231.66,100,28
20230214,129,14351.1,14473.54,14926.35,13892.14,14410.78,169,41
20230214,130,92.19,99.6,102.65,90.5,96.24,261,53
20230214,131,223.83,216.06,232.78,213.99,221.67,245,49
20230214,132,2975.76,3061.77,3077.63,2957.36,3018.13,244,52
20230214,133,66.99,68.22,69.71,65.14,67.51,172,57
20230214,134,1557.44,1546.69,1564.89,1504.38,1543.35,209,67
20230214,135,409.48,423.79,439.45,393.95,416.67,120,27
20230214,136,229.39,221.63,237.21,214.31,225.64,187,57
20230214,137,188.02,171.86,192.48,170.9,180.81,135,36
20230214,138,2.25,2.31,2.35,2.12,2.26,274,59
20230214,139,6375.13,6551.74,7198.54,6164.87,6572.57,291,68
20230214,140,190.98,180.97,193.89,172.21,184.51,244,43
20230214,141,33.2,31.03,33.89,29.94,32.02,190,56
20230214,142,54.77,62.28,63.5,49.15,57.42,210,81
20230214,143,9610.07,9620.12,9642.87,9432.87,9576.48,278,48
20230214,144,3.06,3.14,3.24,2.98,3.11,221,58
20230214,145,1351.22,1487.78,1571.25,1332.58,1435.71,238,51
20230214,146,26215.05,26951.14,27175.09,26020.9,26590.55,213,46
20230214,147,632.48,676.51,685.2,629.94,656.03,63,21
20230214,148,87.01,84.55,89.67,83.06,86.07,304,68
20230214,149,2.26,2.14,2.33,2.11,2.21,313,66
20230214,150,4.26,4.42,4.56,4.18,4.35,274,51
20230214,151,11.52,11.85,12.21,11.2,11.69,239,54
20230214,152,20.49,14.53,20.81,14.53,17.59,218,51
20230214,153,63060.07,59082.51,64075.18,58072.95,61072.68,253,63
20230214,154,1309.36,1355.71,1394.34,1302.37,1340.45,138,28
20230214,155,85.73,88.26,93.33,85.05,88.09,177,58
20230214,156,70.22,74.04,74.67,69.49,72.1,250,42
20230214,157,1987.91,1946.14,1995.32,1920.27,1962.41,218,69
20230214,158,33.81,22.8,34.02,22.21,28.21,188,58
20230214,159,15847.24,15620.12,16289.61,14907.49,15666.11,219,59
20230214,160,55.49,55.48,56.14,55.11,55.56,295,56
20230214,161,10.82,10.45,11.43,9.87,10.64,243,45
20230214,162,148.37,145.15,153.77,143.96,147.81,185,51
20230214,163,167.32,167.26,175.08,162.59,168.06,246,63
20230214,164,47.38,47.52,48.58,47.34,47.71,152,50
20230214,165,33.88,33.0,34.44,32.85,33.54,235,40
20230214,166,33.6,32.06,34.04,31.41,32.78,216,59
20230214,167,0.98,0.7,1.01,0.69,0.85,211,62
20230214,168,29.42,29.04,29.77,28.85,29.27,293,64
20230214,169,30.02,31.58,32.6,28.3,30.62,287,52
20230214,170,3108.59,2895.78,3186.06,2832.81,3005.81,27,4
20230214,171,50.23,52.74,54.61,48.18,51.44,300,69
20230214,172,40.54,40.57,42.24,38.85,40.55,249,43
20230214,173,26.69,16.99,27.14,16.82,21.91,143,40
20230214,174,90.32,57.92,91.65,57.12,74.25,151,34
20230214,175,5616.07,5849.3,5896.28,5455.89,5704.39,185,56
20230214,176,36.71,33.12,37.28,32.81,34.98,203,43
20230214,177,54.2,52.26,56.29,51.46,53.55,233,42
20230214,178,350.97,352.5,362.79,346.19,353.11,130,36
20230214,179,6.13,6.05,6.22,6.0,6.1,216,54
20230214,180,298.16,330.8,337.38,293.96,315.08,159,24
20230214,181,38637.53,38653.44,40125.29,37800.4,38804.17,294,51
20230214,182,19.54,20.85,20.87,18.93,20.05,160,55
20230214,183,26.07,27.95,28.87,25.3,27.05,290,83
20230214,184,9.89,10.26,10.27,9.7,10.03,319,66
20230214,185,1997.77,1946.77,2064.7,1910.74,1979.99,179,63
20230214,186,60221.57,57538.39,60234.31,57353.21,58836.87,196,50
20230214,187,1126.1,1197.05,1287.03,1099.87,1177.51,238,53
20230214,188,431.42,306.7,444.97,302.18,371.32,228,51
20230214,189,4.0,4.2,4.27,3.76,4.06,192,43
20230214,190,4.78,5.1,5.18,4.6,4.92,230,52
20230214,191,23.76,26.68,27.3,23.0,25.18,138,42
20230214,192,1898.2,1983.68,2055.52,1881.16,1954.64,150,37
20230214,193,26.21,24.95,26.51,23.99,25.41,250,46
20230214,194,19.41,19.65,19.9,19.3,19.57,285,79
20230214,195,3737.35,3909.79,4002.44,3708.98,3839.64,197,49
20230214,196,77.0,77.07,78.59,76.59,77.31,106,31
20230214,197,275.18,291.85,298.68,266.52,283.06,312,65
20230214,198,408.62,407.61,427.09,399.66,410.75,223,58
20230214,199,1285.72,1314.65,1404.28,1248.85,1313.37,104,30
20230214,200,91.0,89.98,91.15,88.9,90.26,167,25
20230215,1,65.2,67.29,70.93,63.5,66.73,271,47
20230215,2,67.84,70.19,72.01,65.23,68.82,143,46
20230215,3,132.82,124.89,135.92,124.62,129.56,127,33
20230215,4,9899.63,9974.27,9994.15,9863.23,9932.82,109,38
20230215,5,60.66,58.58,61.35,56.32,59.23,180,41
20230215,6,14.19,14.25,14.63,14.05,14.28,319,67
20230215,7,486.37,478.31,490.23,471.36,481.57,210,45
20230215,8,3.29,3.45,3.52,3.23,3.37,225,48
20230215,9,9691.82,10457.98,10796.35,9567.38,10128.38,319,65
20230215,10,30.84,32.55,33.58,30.59,31.89,90,30
20230215,11,34.52,33.72,37.94,33.63,34.95,256,62
20230215,12,455.07,468.38,489.84,437.94,462.81,109,22
20230215,13,1.54,1.51,1.61,1.5,1.54,219,57
20230215,14,58.24,60.32,61.68,56.83,59.27,263,49
20230215,15,8848.62,9299.94,9921.82,8497.27,9141.91,195,42
20230215,16,1.45,1.58,1.67,1.45,1.54,206,65
20230215,17,4385.32,4528.2,4634.08,4336.32,4470.98,209,64
20230215,18,231.42,247.31,248.31,226.4,238.36,226,50
20230215,19,4506.31,4653.24,4687.32,4471.96,4579.71,222,60
20230215,20,388.61,391.66,405.33,370.25,388.96,86,26
20230215,21,21.19,22.47,22.73,20.6,21.75,192,56
20230215,22,2231.63,2370.63,2395.37,2184.0,2295.41,222,50
20230215,23,839.04,829.49,856.4,820.99,836.48,138,40
20230215,24,89.73,91.13,91.32,89.38,90.39,207,53
20230215,25,83.14,83.36,86.65,80.78,83.48,164,27
20230215,26,51.73,48.8,52.34,48.25,50.28,243,45
20230215,27,33.62,35.12,36.13,33.12,34.5,286,59
20230215,28,14285.48,13911.61,14705.82,13723.57,14156.62,237,40
20230215,29,74.71,76.76,78.53,70.9,75.23,179,60
20230215,30,1508.96,1456.74,1552.43,1443.92,1490.51,129,42
20230215,31,259.94,252.54,267.53,251.35,257.84,138,41
20230215,32,161.52,159.29,164.64,158.48,160.98,171,47
20230215,33,61.5,65.86,66.53,60.21,63.53,164,46
20230215,34,18.35,18.42,19.02,18.21,18.5,224,61
20230215,35,52.62,53.09,55.29,51.91,53.23,237,57
20230215,36,99.33,101.57,105.79,99.12,101.45,151,25
20230215,37,11.26,11.67,12.18,11.01,11.53,265,58
20230215,38,145.39,149.73,157.75,138.69,147.89,159,57
20230215,39,71.66,68.24,73.92,62.91,69.18,206,64
20230215,40,28.7,28.04,29.15,26.98,28.22,132,42
20230215,41,9673.01,10855.25,11347.74,9508.02,10346.0,36,12
20230215,42,4962.36,5127.33,5194.62,4708.78,4998.27,257,55
20230215,43,2692.09,2790.64,2917.59,2679.1,2769.86,198,66
20230215,44,48.75,44.53,48.99,43.84,46.53,177,43
20230215,45,58.0,58.62,58.95,57.36,58.23,296,71
20230215,46,489.54,508.6,520.53,482.31,500.24,179,58
20230215,47,97.17,100.22,101.99,95.95,98.83,201,55
20230215,48,477.52,492.6,508.37,464.22,485.68,198,56
20230215,49,55.12,57.71,60.15,53.12,56.52,146,46
20230215,50,1050.35,1020.47,1102.84,948.51,1030.54,168,51
20230215,51,563.35,594.22,602.54,560.85,580.24,230,52
20230215,52,74.02,71.75,75.39,71.19,73.09,157,50
20230215,53,1306.8,1297.57,1367.66,1223.82,1298.96,156,50
20230215,54,8.85,9.27,9.31,8.68,9.03,148,37
20230215,55,14.74,16.09,16.14,13.99,15.24,236,60
20230215,56,172.63,170.62,176.71,170.05,172.5,199,53
20230215,57,59.48,60.8,63.85,58.12,60.56,165,60
20230215,58,2.17,2.21,2.24,2.16,2.2,228,58
20230215,59,26936.43,28174.12,28483.15,26774.44,27592.04,249,62
20230215,60,2445.55,2590.75,2670.55,2410.76,2529.4,166,55
20230215,61,574.12,574.63,585.78,571.21,576.43,183,44
20230215,62,39.16,41.07,41.29,38.56,40.02,183,42
20230215,63,1623.73,1718.43,1736.94,1592.33,1667.86,301,59
20230215,64,5265.7,5864.94,5937.59,5087.06,5538.82,241,56
20230215,65,7.02,7.3,7.36,6.86,7.14,194,62
20230215,66,6444.47,6728.45,6781.4,6086.48,6510.2,179,54
20230215,67,98.26,95.88,103.43,91.58,97.29,152,49
20230215,68,102.88,100.06,103.76,92.18,99.72,249,45
20230215,69,12541.17,12599.12,12751.35,12070.35,12490.5,247,57
20230215,70,2.89,2.94,3.14,2.83,2.95,296,53
20230215,71,5148.43,5265.27,5326.85,4870.31,5152.72,305,63
20230215,72,10857.81,11494.01,12333.36,10519.52,11301.17,121,34
20230215,73,23.73,23.1,24.2,22.31,23.34,250,62
20230215,74,4.4,4.47,4.63,4.39,4.47,160,63
20230215,75,5250.53,5942.95,6107.32,5187.26,5622.02,349,74
20230215,76,21.62,22.64,22.71,21.39,22.09,301,61
20230215,77,17362.51,17855.86,18425.56,16871.26,17628.8,278,49
20230215,78,4.84,5.12,5.21,4.66,4.96,214,61
20230215,79,148.91,150.08,152.81,144.69,149.12,227,55
20230215,80,124.72,122.26,129.3,116.25,123.13,106,34
20230215,81,12.12,12.58,12.78,11.67,12.29,158,56
20230215,82,170.52,160.89,177.51,157.98,166.72,221,58
20230215,83,21.17,20.53,22.09,18.97,20.69,210,69
20230215,84,11.89,11.92,12.03,11.76,11.9,214,60
20230215,85,82.27,83.01,83.89,80.65,82.45,206,43
20230215,86,23029.39,25671.51,25747.0,22847.05,24323.74,225,55
20230215,87,287.4,351.5,366.64,281.32,321.72,144,46
20230215,88,35.41,38.24,39.07,35.05,36.94,219,33
20230215,89,22.27,21.56,22.54,20.73,21.78,200,57
20230215,90,44.44,49.04,50.24,43.29,46.75,171,55
20230215,91,3172.31,3313.94,3389.92,3110.09,3246.57,90,36
20230215,92,18.55,18.35,18.58,17.86,18.33,303,68
20230215,93,74.36,75.64,76.45,72.5,74.74,300,44
20230215,94,1009.75,1060.07,1091.57,1008.47,1042.47,85,37
20230215,95,419.81,421.34,430.73,406.42,419.57,213,48
20230215,96,314.92,330.89,331.61,312.18,322.4,146,60
20230215,97,29.81,31.16,32.24,29.24,30.61,203,48
20230215,98,1646.42,1663.52,1700.03,1586.03,1649.0,301,62
20230215,99,46.94,48.06,49.83,46.05,47.72,122,49
20230215,100,42.11,41.24,43.3,40.61,41.82,308,66
20230215,101,20.55,21.25,21.35,20.41,20.89,221,61
20230215,102,12.51,12.37,12.69,12.31,12.47,177,49
20230215,103,1417.67,1446.07,1492.72,1379.16,1433.91,111,38
20230215,104,672.91,639.91,701.51,621.1,658.86,153,40
20230215,105,7626.81,7383.41,7736.43,7204.35,7487.75,295,68
20230215,106,159.13,153.59,173.88,150.4,159.25,301,61
20230215,107,123.01,125.79,130.14,117.94,124.22,168,20
20230215,108,344.13,354.72,355.2,331.65,346.43,144,36
20230215,109,715.04,742.1,743.19,710.64,727.74,168,50
20230215,110,918.06,873.59,944.6,872.17,902.11,201,61
20230215,111,2.55,2.61,2.64,2.44,2.56,224,65
20230215,112,15173.71,14950.93,15460.62,14765.65,15087.73,296,55
20230215,113,7.51,7.85,7.93,7.18,7.62,178,56
20230215,114,1032.67,1046.82,1062.18,997.35,1034.75,319,65
20230215,115,3568.62,3697.07,3794.56,3540.39,3650.16,188,60
20230215,116,1007.08,999.51,1056.42,996.92,1014.98,156,39
20230215,117,7.87,8.26,8.36,7.73,8.05,208,60
20230215,118,16.58,16.09,16.65,15.41,16.18,209,71
20230215,119,87.1,84.98,89.42,83.16,86.16,187,39
20230215,120,530.14,542.57,558.38,522.15,538.31,289,54
20230215,121,2105.36,2141.32,2232.51,2046.39,2131.4,273,61
20230215,122,12169.25,12126.89,12246.42,11489.42,12008.0,244,43
20230215,123,3.58,3.41,3.6,3.28,3.47,283,47
20230215,124,24.44,24.33,25.15,24.24,24.54,194,62
20230215,125,266.09,264.09,271.1,257.93,264.8,97,31
20230215,126,87224.39,93413.57,94199.97,80327.81,88791.43,197,61
20230215,127,189.84,207.54,208.13,187.5,198.25,150,35
20230215,128,233.99,239.54,251.55,233.47,239.64,114,32
20230215,129,14473.54,13856.48,14662.28,13764.75,14189.26,142,37
20230215,130,99.6,103.47,105.23,99.31,101.9,232,48
20230215,131,216.06,214.15,218.77,210.32,214.82,245,55
20230215,132,3061.77,3040.9,3086.35,2912.06,3025.27,255,67
20230215,133,68.22,68.74,74.21,65.63,69.2,153,41
20230215,134,1546.69,1561.38,1580.82,1545.45,1558.58,193,69
20230215,135,423.79,420.23,442.29,403.7,422.5,158,32
20230215,136,221.63,220.53,228.56,213.2,220.98,160,51
20230215,137,171.86,173.2,178.42,170.67,173.53,138,40
20230215,138,2.31,2.48,2.61,2.28,2.42,320,76
20230215,139,6551.74,6842.79,6903.31,6146.24,6611.02,288,64
20230215,140,180.97,185.53,188.35,177.27,183.03,255,40
20230215,141,31.03,29.01,31.68,28.49,30.05,179,51
20230215,142,62.28,67.04,69.01,59.79,64.53,199,65
20230215,143,9620.12,9376.76,9712.34,9304.88,9503.53,326,65
20230215,144,3.14,3.42,3.46,3.03,3.26,226,57
20230215,145,1487.78,1512.54,1590.82,1394.87,1496.5,246,48
20230215,146,26951.14,26451.58,27881.38,25784.21,26767.08,213,53
20230215,147,676.51,639.9,700.59,628.25,661.31,74,21
20230215,148,84.55,96.49,97.62,82.9,90.39,300,67
20230215,149,2.14,2.24,2.32,2.12,2.21,310,80
20230215,150,4.42,4.66,4.72,4.33,4.53,294,63
20230215,151,11.85,12.95,13.45,11.85,12.52,291,55
20230215,152,14.53,14.58,14.81,14.51,14.61,210,76
20230215,153,59082.51,63490.76,63873.56,57807.91,61063.68,253,53
20230215,154,1355.71,1353.4,1402.46,1291.8,1350.84,157,32
20230215,155,88.26,90.99,91.85,86.28,89.35,244,68
20230215,156,74.04,73.82,75.03,73.52,74.1,275,52
20230215,157,1946.14,1930.49,2104.13,1889.79,1967.63,202,57
20230215,158,22.8,23.08,23.72,22.71,23.08,214,60
20230215,159,15620.12,15349.11,16171.39,15296.93,15609.39,212,67
20230215,160,55.48,57.72,60.79,51.12,56.28,317,62
20230215,161,10.45,10.6,11.22,10.01,10.57,251,54
20230215,162,145.15,139.14,146.45,134.09,141.21,155,53
20230215,163,167.26,168.26,177.28,160.7,168.37,216,48
20230215,164,47.52,48.72,52.34,46.45,48.76,148,46
20230215,165,33.0,34.84,35.56,31.66,33.77,257,39
20230215,166,32.06,33.3,33.88,31.42,32.67,186,58
20230215,167,0.7,0.77,0.78,0.7,0.74,206,62
20230215,168,29.04,30.33,30.51,28.66,29.64,287,67
20230215,169,31.58,32.19,32.36,31.22,31.84,219,40
20230215,170,2895.78,2950.29,3006.49,2803.28,2913.96,41,9
20230215,171,52.74,52.37,57.03,51.48,53.41,289,50
20230215,172,40.57,41.62,43.25,39.36,41.2,266,58
20230215,173,16.99,17.33,18.3,16.65,17.32,148,41
20230215,174,57.92,56.49,61.12,56.01,57.88,143,33
20230215,175,5849.3,5940.11,6131.64,5735.6,5914.17,181,58
20230215,176,33.12,37.06,38.12,32.14,35.11,179,50
20230215,177,52.26,50.98,54.88,49.5,51.91,273,52
20230215,178,352.5,365.15,380.02,336.84,358.63,148,36
20230215,179,6.05,5.75,6.16,5.63,5.9,214,53
20230215,180,330.8,346.35,354.07,322.15,338.35,149,28
20230215,181,38653.44,40637.51,41227.35,38618.44,39784.18,316,50
20230215,182,20.85,22.82,23.1,20.71,21.87,140,49
20230215,183,27.95,27.0,28.58,26.92,27.61,298,51
20230215,184,10.26,10.91,11.04,9.85,10.52,300,52
20230215,185,1946.77,2052.05,2139.47,1922.15,2015.11,191,49
20230215,186,57538.39,58719.8,61557.42,55847.88,58415.87,224,57
20230215,187,1197.05,1219.56,1250.48,1194.14,1215.31,204,66
20230215,188,306.7,289.72,311.08,276.28,295.95,219,61
20230215,189,4.2,4.1,4.26,4.07,4.16,210,63
20230215,190,5.1,5.05,5.11,4.88,5.03,193,59
20230215,191,26.68,26.32,27.43,24.8,26.31,159,41
20230215,192,1983.68,2143.19,2174.76,1951.06,2063.17,155,26
20230215,193,24.95,23.85,25.38,22.69,24.21,261,37
20230215,194,19.65,20.22,20.31,19.6,19.95,292,61
20230215,195,3909.79,3979.91,4021.61,3877.76,3947.27,169,52
20230215,196,77.07,80.18,81.93,75.43,78.65,106,39
20230215,197,291.85,298.8,299.57,286.5,294.18,333,70
20230215,198,407.61,428.05,444.7,389.68,417.51,224,60
20230215,199,1314.65,1318.47,1337.22,1240.93,1302.82,103,28
20230215,200,89.98,91.92,95.79,89.44,91.78,155,24
20230216,1,67.29,65.41,67.39,63.63,65.93,243,49
20230216,2,70.19,72.6,74.66,68.94,71.6,123,39
20230216,3,124.89,150.33,151.03,117.57,135.95,121,41
20230216,4,9974.27,9365.7,10280.11,9332.86,9738.24,106,28
20230216,5,58.58,52.93,62.11,51.18,56.2,198,39
20230216,6,14.25,14.32,15.36,13.75,14.42,285,60
20230216,7,478.31,488.26,488.41,457.98,478.24,229,53
20230216,8,3.45,3.57,3.65,3.45,3.53,205,62
20230216,9,10457.98,10604.71,11107.92,10269.93,10610.13,327,64
20230216,10,32.55,33.87,34.09,32.14,33.16,90,35
20230216,11,33.72,35.85,38.59,33.22,35.34,241,58
20230216,12,468.38,491.6,492.13,443.37,473.87,103,31
20230216,13,1.51,1.57,1.61,1.44,1.53,206,57
20230216,14,60.32,56.78,63.42,55.49,59.0,230,55
20230216,15,9299.94,9117.79,9608.7,8732.07,9189.62,215,63
20230216,16,1.58,1.59,1.63,1.58,1.59,231,74
20230216,17,4528.2,4399.51,4585.23,4298.87,4452.95,197,63
20230216,18,247.31,240.7,256.42,231.37,243.95,157,48
20230216,19,4653.24,4843.46,4996.52,4454.64,4736.96,218,61
20230216,20,391.66,372.55,398.82,354.75,379.45,94,30
20230216,21,22.47,22.69,23.0,22.43,22.64,208,52
20230216,22,2370.63,2351.39,2495.52,2299.62,2379.29,220,50
20230216,23,829.49,782.85,880.64,782.24,818.8,123,37
20230216,24,91.13,84.83,93.22,84.63,88.46,180,45
20230216,25,83.36,76.24,85.54,75.77,80.23,160,34
20230216,26,48.8,49.49,50.02,47.85,49.04,262,49
20230216,27,35.12,34.44,35.32,32.91,34.45,309,53
20230216,28,13911.61,13322.68,14206.32,13061.81,13625.61,235,48
20230216,29,76.76,69.63,80.14,68.81,73.83,143,58
20230216,30,1456.74,1475.52,1554.49,1448.1,1483.71,156,30
20230216,31,252.54,242.85,256.09,236.96,247.11,143,39
20230216,32,159.29,149.14,160.06,148.96,154.36,193,50
20230216,33,65.86,62.83,65.86,61.98,64.13,168,45
20230216,34,18.42,18.0,18.42,17.25,18.02,168,56
20230216,35,53.09,55.03,55.88,52.12,54.03,252,55
20230216,36,101.57,97.56,103.22,92.47,98.71,150,40
20230216,37,11.67,11.05,12.1,11.03,11.46,239,51
20230216,38,149.73,142.81,150.38,137.22,145.03,147,64
20230216,39,68.24,71.43,72.35,67.27,69.82,195,70
20230216,40,28.04,26.54,28.32,26.33,27.31,122,49
20230216,41,10855.25,10573.67,10856.81,10351.39,10659.28,39,9
20230216,42,5127.33,5041.56,5160.48,4989.97,5079.83,300,60
20230216,43,2790.64,2590.25,2938.06,2514.03,2708.24,205,57
20230216,44,44.53,41.34,46.76,40.17,43.2,173,46
20230216,45,58.62,54.51,58.86,53.29,56.32,296,57
20230216,46,508.6,520.61,530.11,481.71,510.26,190,46
20230216,47,100.22,102.17,103.85,98.9,101.29,201,61
20230216,48,492.6,481.17,501.01,475.48,487.57,219,59
20230216,49,57.71,57.44,59.42,55.16,57.43,157,58
20230216,50,1020.47,1025.1,1099.31,1000.1,1036.25,168,45
20230216,51,594.22,562.82,623.76,559.1,584.97,254,64
20230216,52,71.75,69.75,74.35,68.57,71.11,184,45
20230216,53,1297.57,1261.28,1344.17,1236.46,1284.87,176,57
20230216,54,9.27,10.61,10.97,8.92,9.94,152,39
20230216,55,16.09,16.34,16.38,16.08,16.22,255,50
20230216,56,170.62,170.56,177.12,169.71,172.0,199,43
20230216,57,60.8,62.55,62.67,58.41,61.11,159,50
20230216,58,2.21,2.26,2.28,2.18,2.23,199,55
20230216,59,28174.12,26099.17,29085.32,24432.62,26947.81,311,65
20230216,60,2590.75,2497.77,2629.86,2391.06,2527.36,200,49
20230216,61,574.63,563.0,579.09,561.09,569.45,200,32
20230216,62,41.07,40.75,43.19,38.72,40.93,194,51
20230216,63,1718.43,1650.89,1722.86,1612.39,1676.14,278,49
20230216,64,5864.94,5737.11,6313.24,5661.43,5894.18,207,45
20230216,65,7.3,7.02,7.7,6.94,7.24,195,55
20230216,66,6728.45,6956.43,7393.78,6595.58,6918.56,189,43
20230216,67,95.88,87.8,96.91,82.97,90.89,146,44
20230216,68,100.06,98.07,100.78,92.8,97.93,235,57
20230216,69,12599.12,11460.72,12602.8,11395.1,12014.44,281,50
20230216,70,2.94,2.76,3.06,2.72,2.87,284,61
20230216,71,5265.27,5257.45,5566.49,5251.17,5335.1,266,69
20230216,72,11494.01,11486.86,11952.36,11471.34,11601.14,144,47
20230216,73,23.1,22.76,23.97,22.56,23.1,233,53
20230216,74,4.47,4.59,4.59,4.32,4.49,190,64
20230216,75,5942.95,6163.88,6240.3,5761.24,6027.09,272,66
20230216,76,22.64,21.92,22.9,20.52,22.0,274,51
20230216,77,17855.86,17463.85,18758.61,16740.03,17704.59,277,62
20230216,78,5.12,4.9,5.21,4.72,4.99,183,60
20230216,79,150.08,151.38,152.5,145.42,149.84,203,59
20230216,80,122.26,117.45,123.24,117.12,120.02,95,29
20230216,81,12.58,13.51,13.7,11.84,12.91,189,46
20230216,82,160.89,164.84,167.83,157.06,162.66,207,55
20230216,83,20.53,18.46,21.44,17.66,19.52,233,59
20230216,84,11.92,11.22,11.92,11.11,11.54,219,65
20230216,85,83.01,83.4,84.75,82.94,83.52,213,45
20230216,86,25671.51,24701.84,25881.09,23938.13,25048.14,198,58
20230216,87,351.5,362.21,373.62,351.0,359.58,131,31
20230216,88,38.24,37.13,38.36,36.95,37.67,192,39
20230216,89,21.56,22.11,22.17,20.45,21.57,203,68
20230216,90,49.04,47.84,50.81,45.57,48.32,194,46
20230216,91,3313.94,3540.97,3723.99,3244.48,3455.85,96,38
20230216,92,18.35,18.62,18.78,18.0,18.44,278,65
20230216,93,75.64,70.17,77.03,64.59,71.86,316,60
20230216,94,1060.07,1109.97,1122.42,1019.4,1077.96,105,32
20230216,95,421.34,435.59,439.72,401.82,424.62,185,44
20230216,96,330.89,336.72,336.84,330.28,333.68,178,55
20230216,97,31.16,31.55,32.23,30.28,31.31,191,50
20230216,98,1663.52,1594.98,1664.71,1500.43,1605.91,288,69
20230216,99,48.06,44.08,48.52,42.4,45.77,136,32
20230216,100,41.24,40.57,41.46,39.71,40.75,319,51
20230216,101,21.25,21.54,22.25,21.09,21.53,190,75
20230216,102,12.37,12.43,12.66,12.22,12.42,177,45
20230216,103,1446.07,1494.91,1495.77,1378.42,1453.79,99,24
20230216,104,639.91,652.26,698.17,623.14,653.37,131,54
20230216,105,7383.41,7236.11,7431.77,7142.6,7298.47,311,72
20230216,106,153.59,157.09,160.05,143.78,153.63,296,43
20230216,107,125.79,132.7,133.81,124.34,129.16,156,32
20230216,108,354.72,347.31,357.95,333.61,348.4,136,37
20230216,109,742.1,722.02,747.1,712.82,731.01,144,48
20230216,110,873.59,870.72,879.68,858.99,870.75,181,52
20230216,111,2.61,2.38,2.72,2.36,2.52,194,61
20230216,112,14950.93,14813.21,15303.81,14654.93,14930.72,285,60
20230216,113,7.85,7.91,8.21,7.67,7.91,212,58
20230216,114,1046.82,1037.08,1098.89,993.48,1044.07,318,46
20230216,115,3697.07,3726.62,3776.1,3562.19,3690.5,213,64
20230216,116,999.51,983.63,1034.53,974.77,998.11,152,36
20230216,117,8.26,7.39,8.67,7.35,7.92,215,63
20230216,118,16.09,16.97,17.08,15.94,16.52,223,67
20230216,119,84.98,80.67,91.03,78.11,83.7,160,45
20230216,120,542.57,518.93,546.94,512.88,530.33,276,59
20230216,121,2141.32,2229.07,2397.98,2017.76,2196.54,288,65
20230216,122,12126.89,12487.84,12796.39,11951.36,12340.62,248,56
20230216,123,3.41,3.43,3.5,3.36,3.43,288,57
20230216,124,24.33,24.74,25.27,24.04,24.59,183,46
20230216,125,264.09,249.76,274.22,235.88,255.99,115,32
20230216,126,93413.57,90070.53,98153.3,88605.32,92560.68,206,53
20230216,127,207.54,209.3,210.68,198.72,206.56,136,29
20230216,128,239.54,229.52,240.58,220.3,232.48,108,35
20230216,129,13856.48,13052.27,14154.44,12944.05,13501.81,117,34
20230216,130,103.47,100.87,104.95,98.42,101.93,258,48
20230216,131,214.15,213.81,223.44,213.35,216.19,253,49
20230216,132,3040.9,3052.64,3141.63,2971.43,3051.65,255,51
20230216,133,68.74,64.33,69.28,63.23,66.4,183,47
20230216,134,1561.38,1383.27,1581.51,1354.31,1470.12,195,65
20230216,135,420.23,422.23,442.96,417.43,425.71,147,36
20230216,136,220.53,212.13,222.31,188.2,210.79,172,40
20230216,137,173.2,168.07,173.52,167.05,170.46,123,45
20230216,138,2.48,2.23,2.51,2.22,2.36,307,64
20230216,139,6842.79,7124.39,7131.41,6753.51,6963.02,297,45
20230216,140,185.53,184.36,186.25,174.87,182.75,250,54
20230216,141,29.01,29.26,30.42,28.21,29.22,164,38
20230216,142,67.04,66.89,70.42,65.46,67.46,199,75
20230216,143,9376.76,8416.08,9644.23,7965.68,8850.69,311,72
20230216,144,3.42,3.23,3.46,3.0,3.28,185,56
20230216,145,1512.54,1448.85,1592.42,1448.71,1500.63,261,51
20230216,146,26451.58,24978.37,28400.75,24141.52,25993.06,188,59
20230216,147,639.9,620.02,678.38,614.18,638.12,60,17
20230216,148,96.49,95.85,97.0,93.24,95.65,292,59
20230216,149,2.24,2.27,2.32,2.13,2.24,293,69
20230216,150,4.66,4.3,4.79,4.26,4.5,294,65
20230216,151,12.95,12.6,13.07,12.51,12.78,235,46
20230216,152,14.58,14.54,14.69,13.86,14.42,216,53
20230216,153,63490.76,59777.38,63950.67,58378.07,61399.22,241,63
20230216,154,1353.4,1317.63,1357.05,1276.8,1326.22,142,31
20230216,155,90.99,89.59,93.51,88.63,90.68,212,55
20230216,156,73.82,72.76,75.88,71.35,73.45,260,57
20230216,157,1930.49,1934.2,1938.94,1922.3,1931.48,219,67
20230216,158,23.08,22.54,24.29,22.51,23.1,206,55
20230216,159,15349.11,15129.13,15728.11,14300.75,15126.77,229,68
20230216,160,57.72,54.14,57.99,54.09,55.98,309,51
20230216,161,10.6,10.56,10.72,10.22,10.52,235,61
20230216,162,139.14,137.9,145.41,130.8,138.31,178,55
20230216,163,168.26,159.27,170.66,155.08,163.32,259,47
20230216,164,48.72,49.72,49.77,46.78,48.75,134,42
20230216,165,34.84,35.73,37.73,34.75,35.76,231,46
20230216,166,33.3,31.9,33.63,31.43,32.57,228,61
20230216,167,0.77,0.71,0.79,0.69,0.74,209,48
20230216,168,30.33,28.86,30.61,27.8,29.4,311,56
20230216,169,32.19,29.82,32.65,29.28,30.98,254,64
20230216,170,2950.29,3123.97,3172.49,2903.16,3037.48,25,13
20230216,171,52.37,50.1,54.65,49.0,51.53,287,65
20230216,172,41.62,39.15,42.62,38.95,40.59,274,40
20230216,173,17.33,15.8,17.35,15.73,16.55,164,44
20230216,174,56.49,54.07,58.63,52.93,55.53,152,28
20230216,175,5940.11,5653.75,6200.58,5497.26,5822.93,171,54
20230216,176,37.06,40.48,42.43,37.02,39.25,193,58
20230216,177,50.98,47.59,53.16,46.66,49.6,245,50
20230216,178,365.15,336.81,369.56,319.39,347.73,142,44
20230216,179,5.75,5.76,6.03,5.66,5.8,187,63
20230216,180,346.35,333.94,359.88,330.6,342.69,145,21
20230216,181,40637.51,39637.72,42397.65,39529.55,40550.61,328,57
20230216,182,22.82,22.79,23.49,22.59,22.93,138,36
20230216,183,27.0,26.5,27.34,25.79,26.66,306,57
20230216,184,10.91,10.62,11.09,10.44,10.77,317,55
20230216,185,2052.05,1895.79,2086.05,1863.88,1974.44,208,54
20230216,186,58719.8,54038.88,58744.06,53147.4,56162.53,199,55
20230216,187,1219.56,1174.72,1222.93,1117.83,1183.76,203,55
20230216,188,289.72,265.03,307.09,261.53,280.84,228,68
20230216,189,4.1,4.14,4.24,4.07,4.14,208,69
20230216,190,5.05,4.61,5.39,4.54,4.9,200,57
20230216,191,26.32,25.69,26.39,23.02,25.36,155,41
20230216,192,2143.19,2071.21,2153.49,1979.64,2086.88,149,42
20230216,193,23.85,23.4,23.86,23.34,23.61,259,59
20230216,194,20.22,20.17,20.47,20.07,20.23,285,49
20230216,195,3979.91,3806.9,3984.22,3797.55,3892.14,194,52
20230216,196,80.18,76.73,81.16,74.39,78.12,93,31
20230216,197,298.8,303.22,323.99,296.78,305.7,272,49
20230216,198,428.05,411.56,438.15,397.69,418.86,205,59
20230216,199,1318.47,1369.12,1435.37,1307.26,1357.56,105,31
20230216,200,91.92,88.88,95.13,88.47,91.1,164,45
20230217,1,65.41,65.01,66.22,64.53,65.29,260,45
20230217,2,72.6,71.19,75.87,71.04,72.68,155,43
20230217,3,150.33,153.79,157.35,143.18,151.16,144,43
20230217,4,9365.7,9225.94,9474.64,9065.92,9283.05,101,48
20230217,5,52.93,53.27,60.19,52.65,54.76,201,39
20230217,6,14.32,15.01,15.29,14.14,14.69,306,59
20230217,7,488.26,499.53,500.57,487.67,494.01,247,46
20230217,8,3.57,3.6,3.7,3.51,3.6,238,46
20230217,9,10604.71,9945.95,10851.83,9765.17,10291.92,297,65
20230217,10,33.87,31.91,34.54,29.79,32.53,88,33
20230217,11,35.85,35.86,37.73,35.64,36.27,256,45
20230217,12,491.6,501.44,510.38,449.91,488.33,85,22
20230217,13,1.57,1.54,1.6,1.44,1.54,214,64
20230217,14,56.78,55.71,57.28,54.87,56.16,253,53
20230217,15,9117.79,9522.73,9992.74,9052.27,9421.38,205,59
20230217,16,1.59,1.63,1.7,1.57,1.62,234,55
20230217,17,4399.51,4510.79,4615.61,4276.27,4450.55,195,69
20230217,18,240.7,233.05,242.72,232.13,237.15,188,59
20230217,19,4843.46,4665.49,5147.28,4496.57,4788.2,208,60
20230217,20,372.55,384.22,386.23,352.89,373.97,131,27
20230217,21,22.69,22.12,23.94,21.72,22.62,228,65
20230217,22,2351.39,2267.62,2517.66,2254.63,2347.82,210,63
20230217,23,782.85,746.86,798.05,731.93,764.92,145,41
20230217,24,84.83,81.8,87.81,77.55,83.0,208,69
20230217,25,76.24,78.76,83.37,74.22,78.14,155,24
20230217,26,49.49,46.35,49.87,44.82,47.63,285,33
20230217,27,34.44,35.04,35.06,33.74,34.57,311,57
20230217,28,13322.68,12991.36,13439.55,12697.16,13112.69,249,65
20230217,29,69.63,68.77,72.51,66.24,69.29,183,43
20230217,30,1475.52,1466.76,1534.44,1441.88,1479.65,124,33
20230217,31,242.85,235.73,252.69,228.39,239.91,117,33
20230217,32,149.14,145.59,157.86,142.04,148.66,167,53
20230217,33,62.83,61.74,65.42,59.68,62.42,164,56
20230217,34,18.0,17.54,18.26,16.92,17.68,217,62
20230217,35,55.03,59.28,59.76,54.47,57.13,245,57
20230217,36,97.56,96.08,99.82,95.37,97.21,139,34
20230217,37,11.05,11.15,11.33,10.62,11.04,259,48
20230217,38,142.81,133.44,144.23,131.57,138.01,192,45
20230217,39,71.43,68.55,76.37,66.93,70.82,239,64
20230217,40,26.54,24.57,26.95,24.45,25.63,117,52
20230217,41,10573.67,10670.68,11048.82,10509.63,10700.7,38,11
20230217,42,5041.56,4913.32,5060.19,4761.24,4944.08,304,60
20230217,43,2590.25,2208.41,2608.5,2131.0,2384.54,232,59
20230217,44,41.34,41.68,44.05,39.66,41.68,203,55
20230217,45,54.51,55.15,56.32,54.48,55.11,298,56
20230217,46,520.61,500.36,523.2,493.49,509.41,168,57
20230217,47,102.17,106.56,107.61,98.67,103.75,200,62
20230217,48,481.17,435.24,481.87,421.48,454.94,211,41
20230217,49,57.44,61.95,62.46,55.48,59.33,152,59
20230217,50,1025.1,1066.35,1069.2,1015.81,1044.12,192,60
20230217,51,562.82,542.2,589.31,504.4,549.69,267,54
20230217,52,69.75,68.2,71.44,65.97,68.84,176,56
20230217,53,1261.28,1332.05,1335.04,1247.93,1294.08,160,44
20230217,54,10.61,10.66,10.94,10.52,10.68,142,46
20230217,55,16.34,15.67,16.7,15.31,16.0,234,63
20230217,56,170.56,159.09,175.42,156.86,165.48,179,41
20230217,57,62.55,66.14,69.3,60.16,64.54,175,66
20230217,58,2.26,2.29,2.45,2.25,2.31,221,51
20230217,59,26099.17,26135.29,26160.21,24319.97,25678.66,272,71
20230217,60,2497.77,2471.78,2601.07,2445.21,2503.96,166,55
20230217,61,563.0,570.91,574.02,552.23,565.04,203,35
20230217,62,40.75,40.92,41.91,40.42,41.0,180,51
20230217,63,1650.89,1493.44,1671.64,1441.91,1564.47,301,56
20230217,64,5737.11,5611.35,5997.13,5467.92,5703.38,203,47
20230217,65,7.02,6.83,7.07,6.62,6.88,199,65
20230217,66,6956.43,6864.61,7399.41,6855.5,7018.99,167,48
20230217,67,87.8,88.52,90.11,86.43,88.22,145,42
20230217,68,98.07,91.23,100.5,90.34,95.04,259,53
20230217,69,11460.72,10811.21,11633.43,10439.42,11086.19,260,38
20230217,70,2.76,2.66,2.82,2.61,2.71,304,64
20230217,71,5257.45,5253.68,5262.8,5140.58,5228.63,297,64
20230217,72,11486.86,11787.5,12101.52,11409.61,11696.37,126,39
20230217,73,22.76,24.6,24.87,22.24,23.62,237,50
20230217,74,4.59,4.47,4.76,4.41,4.56,161,47
20230217,75,6163.88,6270.99,6364.78,5879.26,6169.73,294,76
20230217,76,21.92,22.07,22.28,20.25,21.63,298,64
20230217,77,17463.85,17421.37,17654.62,16491.58,17257.86,301,70
20230217,78,4.9,4.88,5.07,4.84,4.92,181,58
20230217,79,151.38,147.49,154.7,146.68,150.06,210,49
20230217,80,117.45,114.87,120.23,111.35,115.98,96,25
20230217,81,13.51,12.3,13.85,12.26,12.98,175,50
20230217,82,164.84,165.32,168.14,157.79,164.02,215,57
20230217,83,18.46,18.0,18.65,17.02,18.03,217,63
20230217,84,11.22,10.86,11.38,10.47,10.98,202,52
20230217,85,83.4,85.13,87.9,80.37,84.2,213,40
20230217,86,24701.84,24170.67,25404.1,23619.73,24474.09,196,68
20230217,87,362.21,339.9,369.22,320.94,348.07,134,45
20230217,88,37.13,36.6,37.18,35.65,36.64,207,31
20230217,89,22.11,22.17,22.8,21.72,22.2,207,67
20230217,90,47.84,45.28,48.22,43.81,46.29,181,52
20230217,91,3540.97,3482.09,3578.99,3444.13,3511.55,104,29
20230217,92,18.62,18.5,18.99,17.96,18.52,307,59
20230217,93,70.17,67.69,70.31,63.97,68.03,315,60
20230217,94,1109.97,1068.93,1168.31,1064.96,1103.04,109,36
20230217,95,435.59,405.05,437.18,384.53,415.59,210,45
20230217,96,336.72,338.24,350.6,322.21,336.94,170,41
20230217,97,31.55,29.6,31.75,28.21,30.28,174,45
20230217,98,1594.98,1733.71,1734.81,1576.79,1660.07,275,70
20230217,99,44.08,44.46,45.68,43.64,44.46,135,47
20230217,100,40.57,39.43,42.42,39.22,40.41,295,69
20230217,101,21.54,21.75,21.95,20.98,21.56,211,58
20230217,102,12.43,11.86,12.67,11.46,12.11,208,52
20230217,103,1494.91,1418.49,1503.05,1411.55,1457.0,120,31
20230217,104,652.26,594.94,669.99,594.62,627.95,139,38
20230217,105,7236.11,7518.81,7736.79,7094.94,7396.66,300,55
20230217,106,157.09,165.04,168.83,154.5,161.36,296,67
20230217,107,132.7,122.85,133.22,117.7,126.62,150,33
20230217,108,347.31,333.36,353.47,306.41,335.14,153,29
20230217,109,722.02,718.01,732.84,697.74,717.65,165,47
20230217,110,870.72,851.06,909.97,847.57,869.83,168,60
20230217,111,2.38,2.4,2.42,2.25,2.36,196,60
20230217,112,14813.21,14570.52,15036.08,14273.35,14673.29,293,54
20230217,113,7.91,7.92,8.4,7.58,7.95,209,66
20230217,114,1037.08,990.53,1070.0,982.34,1019.99,298,56
20230217,115,3726.62,3755.55,3894.18,3588.57,3741.23,213,67
20230217,116,983.63,934.66,1014.73,923.11,964.03,150,42
20230217,117,7.39,7.1,7.68,6.9,7.27,239,74
20230217,118,16.97,15.64,17.23,15.02,16.21,233,47
20230217,119,80.67,77.4,83.01,75.74,79.2,152,48
20230217,120,518.93,503.39,526.87,486.33,508.88,295,72
20230217,121,2229.07,2283.35,2357.54,2219.73,2272.42,325,57
20230217,122,12487.84,12368.67,12497.93,12051.89,12351.58,239,44
20230217,123,3.43,3.46,3.62,3.33,3.46,293,68
20230217,124,24.74,24.5,25.66,24.41,24.83,171,64
20230217,125,249.76,228.71,250.27,218.23,236.74,84,36
20230217,126,90070.53,81686.36,92839.89,79403.49,86000.07,195,59
20230217,127,209.3,200.78,217.09,199.42,206.65,143,21
20230217,128,229.52,231.65,234.57,229.43,231.29,107,23
20230217,129,13052.27,12861.51,13516.94,12763.24,13048.49,144,44
20230217,130,100.87,95.83,105.11,94.2,99.0,255,61
20230217,131,213.81,212.04,217.68,197.72,210.31,258,50
20230217,132,3052.64,2971.02,3216.01,2910.5,3037.54,261,53
20230217,133,64.33,67.29,68.02,64.23,65.97,181,67
20230217,134,1383.27,1451.81,1470.46,1348.77,1413.58,199,58
20230217,135,422.23,404.52,431.8,398.43,414.25,166,35
20230217,136,212.13,217.71,217.92,204.69,213.11,190,54
20230217,137,168.07,171.57,182.53,158.7,170.22,130,39
20230217,138,2.23,2.28,2.39,2.16,2.26,307,56
20230217,139,7124.39,7600.66,7619.45,7002.23,7336.68,294,55
20230217,140,184.36,181.95,186.94,174.57,181.96,239,34
20230217,141,29.26,30.75,32.8,27.05,29.97,148,54
20230217,142,66.89,63.35,67.06,61.21,64.63,231,62
20230217,143,8416.08,8120.3,8672.96,7946.22,8288.89,275,75
20230217,144,3.23,2.95,3.34,2.95,3.12,191,72
20230217,145,1448.85,1437.44,1477.32,1382.98,1436.65,246,56
20230217,146,24978.37,25190.0,25283.35,24716.34,25042.02,201,64
20230217,147,620.02,552.33,633.16,549.27,588.7,87,16
20230217,148,95.85,95.75,101.56,93.92,96.77,285,59
20230217,149,2.27,2.27,2.28,2.18,2.25,286,70
20230217,150,4.3,4.37,4.42,4.22,4.33,326,57
20230217,151,12.6,11.83,12.96,11.58,12.24,244,44
20230217,152,14.54,14.64,14.77,14.45,14.6,203,66
20230217,153,59777.38,59195.62,60401.19,58570.25,59486.11,227,45
20230217,154,1317.63,1336.86,1338.63,1316.57,1327.42,148,23
20230217,155,89.59,87.48,90.26,86.17,88.38,215,57
20230217,156,72.76,73.45,73.82,70.64,72.67,279,60
20230217,157,1934.2,1981.08,1983.97,1796.44,1923.92,209,51
20230217,158,22.54,21.84,23.09,20.95,22.1,221,71
20230217,159,15129.13,15458.26,16193.18,15122.43,15475.75,212,66
20230217,160,54.14,56.93,56.95,53.21,55.31,300,63
20230217,161,10.56,10.45,10.76,10.23,10.5,236,64
20230217,162,137.9,132.48,143.85,131.59,136.46,161,49
20230217,163,159.27,163.94,167.12,152.01,160.58,248,43
20230217,164,49.72,52.69,54.12,49.17,51.42,152,44
20230217,165,35.73,36.73,39.32,33.36,36.28,215,63
20230217,166,31.9,32.73,35.46,31.05,32.78,196,68
20230217,167,0.71,0.6,0.71,0.59,0.65,225,51
20230217,168,28.86,27.96,30.3,27.59,28.68,306,68
20230217,169,29.82,29.58,30.4,28.09,29.47,235,45
20230217,170,3123.97,3069.39,3320.67,3049.11,3140.78,39,9
20230217,171,50.1,52.52,54.58,49.13,51.58,290,56
20230217,172,39.15,36.99,41.38,35.42,38.24,240,51
20230217,173,15.8,18.06,19.06,14.69,16.9,147,51
20230217,174,54.07,52.41,56.43,51.31,53.55,149,43
20230217,175,5653.75,5433.55,5706.15,5214.01,5501.86,173,51
20230217,176,40.48,42.62,43.92,39.55,41.64,180,43
20230217,177,47.59,49.29,49.39,46.1,48.09,285,59
20230217,178,336.81,345.8,350.46,336.76,342.46,142,37
20230217,179,5.76,5.52,5.95,5.24,5.62,226,66
20230217,180,333.94,332.75,346.17,324.86,334.43,130,30
20230217,181,39637.72,37780.26,40377.71,37769.43,38891.28,310,47
20230217,182,22.79,21.76,23.38,21.71,22.41,131,40
20230217,183,26.5,26.03,27.34,25.52,26.35,274,57
20230217,184,10.62,10.14,10.77,9.85,10.34,277,63
20230217,185,1895.79,1960.31,1994.93,1851.89,1925.73,194,78
20230217,186,54038.88,53028.35,55110.76,51577.08,53438.77,205,56
20230217,187,1174.72,1169.85,1197.21,1116.75,1164.63,187,45
20230217,188,265.03,249.49,273.73,240.97,257.31,214,67
20230217,189,4.14,4.33,4.37,3.95,4.2,222,66
20230217,190,4.61,4.5,4.63,4.44,4.55,201,65
20230217,191,25.69,26.68,26.77,25.36,26.13,131,34
20230217,192,2071.21,2118.7,2168.35,2026.41,2096.17,153,31
20230217,193,23.4,22.81,24.12,22.27,23.15,233,49
20230217,194,20.17,19.98,20.58,19.88,20.15,283,54
20230217,195,3806.9,3663.86,3809.26,3588.43,3717.11,202,72
20230217,196,76.73,78.1,79.96,75.98,77.69,104,27
20230217,197,303.22,293.68,315.25,286.59,299.69,313,49
20230217,198,411.56,398.76,434.88,391.32,409.13,217,52
20230217,199,1369.12,1350.88,1371.98,1335.44,1356.85,90,29
20230217,200,88.88,82.56,89.83,80.64,85.48,173,22
20230218,1,65.01,71.66,74.11,64.34,68.78,356,59
20230218,2,71.19,74.13,76.55,69.95,72.95,193,44
20230218,3,153.79,160.51,165.38,149.71,157.35,173,41
20230218,4,9225.94,9938.84,10182.89,8892.76,9560.11,154,38
20230218,5,53.27,58.62,58.73,52.99,55.9,272,39
20230218,6,15.01,16.0,16.36,14.5,15.47,429,52
20230218,7,499.53,519.31,532.15,479.5,507.62,387,43
20230218,8,3.6,3.57,3.63,3.5,3.58,299,57
20230218,9,9945.95,11870.65,11890.0,9931.6,10909.55,445,66
20230218,10,31.91,33.04,33.31,31.47,32.43,139,25
20230218,11,35.86,38.6,40.7,34.51,37.42,324,55
20230218,12,501.44,527.97,557.59,488.74,518.94,136,21
20230218,13,1.54,1.49,1.61,1.46,1.52,294,61
20230218,14,55.71,61.46,63.58,54.41,58.79,353,48
20230218,15,9522.73,9898.25,10069.7,8999.49,9622.54,281,54
20230218,16,1.63,1.63,1.71,1.54,1.63,293,57
20230218,17,4510.79,4391.54,4522.14,4223.79,4412.07,287,61
20230218,18,233.05,229.39,248.4,220.85,232.92,251,54
20230218,19,4665.49,4850.65,4893.16,4542.82,4738.03,291,63
20230218,20,384.22,389.58,395.29,368.23,384.33,156,41
20230218,21,22.12,21.95,22.89,20.94,21.98,270,70
20230218,22,2267.62,2288.5,2403.05,2213.49,2293.17,286,63
20230218,23,746.86,832.49,874.72,728.81,795.72,222,44
20230218,24,81.8,86.9,89.92,80.74,84.84,301,60
20230218,25,78.76,91.25,91.47,74.7,84.05,227,36
20230218,26,46.35,48.78,49.34,45.34,47.45,336,51
20230218,27,35.04,38.2,38.64,33.34,36.31,427,59
20230218,28,12991.36,14315.6,14822.51,12679.06,13702.13,337,53
20230218,29,68.77,72.2,74.68,67.56,70.8,230,48
20230218,30,1466.76,1577.85,1610.52,1409.62,1516.19,187,35
20230218,31,235.73,240.67,245.99,229.52,237.98,208,31
20230218,32,145.59,141.37,155.55,133.62,144.03,228,52
20230218,33,61.74,62.23,63.08,60.9,61.99,252,50
20230218,34,17.54,18.55,19.11,17.3,18.12,332,54
20230218,35,59.28,68.3,68.33,56.43,63.09,355,57
20230218,36,96.08,105.12,106.7,94.76,100.66,196,39
20230218,37,11.15,12.75,13.27,10.8,11.99,346,54
20230218,38,133.44,133.94,139.7,129.09,134.04,274,60
20230218,39,68.55,70.83,71.16,65.06,68.9,283,69
20230218,40,24.57,25.11,25.29,24.3,24.82,202,39
20230218,41,10670.68,10979.47,11061.41,10474.86,10796.6,39,7
20230218,42,4913.32,5576.04,5831.8,4902.81,5305.99,413,65
20230218,43,2208.41,2335.1,2423.08,2132.17,2274.69,313,69
20230218,44,41.68,42.85,43.29,41.0,42.2,257,61
20230218,45,55.15,61.59,64.72,53.41,58.72,406,56
20230218,46,500.36,493.03,505.04,486.15,496.15,249,43
20230218,47,106.56,111.83,112.06,106.01,109.11,300,66
20230218,48,435.24,437.38,439.68,418.65,432.74,320,64
20230218,49,61.95,64.75,66.12,60.23,63.26,227,50
20230218,50,1066.35,1085.39,1152.3,1045.13,1087.29,273,49
20230218,51,542.2,614.14,617.89,535.75,577.5,421,53
20230218,52,68.2,71.99,72.11,65.3,69.4,241,52
20230218,53,1332.05,1466.45,1510.36,1324.09,1408.24,249,58
20230218,54,10.66,10.38,10.77,10.2,10.5,197,40
20230218,55,15.67,17.35,17.76,15.65,16.61,354,46
20230218,56,159.09,171.19,173.51,158.89,165.67,254,53
20230218,57,66.14,62.51,69.67,60.35,64.67,234,45
20230218,58,2.29,2.43,2.46,2.28,2.37,313,51
20230218,59,26135.29,31244.99,31712.33,25788.3,28720.23,406,59
20230218,60,2471.78,2587.49,2624.44,2434.58,2529.57,218,52
20230218,61,570.91,641.26,645.79,565.65,605.9,263,32
20230218,62,40.92,41.9,43.32,40.07,41.55,264,48
20230218,63,1493.44,1626.12,1640.18,1482.78,1560.63,447,54
20230218,64,5611.35,6174.6,6397.08,5601.45,5946.12,358,42
20230218,65,6.83,7.25,7.42,6.77,7.07,296,69
20230218,66,6864.61,6762.02,6967.45,6562.16,6789.06,250,53
20230218,67,88.52,85.61,89.38,84.53,87.01,220,41
20230218,68,91.23,103.28,104.05,90.21,97.19,367,56
20230218,69,10811.21,12502.52,12778.31,10563.63,11663.91,349,58
20230218,70,2.66,2.86,2.95,2.62,2.77,431,55
20230218,71,5253.68,5740.56,5768.03,5111.71,5468.49,376,63
20230218,72,11787.5,11944.62,12022.32,11305.16,11764.9,203,34
20230218,73,24.6,26.25,27.86,24.37,25.77,347,47
20230218,74,4.47,4.13,4.57,4.04,4.3,249,56
20230218,75,6270.99,6564.53,6750.99,6255.71,6460.56,391,65
20230218,76,22.07,24.01,24.23,22.01,23.08,414,52
20230218,77,17421.37,19045.68,19106.85,17059.66,18158.39,403,74
20230218,78,4.88,5.18,5.32,4.83,5.05,286,62
20230218,79,147.49,154.36,155.07,145.1,150.51,278,65
20230218,80,114.87,118.45,118.69,106.42,114.61,158,30
20230218,81,12.3,11.8,13.24,11.34,12.17,240,48
20230218,82,165.32,170.56,176.23,160.85,168.24,307,54
20230218,83,18.0,17.92,18.54,17.12,17.9,300,52
20230218,84,10.86,11.4,11.48,10.78,11.13,295,59
20230218,85,85.13,94.75,95.75,84.0,89.91,279,54
20230218,86,24170.67,25776.64,26028.17,22954.78,24732.57,310,70
20230218,87,339.9,342.09,358.55,339.65,345.05,165,37
20230218,88,36.6,42.26,45.01,35.32,39.8,287,40
20230218,89,22.17,23.71,24.24,22.09,23.05,293,65
20230218,90,45.28,46.34,47.65,45.23,46.13,224,58
20230218,91,3482.09,3557.44,3587.8,3300.92,3482.06,154,26
20230218,92,18.5,19.79,20.45,18.04,19.2,423,54
20230218,93,67.69,77.96,81.16,66.25,73.26,391,55
20230218,94,1068.93,1115.3,1123.51,1042.93,1087.67,138,35
20230218,95,405.05,444.18,454.04,375.34,419.65,298,41
20230218,96,338.24,359.83,366.59,334.45,349.78,246,55
20230218,97,29.6,30.89,31.74,29.6,30.46,238,47
20230218,98,1733.71,2016.94,2035.32,1694.05,1870.0,408,66
20230218,99,44.46,48.03,48.33,44.3,46.28,176,30
20230218,100,39.43,44.67,45.64,39.37,42.28,420,58
20230218,101,21.75,21.52,22.02,21.5,21.7,256,57
20230218,102,11.86,12.67,13.41,11.47,12.35,233,53
20230218,103,1418.49,1487.1,1494.92,1339.98,1435.12,127,28
20230218,104,594.94,591.78,604.86,576.06,591.91,199,43
20230218,105,7518.81,8153.36,8325.44,7270.1,7816.93,414,58
20230218,106,165.04,166.54,172.25,164.81,167.16,428,59
20230218,107,122.85,140.43,140.99,116.83,130.28,213,31
20230218,108,333.36,386.68,388.57,328.6,359.3,202,36
20230218,109,718.01,725.83,772.1,676.45,723.1,246,51
20230218,110,851.06,883.61,904.53,849.15,872.09,251,44
20230218,111,2.4,2.48,2.55,2.4,2.46,304,53
20230218,112,14570.52,15760.91,16082.26,14563.74,15244.36,415,64
20230218,113,7.92,8.09,8.27,7.87,8.04,302,50
20230218,114,990.53,1070.66,1136.25,974.88,1043.08,436,60
20230218,115,3755.55,3825.81,3857.78,3736.95,3794.02,301,66
20230218,116,934.66,930.04,988.53,914.92,942.04,202,41
20230218,117,7.1,7.3,7.34,6.78,7.13,290,53
20230218,118,15.64,16.25,16.27,15.09,15.81,318,49
20230218,119,77.4,76.53,81.03,74.51,77.37,238,55
20230218,120,503.39,558.74,574.12,479.22,528.87,379,69
20230218,121,2283.35,2463.04,2466.73,2230.96,2361.02,440,55
20230218,122,12368.67,14211.46,14441.49,11864.56,13221.55,341,46
20230218,123,3.46,3.79,3.84,3.26,3.59,480,67
20230218,124,24.5,25.63,25.66,23.41,24.8,239,51
20230218,125,228.71,234.69,235.36,213.18,227.99,172,37
20230218,126,81686.36,85821.29,88000.58,78141.86,83412.52,292,62
20230218,127,200.78,221.98,223.15,199.95,211.47,209,41
20230218,128,231.65,247.86,255.05,222.36,239.23,161,30
20230218,129,12861.51,13972.63,14136.9,12644.43,13403.87,197,38
20230218,130,95.83,105.86,107.92,89.99,99.9,329,52
20230218,131,212.04,248.39,256.84,205.12,230.6,338,51
20230218,132,2971.02,3438.64,3470.63,2933.6,3203.47,367,45
20230218,133,67.29,66.42,69.53,63.9,66.79,242,58
20230218,134,1451.81,1471.61,1478.53,1350.96,1438.23,298,62
20230218,135,404.52,416.16,433.65,393.55,411.97,204,37
20230218,136,217.71,241.75,244.14,213.47,229.27,250,54
20230218,137,171.57,166.69,175.29,161.31,168.72,197,35
20230218,138,2.28,2.37,2.4,2.26,2.33,408,48
20230218,139,7600.66,7998.94,8067.52,7486.32,7788.36,371,63
20230218,140,181.95,187.07,187.79,178.79,183.9,353,44
20230218,141,30.75,31.81,32.77,30.47,31.45,230,49
20230218,142,63.35,62.45,66.17,60.8,63.19,315,58
20230218,143,8120.3,8414.42,8488.31,8085.43,8277.11,432,57
20230218,144,2.95,3.08,3.19,2.91,3.03,303,63
20230218,145,1437.44,1569.9,1578.25,1403.78,1497.34,318,43
20230218,146,25190.0,23699.96,26371.28,22637.46,24474.68,321,58
20230218,147,552.33,556.61,576.3,547.58,558.21,93,22
20230218,148,95.75,104.95,105.56,95.51,100.44,447,60
20230218,149,2.27,2.41,2.47,2.22,2.34,404,65
20230218,150,4.37,4.76,4.78,4.36,4.57,412,64
20230218,151,11.83,13.56,14.04,11.5,12.73,340,46
20230218,152,14.64,16.09,16.97,14.02,15.43,302,64
20230218,153,59195.62,64279.58,65992.52,57621.96,61772.42,355,56
20230218,154,1336.86,1395.31,1484.25,1267.2,1370.91,195,39
20230218,155,87.48,87.74,92.05,86.01,88.32,321,62
20230218,156,73.45,81.44,85.95,68.89,77.43,348,55
20230218,157,1981.08,1989.51,1991.51,1966.55,1982.16,271,56
20230218,158,21.84,22.88,23.04,21.75,22.38,309,58
20230218,159,15458.26,17508.79,17513.0,14874.82,16338.72,277,66
20230218,160,56.93,58.77,60.18,55.19,57.77,401,63
20230218,161,10.45,11.35,11.86,10.44,11.02,359,58
20230218,162,132.48,143.59,146.57,131.86,138.62,263,45
20230218,163,163.94,178.11,181.13,161.89,171.27,325,43
20230218,164,52.69,55.38,57.67,51.99,54.43,266,53
20230218,165,36.73,40.28,41.16,36.14,38.58,352,64
20230218,166,32.73,35.05,35.78,32.35,33.98,307,59
20230218,167,0.6,0.7,0.71,0.6,0.65,306,61
20230218,168,27.96,31.46,31.63,27.89,29.74,431,51
20230218,169,29.58,31.58,32.63,28.44,30.56,346,55
20230218,170,3069.39,3020.47,3216.22,2825.06,3032.78,49,18
20230218,171,52.52,60.62,60.9,51.31,56.34,441,53
20230218,172,36.99,38.67,39.1,36.47,37.81,341,52
20230218,173,18.06,18.67,19.15,17.96,18.46,207,40
20230218,174,52.41,45.33,55.59,43.85,49.29,178,48
20230218,175,5433.55,5277.04,5581.86,5269.73,5390.54,244,46
20230218,176,42.62,45.85,46.19,42.12,44.19,258,48
20230218,177,49.29,54.33,56.08,48.96,52.16,332,49
20230218,178,345.8,349.19,352.73,339.75,346.87,202,36
20230218,179,5.52,5.46,5.69,5.35,5.5,295,59
20230218,180,332.75,334.47,335.89,318.58,330.42,203,38
20230218,181,37780.26,43281.59,43366.27,37108.96,40384.27,423,47
20230218,182,21.76,21.94,22.08,21.32,21.77,180,44
20230218,183,26.03,26.92,28.43,25.53,26.73,430,58
20230218,184,10.14,11.15,11.2,10.11,10.65,424,47
20230218,185,1960.31,2033.98,2078.66,1861.19,1983.53,281,56
20230218,186,53028.35,54748.4,54823.44,52012.94,53653.28,296,46
20230218,187,1169.85,1219.32,1260.42,1164.55,1203.53,305,77
20230218,188,249.49,260.01,269.03,247.21,256.43,273,66
20230218,189,4.33,4.32,4.4,4.17,4.3,320,81
20230218,190,4.5,4.69,4.76,4.33,4.57,333,68
20230218,191,26.68,27.96,27.99,26.59,27.31,177,39
20230218,192,2118.7,2365.48,2509.43,2090.9,2271.13,212,36
20230218,193,22.81,25.96,26.1,21.73,24.15,366,35
20230218,194,19.98,21.39,22.05,19.85,20.82,449,66
20230218,195,3663.86,3792.75,3808.0,3659.43,3731.01,289,62
20230218,196,78.1,81.27,82.93,77.95,80.06,156,32
20230218,197,293.68,308.88,310.9,284.83,299.57,452,66
20230218,198,398.76,398.26,409.53,393.71,400.07,298,69
20230218,199,1350.88,1404.88,1414.74,1344.74,1378.81,153,31
20230218,200,82.56,96.89,103.99,82.32,91.44,175,34
20230219,1,71.66,67.5,76.33,64.71,70.05,333,46
20230219,2,74.13,78.46,79.01,72.06,75.92,201,37
20230219,3,160.51,138.93,163.13,136.49,149.76,185,38
20230219,4,9938.84,10120.29,10249.65,9931.84,10060.16,140,28
20230219,5,58.62,58.97,59.16,56.15,58.23,285,39
20230219,6,16.0,16.21,16.37,15.17,15.94,428,65
20230219,7,519.31,508.35,528.69,504.88,515.31,341,54
20230219,8,3.57,3.53,3.6,3.39,3.53,301,46
20230219,9,11870.65,11264.07,12640.54,10438.38,11553.41,401,58
20230219,10,33.04,31.01,34.31,30.29,32.16,165,37
20230219,11,38.6,42.2,43.63,38.02,40.61,346,59
20230219,12,527.97,532.62,542.32,527.41,532.58,140,20
20230219,13,1.49,1.54,1.54,1.45,1.51,292,77
20230219,14,61.46,63.25,65.56,57.79,62.02,320,60
20230219,15,9898.25,9542.55,10205.05,8886.06,9632.98,268,62
20230219,16,1.63,1.63,1.7,1.61,1.65,278,66
20230219,17,4391.54,4411.35,4460.91,4382.16,4411.49,281,67
20230219,18,229.39,229.29,234.68,222.21,228.89,268,62
20230219,19,4850.65,4702.58,5055.65,4667.13,4819.0,283,47
20230219,20,389.58,397.77,401.86,370.64,389.96,142,31
20230219,21,21.95,22.22,22.52,20.91,21.9,277,58
20230219,22,2288.5,2340.81,2491.55,2286.74,2351.9,317,48
20230219,23,832.49,850.3,890.6,809.64,845.76,192,31
20230219,24,86.9,85.89,88.2,84.64,86.41,289,55
20230219,25,91.25,90.51,93.03,86.86,90.41,217,23
20230219,26,48.78,53.34,53.96,48.72,51.2,376,39
20230219,27,38.2,37.08,38.89,35.88,37.51,419,65
20230219,28,14315.6,13579.72,14468.3,13348.55,13928.04,343,63
20230219,29,72.2,74.26,74.69,72.13,73.32,234,56
20230219,30,1577.85,1549.03,1687.37,1502.58,1579.21,210,46
20230219,31,240.67,229.98,244.03,201.1,228.95,204,53
20230219,32,141.37,119.82,141.51,115.75,129.61,261,63
20230219,33,62.23,62.88,63.34,62.01,62.62,240,54
20230219,34,18.55,17.79,18.62,17.1,18.01,268,71
20230219,35,68.3,73.95,77.02,67.45,71.68,349,50
20230219,36,105.12,99.19,108.58,98.52,102.85,215,25
20230219,37,12.75,12.98,13.57,12.01,12.83,357,61
20230219,38,133.94,93.2,136.52,92.48,114.04,235,53
20230219,39,70.83,57.49,72.54,55.85,64.18,292,51
20230219,40,25.11,19.44,25.93,18.22,22.18,194,41
20230219,41,10979.47,11192.87,11197.91,10929.48,11074.93,53,12
20230219,42,5576.04,5688.51,5763.71,5430.53,5614.7,434,77
20230219,43,2335.1,2057.65,2355.24,2021.09,2192.27,284,57
20230219,44,42.85,32.65,43.28,31.52,37.57,256,51
20230219,45,61.59,59.56,64.26,58.49,60.97,440,62
20230219,46,493.03,500.47,529.41,485.03,501.98,240,46
20230219,47,111.83,111.47,112.63,110.27,111.55,295,53
20230219,48,437.38,418.07,442.8,417.48,428.93,271,62
20230219,49,64.75,48.32,67.33,47.72,57.03,238,52
20230219,50,1085.39,1059.62,1130.91,1027.71,1075.91,255,50
20230219,51,614.14,648.06,676.24,595.73,633.54,342,48
20230219,52,71.99,74.52,77.8,70.11,73.6,262,52
20230219,53,1466.45,1128.17,1485.82,1105.24,1296.42,248,52
20230219,54,10.38,8.56,10.43,8.23,9.4,201,41
20230219,55,17.35,16.12,18.71,15.26,16.86,330,57
20230219,56,171.19,169.98,177.61,165.21,171.0,237,53
20230219,57,62.51,63.14,65.68,62.5,63.46,257,53
20230219,58,2.43,2.41,2.48,2.4,2.43,297,51
20230219,59,31244.99,30535.39,31487.46,30400.39,30917.06,424,59
20230219,60,2587.49,2565.78,2667.27,2454.48,2568.75,257,45
20230219,61,641.26,646.99,659.87,619.67,641.95,283,34
20230219,62,41.9,41.4,42.48,40.86,41.66,203,44
20230219,63,1626.12,1690.1,1696.16,1585.42,1649.45,431,73
20230219,64,6174.6,6297.18,6449.36,5773.64,6173.7,385,50
20230219,65,7.25,7.4,7.49,7.18,7.33,268,58
20230219,66,6762.02,7329.69,7428.35,6586.82,7026.72,259,52
20230219,67,85.61,88.13,95.32,83.52,88.15,207,32
20230219,68,103.28,114.1,116.29,102.46,109.03,348,62
20230219,69,12502.52,12359.52,12550.23,11985.05,12349.33,376,53
20230219,70,2.86,2.72,2.88,2.72,2.79,398,69
20230219,71,5740.56,5753.34,5956.94,5576.07,5756.73,390,65
20230219,72,11944.62,11879.61,12584.72,11148.13,11889.27,195,36
20230219,73,26.25,28.12,29.18,25.65,27.3,365,53
20230219,74,4.13,4.01,4.14,3.95,4.06,266,43
20230219,75,6564.53,6567.77,7025.16,6248.92,6601.6,435,53
20230219,76,24.01,24.17,24.33,23.73,24.06,418,60
20230219,77,19045.68,18939.62,19529.09,18868.53,19095.73,437,69
20230219,78,5.18,4.06,5.24,3.9,4.6,296,53
20230219,79,154.36,156.87,157.24,154.23,155.67,309,58
20230219,80,118.45,127.01,127.9,118.15,122.88,147,25
20230219,81,11.8,10.47,11.95,10.4,11.16,239,53
20230219,82,170.56,171.22,173.72,169.36,171.22,299,61
20230219,83,17.92,13.43,18.04,13.28,15.67,278,71
20230219,84,11.4,11.99,12.55,11.32,11.82,294,78
20230219,85,94.75,91.37,98.91,89.9,93.73,244,51
20230219,86,25776.64,27319.01,27923.56,25600.43,26654.91,345,56
20230219,87,342.09,300.62,347.81,295.66,321.55,214,45
20230219,88,42.26,44.69,44.8,41.48,43.31,301,36
20230219,89,23.71,23.74,24.56,23.47,23.87,266,55
20230219,90,46.34,42.79,48.14,42.68,44.99,267,48
20230219,91,3557.44,3391.85,3672.85,3373.95,3499.02,136,25
20230219,92,19.79,20.3,21.26,19.06,20.1,407,63
20230219,93,77.96,76.58,78.13,75.47,77.04,457,68
20230219,94,1115.3,1088.03,1122.24,1063.2,1097.19,145,40
20230219,95,444.18,462.05,490.77,432.9,457.48,271,41
20230219,96,359.83,282.13,382.72,279.27,325.99,247,42
20230219,97,30.89,29.73,31.66,28.83,30.28,232,52
20230219,98,2016.94,2135.55,2219.68,1957.72,2082.47,410,43
20230219,99,48.03,49.83,51.39,45.36,48.65,202,45
20230219,100,44.67,44.61,46.43,43.82,44.88,394,69
20230219,101,21.52,21.7,21.78,21.52,21.63,280,67
20230219,102,12.67,12.83,13.18,12.34,12.76,252,53
20230219,103,1487.1,1540.4,1591.88,1486.48,1526.46,163,37
20230219,104,591.78,597.97,601.2,583.0,593.49,197,29
20230219,105,8153.36,8503.21,8705.84,8104.66,8366.77,416,49
20230219,106,166.54,155.67,174.97,149.65,161.71,430,61
20230219,107,140.43,144.28,147.0,136.71,142.1,202,33
20230219,108,386.68,382.4,388.26,378.47,383.95,205,28
20230219,109,725.83,706.42,735.69,704.56,718.13,243,53
20230219,110,883.61,936.72,954.92,883.48,914.69,270,44
20230219,111,2.48,2.6,2.64,2.45,2.54,276,75
20230219,112,15760.91,14713.44,15946.04,14120.42,15135.2,445,66
20230219,113,8.09,8.28,8.36,7.89,8.15,302,72
20230219,114,1070.66,1112.89,1185.14,1032.7,1100.35,409,49
20230219,115,3825.81,3761.03,3861.76,3692.5,3785.27,321,60
20230219,116,930.04,916.32,931.15,898.36,918.97,191,35
20230219,117,7.3,6.82,7.57,6.64,7.08,257,50
20230219,118,16.25,16.19,16.85,15.86,16.29,292,63
20230219,119,76.53,75.62,77.02,72.48,75.41,271,43
20230219,120,558.74,580.18,599.85,551.3,572.52,450,61
20230219,121,2463.04,2486.23,2501.08,2362.84,2453.3,433,54
20230219,122,14211.46,13695.49,14278.11,13480.45,13916.38,329,46
20230219,123,3.79,3.89,3.97,3.72,3.84,425,59
20230219,124,25.63,25.42,26.97,25.06,25.77,247,64
20230219,125,234.69,233.71,237.77,225.64,232.95,165,37
20230219,126,85821.29,80667.89,86476.15,77479.36,82611.17,277,62
20230219,127,221.98,223.15,226.13,220.23,222.87,206,31
20230219,128,247.86,252.66,253.83,237.43,247.94,135,24
20230219,129,13972.63,14271.87,14684.65,13805.61,14183.69,183,31
20230219,130,105.86,103.23,106.57,102.41,104.52,379,47
20230219,131,248.39,251.62,261.37,245.58,251.74,333,62
20230219,132,3438.64,3261.58,3461.08,3247.82,3352.28,335,59
20230219,133,66.42,65.16,66.55,62.82,65.24,248,61
20230219,134,1471.61,1508.87,1578.6,1453.45,1503.13,303,61
20230219,135,416.16,422.34,433.32,411.85,420.92,208,23
20230219,136,241.75,230.56,251.38,226.27,237.49,265,61
20230219,137,166.69,163.54,168.76,162.2,165.3,198,39
20230219,138,2.37,2.4,2.44,2.32,2.38,384,66
20230219,139,7998.94,8351.97,9052.96,7979.0,8345.72,469,63
20230219,140,187.07,183.8,191.99,181.85,186.18,350,50
20230219,141,31.81,32.15,32.35,30.84,31.79,214,50
20230219,142,62.45,64.38,66.59,61.88,63.83,302,54
20230219,143,8414.42,8480.1,8573.68,8409.77,8469.49,382,64
20230219,144,3.08,3.2,3.27,2.98,3.14,316,69
20230219,145,1569.9,1497.86,1627.6,1469.49,1541.21,328,49
20230219,146,23699.96,23268.66,25078.3,23136.24,23795.79,346,63
20230219,147,556.61,604.39,617.63,531.16,577.45,86,20
20230219,148,104.95,111.15,113.02,102.66,107.94,460,51
20230219,149,2.41,2.47,2.5,2.37,2.44,416,62
20230219,150,4.76,4.98,5.11,4.69,4.88,411,57
20230219,151,13.56,12.69,13.58,12.38,13.05,352,56
20230219,152,16.09,12.28,16.84,11.88,14.27,276,70
20230219,153,64279.58,63951.91,65576.99,63281.34,64272.45,322,53
20230219,154,1395.31,1534.44,1602.74,1366.2,1474.67,233,24
20230219,155,87.74,86.75,89.07,84.7,87.07,290,56
20230219,156,81.44,83.99,86.17,80.74,83.08,340,54
20230219,157,1989.51,2004.9,2093.49,1988.87,2019.19,318,61
20230219,158,22.88,18.72,23.5,18.59,20.92,278,78
20230219,159,17508.79,17546.97,17601.21,16308.16,17241.28,310,49
20230219,160,58.77,56.99,61.29,56.84,58.47,421,67
20230219,161,11.35,10.33,11.6,10.0,10.82,335,47
20230219,162,143.59,150.13,153.05,133.73,145.12,228,62
20230219,163,178.11,176.14,183.57,167.07,176.22,339,49
20230219,164,55.38,51.51,56.1,51.27,53.57,244,52
20230219,165,40.28,40.43,42.51,38.89,40.53,348,51
20230219,166,35.05,35.54,35.7,34.91,35.3,276,49
20230219,167,0.7,0.59,0.72,0.59,0.65,287,69
20230219,168,31.46,33.03,33.41,30.67,32.14,400,57
20230219,169,31.58,31.62,32.29,30.74,31.56,353,34
20230219,170,3020.47,2923.19,3036.51,2878.71,2964.72,45,15
20230219,171,60.62,59.04,60.82,58.75,59.81,406,70
20230219,172,38.67,40.43,40.94,38.11,39.54,355,35
20230219,173,18.67,12.77,19.11,12.31,15.72,194,42
20230219,174,45.33,35.84,46.04,35.66,40.72,211,51
20230219,175,5277.04,5579.0,5874.82,5239.59,5492.61,243,60
20230219,176,45.85,48.01,48.38,44.7,46.74,226,49
20230219,177,54.33,56.01,57.11,51.95,54.85,347,46
20230219,178,349.19,367.77,373.8,348.1,359.71,201,41
20230219,179,5.46,4.91,5.53,4.88,5.2,327,58
20230219,180,334.47,355.01,373.09,333.89,349.11,219,29
20230219,181,43281.59,44191.54,44499.18,41664.71,43409.25,419,55
20230219,182,21.94,23.2,24.57,21.1,22.7,195,43
20230219,183,26.92,26.02,27.8,25.23,26.49,414,57
20230219,184,11.15,10.5,11.56,10.47,10.92,423,61
20230219,185,2033.98,2163.16,2191.1,2022.42,2102.67,256,57
20230219,186,54748.4,53767.56,55090.95,51825.47,53858.1,313,61
20230219,187,1219.32,1223.75,1274.53,1156.76,1218.59,299,67
20230219,188,260.01,214.2,264.97,203.93,235.78,258,64
20230219,189,4.32,4.51,4.69,4.26,4.45,281,53
20230219,190,4.69,5.0,5.03,4.69,4.85,289,44
20230219,191,27.96,28.27,28.82,27.38,28.11,198,44
20230219,192,2365.48,2261.42,2459.62,2210.18,2324.17,225,32
20230219,193,25.96,26.71,27.98,25.65,26.57,320,50
20230219,194,21.39,22.12,22.87,21.27,21.91,429,54
20230219,195,3792.75,3524.09,3847.15,3201.91,3591.48,309,74
20230219,196,81.27,85.94,87.34,80.29,83.71,144,43
20230219,197,308.88,281.94,310.06,274.73,293.9,427,58
20230219,198,398.26,415.98,420.38,392.11,406.68,290,67
20230219,199,1404.88,1367.24,1445.54,1362.14,1394.95,151,22
20230219,200,96.89,99.79,101.66,94.21,98.14,208,31
20230220,1,67.5,63.91,71.94,62.15,66.37,271,47
20230220,2,78.46,76.71,79.07,75.29,77.38,148,37
20230220,3,138.93,141.85,142.14,136.86,139.95,145,28
20230220,4,10120.29,10037.46,10300.41,9483.28,9985.36,94,30
20230220,5,58.97,56.17,60.55,56.13,57.96,202,40
20230220,6,16.21,16.08,16.97,16.0,16.31,312,65
20230220,7,508.35,443.78,513.88,443.21,477.3,255,43
20230220,8,3.53,3.16,3.63,3.07,3.35,207,79
20230220,9,11264.07,10220.46,11589.96,10039.76,10778.56,300,70
20230220,10,31.01,30.49,31.49,30.34,30.83,100,28
20230220,11,42.2,38.14,42.82,36.5,39.92,274,53
20230220,12,532.62,472.94,540.97,457.23,500.94,100,23
20230220,13,1.54,1.61,1.62,1.52,1.57,226,54
20230220,14,63.25,55.31,63.76,54.76,59.27,273,53
20230220,15,9542.55,9583.11,9598.87,9437.74,9540.57,193,64
20230220,16,1.63,1.67,1.76,1.62,1.67,171,70
20230220,17,4411.35,4413.95,4499.23,4278.44,4400.75,213,62
20230220,18,229.29,232.55,234.63,219.68,229.04,167,48
20230220,19,4702.58,4823.83,4953.19,4599.78,4769.84,214,63
20230220,20,397.77,393.79,408.0,364.77,391.08,108,32
20230220,21,22.22,21.74,22.4,21.18,21.88,183,69
20230220,22,2340.81,2365.69,2389.01,2283.52,2344.76,192,70
20230220,23,850.3,852.86,862.95,819.82,846.48,129,53
20230220,24,85.89,87.38,90.2,85.88,87.34,221,58
20230220,25,90.51,77.78,91.0,75.26,83.64,165,39
20230220,26,53.34,49.03,54.32,46.95,50.91,243,42
20230220,27,37.08,32.77,37.56,32.16,34.89,297,67
20230220,28,13579.72,13007.5,13833.93,12684.82,13276.49,233,50
20230220,29,74.26,75.62,79.44,72.66,75.5,175,47
20230220,30,1549.03,1527.21,1566.42,1520.93,1540.9,150,37
20230220,31,229.98,221.21,230.71,213.98,223.97,138,47
20230220,32,119.82,124.86,124.93,118.88,122.12,172,51
20230220,33,62.88,62.65,65.02,60.54,62.77,158,49
20230220,34,17.79,18.89,19.11,17.19,18.25,202,63
20230220,35,73.95,72.4,74.38,71.96,73.18,277,53
20230220,36,99.19,95.12,99.97,94.17,97.11,126,32
20230220,37,12.98,12.15,13.54,11.52,12.55,260,50
20230220,38,93.2,106.2,107.44,92.86,99.92,158,47
20230220,39,57.49,57.57,59.08,56.39,57.63,211,59
20230220,40,19.44,18.19,19.67,17.54,18.71,163,32
20230220,41,11192.87,10678.87,11439.74,10660.92,10993.1,32,11
20230220,42,5688.51,5117.37,5789.39,4950.61,5386.47,284,68
20230220,43,2057.65,2061.9,2071.37,1973.12,2041.01,194,54
20230220,44,32.65,34.2,35.37,32.61,33.71,169,48
20230220,45,59.56,52.14,60.08,51.5,55.82,322,58
20230220,46,500.47,487.68,533.59,466.78,497.13,181,53
20230220,47,111.47,111.82,119.45,108.2,112.73,216,62
20230220,48,418.07,430.52,432.67,396.83,419.53,227,56
20230220,49,48.32,47.26,49.78,46.08,47.86,187,39
20230220,50,1059.62,1065.77,1109.79,1031.34,1066.63,199,46
20230220,51,648.06,566.84,663.93,550.6,607.36,240,60
20230220,52,74.52,71.21,74.93,69.11,72.44,159,45
20230220,53,1128.17,1125.42,1159.22,1068.68,1120.37,170,49
20230220,54,8.56,8.65,8.72,8.45,8.6,110,40
20230220,55,16.12,15.03,16.12,14.79,15.52,255,43
20230220,56,169.98,164.72,173.03,153.32,165.26,162,49
20230220,57,63.14,61.52,63.83,59.57,62.02,185,61
20230220,58,2.41,2.47,2.5,2.32,2.42,230,57
20230220,59,30535.39,28610.86,30544.87,27906.79,29399.48,327,53
20230220,60,2565.78,2507.16,2711.42,2424.85,2552.3,166,43
20230220,61,646.99,570.9,666.98,533.07,604.48,238,40
20230220,62,41.4,39.51,43.82,37.9,40.66,180,48
20230220,63,1690.1,1554.78,1712.02,1516.1,1618.25,337,61
20230220,64,6297.18,5863.0,6519.15,5837.16,6129.12,219,49
20230220,65,7.4,7.46,7.49,7.23,7.4,195,51
20230220,66,7329.69,7359.93,7492.92,7037.25,7304.95,171,47
20230220,67,88.13,85.48,89.14,83.53,86.57,126,50
20230220,68,114.1,103.37,114.39,100.81,108.17,241,55
20230220,69,12359.52,12416.62,12685.31,11903.09,12341.14,256,44
20230220,70,2.72,2.47,2.77,2.36,2.58,305,64
20230220,71,5753.34,5035.03,5842.97,4888.58,5379.98,290,75
20230220,72,11879.61,11037.96,12262.09,10413.09,11398.19,140,34
20230220,73,28.12,25.54,28.14,23.96,26.44,260,54
20230220,74,4.01,4.21,4.3,3.96,4.12,168,63
20230220,75,6567.77,5910.27,6632.26,5602.81,6178.28,303,76
20230220,76,24.17,23.3,24.21,23.18,23.72,297,53
20230220,77,18939.62,17327.51,19700.83,16303.68,18067.91,285,64
20230220,78,4.06,4.39,4.58,4.04,4.27,202,50
20230220,79,156.87,150.62,160.69,149.15,154.33,216,69
20230220,80,127.01,124.88,129.41,122.89,126.05,102,34
20230220,81,10.47,10.27,10.47,10.26,10.37,159,49
20230220,82,171.22,172.05,175.33,170.12,172.18,222,52
20230220,83,13.43,13.15,13.52,13.02,13.28,205,56
20230220,84,11.99,11.85,12.67,11.26,11.94,213,55
20230220,85,91.37,86.25,92.03,85.15,88.7,183,33
20230220,86,27319.01,25346.65,28293.47,24747.53,26426.67,221,62
20230220,87,300.62,290.69,312.66,290.03,298.5,141,38
20230220,88,44.69,40.2,46.28,39.04,42.55,193,48
20230220,89,23.74,22.64,24.94,22.41,23.43,212,65
20230220,90,42.79,43.73,44.29,42.45,43.31,157,64
20230220,91,3391.85,3278.71,3510.65,3228.41,3352.4,107,32
20230220,92,20.3,17.24,20.33,16.13,18.5,313,50
20230220,93,76.58,70.04,79.49,68.1,73.55,344,61
20230220,94,1088.03,1024.67,1112.95,997.85,1055.87,107,29
20230220,95,462.05,435.19,462.63,406.58,441.62,197,50
20230220,96,282.13,297.44,313.99,280.86,293.61,167,51
20230220,97,29.73,27.17,30.15,26.59,28.41,182,50
20230220,98,2135.55,1913.03,2199.43,1885.15,2033.29,305,51
20230220,99,49.83,50.43,51.61,48.34,50.05,148,37
20230220,100,44.61,38.86,46.31,38.27,42.01,267,52
20230220,101,21.7,21.69,22.21,21.35,21.74,245,52
20230220,102,12.83,13.29,13.54,12.79,13.11,182,61
20230220,103,1540.4,1492.36,1575.74,1462.24,1517.69,111,39
20230220,104,597.97,575.02,604.78,562.65,585.1,140,46
20230220,105,8503.21,7137.08,8649.37,7023.6,7828.31,294,64
20230220,106,155.67,148.42,155.8,148.41,152.07,274,58
20230220,107,144.28,143.39,146.96,143.37,144.5,143,34
20230220,108,382.4,376.74,391.31,376.18,381.66,171,41
20230220,109,706.42,699.94,715.59,681.14,700.77,173,56
20230220,110,936.72,889.86,981.38,851.5,914.86,161,53
20230220,111,2.6,2.67,2.75,2.44,2.62,207,60
20230220,112,14713.44,13560.72,15162.78,13056.87,14123.45,287,55
20230220,113,8.28,8.29,8.57,7.85,8.25,225,61
20230220,114,1112.89,1040.24,1140.65,1019.59,1078.34,282,70
20230220,115,3761.03,3784.08,3788.87,3681.15,3753.78,207,52
20230220,116,916.32,966.12,982.22,895.7,940.09,129,35
20230220,117,6.82,7.02,7.13,6.68,6.92,225,56
20230220,118,16.19,15.82,16.49,15.17,15.91,193,50
20230220,119,75.62,71.94,76.27,71.15,73.75,168,47
20230220,120,580.18,482.59,607.07,470.69,535.13,306,68
20230220,121,2486.23,2253.29,2555.06,2091.66,2346.56,291,78
20230220,122,13695.49,12082.11,13710.38,11664.76,12788.18,257,42
20230220,123,3.89,3.65,3.92,3.61,3.77,282,50
20230220,124,25.42,24.86,25.63,23.87,24.95,194,52
20230220,125,233.71,237.27,247.55,227.62,236.54,105,40
20230220,126,80667.89,82947.43,84019.25,80360.81,81998.84,200,66
20230220,127,223.15,206.26,227.14,199.09,213.91,137,25
20230220,128,252.66,248.5,253.84,243.02,249.5,103,29
20230220,129,14271.87,14955.17,15466.32,13939.91,14658.31,139,43
20230220,130,103.23,97.77,105.22,95.81,100.51,249,66
20230220,131,251.62,228.0,252.95,223.14,238.93,224,39
20230220,132,3261.58,2957.53,3271.47,2863.88,3088.62,237,45
20230220,133,65.16,68.3,73.55,63.21,67.56,191,40
20230220,134,1508.87,1531.46,1569.22,1414.79,1506.08,220,53
20230220,135,422.34,371.9,424.46,361.27,394.99,186,38
20230220,136,230.56,244.32,249.92,225.13,237.48,159,54
20230220,137,163.54,175.68,182.67,162.67,171.14,145,37
20230220,138,2.4,2.34,2.43,2.27,2.36,302,58
20230220,139,8351.97,8135.61,8679.31,7840.43,8251.83,276,49
20230220,140,183.8,184.83,188.83,179.08,184.14,250,44
20230220,141,32.15,34.02,34.91,30.0,32.77,197,49
20230220,142,64.38,65.45,66.87,63.82,65.13,211,62
20230220,143,8480.1,7786.63,8728.6,7776.37,8192.92,309,60
20230220,144,3.2,2.97,3.27,2.93,3.09,224,59
20230220,145,1497.86,1382.57,1578.88,1352.83,1453.03,221,56
20230220,146,23268.66,23705.7,24500.09,22898.44,23593.22,186,53
20230220,147,604.39,603.97,615.43,599.78,605.89,82,18
20230220,148,111.15,94.84,117.71,94.79,104.62,305,65
20230220,149,2.47,2.24,2.51,2.21,2.36,286,76
20230220,150,4.98,4.69,5.19,4.65,4.88,338,58
20230220,151,12.69,11.23,13.08,11.05,12.01,257,54
20230220,152,12.28,11.94,12.33,11.94,12.12,192,65
20230220,153,63951.91,59964.04,66035.31,56787.49,61684.69,244,61
20230220,154,1534.44,1464.62,1555.96,1439.44,1498.61,172,24
20230220,155,86.75,90.01,90.28,85.96,88.25,201,51
20230220,156,83.99,76.07,85.86,73.43,79.84,272,48
20230220,157,2004.9,1981.82,2059.16,1961.7,2001.9,186,56
20230220,158,18.72,18.57,19.98,18.36,18.91,193,51
20230220,159,17546.97,17820.91,18375.71,17268.71,17753.08,194,72
20230220,160,56.99,54.11,57.6,52.27,55.24,301,56
20230220,161,10.33,10.23,10.4,10.11,10.27,267,51
20230220,162,150.13,138.12,158.74,136.18,145.79,186,56
20230220,163,176.14,165.75,178.02,162.69,170.65,252,39
20230220,164,51.51,52.45,53.2,49.6,51.69,199,53
20230220,165,40.43,36.64,41.82,35.14,38.51,259,44
20230220,166,35.54,32.08,37.04,31.61,34.07,199,76
20230220,167,0.59,0.57,0.59,0.55,0.57,207,59
20230220,168,33.03,29.55,33.11,28.64,31.08,283,60
20230220,169,31.62,32.01,32.69,30.35,31.67,247,61
20230220,170,2923.19,2946.98,3085.39,2895.53,2962.77,50,15
20230220,171,59.04,52.42,59.17,51.11,55.43,288,51
20230220,172,40.43,34.27,41.26,33.81,37.44,251,41
20230220,173,12.77,13.35,13.62,12.26,13.0,140,36
20230220,174,35.84,39.08,40.47,33.09,37.12,132,39
20230220,175,5579.0,5512.92,5789.23,5342.22,5555.84,172,52
20230220,176,48.01,48.75,49.52,47.5,48.45,163,43
20230220,177,56.01,50.8,56.61,50.55,53.49,259,56
20230220,178,367.77,379.28,389.75,357.63,373.61,148,32
20230220,179,4.91,5.2,5.24,4.78,5.03,218,56
20230220,180,355.01,305.88,374.07,295.53,332.62,144,24
20230220,181,44191.54,38500.06,45072.06,38075.87,41459.88,303,72
20230220,182,23.2,24.59,25.62,22.71,24.03,142,47
20230220,183,26.02,25.03,26.54,24.61,25.55,294,54
20230220,184,10.5,9.21,10.69,8.99,9.85,296,52
20230220,185,2163.16,1998.23,2183.24,1945.42,2072.51,196,60
20230220,186,53767.56,54862.32,55361.83,52279.84,54067.89,192,65
20230220,187,1223.75,1169.67,1265.14,1151.17,1202.43,216,61
20230220,188,214.2,208.45,217.99,206.87,211.88,201,68
20230220,189,4.51,4.48,4.65,4.4,4.51,216,61
20230220,190,5.0,4.96,5.01,4.71,4.92,176,56
20230220,191,28.27,28.96,29.15,28.04,28.6,140,49
20230220,192,2261.42,2214.89,2327.06,2143.89,2236.81,174,25
20230220,193,26.71,24.09,27.13,23.93,25.46,268,44
20230220,194,22.12,19.47,22.44,19.43,20.86,313,63
20230220,195,3524.09,3554.33,3613.89,3456.85,3537.29,226,57
20230220,196,85.94,89.6,90.29,84.47,87.57,116,40
20230220,197,281.94,256.31,284.73,252.29,268.82,294,50
20230220,198,415.98,423.43,428.13,413.2,420.18,206,55
20230220,199,1367.24,1308.88,1447.95,1289.83,1353.48,114,26
20230220,200,99.79,91.77,104.6,86.75,95.73,151,27
20230221,1,63.91,59.95,67.91,58.52,62.57,226,56
20230221,2,76.71,74.28,77.68,73.12,75.45,129,42
20230221,3,141.85,136.44,142.01,134.99,138.82,133,34
20230221,4,10037.46,10086.98,10167.38,9755.36,10011.79,103,38
20230221,5,56.17,59.13,59.15,55.34,57.45,188,46
20230221,6,16.08,15.28,16.4,15.04,15.7,299,73
20230221,7,443.78,400.97,452.47,400.65,424.47,257,49
20230221,8,3.16,3.09,3.28,3.02,3.14,205,59
20230221,9,10220.46,10172.5,10320.97,9775.88,10122.45,290,58
20230221,10,30.49,30.43,31.11,29.66,30.42,94,29
20230221,11,38.14,36.87,38.63,33.57,36.8,245,59
20230221,12,472.94,493.6,499.52,471.71,484.44,102,19
20230221,13,1.61,1.6,1.62,1.59,1.61,203,61
20230221,14,55.31,55.22,56.14,55.13,55.45,233,62
20230221,15,9583.11,9042.83,9593.4,8933.83,9288.29,187,73
20230221,16,1.67,1.52,1.71,1.49,1.6,218,65
20230221,17,4413.95,4353.36,4552.32,4219.35,4384.74,212,65
20230221,18,232.55,229.62,234.7,220.21,229.27,154,64
20230221,19,4823.83,4500.04,4922.61,4497.15,4685.91,215,57
20230221,20,393.79,383.13,417.71,375.93,392.64,96,33
20230221,21,21.74,21.16,22.66,20.52,21.52,184,60
20230221,22,2365.69,2251.83,2442.06,2198.16,2314.44,229,64
20230221,23,852.86,801.0,892.38,799.29,836.38,118,39
20230221,24,87.38,85.9,88.52,85.68,86.87,200,63
20230221,25,77.78,75.72,82.23,75.27,77.75,129,31
20230221,26,49.03,47.23,51.64,46.2,48.52,254,48
20230221,27,32.77,31.18,33.1,30.84,31.97,286,57
20230221,28,13007.5,12884.94,13109.13,12873.88,12968.86,256,50
20230221,29,75.62,76.22,77.43,74.84,76.03,158,53
20230221,30,1527.21,1514.1,1555.81,1442.59,1509.93,123,29
20230221,31,221.21,214.62,239.2,213.87,222.23,142,47
20230221,32,124.86,124.59,127.82,120.87,124.54,165,57
20230221,33,62.65,64.45,64.54,58.96,62.65,175,53
20230221,34,18.89,18.86,19.69,18.3,18.94,225,44
20230221,35,72.4,70.6,72.95,69.22,71.29,263,49
20230221,36,95.12,95.15,98.53,94.6,95.85,143,37
20230221,37,12.15,11.92,12.43,11.66,12.04,232,44
20230221,38,106.2,103.75,114.17,97.34,105.36,170,47
20230221,39,57.57,53.79,59.96,51.29,55.65,209,78
20230221,40,18.19,15.59,18.43,15.17,16.84,135,50
20230221,41,10678.87,10482.85,11220.84,10427.16,10702.43,46,8
20230221,42,5117.37,5154.51,5157.04,4983.66,5103.15,305,64
20230221,43,2061.9,1984.39,2062.94,1947.55,2014.19,214,63
20230221,44,34.2,36.57,36.64,33.16,35.14,182,59
20230221,45,52.14,51.17,54.3,50.9,52.13,305,61
20230221,46,487.68,443.96,493.25,438.97,465.97,186,46
20230221,47,111.82,106.44,114.49,106.02,109.69,212,59
20230221,48,430.52,403.55,433.74,400.89,417.18,204,70
20230221,49,47.26,46.93,47.87,45.66,46.93,183,44
20230221,50,1065.77,1012.86,1107.61,1007.52,1048.44,157,46
20230221,51,566.84,573.8,578.25,534.91,563.45,272,41
20230221,52,71.21,72.59,74.25,69.82,71.97,173,60
20230221,53,1125.42,1024.32,1169.98,1011.74,1082.86,188,51
20230221,54,8.65,7.85,8.67,7.63,8.2,130,32
20230221,55,15.03,15.08,15.38,14.72,15.05,223,61
20230221,56,164.72,170.45,171.79,159.22,166.55,182,60
20230221,57,61.52,55.23,64.86,54.76,59.09,181,45
20230221,58,2.47,2.39,2.58,2.3,2.43,211,76
20230221,59,28610.86,25485.45,28708.54,25445.71,27062.64,298,73
20230221,60,2507.16,2385.54,2579.37,2314.64,2446.68,160,54
20230221,61,570.9,581.44,617.19,554.71,581.06,211,37
20230221,62,39.51,42.72,44.03,39.08,41.34,179,63
20230221,63,1554.78,1503.73,1609.45,1499.89,1541.96,295,63
20230221,64,5863.0,5448.86,5868.31,5290.66,5617.71,248,44
20230221,65,7.46,7.1,7.51,6.76,7.21,200,55
20230221,66,7359.93,7188.22,7530.72,6702.67,7195.39,160,49
20230221,67,85.48,81.03,85.77,79.63,82.98,157,38
20230221,68,103.37,98.2,105.27,95.27,100.53,264,45
20230221,69,12416.62,11919.84,12536.88,11807.31,12170.16,279,44
20230221,70,2.47,2.5,2.54,2.39,2.48,311,62
20230221,71,5035.03,4934.94,5102.96,4861.19,4983.53,316,58
20230221,72,11037.96,10488.79,11384.69,10063.66,10743.78,118,46
20230221,73,25.54,24.36,26.47,23.58,24.99,263,36
20230221,74,4.21,4.08,4.22,4.04,4.14,194,55
20230221,75,5910.27,5560.66,6104.76,5488.79,5766.12,316,49
20230221,76,23.3,21.88,23.41,21.08,22.42,317,66
20230221,77,17327.51,17183.95,17551.48,16714.37,17194.33,318,49
20230221,78,4.39,4.18,4.69,4.17,4.36,204,62
20230221,79,150.62,137.15,157.03,129.08,143.47,196,58
20230221,80,124.88,128.43,128.97,121.68,125.99,92,28
20230221,81,10.27,10.19,10.57,10.11,10.28,183,56
20230221,82,172.05,160.71,182.55,148.76,166.02,235,45
20230221,83,13.15,12.51,13.43,12.21,12.82,229,59
20230221,84,11.85,11.11,12.3,10.55,11.45,229,53
20230221,85,86.25,86.6,87.63,85.65,86.53,199,39
20230221,86,25346.65,24281.87,26647.47,23855.75,25032.93,209,60
20230221,87,290.69,283.93,292.09,271.61,284.58,130,42
20230221,88,40.2,38.87,40.79,37.25,39.28,193,39
20230221,89,22.64,20.64,22.75,20.3,21.58,197,82
20230221,90,43.73,45.61,48.26,42.78,45.09,177,50
20230221,91,3278.71,3278.41,3356.35,3150.65,3266.03,111,32
20230221,92,17.24,16.58,17.54,16.23,16.9,294,63
20230221,93,70.04,69.42,70.13,66.72,69.08,282,48
20230221,94,1024.67,1033.16,1046.01,993.0,1024.21,123,28
20230221,95,435.19,427.46,444.63,422.63,432.48,204,39
20230221,96,297.44,322.51,327.87,296.49,311.08,182,42
20230221,97,27.17,30.83,31.01,25.91,28.73,157,50
20230221,98,1913.03,1883.17,1960.22,1852.77,1902.3,308,63
20230221,99,50.43,48.29,51.66,46.64,49.25,117,39
20230221,100,38.86,36.8,41.46,35.97,38.27,321,65
20230221,101,21.69,19.23,22.04,18.73,20.42,195,56
20230221,102,13.29,13.59,13.84,12.88,13.4,178,60
20230221,103,1492.36,1421.32,1547.19,1379.78,1460.16,102,36
20230221,104,575.02,584.18,592.45,566.86,579.63,133,42
20230221,105,7137.08,7286.95,7433.88,7049.53,7226.86,309,70
20230221,106,148.42,138.97,148.64,136.11,143.03,333,47
20230221,107,143.39,134.26,144.64,129.08,137.84,156,35
20230221,108,376.74,389.32,407.54,375.63,387.31,157,33
20230221,109,699.94,686.83,719.27,671.38,694.35,201,40
20230221,110,889.86,851.45,914.63,833.48,872.36,176,43
20230221,111,2.67,2.53,2.68,2.43,2.58,210,50
20230221,112,13560.72,13323.52,13996.42,13256.13,13534.2,313,63
20230221,113,8.29,8.48,8.84,8.14,8.44,203,57
20230221,114,1040.24,1048.8,1058.28,986.13,1033.36,300,58
20230221,115,3784.08,3756.65,3863.48,3665.84,3767.51,220,48
20230221,116,966.12,1015.08,1030.36,955.71,991.82,166,42
20230221,117,7.02,7.18,7.3,7.02,7.13,211,53
20230221,118,15.82,15.8,16.19,15.8,15.9,230,58
20230221,119,71.94,77.92,79.42,68.63,74.48,189,46
20230221,120,482.59,473.07,502.97,458.72,479.34,311,52
20230221,121,2253.29,2291.7,2344.43,2130.62,2255.01,283,75
20230221,122,12082.11,11711.58,12193.2,11356.97,11835.97,252,50
20230221,123,3.65,3.71,3.81,3.62,3.7,323,69
20230221,124,24.86,24.09,25.57,23.76,24.57,178,46
20230221,125,237.27,243.59,249.99,231.98,240.71,109,27
20230221,126,82947.43,88662.87,90363.07,81832.03,85951.35,208,63
20230221,127,206.26,204.98,207.36,202.47,205.27,157,33
20230221,128,248.5,246.85,256.66,242.29,248.57,103,29
20230221,129,14955.17,14040.0,14961.82,13968.86,14481.46,147,42
20230221,130,97.77,95.98,101.9,92.67,97.08,259,48
20230221,131,228.0,214.51,234.22,210.24,221.74,226,42
20230221,132,2957.53,2995.37,2999.64,2912.63,2966.29,237,51
20230221,133,68.3,70.05,73.49,67.58,69.85,175,40
20230221,134,1531.46,1501.24,1545.44,1422.4,1500.14,243,62
20230221,135,371.9,390.43,391.93,367.67,380.48,137,32
20230221,136,244.32,258.49,268.96,240.32,253.02,170,66
20230221,137,175.68,174.9,178.96,174.29,175.96,159,48
20230221,138,2.34,2.36,2.41,2.22,2.33,323,60
20230221,139,8135.61,7714.34,8515.04,7475.43,7960.1,267,65
20230221,140,184.83,178.53,190.12,177.21,182.67,264,52
20230221,141,34.02,31.66,34.23,31.34,32.81,188,34
20230221,142,65.45,63.14,68.55,61.16,64.58,213,61
20230221,143,7786.63,7662.04,8110.35,7633.58,7798.15,296,60
20230221,144,2.97,2.75,3.02,2.59,2.84,220,69
20230221,145,1382.57,1388.12,1391.13,1309.75,1367.89,257,52
20230221,146,23705.7,24179.93,24842.94,22135.66,23716.06,204,58
20230221,147,603.97,592.92,609.8,587.0,598.42,60,24
20230221,148,94.84,82.92,99.79,79.69,89.31,280,64
20230221,149,2.24,2.15,2.32,2.11,2.2,314,68
20230221,150,4.69,4.32,4.71,4.24,4.49,294,52
20230221,151,11.23,10.8,11.51,10.73,11.07,238,49
20230221,152,11.94,12.46,12.5,11.87,12.19,233,70
20230221,153,59964.04,52995.98,63155.68,51628.25,56935.99,226,57
20230221,154,1464.62,1373.69,1550.43,1347.49,1434.06,163,32
20230221,155,90.01,89.28,92.46,86.41,89.54,198,60
20230221,156,76.07,72.24,79.66,71.09,74.77,225,62
20230221,157,1981.82,1865.36,1997.97,1837.25,1920.6,205,58
20230221,158,18.57,20.53,20.87,18.06,19.51,197,53
20230221,159,17820.91,17610.49,18048.31,16879.07,17589.69,192,61
20230221,160,54.11,55.53,56.26,52.58,54.62,307,68
20230221,161,10.23,10.3,10.51,10.2,10.31,233,48
20230221,162,138.12,136.63,141.98,134.0,137.68,170,42
20230221,163,165.75,171.38,174.03,158.18,167.34,263,38
20230221,164,52.45,55.38,56.96,50.88,53.92,184,54
20230221,165,36.64,33.26,37.43,32.21,34.88,250,48
20230221,166,32.08,31.52,33.26,31.16,32.0,208,62
20230221,167,0.57,0.55,0.58,0.53,0.56,221,52
20230221,168,29.55,28.44,29.7,27.12,28.7,300,77
20230221,169,32.01,33.23,33.79,30.47,32.38,239,50
20230221,170,2946.98,2909.24,3082.53,2896.29,2958.76,42,9
20230221,171,52.42,54.37,57.24,49.22,53.31,279,68
20230221,172,34.27,35.6,36.1,33.85,34.95,236,55
20230221,173,13.35,14.43,15.0,11.98,13.69,162,34
20230221,174,39.08,34.76,40.53,34.3,37.17,145,35
20230221,175,5512.92,5239.37,5515.43,5160.01,5356.93,151,43
20230221,176,48.75,46.2,49.39,45.91,47.56,164,46
20230221,177,50.8,52.22,53.18,49.0,51.3,238,47
20230221,178,379.28,355.12,383.14,346.64,366.04,134,42
20230221,179,5.2,4.94,5.3,4.82,5.07,191,62
20230221,180,305.88,286.03,306.87,278.5,294.32,176,35
20230221,181,38500.06,42358.66,42501.69,37479.46,40209.97,304,69
20230221,182,24.59,23.6,25.32,23.11,24.16,138,36
20230221,183,25.03,25.1,25.12,24.82,25.02,313,56
20230221,184,9.21,8.69,9.32,8.24,8.87,325,72
20230221,185,1998.23,2018.1,2038.95,1942.53,1999.45,207,53
20230221,186,54862.32,50229.23,55753.4,50128.64,52743.4,217,69
20230221,187,1169.67,1112.11,1170.63,1110.17,1140.65,192,59
20230221,188,208.45,193.04,213.88,176.6,197.99,199,47
20230221,189,4.48,4.43,4.48,4.36,4.44,217,63
20230221,190,4.96,4.71,5.01,4.7,4.85,223,55
20230221,191,28.96,29.46,30.29,28.49,29.3,145,39
20230221,192,2214.89,2174.71,2344.36,2120.13,2213.52,149,37
20230221,193,24.09,22.9,24.78,22.82,23.65,221,44
20230221,194,19.47,19.9,20.35,19.19,19.73,290,65
20230221,195,3554.33,3419.51,3640.15,3380.31,3498.58,214,63
20230221,196,89.6,84.59,91.43,83.17,87.2,90,28
20230221,197,256.31,262.16,270.22,247.45,259.04,274,71
20230221,198,423.43,373.05,427.34,365.75,397.39,227,70
20230221,199,1308.88,1319.71,1340.71,1281.93,1312.81,120,33
20230221,200,91.77,87.0,92.54,85.94,89.31,151,35
20230222,1,59.95,58.86,61.11,55.83,58.94,245,41
20230222,2,74.28,78.69,79.64,73.66,76.57,150,33
20230222,3,136.44,129.73,137.83,125.18,132.29,134,44
20230222,4,10086.98,10434.22,10666.87,9612.18,10200.07,123,34
20230222,5,59.13,59.23,59.34,57.74,58.86,190,42
20230222,6,15.28,15.26,15.55,14.98,15.27,297,60
20230222,7,400.97,403.98,406.9,389.94,400.45,235,46
20230222,8,3.09,3.07,3.18,3.02,3.09,237,56
20230222,9,10172.5,10810.72,11153.17,10098.65,10558.76,272,75
20230222,10,30.43,31.85,33.12,30.12,31.38,106,23
20230222,11,36.87,35.89,38.28,35.62,36.66,264,48
20230222,12,493.6,470.8,508.4,460.5,483.33,92,21
20230222,13,1.6,1.57,1.61,1.57,1.59,222,61
20230222,14,55.22,59.01,62.91,54.13,57.82,268,49
20230222,15,9042.83,9426.4,9632.81,8582.02,9171.02,207,66
20230222,16,1.52,1.57,1.59,1.5,1.54,226,53
20230222,17,4353.36,4049.62,4394.18,4046.82,4210.99,233,71
20230222,18,229.62,235.48,240.89,227.82,233.45,164,50
20230222,19,4500.04,4719.66,4851.22,4177.24,4562.04,215,62
20230222,20,383.13,383.54,394.3,363.95,381.23,115,22
20230222,21,21.16,22.84,23.03,21.02,22.01,204,64
20230222,22,2251.83,2130.29,2338.75,2107.7,2207.14,192,54
20230222,23,801.0,814.35,822.16,791.16,807.17,126,39
20230222,24,85.9,81.5,87.18,81.48,84.01,204,67
20230222,25,75.72,79.27,79.36,72.99,76.84,155,23
20230222,26,47.23,49.03,49.59,45.78,47.91,243,51
20230222,27,31.18,34.04,34.64,29.21,32.27,286,55
20230222,28,12884.94,13385.1,13607.87,12836.77,13178.67,226,51
20230222,29,76.22,74.17,77.13,69.93,74.36,169,49
20230222,30,1514.1,1485.94,1629.76,1481.84,1527.91,120,36
20230222,31,214.62,212.54,223.11,207.7,214.49,139,45
20230222,32,124.59,118.62,134.67,118.53,124.1,160,64
20230222,33,64.45,67.02,68.93,64.18,66.15,159,62
20230222,34,18.86,19.71,20.46,17.87,19.23,199,68
20230222,35,70.6,65.68,72.36,65.18,68.45,251,47
20230222,36,95.15,94.52,97.75,94.21,95.41,152,31
20230222,37,11.92,12.05,12.27,11.86,12.03,252,40
20230222,38,103.75,96.12,105.29,90.39,98.89,183,51
20230222,39,53.79,55.31,55.76,53.62,54.62,224,56
20230222,40,15.59,17.31,17.39,14.74,16.26,127,36
20230222,41,10482.85,10689.59,10801.61,10222.73,10549.19,33,18
20230222,42,5154.51,5498.97,5570.31,4920.99,5286.19,298,52
20230222,43,1984.39,1881.0,2004.68,1835.3,1926.34,201,64
20230222,44,36.57,36.38,37.56,35.1,36.4,185,40
20230222,45,51.17,51.35,52.68,50.01,51.3,316,59
20230222,46,443.96,453.37,466.36,424.97,447.17,178,57
20230222,47,106.44,108.19,109.58,105.36,107.39,212,69
20230222,48,403.55,423.1,439.69,398.9,416.31,220,55
20230222,49,46.93,50.68,52.21,46.12,48.99,184,59
20230222,50,1012.86,1045.8,1112.83,992.46,1040.99,173,56
20230222,51,573.8,549.2,589.46,533.99,561.61,269,50
20230222,52,72.59,68.42,74.09,65.01,70.03,188,48
20230222,53,1024.32,1092.58,1128.27,998.73,1060.97,171,51
20230222,54,7.85,8.63,8.8,7.65,8.23,144,43
20230222,55,15.08,15.03,15.97,14.82,15.23,268,49
20230222,56,170.45,160.51,178.32,147.09,164.09,176,63
20230222,57,55.23,60.13,61.24,54.02,57.66,152,52
20230222,58,2.39,2.37,2.5,2.24,2.37,246,49
20230222,59,25485.45,25757.93,26490.91,24823.91,25639.55,312,50
20230222,60,2385.54,2263.84,2392.41,2193.13,2308.73,161,49
20230222,61,581.44,576.05,588.38,563.55,577.35,195,37
20230222,62,42.72,42.7,43.01,42.61,42.76,176,55
20230222,63,1503.73,1529.34,1554.89,1487.26,1518.81,347,56
20230222,64,5448.86,5319.86,5514.51,5062.28,5336.38,252,50
20230222,65,7.1,7.04,7.16,6.71,7.01,216,62
20230222,66,7188.22,6970.05,7319.78,6925.04,7100.78,181,53
20230222,67,81.03,85.98,87.19,79.73,83.48,133,41
20230222,68,98.2,103.52,104.0,95.9,100.4,266,52
20230222,69,11919.84,11650.76,11952.5,11425.5,11737.15,260,50
20230222,70,2.5,2.4,2.55,2.33,2.44,294,55
20230222,71,4934.94,5031.01,5119.04,4924.83,5002.46,307,66
20230222,72,10488.79,10391.11,10960.66,10390.73,10557.82,139,34
20230222,73,24.36,24.03,25.39,22.5,24.07,232,50
20230222,74,4.08,3.92,4.09,3.84,3.98,165,47
20230222,75,5560.66,5358.54,5615.99,5028.52,5390.93,299,70
20230222,76,21.88,21.69,22.47,21.67,21.93,290,66
20230222,77,17183.95,16757.55,18209.4,16656.27,17201.79,283,49
20230222,78,4.18,4.94,5.29,4.15,4.64,207,52
20230222,79,137.15,141.96,149.91,131.96,140.24,245,60
20230222,80,128.43,124.5,128.89,123.26,126.27,110,29
20230222,81,10.19,8.89,10.3,8.63,9.5,169,53
20230222,82,160.71,162.87,170.15,157.29,162.76,185,56
20230222,83,12.51,12.15,12.6,11.9,12.29,208,60
20230222,84,11.11,11.54,11.73,10.66,11.26,208,59
20230222,85,86.6,86.99,87.58,85.32,86.62,199,47
20230222,86,24281.87,22267.4,25679.6,21701.46,23482.58,200,74
20230222,87,283.93,261.0,296.17,250.35,272.86,125,30
20230222,88,38.87,37.64,39.03,36.47,38.01,213,51
20230222,89,20.64,20.73,21.68,19.59,20.66,208,64
20230222,90,45.61,43.56,45.61,42.39,44.29,181,47
20230222,91,3278.41,3267.16,3332.09,3215.95,3273.4,131,35
20230222,92,16.58,15.89,16.72,15.78,16.24,285,55
20230222,93,69.42,69.57,69.87,67.51,69.09,276,68
20230222,94,1033.16,1033.44,1057.77,1021.32,1036.42,122,18
20230222,95,427.46,452.13,459.15,414.9,438.41,179,38
20230222,96,322.51,319.9,336.47,316.69,323.89,176,46
20230222,97,30.83,29.82,31.59,27.91,30.04,172,60
20230222,98,1883.17,2022.6,2036.84,1845.15,1946.94,304,73
20230222,99,48.29,48.1,49.8,47.45,48.41,152,41
20230222,100,36.8,38.62,39.67,36.63,37.93,283,56
20230222,101,19.23,18.6,19.47,18.31,18.9,204,63
20230222,102,13.59,13.47,14.21,13.46,13.68,153,44
20230222,103,1421.32,1359.54,1458.04,1281.32,1380.05,97,30
20230222,104,584.18,588.95,592.43,577.68,585.81,146,40
20230222,105,7286.95,7455.55,7670.91,7095.07,7377.12,323,67
20230222,106,138.97,136.72,141.29,128.91,136.47,303,53
20230222,107,134.26,130.66,139.17,124.98,132.27,146,36
20230222,108,389.32,386.79,406.23,385.32,391.91,160,38
20230222,109,686.83,666.2,701.97,656.58,677.89,172,56
20230222,110,851.45,803.12,880.26,795.15,832.5,168,51
20230222,111,2.53,2.58,2.59,2.49,2.55,195,50
20230222,112,13323.52,13379.77,13399.87,12940.14,13260.83,308,71
20230222,113,8.48,8.28,8.61,8.22,8.4,194,55
20230222,114,1048.8,1066.65,1066.66,1045.34,1056.86,297,78
20230222,115,3756.65,3872.59,3980.16,3662.06,3817.86,172,64
20230222,116,1015.08,1004.08,1030.66,932.37,995.55,157,34
20230222,117,7.18,6.77,7.19,6.74,6.97,197,59
20230222,118,15.8,15.43,16.77,14.87,15.72,211,66
20230222,119,77.92,78.12,80.36,76.57,78.24,159,49
20230222,120,473.07,481.51,501.34,459.12,478.76,322,69
20230222,121,2291.7,2219.53,2356.25,2132.37,2249.96,304,62
20230222,122,11711.58,11411.11,12062.98,11395.31,11645.24,250,63
20230222,123,3.71,3.79,3.85,3.63,3.74,306,56
20230222,124,24.09,23.87,24.16,23.5,23.91,167,60
20230222,125,243.59,256.88,270.04,242.75,253.31,101,28
20230222,126,88662.87,90047.38,91683.58,86955.09,89337.23,207,55
20230222,127,204.98,198.01,206.3,196.48,201.44,129,27
20230222,128,246.85,253.87,254.96,242.41,249.52,117,36
20230222,129,14040.0,13961.31,14520.77,13568.68,14022.69,133,39
20230222,130,95.98,96.3,102.06,94.7,97.26,285,65
20230222,131,214.51,196.2,218.47,190.98,205.04,246,52
20230222,132,2995.37,2862.59,3043.39,2799.99,2925.34,247,43
20230222,133,70.05,67.63,72.6,66.6,69.22,195,49
20230222,134,1501.24,1493.52,1527.79,1406.31,1482.22,188,66
20230222,135,390.43,389.32,421.16,372.65,393.39,134,33
20230222,136,258.49,260.57,270.34,256.52,261.48,171,61
20230222,137,174.9,178.36,191.05,173.8,179.53,135,51
20230222,138,2.36,2.3,2.39,2.28,2.33,307,56
20230222,139,7714.34,7855.87,7897.89,7520.58,7747.17,310,54
20230222,140,178.53,190.82,199.93,171.65,185.23,242,56
20230222,141,31.66,31.07,32.47,31.07,31.57,162,33
20230222,142,63.14,61.81,65.84,61.28,63.02,204,61
20230222,143,7662.04,7503.94,7691.23,7379.9,7559.28,294,83
20230222,144,2.75,2.85,2.93,2.61,2.79,185,53
20230222,145,1388.12,1355.46,1430.18,1331.32,1376.27,240,62
20230222,146,24179.93,22412.93,24303.02,22131.42,23256.83,219,56
20230222,147,592.92,558.74,621.47,547.82,580.24,59,28
20230222,148,82.92,88.35,89.56,79.03,84.96,290,61
20230222,149,2.15,2.23,2.38,2.01,2.19,298,50
20230222,150,4.32,4.59,4.59,4.3,4.45,318,63
20230222,151,10.8,11.02,11.2,10.72,10.94,259,53
20230222,152,12.46,11.24,13.36,10.88,11.98,222,60
20230222,153,52995.98,52679.5,55903.08,50262.48,52960.26,240,65
20230222,154,1373.69,1283.26,1396.47,1251.9,1326.33,147,30
20230222,155,89.28,84.07,93.74,80.66,86.94,227,74
20230222,156,72.24,73.01,77.03,69.42,72.93,257,38
20230222,157,1865.36,1890.61,2007.86,1764.61,1882.11,202,54
20230222,158,20.53,22.37,22.78,20.05,21.43,216,45
20230222,159,17610.49,17404.37,18312.65,17163.56,17622.77,213,65
20230222,160,55.53,52.53,55.95,48.52,53.13,298,59
20230222,161,10.3,10.28,10.58,9.74,10.23,227,44
20230222,162,136.63,135.78,138.53,133.2,136.04,178,67
20230222,163,171.38,167.27,173.51,160.97,168.28,250,52
20230222,164,55.38,55.5,57.52,54.08,55.62,161,54
20230222,165,33.26,31.54,34.87,30.94,32.65,266,49
20230222,166,31.52,31.8,33.0,30.02,31.59,202,62
20230222,167,0.55,0.57,0.58,0.53,0.56,196,56
20230222,168,28.44,30.12,30.37,27.31,29.06,288,59
20230222,169,33.23,33.91,34.06,32.92,33.53,234,57
20230222,170,2909.24,3014.05,3150.72,2752.57,2956.64,32,10
20230222,171,54.37,52.38,55.24,51.49,53.37,312,46
20230222,172,35.6,35.29,36.05,32.78,34.93,245,58
20230222,173,14.43,15.55,16.22,14.26,15.11,139,41
20230222,174,34.76,31.2,35.96,30.58,33.12,145,49
20230222,175,5239.37,5189.01,5614.32,5098.47,5285.29,171,49
20230222,176,46.2,48.23,48.24,44.81,46.87,196,48
20230222,177,52.22,51.25,54.19,49.99,51.91,254,63
20230222,178,355.12,350.0,356.6,346.67,352.1,156,36
20230222,179,4.94,4.95,5.05,4.88,4.96,181,52
20230222,180,286.03,288.91,289.77,271.23,283.98,134,35
20230222,181,42358.66,43657.68,44222.5,40795.92,42758.69,316,44
20230222,182,23.6,24.02,24.13,23.34,23.77,137,27
20230222,183,25.1,25.06,25.74,24.66,25.14,304,51
20230222,184,8.69,9.31,9.63,8.63,9.07,280,59
20230222,185,2018.1,2020.25,2064.4,2003.65,2026.6,229,70
20230222,186,50229.23,53447.07,55057.61,50136.15,52217.52,199,59
20230222,187,1112.11,1081.96,1132.19,1081.34,1101.9,229,65
20230222,188,193.04,226.12,236.58,188.72,211.12,222,53
20230222,189,4.43,4.46,4.53,4.32,4.43,221,49
20230222,190,4.71,4.2,4.73,4.2,4.46,187,55
20230222,191,29.46,30.46,30.54,29.28,29.94,114,43
20230222,192,2174.71,2134.62,2237.27,2132.32,2169.73,167,31
20230222,193,22.9,22.54,23.46,22.01,22.73,265,64
20230222,194,19.9,19.35,19.92,18.72,19.47,288,63
20230222,195,3419.51,3476.2,3507.83,3361.85,3441.35,208,62
20230222,196,84.59,80.72,85.35,80.33,82.75,111,37
20230222,197,262.16,256.05,267.8,254.69,260.17,307,58
20230222,198,373.05,365.84,376.74,362.43,369.51,200,69
20230222,199,1319.71,1297.85,1342.67,1287.38,1311.9,111,34
20230222,200,87.0,85.08,90.29,84.73,86.77,143,26
20230223,1,58.86,61.77,62.81,55.95,59.85,253,53
20230223,2,78.69,77.54,80.68,77.37,78.57,142,48
20230223,3,129.73,133.04,136.44,128.75,131.99,137,52
20230223,4,10434.22,10551.4,10620.89,9871.54,10369.51,119,25
20230223,5,59.23,58.26,60.03,56.9,58.61,208,40
20230223,6,15.26,14.41,16.27,13.63,14.89,313,55
20230223,7,403.98,442.0,452.61,379.8,419.6,278,57
20230223,8,3.07,3.17,3.22,3.03,3.12,199,59
20230223,9,10810.72,11345.77,11835.11,10269.19,11065.2,281,69
20230223,10,31.85,33.07,34.08,30.55,32.39,110,20
20230223,11,35.89,34.98,36.04,34.5,35.35,260,48
20230223,12,470.8,424.59,477.71,420.96,448.52,102,18
20230223,13,1.57,1.49,1.59,1.46,1.53,203,51
20230223,14,59.01,61.08,63.61,56.12,59.96,241,40
20230223,15,9426.4,9261.96,9486.78,8946.77,9280.48,195,61
20230223,16,1.57,1.54,1.64,1.54,1.57,218,70
20230223,17,4049.62,3629.11,4226.87,3432.2,3834.45,210,51
20230223,18,235.48,232.65,247.8,225.95,235.47,184,55
20230223,19,4719.66,4463.99,4786.65,4399.35,4592.41,203,56
20230223,20,383.54,369.05,396.45,365.81,378.71,118,35
20230223,21,22.84,23.21,23.81,22.29,23.04,206,46
20230223,22,2130.29,2043.94,2168.15,2019.34,2090.43,203,54
20230223,23,814.35,773.63,860.15,743.95,798.02,139,39
20230223,24,81.5,81.21,86.73,80.28,82.43,205,64
20230223,25,79.27,81.39,86.34,77.99,81.25,153,29
20230223,26,49.03,48.27,50.74,47.18,48.8,250,49
20230223,27,34.04,35.86,36.1,33.1,34.78,286,39
20230223,28,13385.1,12727.85,13605.59,12061.85,12945.1,243,48
20230223,29,74.17,69.17,75.9,67.47,71.68,192,47
20230223,30,1485.94,1391.26,1518.74,1343.98,1434.98,144,41
20230223,31,212.54,197.75,218.92,195.85,206.27,129,39
20230223,32,118.62,121.04,123.08,107.79,117.63,165,51
20230223,33,67.02,64.29,68.93,61.68,65.48,190,44
20230223,34,19.71,18.39,20.41,18.08,19.15,217,61
20230223,35,65.68,66.0,67.73,65.0,66.1,223,72
20230223,36,94.52,96.46,101.85,94.48,96.83,141,31
20230223,37,12.05,12.61,12.9,11.95,12.38,225,48
20230223,38,96.12,101.42,102.58,94.27,98.6,162,49
20230223,39,55.31,50.73,55.62,49.69,52.84,239,49
20230223,40,17.31,17.27,18.11,16.65,17.34,132,49
20230223,41,10689.59,10673.63,11182.87,10032.3,10644.6,32,10
20230223,42,5498.97,5367.94,5649.43,5346.44,5465.7,277,54
20230223,43,1881.0,1934.47,2034.29,1868.94,1929.67,199,67
20230223,44,36.38,32.48,39.13,32.13,35.03,178,67
20230223,45,51.35,51.59,51.73,50.92,51.4,270,63
20230223,46,453.37,461.94,476.2,448.36,459.97,194,58
20230223,47,108.19,114.36,115.8,106.12,111.12,248,62
20230223,48,423.1,440.57,473.1,401.19,434.49,209,72
20230223,49,50.68,51.48,51.99,49.61,50.94,173,45
20230223,50,1045.8,1043.99,1052.24,1032.76,1043.7,156,67
20230223,51,549.2,542.9,570.06,529.21,547.84,230,55
20230223,52,68.42,64.3,69.71,63.52,66.49,171,49
20230223,53,1092.58,1019.52,1142.6,937.78,1048.12,178,48
20230223,54,8.63,7.92,8.68,7.89,8.28,160,36
20230223,55,15.03,15.29,15.48,13.93,14.93,256,50
20230223,56,160.51,168.87,172.86,156.48,164.68,180,60
20230223,57,60.13,61.0,63.42,59.3,60.96,184,41
20230223,58,2.37,2.4,2.42,2.34,2.38,231,56
20230223,59,25757.93,25777.66,27678.21,25622.82,26209.15,301,58
20230223,60,2263.84,2167.96,2338.33,2157.94,2232.02,154,44
20230223,61,576.05,567.77,597.69,554.76,574.07,181,44
20230223,62,42.7,40.49,45.31,37.15,41.41,189,51
20230223,63,1529.34,1554.19,1584.46,1484.38,1538.09,295,53
20230223,64,5319.86,5259.41,5340.69,4960.49,5220.11,257,65
20230223,65,7.04,6.95,7.17,6.66,6.96,203,62
20230223,66,6970.05,7118.02,7261.31,6895.48,7061.21,187,55
20230223,67,85.98,82.24,90.23,80.73,84.8,141,35
20230223,68,103.52,107.89,112.24,103.38,106.75,227,42
20230223,69,11650.76,10983.05,12041.29,10703.03,11344.53,235,47
20230223,70,2.4,2.47,2.64,2.37,2.47,258,78
20230223,71,5031.01,5014.24,5134.29,4888.51,5017.01,293,62
20230223,72,10391.11,10863.15,11016.84,10205.02,10619.03,139,50
20230223,73,24.03,22.68,24.45,22.4,23.39,265,50
20230223,74,3.92,3.69,3.98,3.6,3.8,182,53
20230223,75,5358.54,5572.45,5610.45,5184.85,5431.57,288,57
20230223,76,21.69,21.02,22.59,20.78,21.52,310,72
20230223,77,16757.55,16440.58,16971.98,15597.44,16441.89,319,73
20230223,78,4.94,4.57,5.09,4.56,4.79,216,51
20230223,79,141.96,147.31,151.36,137.77,144.6,233,62
20230223,80,124.5,126.75,129.1,123.68,126.01,109,28
20230223,81,8.89,9.01,9.19,8.57,8.92,168,53
20230223,82,162.87,156.06,163.55,151.88,158.59,199,66
20230223,83,12.15,12.72,12.95,11.33,12.29,200,53
20230223,84,11.54,10.9,11.73,10.75,11.23,222,65
20230223,85,86.99,83.83,89.64,82.72,85.8,197,45
20230223,86,22267.4,21034.47,22509.63,19615.84,21356.84,211,64
20230223,87,261.0,260.44,262.05,258.36,260.46,126,39
20230223,88,37.64,39.07,39.23,36.25,38.05,211,32
20230223,89,20.73,20.56,21.14,20.26,20.67,217,64
20230223,90,43.56,42.72,45.26,41.96,43.38,176,52
20230223,91,3267.16,3239.46,3332.17,3203.35,3260.53,92,26
20230223,92,15.89,16.31,16.57,15.23,16.0,298,62
20230223,93,69.57,69.56,70.61,69.16,69.73,312,64
20230223,94,1033.44,1022.47,1044.19,1006.41,1026.63,94,24
20230223,95,452.13,428.55,458.3,415.2,438.54,206,38
20230223,96,319.9,313.54,323.38,306.82,315.91,161,39
20230223,97,29.82,27.68,30.23,27.0,28.68,187,57
20230223,98,2022.6,2058.68,2109.06,2019.93,2052.57,284,61
20230223,99,48.1,45.91,50.89,45.46,47.59,146,41
20230223,100,38.62,40.65,40.88,38.6,39.68,296,77
20230223,101,18.6,16.66,18.67,16.33,17.56,226,75
20230223,102,13.47,14.11,14.31,13.01,13.72,164,48
20230223,103,1359.54,1258.36,1437.56,1216.63,1318.02,94,29
20230223,104,588.95,555.93,611.09,542.08,574.51,150,42
20230223,105,7455.55,7429.73,7612.8,7266.6,7441.17,301,60
20230223,106,136.72,140.63,144.23,129.14,137.68,276,69
20230223,107,130.66,128.46,131.6,128.01,129.68,151,24
20230223,108,386.79,390.55,397.31,376.83,387.87,150,29
20230223,109,666.2,646.55,677.15,620.55,652.61,180,60
20230223,110,803.12,798.49,810.13,793.6,801.33,189,60
20230223,111,2.58,2.55,2.58,2.45,2.54,221,72
20230223,112,13379.77,13124.8,14003.39,13003.78,13377.93,294,53
20230223,113,8.28,7.54,8.43,6.96,7.8,198,61
20230223,114,1066.65,1055.08,1099.39,1051.94,1068.26,295,59
20230223,115,3872.59,3835.13,3923.04,3738.47,3842.31,189,60
20230223,116,1004.08,1039.73,1055.81,985.64,1021.32,130,31
20230223,117,6.77,6.36,7.09,6.16,6.59,209,62
20230223,118,15.43,15.05,15.52,14.92,15.23,255,71
20230223,119,78.12,79.72,80.0,76.91,78.69,169,52
20230223,120,481.51,489.78,516.55,471.73,489.89,304,59
20230223,121,2219.53,2243.29,2348.11,2190.36,2250.32,284,53
20230223,122,11411.11,11717.01,11807.86,11348.0,11570.99,243,62
20230223,123,3.79,3.81,3.9,3.71,3.8,300,67
20230223,124,23.87,25.56,26.17,23.28,24.72,180,58
20230223,125,256.88,259.68,261.98,253.95,258.12,95,35
20230223,126,90047.38,84871.73,93563.93,82021.16,87626.05,213,81
20230223,127,198.01,198.0,200.47,194.71,197.8,137,26
20230223,128,253.87,244.59,257.81,228.61,246.22,104,25
20230223,129,13961.31,13710.29,14301.07,13407.38,13845.01,132,40
20230223,130,96.3,96.57,99.45,94.93,96.81,232,53
20230223,131,196.2,192.01,200.37,187.27,193.96,233,48
20230223,132,2862.59,2790.78,2907.26,2775.43,2834.02,249,58
20230223,133,67.63,69.29,70.9,67.49,68.83,165,43
20230223,134,1493.52,1465.72,1561.91,1412.15,1483.33,216,51
20230223,135,389.32,399.67,412.65,384.58,396.56,142,26
20230223,136,260.57,249.26,268.82,248.4,256.76,189,36
20230223,137,178.36,171.1,180.36,161.48,172.83,128,43
20230223,138,2.3,2.48,2.5,2.24,2.38,295,61
20230223,139,7855.87,7293.24,8099.22,7055.68,7576.0,315,63
20230223,140,190.82,187.59,192.99,182.77,188.54,249,60
20230223,141,31.07,33.15,33.42,30.35,32.0,168,63
20230223,142,61.81,62.08,62.91,60.09,61.72,236,64
20230223,143,7503.94,7997.85,8112.52,7465.01,7769.83,298,71
20230223,144,2.85,3.0,3.05,2.71,2.9,234,62
20230223,145,1355.46,1350.49,1376.89,1320.3,1350.79,248,53
20230223,146,22412.93,22303.99,22466.94,20997.76,22045.4,205,66
20230223,147,558.74,511.25,563.3,461.84,523.78,73,23
20230223,148,88.35,87.55,88.42,84.82,87.28,322,57
20230223,149,2.23,2.21,2.25,2.09,2.2,282,64
20230223,150,4.59,4.57,4.66,4.51,4.59,279,55
20230223,151,11.02,12.21,12.25,10.62,11.52,252,51
20230223,152,11.24,11.11,11.3,10.96,11.15,218,55
20230223,153,52679.5,54649.34,55481.68,51647.0,53614.38,270,38
20230223,154,1283.26,1338.35,1341.41,1262.16,1306.29,162,37
20230223,155,84.07,84.53,86.78,83.92,84.83,213,51
20230223,156,73.01,72.36,73.2,71.32,72.47,257,56
20230223,157,1890.61,1860.39,1928.63,1781.11,1865.19,216,64
20230223,158,22.37,20.89,23.26,20.76,21.82,191,73
20230223,159,17404.37,17512.69,18206.96,17363.91,17621.98,211,75
20230223,160,52.53,52.41,53.57,51.28,52.45,299,61
20230223,161,10.28,10.54,10.6,10.2,10.4,238,64
20230223,162,135.78,131.29,144.73,129.31,135.28,172,54
20230223,163,167.27,167.34,170.23,160.38,166.31,246,66
20230223,164,55.5,57.89,58.21,51.25,55.71,158,46
20230223,165,31.54,31.23,33.76,31.01,31.89,227,42
20230223,166,31.8,34.14,35.28,31.56,33.19,197,63
20230223,167,0.57,0.56,0.57,0.54,0.56,230,60
20230223,168,30.12,29.72,31.72,27.42,29.75,286,58
20230223,169,33.91,34.07,35.06,31.63,33.67,252,53
20230223,170,3014.05,2937.84,3030.94,2862.14,2961.24,42,13
20230223,171,52.38,47.61,53.44,46.35,49.94,301,50
20230223,172,35.29,36.62,37.75,34.72,36.09,238,50
20230223,173,15.55,17.31,17.52,15.09,16.37,134,32
20230223,174,31.2,34.29,34.97,29.2,32.41,121,47
20230223,175,5189.01,5332.33,5363.12,4933.78,5204.56,185,41
20230223,176,48.23,47.35,48.74,46.66,47.75,182,51
20230223,177,51.25,52.9,53.01,48.49,51.41,261,51
20230223,178,350.0,347.65,358.48,343.33,349.86,129,35
20230223,179,4.95,5.06,5.08,4.86,4.99,214,54
20230223,180,288.91,270.1,292.92,256.77,277.18,149,35
20230223,181,43657.68,42030.77,44761.63,41295.84,42936.48,290,67
20230223,182,24.02,23.81,24.77,23.81,24.1,118,36
20230223,183,25.06,25.82,25.89,24.69,25.36,276,65
20230223,184,9.31,9.73,10.12,9.1,9.56,304,71
20230223,185,2020.25,1870.5,2034.52,1832.08,1939.34,194,60
20230223,186,53447.07,50464.43,53652.2,50366.95,51982.67,205,70
20230223,187,1081.96,1132.75,1132.9,1028.73,1094.09,181,49
20230223,188,226.12,210.52,227.0,207.43,217.77,221,50
20230223,189,4.46,4.59,4.63,4.37,4.51,216,52
20230223,190,4.2,3.96,4.29,3.94,4.1,227,69
20230223,191,30.46,29.71,31.36,29.23,30.19,125,41
20230223,192,2134.62,2089.64,2141.71,2046.87,2103.21,137,29
20230223,193,22.54,22.95,23.77,22.31,22.89,247,53
20230223,194,19.35,18.47,19.82,18.29,18.98,294,63
20230223,195,3476.2,3181.51,3516.68,3056.98,3307.84,197,56
20230223,196,80.72,80.4,83.75,77.25,80.53,113,28
20230223,197,256.05,261.39,261.54,234.94,253.48,283,66
20230223,198,365.84,382.08,393.41,362.54,375.97,232,59
20230223,199,1297.85,1270.59,1311.45,1262.8,1285.67,107,31
20230223,200,85.08,87.57,87.73,84.14,86.13,132,36
20230224,1,61.77,64.61,65.6,60.78,63.19,241,44
20230224,2,77.54,80.83,82.31,76.02,79.17,122,39
20230224,3,133.04,169.03,173.77,131.69,151.88,137,51
20230224,4,10551.4,9922.81,11099.69,9644.88,10304.69,134,28
20230224,5,58.26,58.62,58.88,57.21,58.24,205,50
20230224,6,14.41,14.58,15.85,13.72,14.64,292,64
20230224,7,442.0,460.14,461.41,440.13,450.92,264,46
20230224,8,3.17,3.07,3.18,3.05,3.11,202,70
20230224,9,11345.77,11216.74,11950.34,10539.12,11262.99,329,69
20230224,10,33.07,34.54,36.07,32.39,34.02,92,31
20230224,11,34.98,35.42,36.41,34.95,35.44,252,62
20230224,12,424.59,433.99,446.49,413.65,429.68,93,16
20230224,13,1.49,1.66,1.72,1.43,1.58,199,45
20230224,14,61.08,59.77,63.09,59.23,60.79,243,51
20230224,15,9261.96,9775.13,10222.82,8956.27,9554.04,205,61
20230224,16,1.54,1.64,1.69,1.51,1.59,215,63
20230224,17,3629.11,3730.9,3774.05,3556.35,3672.6,201,53
20230224,18,232.65,234.61,240.95,229.03,234.31,173,53
20230224,19,4463.99,4522.58,4693.28,4416.0,4523.96,207,65
20230224,20,369.05,377.68,381.45,350.18,369.59,102,27
20230224,21,23.21,22.74,23.32,22.69,22.99,218,57
20230224,22,2043.94,2070.02,2208.16,1971.31,2073.36,218,53
20230224,23,773.63,771.85,803.85,745.93,773.81,129,32
20230224,24,81.21,80.96,81.83,76.54,80.13,209,55
20230224,25,81.39,81.09,81.57,79.54,80.9,123,34
20230224,26,48.27,44.9,48.85,44.04,46.52,229,44
20230224,27,35.86,36.25,36.9,35.84,36.21,285,61
20230224,28,12727.85,12892.91,13451.06,12617.07,12922.22,246,46
20230224,29,69.17,65.19,70.41,63.07,66.96,177,61
20230224,30,1391.26,1415.0,1436.99,1383.4,1406.67,152,51
20230224,31,197.75,200.57,204.48,195.33,199.53,141,40
20230224,32,121.04,166.38,167.94,114.94,142.58,174,51
20230224,33,64.29,64.14,66.5,63.67,64.65,177,47
20230224,34,18.39,19.16,19.63,17.91,18.77,212,71
20230224,35,66.0,70.11,73.85,65.92,68.97,239,67
20230224,36,96.46,94.69,102.41,91.74,96.32,149,26
20230224,37,12.61,12.78,12.97,12.45,12.7,246,47
20230224,38,101.42,139.06,140.94,99.48,120.23,183,43
20230224,39,50.73,66.88,67.11,50.38,58.78,191,58
20230224,40,17.27,21.82,22.58,16.82,19.62,152,34
20230224,41,10673.63,10507.04,10799.41,10326.14,10576.55,48,11
20230224,42,5367.94,5623.98,5981.68,5117.17,5522.69,292,61
20230224,43,1934.47,2566.86,2593.37,1822.95,2229.41,205,54
20230224,44,32.48,37.76,38.98,32.1,35.33,174,55
20230224,45,51.59,53.86,54.06,51.16,52.67,327,70
20230224,46,461.94,449.14,493.61,431.42,459.03,188,41
20230224,47,114.36,115.73,116.68,109.85,114.15,188,71
20230224,48,440.57,435.55,449.85,405.2,432.79,229,54
20230224,49,51.48,63.97,65.08,49.64,57.54,169,49
20230224,50,1043.99,1062.2,1070.19,1043.16,1054.89,163,60
20230224,51,542.9,523.28,543.74,485.1,523.76,242,59
20230224,52,64.3,64.94,65.91,63.65,64.7,192,41
20230224,53,1019.52,1433.95,1446.78,1014.74,1228.75,189,57
20230224,54,7.92,10.59,10.79,7.82,9.28,143,35
20230224,55,15.29,14.93,15.64,14.81,15.17,227,48
20230224,56,168.87,165.09,172.18,164.99,167.78,171,60
20230224,57,61.0,65.64,68.75,60.96,64.09,169,53
20230224,58,2.4,2.37,2.45,2.27,2.37,213,70
20230224,59,25777.66,26346.66,26599.48,25466.08,26047.47,292,60
20230224,60,2167.96,2155.65,2250.11,2131.1,2176.2,190,51
20230224,61,567.77,577.6,591.85,540.74,569.49,197,38
20230224,62,40.49,42.87,43.0,39.44,41.45,148,57
20230224,63,1554.19,1581.43,1619.23,1508.84,1565.92,307,48
20230224,64,5259.41,5643.9,5785.81,4965.68,5413.7,227,54
20230224,65,6.95,7.05,7.13,6.8,6.98,209,63
20230224,66,7118.02,6908.72,7464.78,6878.4,7092.48,185,53
20230224,67,82.24,80.85,84.47,74.65,80.55,121,39
20230224,68,107.89,104.78,110.78,104.02,106.87,256,61
20230224,69,10983.05,11397.63,12411.69,10412.78,11301.29,248,41
20230224,70,2.47,2.68,2.72,2.4,2.57,280,55
20230224,71,5014.24,5158.33,5478.65,4937.9,5147.28,290,68
20230224,72,10863.15,10977.83,11537.67,10843.64,11055.57,102,40
20230224,73,22.68,22.63,22.76,22.26,22.58,256,43
20230224,74,3.69,3.92,3.94,3.66,3.8,177,52
20230224,75,5572.45,5409.74,5627.18,5326.91,5484.07,277,57
20230224,76,21.02,20.25,21.91,19.38,20.64,286,54
20230224,77,16440.58,17101.76,18241.29,16381.23,17041.22,280,62
20230224,78,4.57,5.54,5.85,4.53,5.12,196,59
20230224,79,147.31,147.73,154.9,143.65,148.4,199,57
20230224,80,126.75,129.43,135.58,125.16,129.23,96,21
20230224,81,9.01,12.05,12.22,8.7,10.49,194,60
20230224,82,156.06,160.35,160.94,149.43,156.69,192,63
20230224,83,12.72,15.71,15.95,12.52,14.22,187,51
20230224,84,10.9,10.69,11.64,10.64,10.97,205,72
20230224,85,83.83,84.39,86.28,79.94,83.61,209,41
20230224,86,21034.47,22013.16,22488.02,20257.09,21448.19,203,66
20230224,87,260.44,348.16,354.63,258.48,305.43,136,37
20230224,88,39.07,39.25,40.11,38.7,39.28,166,36
20230224,89,20.56,20.67,21.33,20.41,20.74,192,56
20230224,90,42.72,43.65,43.8,40.15,42.58,153,57
20230224,91,3239.46,3168.52,3301.12,2976.76,3171.46,77,30
20230224,92,16.31,17.8,18.78,15.83,17.18,300,58
20230224,93,69.56,69.45,73.8,68.41,70.3,300,55
20230224,94,1022.47,1030.52,1087.52,1003.51,1036.0,117,30
20230224,95,428.55,399.72,441.27,394.52,416.02,214,44
20230224,96,313.54,380.61,392.45,303.01,347.4,181,42
20230224,97,27.68,27.29,28.49,27.24,27.68,173,43
20230224,98,2058.68,2004.68,2095.25,1985.32,2035.98,316,64
20230224,99,45.91,52.07,53.09,44.47,48.88,150,44
20230224,100,40.65,41.68,43.09,39.63,41.26,319,44
20230224,101,16.66,18.03,19.32,16.05,17.52,221,57
20230224,102,14.11,14.5,15.1,13.73,14.36,163,42
20230224,103,1258.36,1334.2,1368.09,1228.76,1297.35,111,42
20230224,104,555.93,562.25,563.4,536.02,554.4,125,36
20230224,105,7429.73,7912.7,8154.55,7390.79,7721.94,293,66
20230224,106,140.63,148.18,153.44,137.19,144.86,312,66
20230224,107,128.46,130.92,131.37,122.5,128.31,169,39
20230224,108,390.55,392.08,399.44,390.07,393.04,163,28
20230224,109,646.55,662.95,696.67,642.57,662.19,178,58
20230224,110,798.49,828.97,841.09,793.51,815.52,144,61
20230224,111,2.55,2.6,2.63,2.5,2.57,190,66
20230224,112,13124.8,13717.59,13804.08,12845.08,13372.89,330,62
20230224,113,7.54,8.16,8.19,7.54,7.86,211,58
20230224,114,1055.08,1017.48,1073.59,986.46,1033.15,293,57
20230224,115,3835.13,4076.34,4096.71,3817.45,3956.41,214,63
20230224,116,1039.73,1032.81,1050.82,1030.98,1038.58,136,37
20230224,117,6.36,6.79,6.89,6.05,6.52,208,43
20230224,118,15.05,15.25,15.66,14.1,15.02,201,60
20230224,119,79.72,80.29,83.9,76.82,80.18,189,52
20230224,120,489.78,497.94,515.43,461.12,491.07,288,64
20230224,121,2243.29,2112.0,2314.75,2081.18,2187.81,293,57
20230224,122,11717.01,12863.42,13495.59,11445.33,12380.34,251,69
20230224,123,3.81,3.7,3.92,3.69,3.78,294,54
20230224,124,25.56,25.81,26.3,25.02,25.67,155,55
20230224,125,259.68,254.98,265.85,252.76,258.32,92,26
20230224,126,84871.73,81049.3,88544.9,79992.95,83614.72,198,52
20230224,127,198.0,195.64,199.06,190.09,195.69,135,24
20230224,128,244.59,241.22,244.93,238.86,242.4,124,35
20230224,129,13710.29,13207.46,13750.76,12174.58,13210.78,141,42
20230224,130,96.57,97.17,98.55,91.52,95.95,283,50
20230224,131,192.01,187.07,198.49,184.28,190.46,254,65
20230224,132,2790.78,2860.85,2870.1,2774.35,2824.02,246,54
20230224,133,69.29,70.41,75.01,67.84,70.64,164,43
20230224,134,1465.72,1351.23,1504.6,1236.0,1389.39,215,67
20230224,135,399.67,393.68,409.65,391.09,398.52,151,30
20230224,136,249.26,260.27,260.6,248.54,254.67,179,64
20230224,137,171.1,168.14,175.15,166.39,170.2,128,33
20230224,138,2.48,2.55,2.64,2.39,2.52,306,60
20230224,139,7293.24,7540.57,7718.23,7128.07,7420.03,298,55
20230224,140,187.59,181.42,188.71,180.49,184.55,248,55
20230224,141,33.15,33.26,35.1,31.48,33.25,190,57
20230224,142,62.08,65.92,66.76,59.1,63.47,206,59
20230224,143,7997.85,7858.66,8015.27,7857.59,7932.34,264,62
20230224,144,3.0,3.08,3.2,2.95,3.06,220,62
20230224,145,1350.49,1437.47,1467.71,1307.28,1390.74,275,57
20230224,146,22303.99,22006.36,22787.8,21595.29,22173.36,224,58
20230224,147,511.25,545.23,572.89,506.38,533.93,69,22
20230224,148,87.55,85.91,89.7,82.48,86.41,299,76
20230224,149,2.21,2.2,2.3,2.17,2.22,286,55
20230224,150,4.57,4.68,4.72,4.52,4.62,307,60
20230224,151,12.21,11.18,12.43,10.5,11.58,250,56
20230224,152,11.11,13.12,13.37,10.66,12.06,209,59
20230224,153,54649.34,57033.17,57862.6,53364.59,55727.43,255,51
20230224,154,1338.35,1362.83,1424.98,1214.29,1335.11,151,22
20230224,155,84.53,83.88,86.9,82.75,84.52,185,44
20230224,156,72.36,70.32,74.87,68.86,71.6,274,37
20230224,157,1860.39,1921.64,2035.46,1837.52,1913.75,189,55
20230224,158,20.89,24.39,26.04,20.8,23.03,232,68
20230224,159,17512.69,18010.79,18083.68,17052.3,17664.86,212,65
20230224,160,52.41,54.7,54.87,52.12,53.52,306,68
20230224,161,10.54,10.52,11.13,10.39,10.64,231,58
20230224,162,131.29,139.43,142.04,131.27,136.01,181,40
20230224,163,167.34,165.84,171.79,164.98,167.49,243,46
20230224,164,57.89,60.22,60.58,57.28,58.99,166,52
20230224,165,31.23,33.64,34.54,31.21,32.65,252,56
20230224,166,34.14,35.75,37.0,34.04,35.23,185,45
20230224,167,0.56,0.69,0.7,0.55,0.62,207,61
20230224,168,29.72,32.98,35.12,29.65,31.87,315,63
20230224,169,34.07,34.97,36.18,32.76,34.5,238,52
20230224,170,2937.84,2993.19,3144.67,2921.86,2999.39,27,17
20230224,171,47.61,48.18,48.29,46.02,47.52,287,81
20230224,172,36.62,35.53,36.71,35.51,36.09,277,53
20230224,173,17.31,21.63,22.17,17.07,19.54,145,40
20230224,174,34.29,45.74,46.62,33.34,40.0,123,41
20230224,175,5332.33,5649.88,5852.03,5167.1,5500.33,160,65
20230224,176,47.35,50.01,52.26,44.81,48.6,181,46
20230224,177,52.9,54.21,55.5,51.87,53.62,264,48
20230224,178,347.65,343.61,353.4,342.12,346.69,140,49
20230224,179,5.06,5.13,5.23,4.88,5.07,189,62
20230224,180,270.1,246.91,270.67,233.59,255.32,156,30
20230224,181,42030.77,42109.45,43630.01,41988.67,42439.73,293,54
20230224,182,23.81,24.44,25.48,23.59,24.33,147,32
20230224,183,25.82,25.83,26.85,25.12,25.91,331,65
20230224,184,9.73,9.68,9.74,9.61,9.69,300,57
20230224,185,1870.5,1877.14,1904.0,1845.14,1874.2,202,58
20230224,186,50464.43,55428.19,55778.64,49218.22,52722.37,213,58
20230224,187,1132.75,1169.24,1178.41,1100.41,1145.2,227,59
20230224,188,210.52,305.18,308.34,203.44,256.87,208,60
20230224,189,4.59,4.53,4.68,4.41,4.55,231,72
20230224,190,3.96,4.23,4.33,3.95,4.12,190,58
20230224,191,29.71,29.34,30.76,27.27,29.27,155,36
20230224,192,2089.64,2251.82,2301.66,2085.69,2182.2,141,23
20230224,193,22.95,23.48,23.65,22.53,23.15,252,50
20230224,194,18.47,20.58,21.31,17.79,19.53,292,66
20230224,195,3181.51,3211.61,3227.67,3100.67,3180.36,198,62
20230224,196,80.4,85.91,87.61,80.19,83.53,100,32
20230224,197,261.39,266.97,267.16,257.38,263.23,324,39
20230224,198,382.08,401.04,409.88,378.3,392.82,212,65
20230224,199,1270.59,1229.26,1273.49,1221.55,1248.72,115,39
20230224,200,87.57,89.96,95.25,84.1,89.22,154,34
20230225,1,64.61,67.68,69.29,60.09,65.42,373,45
20230225,2,80.83,80.19,81.38,79.37,80.44,209,47
20230225,3,169.03,153.82,169.47,153.25,161.39,201,36
20230225,4,9922.81,9963.02,10075.93,9395.19,9839.24,135,36
20230225,5,58.62,65.58,66.96,57.1,62.07,293,42
20230225,6,14.58,15.98,16.57,14.34,15.37,417,55
20230225,7,460.14,476.55,485.65,445.54,466.97,365,55
20230225,8,3.07,2.92,3.18,2.87,3.01,322,58
20230225,9,11216.74,12183.77,12381.1,11031.19,11703.2,436,59
20230225,10,34.54,36.46,37.66,33.95,35.65,136,34
20230225,11,35.42,37.12,37.46,35.24,36.31,345,65
20230225,12,433.99,522.39,558.84,420.0,483.8,157,16
20230225,13,1.66,1.67,1.76,1.63,1.68,286,63
20230225,14,59.77,61.01,62.04,55.65,59.61,378,64
20230225,15,9775.13,9153.68,10494.7,8920.03,9585.89,295,56
20230225,16,1.64,1.7,1.73,1.6,1.67,304,59
20230225,17,3730.9,3844.82,3958.42,3703.71,3809.46,275,52
20230225,18,234.61,248.21,256.66,222.84,240.58,254,47
20230225,19,4522.58,4332.27,4555.34,4256.46,4416.66,291,76
20230225,20,377.68,381.28,386.3,373.55,379.7,152,30
20230225,21,22.74,22.68,22.88,22.31,22.65,288,76
20230225,22,2070.02,2100.81,2193.64,2033.52,2099.5,320,75
20230225,23,771.85,763.78,789.1,714.16,759.72,193,39
20230225,24,80.96,80.02,84.33,78.85,81.04,307,50
20230225,25,81.09,87.97,89.79,80.16,84.75,205,28
20230225,26,44.9,50.94,51.71,44.05,47.9,339,47
20230225,27,36.25,39.24,40.11,36.08,37.92,420,41
20230225,28,12892.91,15069.88,15656.54,12596.37,14053.93,362,63
20230225,29,65.19,63.15,67.47,62.63,64.61,266,52
20230225,30,1415.0,1333.75,1458.59,1260.38,1366.93,177,28
20230225,31,200.57,213.43,223.63,193.53,207.79,189,50
20230225,32,166.38,156.08,168.37,147.14,159.49,235,46
20230225,33,64.14,63.85,65.38,59.11,63.12,246,49
20230225,34,19.16,18.74,19.76,18.07,18.93,299,62
20230225,35,70.11,73.06,74.19,66.77,71.03,341,46
20230225,36,94.69,96.71,101.22,90.37,95.75,214,31
20230225,37,12.78,13.58,14.33,12.62,13.33,344,49
20230225,38,139.06,141.33,143.7,136.61,140.18,274,67
20230225,39,66.88,67.26,68.22,64.63,66.75,300,62
20230225,40,21.82,22.22,22.82,21.48,22.09,203,42
20230225,41,10507.04,10258.45,10993.13,9755.81,10378.61,52,17
20230225,42,5623.98,6286.87,6454.41,5567.76,5983.25,448,67
20230225,43,2566.86,2520.26,2683.03,2391.47,2540.41,281,61
20230225,44,37.76,33.19,38.69,32.49,35.53,273,44
20230225,45,53.86,62.36,62.71,50.86,57.44,406,53
20230225,46,449.14,472.0,484.87,437.43,460.86,273,51
20230225,47,115.73,113.14,116.41,109.38,113.66,287,55
20230225,48,435.55,457.49,461.41,422.06,444.13,325,63
20230225,49,63.97,59.98,64.62,58.03,61.65,237,41
20230225,50,1062.2,1095.96,1116.57,1042.71,1079.36,248,52
20230225,51,523.28,609.43,620.57,518.37,567.91,348,52
20230225,52,64.94,66.44,67.24,63.81,65.61,256,62
20230225,53,1433.95,1430.68,1486.29,1417.76,1442.17,227,51
20230225,54,10.59,10.4,11.14,9.88,10.5,206,40
20230225,55,14.93,17.23,17.65,14.76,16.14,353,45
20230225,56,165.09,171.17,171.48,162.06,167.45,256,41
20230225,57,65.64,69.6,71.63,61.69,67.14,231,50
20230225,58,2.37,2.36,2.39,2.34,2.37,309,65
20230225,59,26346.66,27944.64,29078.52,25958.86,27332.17,422,71
20230225,60,2155.65,2142.12,2211.57,2109.9,2154.81,223,40
20230225,61,577.6,622.07,633.38,541.5,593.64,293,46
20230225,62,42.87,39.19,43.13,37.77,40.74,245,57
20230225,63,1581.43,1668.51,1718.27,1565.38,1633.4,409,71
20230225,64,5643.9,6035.9,6179.78,5479.69,5834.82,327,52
20230225,65,7.05,7.14,7.23,6.96,7.09,272,52
20230225,66,6908.72,7498.52,7701.08,6710.38,7204.67,226,44
20230225,67,80.85,81.41,81.94,78.68,80.72,196,34
20230225,68,104.78,106.47,108.01,102.35,105.4,347,49
20230225,69,11397.63,12069.86,12219.12,11193.92,11720.13,353,59
20230225,70,2.68,2.95,3.04,2.57,2.81,409,60
20230225,71,5158.33,5643.67,5948.13,5043.2,5448.33,395,63
20230225,72,10977.83,11870.2,11936.3,10976.59,11440.23,197,43
20230225,73,22.63,26.16,26.61,22.03,24.36,334,40
20230225,74,3.92,4.17,4.22,3.91,4.06,211,44
20230225,75,5409.74,5929.0,5932.12,5257.1,5631.99,405,62
20230225,76,20.25,22.81,23.5,19.78,21.58,395,73
20230225,77,17101.76,17670.22,18144.41,16085.14,17250.38,434,53
20230225,78,5.54,5.81,5.87,5.48,5.68,332,63
20230225,79,147.73,147.07,147.95,143.65,146.6,292,53
20230225,80,129.43,125.25,135.42,119.52,127.4,143,32
20230225,81,12.05,12.43,12.8,11.41,12.17,245,55
20230225,82,160.35,169.04,177.1,158.32,166.2,290,55
20230225,83,15.71,15.52,15.72,15.25,15.55,306,52
20230225,84,10.69,11.37,11.85,10.13,11.01,322,62
20230225,85,84.39,86.02,89.29,82.62,85.58,280,31
20230225,86,22013.16,21271.59,22473.29,20388.35,21536.6,314,59
20230225,87,348.16,350.85,359.03,327.41,346.36,184,37
20230225,88,39.25,41.76,42.5,39.13,40.66,273,39
20230225,89,20.67,20.07,21.8,19.04,20.4,311,80
20230225,90,43.65,44.4,44.73,41.79,43.64,259,53
20230225,91,3168.52,3115.99,3221.72,3061.73,3141.99,132,30
20230225,92,17.8,19.33,19.72,17.11,18.49,409,64
20230225,93,69.45,76.6,79.75,67.12,73.23,451,55
20230225,94,1030.52,1000.02,1032.1,973.75,1009.1,128,32
20230225,95,399.72,439.55,442.23,379.77,415.32,259,39
20230225,96,380.61,363.79,381.9,345.24,367.89,253,64
20230225,97,27.29,26.6,27.33,25.08,26.57,240,68
20230225,98,2004.68,2245.54,2346.1,1910.82,2126.79,475,52
20230225,99,52.07,55.51,56.89,47.69,53.04,167,61
20230225,100,41.68,46.84,48.62,40.16,44.33,410,52
20230225,101,18.03,18.42,18.74,18.0,18.3,302,49
20230225,102,14.5,13.98,14.82,13.42,14.18,257,41
20230225,103,1334.2,1323.19,1367.89,1314.8,1335.02,143,30
20230225,104,562.25,591.96,602.73,542.88,574.96,209,43
20230225,105,7912.7,7743.87,8129.14,7444.16,7807.47,407,55
20230225,106,148.18,158.02,159.24,144.99,152.61,423,71
20230225,107,130.92,146.02,148.28,129.84,138.76,196,32
20230225,108,392.08,398.91,410.22,387.9,397.28,195,33
20230225,109,662.95,687.42,713.45,642.4,676.55,261,55
20230225,110,828.97,859.76,865.62,825.62,844.99,210,43
20230225,111,2.6,2.5,2.66,2.41,2.54,271,50
20230225,112,13717.59,15079.36,15186.53,12928.7,14228.05,415,63
20230225,113,8.16,7.93,8.17,7.85,8.03,304,46
20230225,114,1017.48,1126.79,1162.46,990.92,1074.41,389,64
20230225,115,4076.34,4178.96,4502.32,3884.85,4160.62,282,63
20230225,116,1032.81,1049.83,1075.83,1031.38,1047.46,211,35
20230225,117,6.79,6.8,6.83,6.51,6.73,295,56
20230225,118,15.25,15.7,16.18,14.62,15.44,302,69
20230225,119,80.29,75.88,80.39,74.88,77.86,250,42
20230225,120,497.94,544.61,557.8,478.98,519.83,393,61
20230225,121,2112.0,2234.52,2288.73,2075.22,2177.62,444,60
20230225,122,12863.42,14381.42,14959.36,11478.38,13420.64,314,55
20230225,123,3.7,4.1,4.32,3.64,3.94,447,72
20230225,124,25.81,26.41,26.64,25.61,26.12,257,58
20230225,125,254.98,279.63,281.75,251.37,266.93,139,27
20230225,126,81049.3,80406.78,84493.2,78140.24,81022.38,317,61
20230225,127,195.64,203.81,210.86,191.51,200.45,207,37
20230225,128,241.22,238.83,241.59,229.24,237.72,140,47
20230225,129,13207.46,12453.76,13957.41,12143.36,12940.5,151,44
20230225,130,97.17,98.86,99.55,96.27,97.96,359,55
20230225,131,187.07,218.07,220.34,185.67,202.79,325,48
20230225,132,2860.85,2953.23,2987.43,2846.86,2912.09,324,36
20230225,133,70.41,68.1,75.41,68.04,70.49,267,43
20230225,134,1351.23,1393.53,1411.99,1303.71,1365.11,286,57
20230225,135,393.68,417.25,436.84,376.38,406.04,212,26
20230225,136,260.27,272.03,275.28,251.34,264.73,246,54
20230225,137,168.14,172.53,176.17,163.32,170.04,190,47
20230225,138,2.55,2.66,2.67,2.52,2.6,403,54
20230225,139,7540.57,8439.9,8461.31,7429.59,7967.84,424,67
20230225,140,181.42,201.25,204.64,175.53,190.71,371,45
20230225,141,33.26,31.39,35.57,30.58,32.7,237,43
20230225,142,65.92,67.17,67.47,63.44,66.0,321,57
20230225,143,7858.66,8381.21,8531.76,7635.33,8101.74,435,55
20230225,144,3.08,3.05,3.15,2.93,3.06,272,51
20230225,145,1437.47,1649.84,1713.98,1357.33,1539.66,381,52
20230225,146,22006.36,22491.3,22737.45,20240.23,21868.83,320,66
20230225,147,545.23,553.25,561.82,530.41,547.68,94,22
20230225,148,85.91,95.69,96.92,82.7,90.3,384,59
20230225,149,2.2,2.43,2.55,2.11,2.32,396,60
20230225,150,4.68,4.89,4.9,4.59,4.76,411,51
20230225,151,11.18,12.02,12.31,10.6,11.53,372,61
20230225,152,13.12,13.5,14.16,12.94,13.43,286,64
20230225,153,57033.17,58736.44,59702.35,56998.15,58117.53,355,45
20230225,154,1362.83,1516.51,1551.73,1350.63,1445.43,216,26
20230225,155,83.88,79.98,83.98,78.68,81.63,277,64
20230225,156,70.32,76.35,77.63,67.84,73.04,333,61
20230225,157,1921.64,1800.99,2005.2,1772.74,1875.14,298,60
20230225,158,24.39,22.59,25.04,21.67,23.42,291,63
20230225,159,18010.79,18810.48,19784.86,17985.21,18647.83,268,63
20230225,160,54.7,62.19,64.31,54.08,58.82,443,58
20230225,161,10.52,11.94,12.41,10.34,11.3,320,62
20230225,162,139.43,134.25,145.37,132.4,137.86,231,55
20230225,163,165.84,173.57,176.64,164.71,170.19,341,49
20230225,164,60.22,60.05,62.57,56.18,59.76,243,52
20230225,165,33.64,37.25,37.7,32.5,35.27,343,47
20230225,166,35.75,34.47,36.63,31.82,34.67,290,71
20230225,167,0.69,0.66,0.7,0.66,0.68,298,67
20230225,168,32.98,33.58,33.76,31.51,32.96,417,63
20230225,169,34.97,40.38,40.5,34.12,37.49,362,47
20230225,170,2993.19,2937.6,3025.78,2937.19,2973.44,44,17
20230225,171,48.18,52.15,52.15,48.06,50.13,400,60
20230225,172,35.53,39.05,39.46,33.84,36.97,347,51
20230225,173,21.63,22.07,22.97,20.95,21.9,204,44
20230225,174,45.74,44.13,45.9,42.93,44.68,187,38
20230225,175,5649.88,5932.98,5963.43,5564.19,5777.62,249,51
20230225,176,50.01,47.42,50.33,46.93,48.67,236,38
20230225,177,54.21,59.94,60.15,53.36,56.91,342,47
20230225,178,343.61,323.23,357.65,320.1,336.15,180,33
20230225,179,5.13,5.2,5.36,5.11,5.2,298,44
20230225,180,246.91,299.93,321.93,242.76,277.88,204,30
20230225,181,42109.45,46340.81,48635.26,41850.03,44733.89,420,55
20230225,182,24.44,24.48,24.68,24.25,24.46,192,40
20230225,183,25.83,26.83,27.11,25.78,26.39,416,56
20230225,184,9.68,10.3,10.61,9.52,10.03,419,76
20230225,185,1877.14,1991.6,2013.52,1837.27,1929.88,294,63
20230225,186,55428.19,57463.08,60722.73,54501.02,57028.76,269,53
20230225,187,1169.24,1238.5,1247.41,1123.4,1194.64,295,56
20230225,188,305.18,303.75,317.52,297.47,305.98,301,52
20230225,189,4.53,4.49,4.67,4.46,4.53,287,60
20230225,190,4.23,4.53,4.73,4.22,4.43,307,57
20230225,191,29.34,29.4,29.42,29.18,29.34,201,48
20230225,192,2251.82,2356.12,2384.24,2217.83,2302.5,224,29
20230225,193,23.48,24.14,24.4,22.44,23.62,358,55
20230225,194,20.58,22.86,22.97,19.46,21.47,418,47
20230225,195,3211.61,3328.91,3350.38,3110.68,3250.4,284,66
20230225,196,85.91,83.38,91.26,83.19,85.94,147,34
20230225,197,266.97,301.93,303.22,260.57,283.17,403,55
20230225,198,401.04,405.15,415.97,376.71,399.72,291,73
20230225,199,1229.26,1260.44,1311.5,1206.84,1252.01,158,31
20230225,200,89.96,100.1,103.06,88.91,95.51,216,32
20230226,1,67.68,70.83,73.28,64.54,69.08,357,49
20230226,2,80.19,80.13,83.42,78.74,80.62,187,28
20230226,3,153.82,155.56,158.46,152.54,155.09,209,31
20230226,4,9963.02,10878.46,10935.24,9848.94,10406.42,156,33
20230226,5,65.58,63.96,65.73,62.12,64.35,299,37
20230226,6,15.98,16.43,17.01,15.18,16.15,408,59
20230226,7,476.55,483.54,491.27,474.42,481.45,360,55
20230226,8,2.92,3.05,3.09,2.82,2.97,299,65
20230226,9,12183.77,12677.63,13187.56,11883.35,12483.08,408,62
20230226,10,36.46,35.84,37.56,34.46,36.08,145,19
20230226,11,37.12,38.62,39.2,35.71,37.66,363,60
20230226,12,522.39,533.24,535.37,515.01,526.5,114,13
20230226,13,1.67,1.65,1.75,1.55,1.66,298,54
20230226,14,61.01,66.37,68.75,60.5,64.16,355,52
20230226,15,9153.68,9481.19,9683.31,8714.48,9258.17,311,62
20230226,16,1.7,1.68,1.73,1.62,1.69,305,65
20230226,17,3844.82,4126.13,4218.59,3583.44,3943.25,286,73
20230226,18,248.21,240.23,249.78,231.75,242.49,268,34
20230226,19,4332.27,4403.51,4418.93,4257.59,4353.07,280,58
20230226,20,381.28,378.31,382.76,378.31,380.17,136,31
20230226,21,22.68,23.38,24.44,22.05,23.14,269,56
20230226,22,2100.81,2109.47,2115.88,2092.76,2104.73,299,54
20230226,23,763.78,795.73,831.11,748.96,784.89,167,44
20230226,24,80.02,82.67,85.95,79.18,81.96,331,59
20230226,25,87.97,87.33,90.04,86.97,88.07,201,26
20230226,26,50.94,56.05,56.72,49.1,53.2,370,55
20230226,27,39.24,38.34,39.63,37.42,38.66,415,52
20230226,28,15069.88,14533.47,15902.36,14428.31,14983.51,347,58
20230226,29,63.15,67.62,69.51,62.11,65.6,240,48
20230226,30,1333.75,1252.63,1379.03,1228.1,1298.38,203,46
20230226,31,213.43,229.71,235.02,210.71,222.22,194,30
20230226,32,156.08,158.01,161.08,154.21,157.34,257,51
20230226,33,63.85,61.87,65.36,60.36,62.86,269,55
20230226,34,18.74,18.24,18.85,17.96,18.45,275,59
20230226,35,73.06,69.14,74.07,65.82,70.52,335,57
20230226,36,96.71,99.55,104.23,96.06,99.14,200,30
20230226,37,13.58,13.1,13.77,12.79,13.31,359,51
20230226,38,141.33,142.84,143.77,138.61,141.64,255,48
20230226,39,67.26,66.7,67.77,61.75,65.87,302,61
20230226,40,22.22,21.47,23.04,20.43,21.79,179,37
20230226,41,10258.45,10488.78,10557.01,10012.26,10329.13,48,10
20230226,42,6286.87,6451.17,6591.3,6110.07,6359.85,424,57
20230226,43,2520.26,2776.98,2821.23,2432.86,2637.83,292,55
20230226,44,33.19,33.67,34.19,32.48,33.38,244,42
20230226,45,62.36,64.6,66.13,61.45,63.63,393,64
20230226,46,472.0,467.28,496.22,463.73,474.81,247,41
20230226,47,113.14,114.7,117.94,110.93,114.18,313,65
20230226,48,457.49,451.02,460.64,447.59,454.19,300,61
20230226,49,59.98,58.34,60.41,57.97,59.17,238,41
20230226,50,1095.96,1084.98,1096.86,1044.91,1080.68,233,57
20230226,51,609.43,618.7,643.3,600.82,618.06,320,57
20230226,52,66.44,68.01,68.33,65.06,66.96,233,64
20230226,53,1430.68,1504.54,1555.08,1350.28,1460.15,235,45
20230226,54,10.4,10.29,10.41,10.26,10.34,198,44
20230226,55,17.23,16.93,17.55,16.71,17.1,318,55
20230226,56,171.17,175.85,179.64,170.38,174.26,273,49
20230226,57,69.6,66.34,69.67,64.59,67.55,240,39
20230226,58,2.36,2.38,2.47,2.35,2.39,281,63
20230226,59,27944.64,28079.39,28844.73,27391.48,28065.06,428,62
20230226,60,2142.12,2216.34,2318.26,2052.57,2182.32,268,52
20230226,61,622.07,629.83,649.4,617.86,629.79,294,33
20230226,62,39.19,41.53,42.53,36.3,39.89,268,61
20230226,63,1668.51,1702.36,1717.24,1595.77,1670.97,409,52
20230226,64,6035.9,6141.64,6223.03,6005.43,6101.5,374,47
20230226,65,7.14,6.99,7.15,6.94,7.06,274,60
20230226,66,7498.52,7724.14,7924.09,7186.07,7583.21,239,42
20230226,67,81.41,81.31,85.19,78.96,81.72,214,42
20230226,68,106.47,102.99,108.88,100.51,104.71,392,57
20230226,69,12069.86,12255.08,12469.2,11603.49,12099.41,344,36
20230226,70,2.95,3.01,3.03,2.93,2.98,405,62
20230226,71,5643.67,5545.86,5969.1,5402.77,5640.35,393,68
20230226,72,11870.2,11898.63,12399.3,11743.8,11977.98,188,34
20230226,73,26.16,26.59,27.06,26.14,26.49,346,52
20230226,74,4.17,4.24,4.39,4.0,4.2,246,38
20230226,75,5929.0,6351.35,6481.59,5685.99,6111.98,444,75
20230226,76,22.81,21.86,23.27,21.07,22.25,435,50
20230226,77,17670.22,19020.96,19231.33,17426.41,18337.23,432,51
20230226,78,5.81,5.75,5.93,5.5,5.75,290,57
20230226,79,147.07,152.39,152.7,145.35,149.38,281,57
20230226,80,125.25,129.16,132.62,121.12,127.04,154,27
20230226,81,12.43,11.18,12.56,10.72,11.72,230,52
20230226,82,169.04,164.87,173.75,163.2,167.71,288,59
20230226,83,15.52,15.33,16.17,15.04,15.51,265,63
20230226,84,11.37,11.77,11.92,11.31,11.59,265,73
20230226,85,86.02,83.19,87.37,82.75,84.83,293,41
20230226,86,21271.59,21091.09,21650.62,21021.07,21258.59,291,66
20230226,87,350.85,362.5,391.03,346.92,362.82,189,42
20230226,88,41.76,42.85,43.6,41.62,42.46,271,44
20230226,89,20.07,20.52,21.01,19.13,20.18,310,49
20230226,90,44.4,43.29,44.72,42.01,43.61,252,51
20230226,91,3115.99,2956.48,3201.03,2948.1,3055.4,129,31
20230226,92,19.33,20.14,20.47,18.92,19.72,392,57
20230226,93,76.6,81.61,82.88,73.74,78.71,420,69
20230226,94,1000.02,991.67,1044.19,981.44,1004.33,142,30
20230226,95,439.55,429.4,448.32,427.16,436.11,278,48
20230226,96,363.79,356.13,378.45,340.07,359.61,253,46
20230226,97,26.6,28.18,29.32,26.49,27.65,254,61
20230226,98,2245.54,2245.83,2328.12,2194.48,2253.49,433,59
20230226,99,55.51,58.11,59.37,54.14,56.78,207,44
20230226,100,46.84,48.49,49.41,42.96,46.93,450,65
20230226,101,18.42,18.74,19.36,18.37,18.73,295,62
20230226,102,13.98,12.95,14.1,12.78,13.45,239,50
20230226,103,1323.19,1300.19,1392.82,1241.56,1314.44,138,31
20230226,104,591.96,583.84,601.62,571.6,587.26,198,44
20230226,105,7743.87,7600.74,8152.33,7401.28,7724.56,405,67
20230226,106,158.02,160.76,167.72,155.56,160.52,434,67
20230226,107,146.02,148.15,150.27,145.56,147.5,195,27
20230226,108,398.91,376.42,407.99,366.99,387.58,196,38
20230226,109,687.42,723.05,767.37,686.98,716.21,227,48
20230226,110,859.76,878.05,915.07,826.63,869.88,235,59
20230226,111,2.5,2.59,2.6,2.42,2.53,290,59
20230226,112,15079.36,15739.98,16108.05,14609.85,15384.31,386,59
20230226,113,7.93,7.73,8.03,7.64,7.83,287,52
20230226,114,1126.79,1191.24,1214.43,1103.82,1159.07,435,67
20230226,115,4178.96,4162.48,4293.66,3966.21,4150.33,278,56
20230226,116,1049.83,1113.99,1140.18,1041.34,1086.34,187,34
20230226,117,6.8,6.6,6.83,6.57,6.7,304,52
20230226,118,15.7,16.92,17.23,15.68,16.38,300,57
20230226,119,75.88,73.27,77.1,69.38,73.91,226,53
20230226,120,544.61,605.77,616.9,544.08,577.84,425,72
20230226,121,2234.52,2194.39,2315.85,2185.85,2232.65,413,64
20230226,122,14381.42,14925.66,14949.21,13612.76,14467.26,373,39
20230226,123,4.1,4.07,4.24,3.93,4.09,394,63
20230226,124,26.41,27.09,27.51,26.29,26.83,237,39
20230226,125,279.63,282.65,291.19,276.21,282.42,139,30
20230226,126,80406.78,77885.94,82623.65,77767.67,79671.01,286,59
20230226,127,203.81,184.44,204.07,184.19,194.13,236,23
20230226,128,238.83,265.07,269.82,238.64,253.09,161,31
20230226,129,12453.76,12765.52,13098.6,12250.2,12642.02,194,43
20230226,130,98.86,89.41,103.56,88.93,95.19,366,38
20230226,131,218.07,227.74,235.87,208.9,222.64,366,52
20230226,132,2953.23,3095.0,3125.7,2901.43,3018.84,355,52
20230226,133,68.1,67.58,71.59,67.5,68.69,240,51
20230226,134,1393.53,1399.84,1451.67,1341.86,1396.73,300,61
20230226,135,417.25,420.22,421.41,415.72,418.65,198,27
20230226,136,272.03,286.85,295.18,255.2,277.31,260,51
20230226,137,172.53,177.61,179.0,162.54,172.92,182,38
20230226,138,2.66,2.82,2.89,2.66,2.76,394,61
20230226,139,8439.9,8800.66,8918.35,8335.14,8623.51,408,65
20230226,140,201.25,200.53,204.44,186.9,198.28,359,50
20230226,141,31.39,29.78,31.65,29.11,30.48,279,61
20230226,142,67.17,67.33,69.99,66.29,67.69,294,50
20230226,143,8381.21,8730.29,8977.92,8199.8,8572.3,412,62
20230226,144,3.05,3.16,3.21,3.02,3.11,292,54
20230226,145,1649.84,1678.61,1734.51,1600.32,1665.82,349,60
20230226,146,22491.3,23723.12,24613.35,21487.29,23078.76,257,51
20230226,147,553.25,581.52,602.43,544.93,570.53,85,11
20230226,148,95.69,96.88,103.24,94.8,97.65,428,69
20230226,149,2.43,2.46,2.47,2.39,2.44,438,54
20230226,150,4.89,5.3,5.33,4.74,5.06,370,63
20230226,151,12.02,11.58,12.2,11.55,11.84,368,44
20230226,152,13.5,13.77,13.78,13.43,13.62,314,71
20230226,153,58736.44,64393.64,65205.57,54726.79,60765.61,349,61
20230226,154,1516.51,1456.0,1543.23,1413.89,1482.41,232,39
20230226,155,79.98,83.7,85.91,78.35,81.98,300,60
20230226,156,76.35,81.03,82.44,73.86,78.42,382,51
20230226,157,1800.99,1717.28,1810.71,1688.75,1754.43,319,57
20230226,158,22.59,23.45,24.04,21.37,22.86,254,75
20230226,159,18810.48,18536.66,18861.64,17924.42,18533.3,290,53
20230226,160,62.19,62.63,66.59,58.97,62.59,480,62
20230226,161,11.94,11.88,12.21,11.74,11.94,365,54
20230226,162,134.25,142.73,149.29,130.07,139.09,233,46
20230226,163,173.57,176.17,185.45,164.86,175.01,344,64
20230226,164,60.05,58.54,61.61,58.5,59.68,257,43
20230226,165,37.25,36.81,37.85,36.67,37.14,373,46
20230226,166,34.47,34.16,35.45,33.71,34.45,322,47
20230226,167,0.66,0.62,0.66,0.57,0.63,312,63
20230226,168,33.58,33.09,34.9,31.86,33.36,402,55
20230226,169,40.38,40.66,41.07,39.93,40.51,366,50
20230226,170,2937.6,3006.12,3010.97,2911.82,2966.63,52,14
20230226,171,52.15,54.85,55.39,51.46,53.46,380,50
20230226,172,39.05,40.02,42.45,36.63,39.54,352,58
20230226,173,22.07,20.92,22.81,20.6,21.6,173,46
20230226,174,44.13,42.86,44.8,42.05,43.46,193,53
20230226,175,5932.98,6011.68,6188.06,5743.61,5969.08,251,59
20230226,176,47.42,47.63,48.45,46.15,47.41,245,47
20230226,177,59.94,59.38,61.99,56.62,59.48,336,51
20230226,178,323.23,335.53,353.88,310.63,330.82,220,37
20230226,179,5.2,5.43,5.44,5.03,5.27,328,54
20230226,180,299.93,310.59,314.43,284.34,302.32,195,35
20230226,181,46340.81,46120.86,46984.62,44877.86,46081.04,410,58
20230226,182,24.48,23.61,24.5,22.15,23.68,194,41
20230226,183,26.83,26.59,26.93,24.73,26.27,401,63
20230226,184,10.3,10.84,10.87,9.86,10.47,416,70
20230226,185,1991.6,1967.09,2022.63,1886.96,1967.07,318,70
20230226,186,57463.08,55262.97,58880.76,55254.09,56715.23,310,69
20230226,187,1238.5,1318.17,1357.4,1166.8,1270.22,308,59
20230226,188,303.75,286.57,311.23,279.18,295.18,285,75
20230226,189,4.49,4.54,4.54,4.39,4.49,284,75
20230226,190,4.53,4.75,5.04,4.46,4.69,293,65
20230226,191,29.4,29.39,29.82,28.19,29.2,189,44
20230226,192,2356.12,2150.39,2464.26,2089.49,2265.07,206,26
20230226,193,24.14,24.94,25.06,23.79,24.48,350,47
20230226,194,22.86,23.9,24.28,22.16,23.3,424,55
20230226,195,3328.91,3495.31,3652.05,3262.98,3434.81,293,57
20230226,196,83.38,76.96,84.8,76.05,80.3,166,29
20230226,197,301.93,325.47,336.83,292.54,314.19,445,65
20230226,198,405.15,386.73,410.37,378.88,395.28,310,48
20230226,199,1260.44,1225.44,1262.3,1216.72,1241.23,137,28
20230226,200,100.1,103.06,104.18,99.68,101.76,193,39
20230227,1,70.83,65.46,72.45,65.4,68.53,277,51
20230227,2,80.13,77.27,83.8,73.24,78.61,169,33
20230227,3,155.56,147.76,158.85,142.49,151.17,134,40
20230227,4,10878.46,11073.42,11306.49,10851.42,11027.45,110,31
20230227,5,63.96,57.76,64.43,55.69,60.46,194,34
20230227,6,16.43,13.96,16.48,13.49,15.09,301,64
20230227,7,483.54,461.62,490.53,450.36,471.51,250,44
20230227,8,3.05,3.03,3.14,3.01,3.06,189,61
20230227,9,12677.63,11875.28,13003.03,11322.79,12219.68,311,60
20230227,10,35.84,35.4,38.45,34.1,35.95,122,30
20230227,11,38.62,38.4,40.58,38.02,38.91,257,53
20230227,12,533.24,477.04,536.94,474.16,505.35,96,20
20230227,13,1.65,1.62,1.68,1.61,1.64,200,60
20230227,14,66.37,62.25,70.37,60.43,64.86,260,61
20230227,15,9481.19,9110.48,9531.14,8759.89,9220.68,214,52
20230227,16,1.68,1.69,1.8,1.58,1.69,201,55
20230227,17,4126.13,3560.46,4179.88,3419.3,3821.44,229,66
20230227,18,240.23,232.94,242.16,231.77,236.78,177,47
20230227,19,4403.51,4305.88,4503.61,4255.48,4367.12,220,61
20230227,20,378.31,367.99,386.53,356.18,372.25,106,27
20230227,21,23.38,21.91,23.61,21.85,22.69,218,51
20230227,22,2109.47,2168.01,2185.6,1986.4,2112.37,234,51
20230227,23,795.73,760.0,811.75,731.54,774.75,137,33
20230227,24,82.67,81.14,83.52,74.36,80.42,209,65
20230227,25,87.33,78.96,87.73,78.5,83.13,158,28
20230227,26,56.05,51.85,57.82,48.1,53.46,262,52
20230227,27,38.34,36.65,38.37,36.57,37.48,306,46
20230227,28,14533.47,13360.55,14796.78,13208.39,13974.8,251,53
20230227,29,67.62,69.08,71.58,67.27,68.89,184,49
20230227,30,1252.63,1274.53,1327.85,1185.63,1260.16,117,31
20230227,31,229.71,219.18,235.06,215.61,224.89,132,55
20230227,32,158.01,152.49,162.29,148.68,155.37,197,50
20230227,33,61.87,60.39,62.36,59.22,60.96,187,58
20230227,34,18.24,18.33,18.4,17.06,18.01,188,47
20230227,35,69.14,62.99,70.72,62.12,66.24,251,55
20230227,36,99.55,87.37,105.94,86.69,94.89,145,38
20230227,37,13.1,11.81,13.33,11.16,12.35,246,54
20230227,38,142.84,125.42,146.03,122.93,134.31,162,50
20230227,39,66.7,64.56,70.54,60.2,65.5,215,58
20230227,40,21.47,20.79,21.49,20.49,21.06,132,48
20230227,41,10488.78,10870.66,11665.62,10283.37,10827.11,33,12
20230227,42,6451.17,6122.86,6512.56,5802.74,6222.33,309,53
20230227,43,2776.98,2536.89,2781.99,2500.64,2649.13,208,51
20230227,44,33.67,34.97,36.13,30.92,33.92,184,46
20230227,45,64.6,59.61,64.69,59.03,61.98,290,60
20230227,46,467.28,455.39,485.17,455.29,465.78,195,55
20230227,47,114.7,111.04,118.02,108.68,113.11,185,56
20230227,48,451.02,436.87,458.71,413.16,439.94,224,67
20230227,49,58.34,63.0,64.32,55.9,60.39,164,49
20230227,50,1084.98,1041.62,1108.41,1023.86,1064.72,152,46
20230227,51,618.7,566.53,628.85,547.87,590.49,261,48
20230227,52,68.01,59.9,68.62,59.68,64.05,171,57
20230227,53,1504.54,1548.69,1573.3,1438.67,1516.3,170,57
20230227,54,10.29,10.65,10.74,10.11,10.45,136,36
20230227,55,16.93,14.69,17.39,14.64,15.92,252,59
20230227,56,175.85,169.04,185.27,164.79,173.74,190,30
20230227,57,66.34,64.83,68.54,62.3,65.5,179,45
20230227,58,2.38,2.29,2.39,2.28,2.34,234,61
20230227,59,28079.39,25990.4,28407.99,25355.0,26958.19,306,51
20230227,60,2216.34,2158.86,2217.72,2148.68,2185.4,162,49
20230227,61,629.83,610.04,647.0,609.2,624.02,216,37
20230227,62,41.53,39.06,43.57,38.04,40.55,187,52
20230227,63,1702.36,1699.06,1747.34,1603.13,1687.97,293,57
20230227,64,6141.64,5851.89,6490.88,5433.52,5979.48,261,56
20230227,65,6.99,7.07,7.35,6.9,7.08,187,54
20230227,66,7724.14,7181.36,8100.17,7177.93,7545.9,166,49
20230227,67,81.31,82.37,85.39,80.22,82.32,128,45
20230227,68,102.99,96.9,106.96,92.45,99.83,242,47
20230227,69,12255.08,10149.36,12270.25,10111.59,11196.57,224,58
20230227,70,3.01,2.57,3.11,2.52,2.8,261,63
20230227,71,5545.86,5113.27,5687.29,5068.08,5353.62,304,52
20230227,72,11898.63,11543.89,12003.98,11362.57,11702.27,124,34
20230227,73,26.59,23.64,26.82,23.08,25.03,240,49
20230227,74,4.24,4.36,4.38,4.15,4.29,172,49
20230227,75,6351.35,5554.82,6753.82,5346.72,6001.68,310,64
20230227,76,21.86,19.45,22.13,19.42,20.71,284,70
20230227,77,19020.96,16732.2,19402.26,15775.19,17732.65,285,44
20230227,78,5.75,5.71,6.14,5.49,5.77,225,74
20230227,79,152.39,138.64,153.67,136.94,145.41,211,56
20230227,80,129.16,125.4,133.6,122.34,127.63,90,31
20230227,81,11.18,9.75,11.34,9.71,10.49,163,41
20230227,82,164.87,159.8,167.16,154.96,161.7,210,61
20230227,83,15.33,15.92,16.38,15.07,15.68,218,58
20230227,84,11.77,11.66,12.16,11.51,11.78,220,58
20230227,85,83.19,73.47,84.47,72.27,78.35,217,38
20230227,86,21091.09,21472.03,22040.14,21019.94,21405.8,223,76
20230227,87,362.5,352.17,371.58,343.49,357.43,149,38
20230227,88,42.85,40.82,44.56,38.86,41.77,191,47
20230227,89,20.52,19.84,20.53,19.56,20.11,183,57
20230227,90,43.29,37.33,43.99,36.99,40.4,160,59
20230227,91,2956.48,3028.48,3077.72,2886.4,2987.27,99,37
20230227,92,20.14,17.95,20.21,17.46,18.94,270,60
20230227,93,81.61,72.99,82.4,72.84,77.46,286,63
20230227,94,991.67,979.47,1035.85,950.75,989.43,117,24
20230227,95,429.4,367.22,431.36,357.06,396.26,175,49
20230227,96,356.13,349.34,357.24,346.17,352.22,198,53
20230227,97,28.18,28.68,29.66,27.77,28.57,193,49
20230227,98,2245.83,2064.03,2328.9,1956.2,2148.74,329,53
20230227,99,58.11,54.71,58.37,54.11,56.33,139,29
20230227,100,48.49,45.37,51.49,44.01,47.34,286,62
20230227,101,18.74,17.57,18.85,17.08,18.06,200,70
20230227,102,12.95,12.34,13.35,11.88,12.63,167,53
20230227,103,1300.19,1267.22,1304.1,1254.41,1281.48,118,28
20230227,104,583.84,577.57,603.81,563.53,582.19,146,43
20230227,105,7600.74,6803.21,7697.7,6353.6,7113.81,290,61
20230227,106,160.76,152.66,167.87,147.62,157.22,298,64
20230227,107,148.15,135.56,149.32,128.43,140.36,163,32
20230227,108,376.42,342.26,381.69,341.77,360.54,133,34
20230227,109,723.05,714.74,723.14,677.75,709.67,158,40
20230227,110,878.05,890.05,900.45,830.61,874.79,191,57
20230227,111,2.59,2.56,2.68,2.46,2.57,204,66
20230227,112,15739.98,13234.74,16630.29,13115.58,14680.14,298,58
20230227,113,7.73,7.87,7.87,7.48,7.74,196,55
20230227,114,1191.24,1081.59,1210.55,1077.3,1140.17,300,66
20230227,115,4162.48,4150.15,4283.84,4047.47,4160.99,224,55
20230227,116,1113.99,1060.27,1117.62,1006.94,1074.71,138,50
20230227,117,6.6,5.98,6.78,5.84,6.3,223,71
20230227,118,16.92,15.02,17.13,14.57,15.91,200,55
20230227,119,73.27,68.69,74.17,63.48,69.9,179,59
20230227,120,605.77,557.48,612.93,538.87,578.76,304,61
20230227,121,2194.39,2108.97,2312.37,2044.94,2165.17,298,55
20230227,122,14925.66,13605.38,15121.16,13084.56,14184.19,267,51
20230227,123,4.07,3.54,4.16,3.39,3.79,273,58
20230227,124,27.09,25.44,27.81,25.09,26.36,181,61
20230227,125,282.65,291.74,297.85,280.7,288.24,99,33
20230227,126,77885.94,72444.15,78963.45,64875.33,73542.22,214,59
20230227,127,184.44,182.23,187.19,180.89,183.69,143,35
20230227,128,265.07,273.74,280.24,256.01,268.77,91,35
20230227,129,12765.52,13683.64,14081.36,12577.2,13276.93,154,39
20230227,130,89.41,83.13,90.74,80.52,85.95,230,54
20230227,131,227.74,204.51,235.3,204.13,217.92,254,45
20230227,132,3095.0,2850.15,3209.71,2811.25,2991.53,234,58
20230227,133,67.58,69.46,73.23,66.53,69.2,190,57
20230227,134,1399.84,1356.85,1424.69,1334.0,1378.84,212,55
20230227,135,420.22,363.98,424.88,356.37,391.36,141,28
20230227,136,286.85,275.22,297.66,266.32,281.51,174,47
20230227,137,177.61,169.43,179.31,167.96,173.58,142,39
20230227,138,2.82,2.67,2.88,2.66,2.76,298,44
20230227,139,8800.66,7756.41,9184.87,7308.49,8262.61,294,54
20230227,140,200.53,182.1,208.62,178.7,192.49,257,52
20230227,141,29.78,30.55,31.11,29.36,30.2,163,46
20230227,142,67.33,69.31,73.39,66.77,69.2,200,56
20230227,143,8730.29,7995.2,9209.78,7552.83,8372.03,287,68
20230227,144,3.16,3.18,3.51,3.13,3.24,229,62
20230227,145,1678.61,1456.33,1788.34,1447.89,1592.79,254,52
20230227,146,23723.12,24159.51,24856.05,23559.76,24074.61,229,53
20230227,147,581.52,603.54,645.32,566.06,599.11,73,23
20230227,148,96.88,81.16,99.11,78.33,88.87,301,52
20230227,149,2.46,2.36,2.55,2.31,2.42,315,56
20230227,150,5.3,4.66,5.36,4.53,4.96,295,62
20230227,151,11.58,10.84,11.77,10.5,11.17,244,38
20230227,152,13.77,13.3,13.8,12.97,13.46,226,49
20230227,153,64393.64,58202.01,65448.25,56895.87,61234.94,235,62
20230227,154,1456.0,1307.3,1481.31,1290.45,1383.77,164,30
20230227,155,83.7,79.19,84.02,77.68,81.15,234,68
20230227,156,81.03,74.92,83.21,72.82,77.99,236,51
20230227,157,1717.28,1672.92,1753.38,1667.15,1702.68,225,63
20230227,158,23.45,20.92,24.41,20.87,22.41,216,57
20230227,159,18536.66,17248.78,18891.07,17233.57,17977.52,212,64
20230227,160,62.63,53.82,64.3,53.21,58.49,296,48
20230227,161,11.88,10.53,12.09,10.28,11.19,257,44
20230227,162,142.73,141.75,150.13,139.4,143.5,177,54
20230227,163,176.17,155.38,177.42,152.05,165.25,234,58
20230227,164,58.54,58.55,60.07,57.82,58.74,176,45
20230227,165,36.81,33.15,37.71,32.66,35.08,236,57
20230227,166,34.16,32.91,34.83,32.08,33.49,215,49
20230227,167,0.62,0.61,0.63,0.6,0.62,226,67
20230227,168,33.09,31.53,33.99,30.56,32.29,313,73
20230227,169,40.66,34.82,41.86,34.06,37.85,249,65
20230227,170,3006.12,3113.83,3196.84,2965.62,3070.6,34,11
20230227,171,54.85,51.34,55.71,49.67,52.89,303,67
20230227,172,40.02,36.27,40.93,36.05,38.32,264,61
20230227,173,20.92,21.11,21.75,20.05,20.96,123,36
20230227,174,42.86,42.36,43.16,41.28,42.41,143,49
20230227,175,6011.68,5896.2,6371.14,5656.61,5983.9,170,54
20230227,176,47.63,45.51,48.13,44.03,46.33,172,49
20230227,177,59.38,55.4,61.45,55.16,57.85,240,49
20230227,178,335.53,321.03,338.8,299.78,323.78,156,37
20230227,179,5.43,5.31,5.58,5.27,5.4,204,62
20230227,180,310.59,290.6,310.9,286.15,299.56,135,32
20230227,181,46120.86,43340.71,47060.4,40756.3,44319.57,300,54
20230227,182,23.61,22.15,25.02,22.04,23.2,136,40
20230227,183,26.59,24.9,27.4,24.33,25.8,307,61
20230227,184,10.84,9.45,10.86,9.29,10.11,308,60
20230227,185,1967.09,1755.84,2008.42,1720.22,1862.89,179,68
20230227,186,55262.97,52882.43,55886.79,52442.72,54118.73,178,66
20230227,187,1318.17,1328.15,1330.02,1260.97,1309.33,196,54
20230227,188,286.57,279.08,298.69,273.46,284.45,221,60
20230227,189,4.54,4.34,4.6,4.17,4.41,180,71
20230227,190,4.75,4.7,4.77,4.68,4.73,208,49
20230227,191,29.39,28.52,30.0,27.7,28.9,141,47
20230227,192,2150.39,1994.66,2152.71,1903.73,2050.38,142,46
20230227,193,24.94,21.15,25.08,20.08,22.81,202,53
20230227,194,23.9,21.45,24.78,21.36,22.87,323,61
20230227,195,3495.31,3434.77,3617.84,3375.37,3480.82,203,53
20230227,196,76.96,71.33,78.96,70.59,74.46,101,27
20230227,197,325.47,278.51,329.56,278.12,302.91,310,60
20230227,198,386.73,373.3,389.9,363.29,378.31,171,64
20230227,199,1225.44,1209.58,1267.96,1153.45,1214.11,115,36
20230227,200,103.06,93.03,107.43,88.02,97.89,152,26
20230228,1,65.46,65.44,65.52,61.22,64.41,216,45
20230228,2,77.27,75.79,78.55,71.77,75.85,126,44
20230228,3,147.76,149.63,157.27,146.3,150.24,127,37
20230228,4,11073.42,11235.41,11533.32,10929.87,11193.0,97,30
20230228,5,57.76,61.49,61.93,56.54,59.43,206,40
20230228,6,13.96,13.01,14.36,12.86,13.55,300,59
20230228,7,461.62,481.63,500.69,441.73,471.42,271,44
20230228,8,3.03,2.4,3.22,2.3,2.74,230,62
20230228,9,11875.28,12077.46,12382.48,11329.07,11916.07,332,54
20230228,10,35.4,37.14,38.54,35.14,36.55,111,29
20230228,11,38.4,37.63,39.03,36.74,37.95,231,53
20230228,12,477.04,505.5,509.51,468.46,490.13,100,26
20230228,13,1.62,1.58,1.68,1.51,1.6,217,69
20230228,14,62.25,64.24,66.16,58.84,62.87,274,52
20230228,15,9110.48,9179.79,9209.36,9102.1,9150.43,192,68
20230228,16,1.69,1.72,1.74,1.61,1.69,211,53
20230228,17,3560.46,3572.64,3585.83,3477.86,3549.2,183,71
20230228,18,232.94,240.52,241.27,229.49,236.06,185,47
20230228,19,4305.88,4705.05,4755.02,4234.2,4500.04,213,70
20230228,20,367.99,362.04,379.26,348.24,364.39,132,33
20230228,21,21.91,22.43,22.74,21.14,22.05,214,76
20230228,22,2168.01,2305.12,2317.9,2066.92,2214.49,222,72
20230228,23,760.0,766.86,781.9,750.17,764.73,155,40
20230228,24,81.14,86.67,87.51,80.86,84.04,204,70
20230228,25,78.96,79.14,83.17,77.76,79.76,144,22
20230228,26,51.85,52.62,53.88,50.06,52.1,271,45
20230228,27,36.65,35.65,37.32,33.35,35.74,282,73
20230228,28,13360.55,13898.9,14268.0,12683.72,13552.79,252,56
20230228,29,69.08,70.84,70.88,67.38,69.55,171,41
20230228,30,1274.53,1386.17,1394.53,1263.88,1329.78,131,60
20230228,31,219.18,217.95,221.61,217.8,219.14,153,39
20230228,32,152.49,148.81,155.61,139.12,149.01,185,49
20230228,33,60.39,48.94,60.75,48.3,54.6,182,53
20230228,34,18.33,19.76,20.35,17.78,19.05,196,61
20230228,35,62.99,66.04,66.8,61.8,64.41,232,53
20230228,36,87.37,96.51,102.18,86.06,93.03,144,25
20230228,37,11.81,12.49,12.83,11.73,12.22,260,56
20230228,38,125.42,130.41,130.9,123.69,127.61,173,63
20230228,39,64.56,69.06,69.86,64.06,66.89,216,47
20230228,40,20.79,22.82,24.47,20.48,22.14,128,51
20230228,41,10870.66,11369.34,11697.03,10609.62,11136.66,35,22
20230228,42,6122.86,5910.67,6152.33,5743.04,5982.22,313,57
20230228,43,2536.89,2754.77,2784.91,2514.29,2647.72,217,57
20230228,44,34.97,38.06,39.49,32.44,36.24,168,61
20230228,45,59.61,61.53,63.94,58.37,60.86,290,73
20230228,46,455.39,435.34,463.16,434.25,447.03,153,55
20230228,47,111.04,106.39,113.4,105.68,109.13,219,47
20230228,48,436.87,343.05,444.21,334.85,389.74,195,52
20230228,49,63.0,57.82,65.66,57.14,60.9,167,48
20230228,50,1041.62,1050.61,1121.55,1008.38,1055.54,170,55
20230228,51,566.53,588.83,611.06,539.68,576.52,253,44
20230228,52,59.9,61.4,62.92,59.31,60.88,159,41
20230228,53,1548.69,1577.69,1578.11,1515.25,1554.94,179,41
20230228,54,10.65,10.01,10.79,9.79,10.31,164,40
20230228,55,14.69,15.24,15.33,14.38,14.91,252,45
20230228,56,169.04,177.76,180.35,165.18,173.08,170,55
20230228,57,64.83,61.61,67.66,61.07,63.79,165,64
20230228,58,2.29,2.23,2.35,2.16,2.26,185,84
20230228,59,25990.4,25268.53,26034.18,24699.84,25498.24,295,65
20230228,60,2158.86,2277.76,2283.24,2101.49,2205.34,169,40
20230228,61,610.04,615.9,636.26,607.8,617.5,200,47
20230228,62,39.06,39.34,41.56,38.4,39.59,171,47
20230228,63,1699.06,1691.34,1731.6,1660.85,1695.71,296,52
20230228,64,5851.89,6016.03,6104.48,5731.06,5925.86,210,47
20230228,65,7.07,7.27,7.33,6.94,7.15,223,59
20230228,66,7181.36,7153.18,7306.38,7152.34,7198.31,175,51
20230228,67,82.37,81.62,83.74,80.63,82.09,156,44
20230228,68,96.9,100.72,103.34,95.87,99.21,222,69
20230228,69,10149.36,10571.54,10655.28,9981.16,10339.33,253,48
20230228,70,2.57,2.87,2.97,2.55,2.74,311,63
20230228,71,5113.27,5162.1,5313.36,5112.02,5175.19,304,67
20230228,72,11543.89,11901.72,12523.51,11313.59,11820.68,127,52
20230228,73,23.64,24.87,25.16,22.57,24.06,263,52
20230228,74,4.36,4.69,4.7,4.29,4.51,194,63
20230228,75,5554.82,5531.19,5854.93,5511.75,5613.18,298,55
20230228,76,19.45,21.02,21.4,18.29,20.04,306,54
20230228,77,16732.2,16797.96,17444.79,15517.98,16623.23,310,60
20230228,78,5.71,6.52,6.62,5.59,6.11,202,69
20230228,79,138.64,145.17,145.77,135.83,141.35,191,59
20230228,80,125.4,94.34,129.37,90.76,109.97,118,27
20230228,81,9.75,10.07,10.45,9.43,9.92,177,66
20230228,82,159.8,134.18,161.8,132.69,147.12,206,48
20230228,83,15.92,16.44,16.48,15.7,16.14,231,74
20230228,84,11.66,11.67,11.81,11.57,11.68,231,67
20230228,85,73.47,79.16,79.57,73.36,76.39,212,34
20230228,86,21472.03,21930.66,22912.13,20703.13,21754.49,227,61
20230228,87,352.17,357.92,364.1,350.86,356.26,139,41
20230228,88,40.82,39.74,41.23,38.52,40.08,217,35
20230228,89,19.84,21.46,21.52,19.79,20.65,205,64
20230228,90,37.33,37.23,37.81,33.32,36.42,161,52
20230228,91,3028.48,3126.54,3146.23,3020.15,3080.35,101,26
20230228,92,17.95,18.84,18.95,17.3,18.26,311,65
20230228,93,72.99,74.13,74.89,71.85,73.47,305,62
20230228,94,979.47,947.63,994.14,892.64,953.47,109,34
20230228,95,367.22,368.48,378.61,355.35,367.42,184,40
20230228,96,349.34,367.38,370.37,332.52,354.9,197,51
20230228,97,28.68,28.74,29.03,27.95,28.6,191,50
20230228,98,2064.03,1933.82,2177.31,1885.08,2015.06,295,48
20230228,99,54.71,55.82,57.48,53.28,55.32,145,36
20230228,100,45.37,44.13,45.55,43.15,44.55,305,43
20230228,101,17.57,18.5,18.73,17.3,18.02,193,66
20230228,102,12.34,12.54,12.77,12.02,12.42,175,53
20230228,103,1267.22,1286.22,1361.16,1230.25,1286.21,119,30
20230228,104,577.57,590.02,604.12,545.18,579.22,131,34
20230228,105,6803.21,6660.59,7154.27,6567.85,6796.48,271,52
20230228,106,152.66,149.7,156.61,145.97,151.23,300,58
20230228,107,135.56,136.21,140.46,133.32,136.39,146,26
20230228,108,342.26,333.97,364.84,325.47,341.63,146,32
20230228,109,714.74,749.58,755.16,713.87,733.34,171,59
20230228,110,890.05,899.62,903.36,863.32,889.09,175,48
20230228,111,2.56,1.92,2.6,1.84,2.23,200,75
20230228,112,13234.74,13367.96,13674.34,12873.12,13287.54,289,59
20230228,113,7.87,8.0,8.2,7.78,7.96,209,60
20230228,114,1081.59,1077.88,1094.55,1061.9,1078.98,319,63
20230228,115,4150.15,4253.9,4450.81,4035.0,4222.47,216,53
20230228,116,1060.27,1093.91,1137.13,1026.0,1079.33,166,32
20230228,117,5.98,6.8,6.97,5.89,6.41,201,65
20230228,118,15.02,16.29,16.54,14.2,15.51,218,59
20230228,119,68.69,65.71,71.26,64.87,67.63,173,59
20230228,120,557.48,554.63,565.23,542.85,555.05,319,72
20230228,121,2108.97,2136.53,2137.2,2099.0,2120.43,294,65
20230228,122,13605.38,13971.89,14512.21,13255.94,13836.35,294,50
20230228,123,3.54,3.49,3.58,3.45,3.52,297,62
20230228,124,25.44,25.26,25.69,24.59,25.24,195,55
20230228,125,291.74,281.86,292.3,270.89,284.2,100,31
20230228,126,72444.15,73335.97,74327.03,69839.51,72486.67,206,64
20230228,127,182.23,180.84,182.6,179.23,181.23,138,32
20230228,128,273.74,270.14,285.94,258.58,272.1,125,25
20230228,129,13683.64,13259.25,13793.08,12282.88,13254.71,137,49
20230228,130,83.13,90.08,90.17,82.36,86.44,261,39
20230228,131,204.51,216.72,217.47,199.68,209.6,245,46
20230228,132,2850.15,2748.97,2888.57,2685.41,2793.28,275,45
20230228,133,69.46,71.46,72.55,68.77,70.56,181,63
20230228,134,1356.85,1327.22,1422.4,1258.73,1341.3,200,50
20230228,135,363.98,393.61,398.52,354.13,377.56,149,33
20230228,136,275.22,296.07,312.0,274.46,289.44,161,54
20230228,137,169.43,175.35,178.54,166.55,172.47,154,39
20230228,138,2.67,2.6,2.67,2.52,2.61,301,58
20230228,139,7756.41,7658.91,7813.89,7425.48,7663.67,315,55
20230228,140,182.1,181.86,183.36,172.9,180.06,268,46
20230228,141,30.55,31.12,32.08,30.53,31.07,176,53
20230228,142,69.31,73.94,78.35,68.91,72.63,205,62
20230228,143,7995.2,8505.06,8603.49,7830.83,8233.65,308,58
20230228,144,3.18,3.41,3.48,3.17,3.31,180,61
20230228,145,1456.33,1482.49,1517.39,1428.45,1471.16,258,58
20230228,146,24159.51,23456.73,24204.08,22098.56,23479.72,222,52
20230228,147,603.54,597.9,642.79,593.39,609.4,58,25
20230228,148,81.16,85.37,88.07,80.83,83.86,289,52
20230228,149,2.36,2.26,2.4,2.25,2.32,292,66
20230228,150,4.66,4.75,4.81,4.47,4.67,292,66
20230228,151,10.84,11.59,11.74,10.83,11.25,270,45
20230228,152,13.3,13.74,14.14,13.11,13.57,174,63
20230228,153,58202.01,60599.33,61494.91,57920.79,59554.26,261,47
20230228,154,1307.3,1236.58,1336.45,1207.22,1271.89,158,41
20230228,155,79.19,66.49,81.62,64.13,72.86,220,68
20230228,156,74.92,71.62,75.67,71.16,73.34,268,63
20230228,157,1672.92,1717.87,1828.74,1661.41,1720.24,216,63
20230228,158,20.92,22.08,22.32,20.3,21.4,228,64
20230228,159,17248.78,17768.41,17783.33,15833.96,17158.62,203,57
20230228,160,53.82,52.52,55.18,52.39,53.48,322,54
20230228,161,10.53,10.3,10.6,10.12,10.39,253,53
20230228,162,141.75,114.48,143.46,114.28,128.49,169,38
20230228,163,155.38,164.11,164.58,153.72,159.45,255,42
20230228,164,58.55,56.36,61.76,54.25,57.73,179,44
20230228,165,33.15,34.27,34.68,31.78,33.47,275,66
20230228,166,32.91,31.58,33.58,30.9,32.24,174,56
20230228,167,0.61,0.65,0.68,0.6,0.64,177,72
20230228,168,31.53,30.74,33.6,30.18,31.51,318,56
20230228,169,34.82,35.73,37.01,33.39,35.24,251,43
20230228,170,3113.83,3123.64,3318.02,2914.16,3117.41,31,17
20230228,171,51.34,53.86,54.08,50.0,52.32,296,64
20230228,172,36.27,37.49,40.0,35.42,37.3,237,55
20230228,173,21.11,20.11,21.97,20.11,20.83,144,38
20230228,174,42.36,46.45,46.57,41.81,44.3,135,29
20230228,175,5896.2,6434.93,6522.47,5868.58,6180.54,166,47
20230228,176,45.51,47.97,48.89,44.47,46.71,168,61
20230228,177,55.4,55.35,56.5,52.82,55.02,239,50
20230228,178,321.03,321.24,325.23,315.52,320.75,129,42
20230228,179,5.31,5.32,5.5,5.09,5.31,215,46
20230228,180,290.6,306.2,308.52,277.66,295.75,126,27
20230228,181,43340.71,42253.97,44185.5,40863.23,42660.85,298,53
20230228,182,22.15,22.48,22.83,21.77,22.31,173,34
20230228,183,24.9,26.88,27.49,24.6,25.97,307,80
20230228,184,9.45,9.8,9.95,9.23,9.61,294,62
20230228,185,1755.84,1733.11,1815.07,1722.26,1756.57,191,60
20230228,186,52882.43,60113.4,60485.37,49491.43,55743.16,215,71
20230228,187,1328.15,1435.37,1447.25,1312.04,1380.7,203,59
20230228,188,279.08,292.74,300.88,275.94,287.16,217,60
20230228,189,4.34,4.67,4.87,4.15,4.51,215,55
20230228,190,4.7,4.79,4.94,4.64,4.77,189,64
20230228,191,28.52,23.46,29.06,23.31,26.09,129,40
20230228,192,1994.66,1991.92,2142.16,1922.53,2012.82,142,22
20230228,193,21.15,20.69,21.91,20.65,21.1,251,46
20230228,194,21.45,23.59,23.81,20.68,22.38,317,70
20230228,195,3434.77,3313.91,3480.54,3205.94,3358.79,209,84
20230228,196,71.33,74.88,75.18,70.43,72.95,101,43
20230228,197,278.51,284.97,295.31,268.55,281.83,295,55
20230228,198,373.3,391.11,400.24,359.58,381.06,211,55
20230228,199,1209.58,1243.49,1287.99,1162.19,1225.81,100,29
20230228,200,93.03,93.67,94.4,92.32,93.35,162,30
20230301,1,65.44,65.1,65.61,62.2,64.59,270,54
20230301,2,75.79,75.25,77.18,74.58,75.7,149,32
20230301,3,149.63,149.97,157.93,144.84,150.59,144,44
20230301,4,11235.41,10904.68,11415.4,10692.63,11062.03,118,28
20230301,5,61.49,57.1,65.24,55.08,59.73,192,36
20230301,6,13.01,14.09,14.36,12.56,13.5,293,58
20230301,7,481.63,482.29,486.57,480.83,482.83,236,60
20230301,8,2.4,2.41,2.48,2.26,2.39,207,53
20230301,9,12077.46,11441.22,12478.82,11074.66,11768.04,280,64
20230301,10,37.14,34.75,38.84,33.53,36.06,95,24
20230301,11,37.63,38.11,39.42,36.42,37.9,239,49
20230301,12,505.5,493.08,521.49,476.86,499.23,114,20
20230301,13,1.58,1.61,1.63,1.53,1.59,198,55
20230301,14,64.24,60.05,64.95,59.5,62.19,250,46
20230301,15,9179.79,9584.97,9723.79,9005.87,9373.6,233,52
20230301,16,1.72,1.75,1.84,1.67,1.75,210,57
20230301,17,3572.64,3598.74,3703.62,3499.99,3593.75,220,56
20230301,18,240.52,239.94,240.81,235.21,239.12,182,50
20230301,19,4705.05,4749.59,4852.36,4651.31,4739.58,208,63
20230301,20,362.04,339.52,369.76,329.48,350.2,122,30
20230301,21,22.43,23.44,23.9,22.16,22.98,211,54
20230301,22,2305.12,2315.22,2357.47,2169.03,2286.71,194,63
20230301,23,766.86,735.78,777.42,710.05,747.53,148,40
20230301,24,86.67,81.13,91.1,78.71,84.4,192,71
20230301,25,79.14,81.19,83.57,77.15,80.26,147,35
20230301,26,52.62,52.28,53.13,51.99,52.5,241,45
20230301,27,35.65,35.69,36.53,35.06,35.73,291,50
20230301,28,13898.9,13831.39,14352.9,13313.4,13849.15,220,53
20230301,29,70.84,67.2,71.39,64.61,68.51,201,45
20230301,30,1386.17,1423.31,1504.42,1336.7,1412.65,130,49
20230301,31,217.95,213.68,219.21,195.8,211.66,142,39
20230301,32,148.81,147.06,149.05,145.7,147.65,150,43
20230301,33,48.94,53.32,53.58,46.95,50.7,171,51
20230301,34,19.76,20.0,20.52,19.7,20.0,213,54
20230301,35,66.04,67.32,67.78,63.37,66.13,250,37
20230301,36,96.51,104.49,104.61,94.82,100.11,164,26
20230301,37,12.49,12.57,13.06,12.46,12.65,244,51
20230301,38,130.41,127.92,132.9,126.88,129.53,163,54
20230301,39,69.06,65.07,72.06,62.45,67.16,201,63
20230301,40,22.82,21.54,23.39,21.54,22.32,148,42
20230301,41,11369.34,10215.52,11579.57,10182.68,10836.78,21,8
20230301,42,5910.67,5964.26,5996.54,5868.14,5934.9,325,71
20230301,43,2754.77,2501.09,2768.75,2431.76,2614.1,225,60
20230301,44,38.06,41.03,41.24,36.77,39.27,165,48
20230301,45,61.53,61.4,66.73,60.6,62.56,296,53
20230301,46,435.34,439.14,445.89,435.32,438.92,174,47
20230301,47,106.39,105.43,110.83,102.57,106.3,177,53
20230301,48,343.05,359.62,361.21,328.68,348.14,193,61
20230301,49,57.82,60.75,64.72,57.26,60.14,167,50
20230301,50,1050.61,1037.41,1056.64,999.27,1035.98,187,61
20230301,51,588.83,555.8,608.6,548.99,575.56,247,47
20230301,52,61.4,64.62,65.85,58.98,62.71,191,53
20230301,53,1577.69,1455.75,1589.81,1424.32,1511.89,190,60
20230301,54,10.01,8.89,10.02,8.53,9.36,145,39
20230301,55,15.24,15.34,15.56,15.12,15.31,262,49
20230301,56,177.76,184.44,189.4,176.68,182.07,176,51
20230301,57,61.61,59.34,62.41,57.2,60.14,195,58
20230301,58,2.23,2.21,2.28,2.2,2.23,190,55
20230301,59,25268.53,24695.61,25579.81,24406.46,24987.6,287,78
20230301,60,2277.76,2323.51,2344.43,2271.46,2304.29,162,38
20230301,61,615.9,623.47,647.43,583.5,617.57,211,42
20230301,62,39.34,38.09,39.89,37.62,38.73,167,49
20230301,63,1691.34,1583.17,1730.82,1571.19,1644.13,276,60
20230301,64,6016.03,5570.24,6222.63,5506.73,5828.91,239,54
20230301,65,7.27,7.39,7.52,6.72,7.22,202,62
20230301,66,7153.18,6727.57,7654.89,6602.02,7034.42,184,63
20230301,67,81.62,81.6,82.2,79.49,81.23,131,35
20230301,68,100.72,104.07,106.44,97.32,102.14,236,52
20230301,69,10571.54,10397.47,10985.62,10016.34,10492.74,254,54
20230301,70,2.87,2.8,2.97,2.64,2.82,335,61
20230301,71,5162.1,5322.62,5352.71,5090.6,5232.0,294,64
20230301,72,11901.72,11334.63,12509.1,10533.49,11569.73,130,45
20230301,73,24.87,23.72,25.83,23.31,24.43,244,53
20230301,74,4.69,4.55,4.78,4.44,4.62,161,44
20230301,75,5531.19,5807.93,5965.04,5515.66,5704.96,273,64
20230301,76,21.02,21.92,22.96,20.84,21.69,299,70
20230301,77,16797.96,16379.02,17018.38,16346.29,16635.41,335,66
20230301,78,6.52,6.02,6.65,5.87,6.26,212,61
20230301,79,145.17,150.07,154.11,139.91,147.31,205,57
20230301,80,94.34,87.87,98.09,87.6,91.98,88,29
20230301,81,10.07,10.3,10.65,9.73,10.19,178,60
20230301,82,134.18,131.52,137.7,128.75,133.04,220,63
20230301,83,16.44,17.6,17.72,16.28,17.01,210,59
20230301,84,11.67,11.94,12.37,11.63,11.9,202,48
20230301,85,79.16,75.75,79.76,74.93,77.4,192,36
20230301,86,21930.66,22040.78,22249.19,21698.59,21979.81,186,57
20230301,87,357.92,342.39,363.96,326.44,347.68,131,48
20230301,88,39.74,38.59,40.8,38.0,39.28,198,38
20230301,89,21.46,21.37,22.08,20.49,21.35,201,56
20230301,90,37.23,37.27,38.88,36.9,37.57,181,54
20230301,91,3126.54,3112.3,3204.47,3110.75,3138.51,105,26
20230301,92,18.84,19.35,19.92,18.5,19.15,315,63
20230301,93,74.13,77.13,79.91,69.42,75.15,286,67
20230301,94,947.63,948.21,979.74,933.21,952.2,119,38
20230301,95,368.48,374.75,389.29,367.67,375.05,203,33
20230301,96,367.38,336.13,371.05,318.92,348.37,185,56
20230301,97,28.74,30.73,32.18,28.6,30.06,175,49
20230301,98,1933.82,1964.94,2041.3,1826.45,1941.63,329,62
20230301,99,55.82,54.64,56.5,53.51,55.12,154,42
20230301,100,44.13,43.32,45.28,43.02,43.94,301,70
20230301,101,18.5,18.5,18.59,18.39,18.49,192,53
20230301,102,12.54,12.79,12.87,12.25,12.61,181,69
20230301,103,1286.22,1319.56,1321.15,1280.54,1301.87,92,31
20230301,104,590.02,617.61,654.57,581.6,610.95,136,51
20230301,105,6660.59,6697.58,6863.19,6603.93,6706.32,315,61
20230301,106,149.7,157.35,163.67,145.84,154.14,262,66
20230301,107,136.21,139.4,142.7,129.8,137.03,168,35
20230301,108,333.97,330.63,338.21,318.27,330.27,146,28
20230301,109,749.58,688.56,769.48,679.71,721.83,171,51
20230301,110,899.62,892.69,928.82,888.66,902.45,163,52
20230301,111,1.92,2.05,2.12,1.88,1.99,213,55
20230301,112,13367.96,12897.3,14276.13,12409.73,13237.78,291,62
20230301,113,8.0,7.86,8.02,7.41,7.82,242,62
20230301,114,1077.88,1066.42,1107.13,1049.1,1075.13,279,60
20230301,115,4253.9,4300.21,4409.82,4120.43,4271.09,183,54
20230301,116,1093.91,1052.24,1098.59,1049.48,1073.55,125,46
20230301,117,6.8,6.45,6.99,6.14,6.6,209,55
20230301,118,16.29,16.47,16.73,15.88,16.34,213,56
20230301,119,65.71,63.39,67.84,60.6,64.38,176,54
20230301,120,554.63,505.2,564.65,490.46,528.73,291,67
20230301,121,2136.53,2270.53,2341.15,2125.7,2218.48,284,60
20230301,122,13971.89,14055.51,14239.43,13809.45,14019.07,248,57
20230301,123,3.49,3.74,3.79,3.42,3.61,302,73
20230301,124,25.26,25.68,26.76,24.82,25.63,167,43
20230301,125,281.86,285.84,306.71,271.46,286.47,112,27
20230301,126,73335.97,74600.79,79817.15,71261.33,74753.81,223,63
20230301,127,180.84,176.65,185.22,173.58,179.07,147,41
20230301,128,270.14,267.2,271.14,266.98,268.87,93,34
20230301,129,13259.25,12804.44,13423.66,12610.54,13024.47,138,46
20230301,130,90.08,85.45,90.97,85.03,87.88,236,49
20230301,131,216.72,212.55,222.21,200.63,213.03,225,48
20230301,132,2748.97,2884.19,2937.0,2589.95,2790.03,237,49
20230301,133,71.46,67.21,75.83,65.64,70.04,200,57
20230301,134,1327.22,1272.45,1356.35,1252.86,1302.22,206,55
20230301,135,393.61,395.42,396.81,392.63,394.62,144,30
20230301,136,296.07,283.9,300.98,272.16,288.28,170,46
20230301,137,175.35,178.38,181.47,173.59,177.2,142,42
20230301,138,2.6,2.63,2.74,2.58,2.64,320,54
20230301,139,7658.91,7668.0,8071.77,7280.1,7669.69,291,77
20230301,140,181.86,174.67,187.34,173.93,179.45,248,50
20230301,141,31.12,32.32,35.39,30.74,32.39,188,67
20230301,142,73.94,74.05,79.04,71.44,74.62,172,69
20230301,143,8505.06,8371.27,8506.99,7834.26,8304.39,325,61
20230301,144,3.41,3.37,3.43,3.36,3.39,212,61
20230301,145,1482.49,1471.33,1483.38,1467.7,1476.23,267,49
20230301,146,23456.73,22886.24,24337.59,21944.6,23156.29,217,54
20230301,147,597.9,552.77,619.46,544.07,578.55,67,19
20230301,148,85.37,88.49,88.95,83.87,86.67,265,56
20230301,149,2.26,2.26,2.36,2.16,2.26,282,71
20230301,150,4.75,4.24,4.93,4.19,4.53,307,52
20230301,151,11.59,11.71,11.73,11.54,11.64,253,45
20230301,152,13.74,14.63,14.81,13.2,14.1,200,45
20230301,153,60599.33,56964.68,62812.37,56796.87,59293.31,264,50
20230301,154,1236.58,1227.12,1261.08,1219.25,1236.01,131,39
20230301,155,66.49,64.85,69.99,64.61,66.48,231,62
20230301,156,71.62,75.84,81.9,67.39,74.19,250,52
20230301,157,1717.87,1789.02,1835.99,1670.99,1753.47,215,64
20230301,158,22.08,20.48,22.99,20.17,21.43,200,68
20230301,159,17768.41,17656.15,18579.87,17391.2,17848.91,229,51
20230301,160,52.52,57.64,60.4,49.48,55.01,302,63
20230301,161,10.3,9.97,10.77,9.55,10.15,262,51
20230301,162,114.48,112.49,117.09,108.3,113.09,176,54
20230301,163,164.11,166.13,168.32,159.21,164.44,268,38
20230301,164,56.36,53.84,58.67,49.85,54.68,172,44
20230301,165,34.27,35.95,36.75,34.03,35.25,246,58
20230301,166,31.58,30.75,32.45,30.65,31.35,226,49
20230301,167,0.65,0.59,0.67,0.58,0.62,209,55
20230301,168,30.74,29.54,31.15,29.17,30.15,317,65
20230301,169,35.73,36.17,38.36,35.61,36.47,253,38
20230301,170,3123.64,2959.2,3136.97,2862.92,3020.68,37,16
20230301,171,53.86,52.88,53.94,52.18,53.22,307,66
20230301,172,37.49,37.8,38.3,37.09,37.67,278,53
20230301,173,20.11,18.12,21.08,17.66,19.24,133,33
20230301,174,46.45,45.05,47.98,43.11,45.65,146,35
20230301,175,6434.93,6316.45,6607.1,6229.81,6397.07,166,57
20230301,176,47.97,48.49,50.88,47.85,48.8,146,46
20230301,177,55.35,52.79,57.91,51.74,54.45,250,42
20230301,178,321.24,323.83,347.61,310.69,325.84,145,29
20230301,179,5.32,5.22,5.44,5.17,5.29,250,67
20230301,180,306.2,310.36,316.65,300.8,308.5,154,37
20230301,181,42253.97,42271.87,42673.27,42175.43,42343.63,276,52
20230301,182,22.48,21.75,22.69,20.66,21.89,143,40
20230301,183,26.88,26.79,27.5,26.36,26.88,290,69
20230301,184,9.8,9.55,10.29,9.46,9.77,321,81
20230301,185,1733.11,1768.0,1888.57,1589.22,1744.72,184,62
20230301,186,60113.4,60355.57,60617.23,58998.53,60021.18,190,59
20230301,187,1435.37,1516.17,1528.99,1423.86,1476.1,189,55
20230301,188,292.74,281.04,296.36,272.46,285.65,219,53
20230301,189,4.67,4.56,4.75,4.45,4.61,200,65
20230301,190,4.79,4.63,4.81,4.48,4.68,217,60
20230301,191,23.46,22.0,23.56,21.81,22.71,150,37
20230301,192,1991.92,1924.78,1997.08,1858.55,1943.08,133,32
20230301,193,20.69,21.41,22.01,19.03,20.78,245,67
20230301,194,23.59,23.34,25.24,22.98,23.79,314,53
20230301,195,3313.91,3332.73,3399.64,3291.47,3334.44,234,73
20230301,196,74.88,73.53,78.15,71.75,74.58,105,32
20230301,197,284.97,273.69,297.03,262.99,279.67,320,64
20230301,198,391.11,371.78,402.14,366.69,382.93,234,66
20230301,199,1243.49,1206.73,1261.91,1168.97,1220.27,101,33
20230301,200,93.67,87.19,95.89,86.75,90.88,156,35
20230302,1,65.1,69.5,72.89,62.41,67.48,254,47
20230302,2,75.25,80.05,82.65,73.72,77.92,152,38
20230302,3,149.97,133.98,150.14,129.22,140.83,145,31
20230302,4,10904.68,10990.65,11547.71,10529.54,10993.15,101,38
20230302,5,57.1,58.21,58.42,56.35,57.52,204,36
20230302,6,14.09,14.33,14.45,14.01,14.22,281,60
20230302,7,482.29,472.65,499.07,466.73,480.18,234,53
20230302,8,2.41,2.56,2.56,2.38,2.48,181,51
20230302,9,11441.22,11559.82,11627.85,11403.53,11508.11,271,53
20230302,10,34.75,36.07,37.71,32.8,35.33,106,29
20230302,11,38.11,37.06,41.02,36.38,38.14,262,43
20230302,12,493.08,469.99,498.39,458.82,480.07,120,24
20230302,13,1.61,1.67,1.7,1.56,1.63,212,57
20230302,14,60.05,58.95,60.43,56.92,59.09,267,45
20230302,15,9584.97,9955.81,9989.55,9527.55,9764.47,203,64
20230302,16,1.75,1.61,1.78,1.5,1.66,186,51
20230302,17,3598.74,3650.58,3675.61,3519.97,3611.23,204,61
20230302,18,239.94,234.79,242.71,230.28,236.93,187,67
20230302,19,4749.59,4697.41,4778.58,4563.93,4697.38,191,52
20230302,20,339.52,352.48,353.66,337.26,345.73,136,34
20230302,21,23.44,23.7,23.78,22.84,23.44,218,51
20230302,22,2315.22,2388.76,2395.77,2229.78,2332.38,202,68
20230302,23,735.78,770.65,772.48,723.62,750.63,147,41
20230302,24,81.13,81.09,83.42,79.35,81.25,192,53
20230302,25,81.19,88.18,91.54,78.47,84.84,131,25
20230302,26,52.28,55.55,55.7,50.32,53.46,238,55
20230302,27,35.69,35.43,36.13,35.41,35.66,320,54
20230302,28,13831.39,14006.04,14172.37,13774.71,13946.13,264,64
20230302,29,67.2,67.6,67.83,65.32,66.99,153,41
20230302,30,1423.31,1480.77,1535.97,1395.02,1458.77,136,48
20230302,31,213.68,208.24,219.41,207.74,212.27,136,34
20230302,32,147.06,141.71,147.47,137.31,143.39,182,62
20230302,33,53.32,49.08,54.82,48.56,51.44,154,47
20230302,34,20.0,19.68,20.14,19.5,19.83,209,61
20230302,35,67.32,70.2,72.63,65.61,68.94,210,37
20230302,36,104.49,102.92,107.28,99.96,103.66,161,34
20230302,37,12.57,12.68,13.4,12.2,12.71,259,48
20230302,38,127.92,129.61,143.29,127.23,132.01,152,58
20230302,39,65.07,61.82,66.43,61.69,63.75,227,71
20230302,40,21.54,21.48,21.83,20.92,21.44,141,42
20230302,41,10215.52,10584.07,10703.7,9939.72,10360.75,48,10
20230302,42,5964.26,6028.08,6279.37,5858.46,6032.54,306,67
20230302,43,2501.09,2728.03,2730.05,2351.28,2577.61,204,49
20230302,44,41.03,45.56,46.08,40.48,43.29,148,46
20230302,45,61.4,64.67,66.22,59.83,63.03,289,79
20230302,46,439.14,437.1,448.54,401.61,431.6,164,55
20230302,47,105.43,105.77,106.53,103.62,105.34,191,56
20230302,48,359.62,389.26,392.21,351.18,373.07,217,57
20230302,49,60.75,61.42,62.03,60.0,61.05,206,64
20230302,50,1037.41,1058.7,1069.28,1024.6,1047.5,186,47
20230302,51,555.8,540.71,563.98,517.58,544.52,248,60
20230302,52,64.62,66.09,68.32,63.5,65.63,183,46
20230302,53,1455.75,1543.13,1579.57,1405.72,1496.04,167,51
20230302,54,8.89,9.06,9.55,8.76,9.07,151,43
20230302,55,15.34,15.15,15.46,14.98,15.23,255,56
20230302,56,184.44,183.45,185.49,176.49,182.47,174,59
20230302,57,59.34,62.31,65.1,59.02,61.44,158,49
20230302,58,2.21,2.26,2.43,2.18,2.27,197,66
20230302,59,24695.61,25801.11,26467.91,24492.02,25364.17,328,54
20230302,60,2323.51,2388.74,2472.95,2272.49,2364.42,163,53
20230302,61,623.47,592.51,624.61,580.56,605.29,180,49
20230302,62,38.09,38.62,39.65,36.47,38.21,158,51
20230302,63,1583.17,1649.24,1667.3,1539.79,1609.87,284,62
20230302,64,5570.24,5589.31,5842.78,5425.8,5607.03,246,52
20230302,65,7.39,7.66,7.92,7.16,7.53,229,59
20230302,66,6727.57,6987.08,7184.09,6693.76,6898.12,160,49
20230302,67,81.6,84.82,85.13,77.9,82.36,133,44
20230302,68,104.07,106.22,111.5,103.56,106.34,271,42
20230302,69,10397.47,11176.02,11448.35,10237.63,10814.87,257,40
20230302,70,2.8,2.66,2.81,2.55,2.71,298,67
20230302,71,5322.62,5375.76,5570.98,5310.53,5394.97,305,43
20230302,72,11334.63,11804.74,12175.82,10974.01,11572.3,138,39
20230302,73,23.72,24.52,25.29,22.82,24.09,299,45
20230302,74,4.55,4.76,4.78,4.41,4.62,173,48
20230302,75,5807.93,5841.25,5862.87,5720.9,5808.24,296,49
20230302,76,21.92,21.41,22.26,20.39,21.5,305,78
20230302,77,16379.02,15418.05,16459.52,14969.99,15806.65,322,66
20230302,78,6.02,5.84,6.03,5.64,5.88,226,67
20230302,79,150.07,154.35,156.46,148.8,152.42,203,53
20230302,80,87.87,95.07,97.38,87.31,91.91,105,38
20230302,81,10.3,9.58,10.45,9.17,9.87,176,52
20230302,82,131.52,138.34,144.4,130.17,136.11,202,61
20230302,83,17.6,16.6,17.61,16.03,16.96,197,71
20230302,84,11.94,11.77,12.42,11.02,11.79,229,56
20230302,85,75.75,75.98,78.46,73.94,76.03,224,50
20230302,86,22040.78,22895.37,23063.71,20529.84,22132.42,212,55
20230302,87,342.39,353.09,361.23,327.83,346.13,135,50
20230302,88,38.59,39.92,40.77,38.48,39.44,210,39
20230302,89,21.37,22.66,22.91,20.35,21.83,196,48
20230302,90,37.27,39.64,41.16,37.13,38.8,152,53
20230302,91,3112.3,3074.98,3174.92,3031.62,3098.46,117,32
20230302,92,19.35,19.83,20.95,18.82,19.74,287,71
20230302,93,77.13,82.49,83.29,76.68,79.9,317,77
20230302,94,948.21,984.1,991.66,946.65,967.65,115,26
20230302,95,374.75,403.94,424.17,356.43,389.82,206,39
20230302,96,336.13,306.81,356.82,299.93,324.92,186,61
20230302,97,30.73,31.63,32.12,30.12,31.15,156,50
20230302,98,1964.94,1975.48,2058.92,1901.46,1975.2,303,70
20230302,99,54.64,53.15,54.82,52.75,53.84,127,41
20230302,100,43.32,43.37,44.68,43.17,43.63,291,66
20230302,101,18.5,18.73,19.42,18.26,18.72,213,62
20230302,102,12.79,12.59,13.05,12.35,12.7,161,61
20230302,103,1319.56,1340.66,1344.62,1238.32,1310.79,90,29
20230302,104,617.61,613.29,617.62,593.51,610.51,131,36
20230302,105,6697.58,7014.76,7220.27,6674.24,6901.71,282,63
20230302,106,157.35,158.33,161.15,151.32,157.04,302,63
20230302,107,139.4,141.51,142.66,136.14,139.93,161,31
20230302,108,330.63,349.76,359.36,310.7,337.61,158,41
20230302,109,688.56,715.84,745.09,663.93,703.36,166,38
20230302,110,892.69,903.85,915.26,836.96,887.19,168,60
20230302,111,2.05,1.9,2.06,1.83,1.96,210,55
20230302,112,12897.3,13550.3,13570.63,12800.75,13204.75,297,66
20230302,113,7.86,7.61,7.92,7.53,7.73,190,65
20230302,114,1066.42,1069.68,1073.98,1062.68,1068.19,293,49
20230302,115,4300.21,4338.93,4413.15,4257.93,4327.56,205,87
20230302,116,1052.24,1107.39,1198.0,958.81,1079.11,142,34
20230302,117,6.45,7.0,7.28,6.13,6.72,231,66
20230302,118,16.47,16.02,17.01,15.25,16.19,219,54
20230302,119,63.39,61.41,64.4,59.75,62.24,174,53
20230302,120,505.2,519.23,534.14,505.04,515.9,301,68
20230302,121,2270.53,2296.33,2310.94,2268.45,2286.56,303,64
20230302,122,14055.51,13354.04,14103.65,13271.72,13696.23,286,54
20230302,123,3.74,3.77,3.93,3.72,3.79,288,60
20230302,124,25.68,26.32,26.7,25.19,25.97,168,58
20230302,125,285.84,274.27,295.12,266.44,280.42,96,36
20230302,126,74600.79,73135.35,79604.29,72859.12,75049.89,203,35
20230302,127,176.65,173.83,181.42,167.55,174.86,150,25
20230302,128,267.2,263.21,277.04,253.42,265.22,110,21
20230302,129,12804.44,13368.79,13518.78,12405.35,13024.34,130,43
20230302,130,85.45,86.33,88.57,84.75,86.27,265,45
20230302,131,212.55,217.59,222.39,206.01,214.63,256,48
20230302,132,2884.19,3173.75,3230.32,2820.01,3027.07,243,53
20230302,133,67.21,66.02,67.68,65.83,66.68,189,48
20230302,134,1272.45,1297.98,1342.32,1223.46,1284.05,188,67
20230302,135,395.42,406.73,406.94,395.05,401.04,148,31
20230302,136,283.9,294.27,303.26,273.23,288.66,176,55
20230302,137,178.38,184.61,187.26,177.74,182.0,143,35
20230302,138,2.63,2.8,2.85,2.49,2.69,293,54
20230302,139,7668.0,7799.93,7811.61,7468.37,7686.98,300,71
20230302,140,174.67,163.08,180.33,157.65,168.93,250,53
20230302,141,32.32,32.57,33.03,31.19,32.28,185,55
20230302,142,74.05,72.16,77.5,72.04,73.94,210,54
20230302,143,8371.27,8884.08,9065.74,7785.74,8526.71,307,62
20230302,144,3.37,3.54,3.57,3.29,3.44,216,64
20230302,145,1471.33,1385.29,1483.72,1261.04,1400.34,249,47
20230302,146,22886.24,24475.9,24817.33,21958.25,23534.43,216,58
20230302,147,552.77,590.02,599.39,532.89,568.77,62,21
20230302,148,88.49,89.22,89.92,86.83,88.62,286,61
20230302,149,2.26,2.24,2.34,2.18,2.25,270,54
20230302,150,4.24,4.55,4.63,4.23,4.41,296,65
20230302,151,11.71,10.92,12.04,10.85,11.38,271,47
20230302,152,14.63,14.68,14.93,14.4,14.66,216,58
20230302,153,56964.68,60341.5,61404.16,56742.26,58863.15,236,50
20230302,154,1227.12,1247.57,1295.02,1219.83,1247.38,127,21
20230302,155,64.85,66.97,67.65,63.6,65.77,190,59
20230302,156,75.84,76.54,78.4,74.34,76.28,232,51
20230302,157,1789.02,1753.85,1867.88,1714.3,1781.26,227,70
20230302,158,20.48,19.67,20.65,19.64,20.11,213,71
20230302,159,17656.15,18186.42,18948.5,17012.9,17950.99,205,62
20230302,160,57.64,56.66,57.77,56.49,57.14,281,66
20230302,161,9.97,9.54,9.97,9.48,9.74,263,48
20230302,162,112.49,113.87,113.89,109.25,112.38,203,53
20230302,163,166.13,164.78,167.39,164.43,165.68,217,59
20230302,164,53.84,51.66,55.45,51.51,53.11,184,43
20230302,165,35.95,35.91,38.02,35.42,36.33,224,55
20230302,166,30.75,32.39,32.87,30.33,31.58,204,65
20230302,167,0.59,0.6,0.61,0.58,0.6,220,62
20230302,168,29.54,28.55,29.75,28.53,29.09,310,60
20230302,169,36.17,37.09,37.21,35.13,36.4,267,46
20230302,170,2959.2,3091.62,3102.87,2867.19,3005.22,33,10
20230302,171,52.88,56.69,57.31,52.58,54.86,292,75
20230302,172,37.8,40.19,40.35,37.1,38.86,261,66
20230302,173,18.12,16.99,18.46,16.96,17.63,130,38
20230302,174,45.05,49.9,49.99,44.69,47.41,145,42
20230302,175,6316.45,6320.66,6373.85,6092.49,6275.86,157,54
20230302,176,48.49,46.55,48.67,45.72,47.36,180,57
20230302,177,52.79,53.32,54.85,49.36,52.58,256,45
20230302,178,323.83,358.66,367.3,322.17,342.99,141,50
20230302,179,5.22,5.58,5.65,5.08,5.38,176,69
20230302,180,310.36,299.91,321.11,297.28,307.17,143,39
20230302,181,42271.87,42384.25,42971.37,41860.77,42372.07,273,52
20230302,182,21.75,22.35,22.69,21.31,22.02,127,52
20230302,183,26.79,25.08,27.48,24.54,25.97,283,61
20230302,184,9.55,9.05,9.73,8.56,9.22,283,52
20230302,185,1768.0,1817.43,1851.99,1753.54,1797.74,222,69
20230302,186,60355.57,61178.26,64802.85,58018.94,61088.91,217,50
20230302,187,1516.17,1400.48,1526.86,1348.97,1448.12,235,58
20230302,188,281.04,289.76,290.23,272.4,283.36,196,58
20230302,189,4.56,4.78,4.86,4.47,4.67,198,60
20230302,190,4.63,4.69,4.76,4.43,4.63,208,58
20230302,191,22.0,22.16,22.16,21.76,22.02,149,34
20230302,192,1924.78,1989.91,2048.89,1842.6,1951.54,156,31
20230302,193,21.41,22.34,22.63,20.71,21.77,217,51
20230302,194,23.34,21.69,23.67,21.49,22.55,284,64
20230302,195,3332.73,3262.09,3356.51,3238.14,3297.37,212,73
20230302,196,73.53,73.83,77.91,68.31,73.4,110,34
20230302,197,273.69,266.2,278.84,251.99,267.68,286,64
20230302,198,371.78,400.63,421.64,369.84,390.97,190,61
20230302,199,1206.73,1265.57,1271.62,1155.85,1224.94,92,26
20230302,200,87.19,84.28,87.56,83.99,85.76,154,38
20230303,1,69.5,67.32,69.52,66.59,68.23,229,55
20230303,2,80.05,80.31,80.43,78.5,79.82,149,39
20230303,3,133.98,129.2,134.13,127.0,131.08,132,44
20230303,4,10990.65,11013.66,11133.62,10555.22,10923.29,117,35
20230303,5,58.21,60.09,60.29,57.42,59.0,194,48
20230303,6,14.33,14.71,15.86,14.13,14.75,314,55
20230303,7,472.65,466.0,477.51,460.1,469.06,227,55
20230303,8,2.56,2.63,2.73,2.52,2.61,179,57
20230303,9,11559.82,10993.26,12048.81,10911.74,11378.41,289,56
20230303,10,36.07,38.17,38.92,35.27,37.11,94,29
20230303,11,37.06,36.58,38.83,36.06,37.13,279,49
20230303,12,469.99,485.53,503.15,467.02,481.42,94,17
20230303,13,1.67,1.61,1.73,1.61,1.66,226,53
20230303,14,58.95,59.99,60.81,58.1,59.46,216,55
20230303,15,9955.81,9845.72,10353.26,9667.7,9955.62,189,50
20230303,16,1.61,1.53,1.66,1.52,1.58,195,73
20230303,17,3650.58,3499.8,3696.8,3463.41,3577.65,232,58
20230303,18,234.79,227.93,253.37,217.42,233.38,185,52
20230303,19,4697.41,4786.25,4893.19,4611.17,4747.0,185,66
20230303,20,352.48,322.25,358.85,313.69,336.82,109,28
20230303,21,23.7,22.69,23.92,22.49,23.2,203,59
20230303,22,2388.76,2449.62,2522.67,2302.25,2415.82,185,64
20230303,23,770.65,719.35,822.28,701.84,753.53,148,40
20230303,24,81.09,83.37,85.21,81.04,82.68,191,54
20230303,25,88.18,81.9,89.38,78.89,84.59,140,35
20230303,26,55.55,52.21,56.29,49.38,53.36,256,45
20230303,27,35.43,34.48,35.97,33.44,34.83,311,66
20230303,28,14006.04,14915.04,15007.89,13874.02,14450.75,260,45
20230303,29,67.6,65.13,69.92,63.9,66.64,154,56
20230303,30,1480.77,1358.51,1515.38,1317.43,1418.02,144,43
20230303,31,208.24,193.94,222.72,192.82,204.43,138,34
20230303,32,141.71,149.27,154.91,141.42,146.83,158,53
20230303,33,49.08,45.73,51.16,45.19,47.79,170,55
20230303,34,19.68,20.08,20.49,18.69,19.73,220,63
20230303,35,70.2,68.37,72.43,67.67,69.67,248,60
20230303,36,102.92,99.53,108.45,98.86,102.44,134,34
20230303,37,12.68,12.63,13.72,12.06,12.77,257,56
20230303,38,129.61,119.92,130.55,118.11,124.55,158,47
20230303,39,61.82,62.0,62.58,61.36,61.94,217,64
20230303,40,21.48,19.4,22.65,18.85,20.59,128,38
20230303,41,10584.07,10808.83,11143.35,10020.67,10639.23,39,14
20230303,42,6028.08,5637.06,6432.92,5629.53,5931.9,314,76
20230303,43,2728.03,2755.13,2865.85,2696.39,2761.35,220,57
20230303,44,45.56,41.78,45.72,39.79,43.21,173,58
20230303,45,64.67,62.45,65.73,60.05,63.23,270,65
20230303,46,437.1,428.7,456.56,414.77,434.28,180,43
20230303,47,105.77,117.57,119.48,104.06,111.72,233,56
20230303,48,389.26,377.62,408.67,375.49,387.76,186,46
20230303,49,61.42,56.65,62.01,55.55,58.91,153,57
20230303,50,1058.7,1021.81,1084.13,962.35,1031.75,189,59
20230303,51,540.71,499.31,551.02,480.8,517.96,246,45
20230303,52,66.09,65.2,67.39,65.01,65.92,168,60
20230303,53,1543.13,1682.47,1696.68,1473.86,1599.03,162,58
20230303,54,9.06,9.14,9.29,8.68,9.04,164,40
20230303,55,15.15,15.43,15.49,14.97,15.26,266,53
20230303,56,183.45,173.31,187.4,172.5,179.17,187,45
20230303,57,62.31,60.12,62.38,58.68,60.87,204,45
20230303,58,2.26,2.21,2.29,2.12,2.22,215,59
20230303,59,25801.11,24695.49,26242.75,24608.76,25337.03,266,60
20230303,60,2388.74,2376.94,2419.08,2366.14,2387.73,154,49
20230303,61,592.51,590.45,598.37,586.84,592.04,198,35
20230303,62,38.62,38.47,39.86,37.3,38.56,171,44
20230303,63,1649.24,1592.19,1697.43,1526.82,1616.42,307,69
20230303,64,5589.31,5755.3,5806.6,5586.56,5684.44,284,41
20230303,65,7.66,7.36,7.86,7.27,7.53,213,56
20230303,66,6987.08,6770.44,7255.0,6385.89,6849.6,179,55
20230303,67,84.82,87.33,88.09,82.49,85.69,138,43
20230303,68,106.22,100.05,108.62,96.82,102.93,258,45
20230303,69,11176.02,10284.08,11176.61,9683.67,10580.09,238,46
20230303,70,2.66,2.53,2.72,2.5,2.6,308,60
20230303,71,5375.76,5351.15,5465.38,5290.13,5370.6,303,62
20230303,72,11804.74,12150.6,12303.56,11489.96,11937.22,148,36
20230303,73,24.52,23.55,24.62,23.02,23.93,235,51
20230303,74,4.76,4.94,4.96,4.68,4.84,193,55
20230303,75,5841.25,5752.34,6051.75,5647.08,5823.11,287,53
20230303,76,21.41,20.78,22.41,20.01,21.15,334,55
20230303,77,15418.05,14663.8,15726.46,14421.05,15057.34,284,59
20230303,78,5.84,6.27,6.34,5.68,6.03,211,64
20230303,79,154.35,150.03,161.42,146.47,153.07,211,71
20230303,80,95.07,89.4,96.06,87.78,92.08,106,31
20230303,81,9.58,11.39,11.48,8.74,10.3,189,54
20230303,82,138.34,136.66,143.69,131.57,137.56,207,67
20230303,83,16.6,17.15,17.42,16.54,16.93,204,66
20230303,84,11.77,12.1,12.35,11.71,11.98,195,71
20230303,85,75.98,77.83,81.52,72.01,76.84,204,39
20230303,86,22895.37,23499.86,23706.63,21786.83,22972.17,235,61
20230303,87,353.09,351.06,361.55,347.52,353.3,137,43
20230303,88,39.92,40.1,40.18,38.99,39.8,207,32
20230303,89,22.66,21.8,23.76,20.93,22.29,201,55
20230303,90,39.64,39.67,41.14,39.03,39.87,151,48
20230303,91,3074.98,3044.24,3188.51,2995.68,3075.85,112,41
20230303,92,19.83,19.09,20.02,19.0,19.48,302,59
20230303,93,82.49,81.03,83.23,77.89,81.16,299,69
20230303,94,984.1,982.67,1002.63,980.86,987.57,108,31
20230303,95,403.94,414.8,417.98,392.36,407.27,209,50
20230303,96,306.81,320.91,320.94,300.38,312.26,172,54
20230303,97,31.63,33.54,33.97,30.53,32.42,171,51
20230303,98,1975.48,2035.52,2086.49,1970.34,2016.95,294,69
20230303,99,53.15,51.45,56.01,51.32,52.98,145,48
20230303,100,43.37,43.07,44.81,41.55,43.2,297,57
20230303,101,18.73,19.37,20.43,18.7,19.31,203,51
20230303,102,12.59,11.91,13.18,11.86,12.38,169,39
20230303,103,1340.66,1417.41,1494.51,1301.18,1388.44,101,37
20230303,104,613.29,580.22,635.37,561.33,597.55,140,52
20230303,105,7014.76,7147.81,7432.28,6796.5,7097.84,331,64
20230303,106,158.33,153.94,160.31,150.36,155.73,299,44
20230303,107,141.51,137.5,145.14,135.86,140.0,159,41
20230303,108,349.76,325.39,356.33,307.31,334.7,149,37
20230303,109,715.84,729.5,743.11,709.01,724.37,197,53
20230303,110,903.85,842.58,918.38,822.83,871.91,182,42
20230303,111,1.9,1.78,2.02,1.72,1.85,206,69
20230303,112,13550.3,14081.26,14332.52,13544.19,13877.07,297,62
20230303,113,7.61,8.01,8.05,7.58,7.81,228,57
20230303,114,1069.68,1020.13,1073.58,931.71,1023.77,296,66
20230303,115,4338.93,4363.11,4400.97,4002.99,4276.5,191,58
20230303,116,1107.39,1105.78,1173.94,1095.1,1120.55,121,36
20230303,117,7.0,6.79,7.04,6.65,6.87,197,49
20230303,118,16.02,16.66,16.73,15.91,16.33,229,49
20230303,119,61.41,61.01,64.45,58.94,61.45,171,55
20230303,120,519.23,520.95,530.9,493.16,516.06,323,51
20230303,121,2296.33,2131.64,2334.27,1997.9,2190.04,335,64
20230303,122,13354.04,12412.78,13548.86,11986.04,12825.43,243,53
20230303,123,3.77,3.86,3.95,3.68,3.81,318,65
20230303,124,26.32,26.16,26.36,25.51,26.09,158,52
20230303,125,274.27,268.89,279.26,265.32,271.94,82,30
20230303,126,73135.35,78944.59,81551.28,70698.29,76082.37,198,67
20230303,127,173.83,184.34,190.65,172.89,180.43,148,29
20230303,128,263.21,259.47,264.58,257.37,261.16,118,28
20230303,129,13368.79,12360.74,13410.13,12217.93,12839.4,136,46
20230303,130,86.33,85.33,86.83,80.95,84.86,227,41
20230303,131,217.59,207.68,223.03,205.12,213.36,251,50
20230303,132,3173.75,3093.35,3186.86,3084.46,3134.61,271,49
20230303,133,66.02,63.08,66.65,62.32,64.52,177,50
20230303,134,1297.98,1241.13,1338.55,1188.15,1266.45,236,67
20230303,135,406.73,362.1,407.75,358.19,383.69,147,34
20230303,136,294.27,287.21,310.25,283.36,293.77,192,56
20230303,137,184.61,164.76,185.44,162.41,174.31,147,34
20230303,138,2.8,2.67,2.92,2.6,2.75,299,68
20230303,139,7799.93,7820.56,8165.11,7617.59,7850.8,320,76
20230303,140,163.08,157.21,169.23,154.19,160.93,262,47
20230303,141,32.57,30.49,33.97,29.14,31.54,144,44
20230303,142,72.16,70.07,72.26,69.52,71.0,191,67
20230303,143,8884.08,8375.24,9092.92,8360.6,8678.21,288,63
20230303,144,3.54,3.49,3.64,3.3,3.49,229,62
20230303,145,1385.29,1304.94,1432.72,1266.95,1347.48,228,50
20230303,146,24475.9,23832.47,25655.06,23577.98,24385.35,214,46
20230303,147,590.02,574.1,606.31,565.17,583.9,75,18
20230303,148,89.22,88.43,95.97,86.64,90.07,307,55
20230303,149,2.24,2.31,2.31,2.17,2.26,270,67
20230303,150,4.55,4.48,4.67,4.27,4.49,282,55
20230303,151,10.92,11.08,11.31,10.67,10.99,241,52
20230303,152,14.68,13.6,14.78,12.9,13.99,216,55
20230303,153,60341.5,59596.8,61083.47,59419.29,60110.26,240,39
20230303,154,1247.57,1219.76,1276.8,1216.75,1240.22,168,28
20230303,155,66.97,65.48,67.25,65.29,66.25,212,74
20230303,156,76.54,76.73,77.02,73.77,76.01,211,42
20230303,157,1753.85,1695.04,1875.15,1651.59,1743.91,209,80
20230303,158,19.67,18.95,19.99,18.66,19.32,194,65
20230303,159,18186.42,17376.75,18432.48,17356.52,17838.04,181,51
20230303,160,56.66,54.57,58.81,53.91,55.99,323,52
20230303,161,9.54,9.6,9.81,9.48,9.61,250,45
20230303,162,113.87,109.9,114.57,108.71,111.76,171,54
20230303,163,164.78,172.45,172.69,162.18,168.02,275,64
20230303,164,51.66,56.4,57.49,49.52,53.77,163,52
20230303,165,35.91,34.15,36.38,32.73,34.79,236,61
20230303,166,32.39,32.27,33.53,32.17,32.59,203,70
20230303,167,0.6,0.64,0.7,0.59,0.63,198,51
20230303,168,28.55,27.84,28.65,27.53,28.14,293,60
20230303,169,37.09,34.84,37.8,34.12,35.96,252,52
20230303,170,3091.62,3205.84,3225.31,3084.31,3151.77,28,15
20230303,171,56.69,55.77,57.81,55.63,56.47,316,51
20230303,172,40.19,39.56,41.4,38.07,39.81,250,50
20230303,173,16.99,18.1,18.29,16.85,17.56,131,44
20230303,174,49.9,52.24,53.68,48.22,51.01,150,49
20230303,175,6320.66,6104.65,6452.88,5998.21,6219.1,177,62
20230303,176,46.55,43.96,47.82,43.01,45.34,207,45
20230303,177,53.32,50.91,56.61,48.45,52.32,237,43
20230303,178,358.66,368.66,374.21,345.87,361.85,139,37
20230303,179,5.58,5.63,5.76,5.25,5.55,208,60
20230303,180,299.91,292.67,304.31,289.76,296.66,160,30
20230303,181,42384.25,44171.55,45944.1,41992.36,43623.07,276,70
20230303,182,22.35,21.72,23.22,21.69,22.24,153,48
20230303,183,25.08,25.65,25.9,24.6,25.31,302,63
20230303,184,9.05,9.12,9.19,8.57,8.98,289,51
20230303,185,1817.43,1941.07,2015.26,1756.24,1882.5,206,65
20230303,186,61178.26,61636.04,62198.77,60005.56,61254.66,219,71
20230303,187,1400.48,1362.69,1439.16,1342.13,1386.12,215,69
20230303,188,289.76,279.89,290.37,273.43,283.36,219,63
20230303,189,4.78,4.65,4.89,4.44,4.69,200,67
20230303,190,4.69,4.51,4.71,4.43,4.59,195,65
20230303,191,22.16,20.51,22.68,19.82,21.29,131,35
20230303,192,1989.91,1972.39,2012.17,1932.63,1976.78,161,28
20230303,193,22.34,21.59,23.54,21.47,22.23,251,50
20230303,194,21.69,20.64,22.42,19.74,21.12,277,71
20230303,195,3262.09,3219.52,3339.72,3153.13,3243.61,198,67
20230303,196,73.83,73.34,74.18,66.61,71.99,107,26
20230303,197,266.2,261.73,278.27,254.73,265.23,298,57
20230303,198,400.63,418.76,429.86,399.7,412.24,197,75
20230303,199,1265.57,1281.74,1311.66,1256.15,1278.78,99,38
20230303,200,84.28,90.58,93.01,80.89,87.19,147,24
20230304,1,67.32,73.82,79.43,65.92,71.62,328,47
20230304,2,80.31,83.35,84.81,79.27,81.94,191,45
20230304,3,129.2,235.37,244.37,122.97,182.98,179,34
20230304,4,11013.66,11017.76,11145.36,10889.58,11016.59,123,28
20230304,5,60.09,71.04,71.91,59.25,65.57,281,40
20230304,6,14.71,15.82,16.08,14.41,15.26,419,68
20230304,7,466.0,478.57,492.34,438.99,468.97,342,54
20230304,8,2.63,2.64,2.66,2.55,2.62,324,60
20230304,9,10993.26,11306.07,11466.08,10979.08,11186.12,423,77
20230304,10,38.17,37.31,38.29,36.11,37.47,133,29
20230304,11,36.58,39.44,39.91,36.4,38.08,356,56
20230304,12,485.53,542.75,543.53,479.38,512.8,168,26
20230304,13,1.61,1.55,1.67,1.52,1.59,307,71
20230304,14,59.99,71.42,72.73,58.76,65.73,332,51
20230304,15,9845.72,9381.49,10269.68,9155.15,9663.01,306,60
20230304,16,1.53,1.6,1.63,1.51,1.57,319,63
20230304,17,3499.8,3703.7,3779.45,3495.79,3619.68,303,49
20230304,18,227.93,243.71,245.83,220.8,234.57,248,42
20230304,19,4786.25,4971.99,5044.21,4721.89,4881.08,279,56
20230304,20,322.25,361.7,380.28,322.15,346.6,141,22
20230304,21,22.69,23.0,23.03,22.48,22.8,299,68
20230304,22,2449.62,2465.36,2511.97,2310.34,2434.32,276,54
20230304,23,719.35,767.06,778.12,714.28,744.7,175,43
20230304,24,83.37,88.9,90.28,82.88,86.36,306,47
20230304,25,81.9,93.28,98.18,81.01,88.59,216,32
20230304,26,52.21,58.9,61.35,51.86,56.08,353,65
20230304,27,34.48,38.85,39.35,33.85,36.63,380,58
20230304,28,14915.04,16554.18,16608.2,14546.75,15656.04,373,48
20230304,29,65.13,69.87,72.31,63.96,67.82,241,43
20230304,30,1358.51,1570.52,1606.26,1295.75,1457.76,181,53
20230304,31,193.94,203.72,208.56,191.32,199.39,188,50
20230304,32,149.27,241.44,249.47,147.35,196.88,230,56
20230304,33,45.73,47.45,47.85,44.81,46.46,258,36
20230304,34,20.08,20.84,21.01,20.02,20.49,280,66
20230304,35,68.37,69.93,71.23,65.69,68.81,368,52
20230304,36,99.53,108.64,110.4,96.98,103.89,211,27
20230304,37,12.63,14.6,14.74,12.29,13.57,338,55
20230304,38,119.92,190.09,195.34,119.4,156.19,248,64
20230304,39,62.0,105.73,108.82,59.82,84.09,285,57
20230304,40,19.4,34.39,34.81,18.09,26.67,176,36
20230304,41,10808.83,11137.16,11303.42,10364.57,10903.49,51,11
20230304,42,5637.06,5789.94,5862.96,5607.54,5724.37,428,72
20230304,43,2755.13,4231.67,4440.34,2689.62,3529.19,312,67
20230304,44,41.78,69.79,69.9,41.05,55.63,255,57
20230304,45,62.45,68.9,69.08,61.96,65.6,416,63
20230304,46,428.7,457.0,475.89,418.14,444.93,222,55
20230304,47,117.57,119.3,127.76,117.29,120.48,294,67
20230304,48,377.62,403.44,410.18,353.42,386.16,253,61
20230304,49,56.65,87.03,89.22,56.0,72.23,263,55
20230304,50,1021.81,1057.86,1123.05,1015.51,1054.56,266,48
20230304,51,499.31,574.22,582.76,493.61,537.48,363,58
20230304,52,65.2,69.75,71.48,63.6,67.51,235,54
20230304,53,1682.47,2611.33,2618.19,1652.6,2141.15,228,40
20230304,54,9.14,13.67,13.86,9.11,11.45,193,39
20230304,55,15.43,17.22,17.39,15.34,16.34,343,57
20230304,56,173.31,179.83,187.58,168.47,177.3,260,47
20230304,57,60.12,63.79,65.46,59.11,62.12,256,62
20230304,58,2.21,2.32,2.33,2.11,2.24,293,62
20230304,59,24695.49,28357.04,30101.28,23278.19,26608.0,446,66
20230304,60,2376.94,2485.57,2508.27,2349.02,2429.95,233,43
20230304,61,590.45,679.43,704.84,588.83,640.89,283,40
20230304,62,38.47,41.2,41.87,38.13,39.92,238,52
20230304,63,1592.19,1771.73,1809.68,1576.6,1687.55,435,69
20230304,64,5755.3,6905.58,7031.83,5517.15,6302.47,341,36
20230304,65,7.36,7.37,7.52,7.3,7.39,314,53
20230304,66,6770.44,6734.71,6977.72,6540.92,6755.95,258,58
20230304,67,87.33,89.21,93.94,87.23,89.43,194,34
20230304,68,100.05,112.79,115.29,98.95,106.77,310,50
20230304,69,10284.08,10783.6,10894.34,10116.28,10519.58,322,50
20230304,70,2.53,2.82,2.82,2.53,2.68,458,60
20230304,71,5351.15,6034.09,6115.2,5307.49,5701.98,438,65
20230304,72,12150.6,12459.26,12641.1,12111.66,12340.66,210,46
20230304,73,23.55,26.04,26.38,22.38,24.59,366,68
20230304,74,4.94,5.03,5.09,4.78,4.96,242,61
20230304,75,5752.34,6493.43,6505.85,5547.3,6074.73,398,56
20230304,76,20.78,23.63,24.85,19.91,22.29,441,71
20230304,77,14663.8,16274.68,17013.32,13902.11,15463.48,438,49
20230304,78,6.27,9.59,9.74,6.16,7.94,278,51
20230304,79,150.03,148.9,150.67,145.56,148.79,275,68
20230304,80,89.4,93.92,94.54,88.72,91.65,136,34
20230304,81,11.39,19.76,20.66,11.36,15.79,228,46
20230304,82,136.66,135.01,143.85,132.25,136.94,285,52
20230304,83,17.15,26.87,27.14,16.45,21.9,286,62
20230304,84,12.1,11.72,12.56,11.6,11.99,304,49
20230304,85,77.83,85.99,88.61,77.05,82.37,306,45
20230304,86,23499.86,24514.5,25261.6,22980.11,24064.02,275,75
20230304,87,351.06,607.31,617.35,346.41,480.54,192,32
20230304,88,40.1,44.27,45.03,39.8,42.3,286,38
20230304,89,21.8,21.9,22.31,21.73,21.93,281,57
20230304,90,39.67,39.97,41.06,38.08,39.69,254,70
20230304,91,3044.24,3083.35,3123.75,3037.76,3072.28,151,38
20230304,92,19.09,20.15,20.58,17.97,19.45,417,53
20230304,93,81.03,90.1,90.96,75.37,84.37,402,52
20230304,94,982.67,1045.02,1063.55,982.39,1018.41,131,33
20230304,95,414.8,467.77,467.94,400.97,437.87,265,40
20230304,96,320.91,554.51,576.71,311.98,441.03,238,54
20230304,97,33.54,35.48,35.88,32.88,34.45,255,55
20230304,98,2035.52,2285.66,2306.27,1979.18,2151.66,363,73
20230304,99,51.45,55.92,60.31,50.82,54.62,180,46
20230304,100,43.07,45.97,46.51,41.6,44.29,400,69
20230304,101,19.37,19.63,20.63,18.98,19.65,296,47
20230304,102,11.91,12.27,12.72,11.49,12.1,244,41
20230304,103,1417.41,1483.0,1494.07,1346.31,1435.2,138,31
20230304,104,580.22,568.39,581.53,546.38,569.13,187,30
20230304,105,7147.81,8364.11,8573.64,7086.2,7792.94,421,62
20230304,106,153.94,173.04,175.78,145.05,161.95,389,83
20230304,107,137.5,161.24,161.8,136.16,149.17,232,29
20230304,108,325.39,368.65,373.34,321.26,347.16,225,31
20230304,109,729.5,738.72,739.68,727.1,733.75,241,59
20230304,110,842.58,909.69,942.57,842.55,884.35,235,50
20230304,111,1.78,1.98,2.11,1.73,1.9,290,51
20230304,112,14081.26,15407.36,16008.03,13889.81,14846.61,410,53
20230304,113,8.01,7.62,8.15,7.32,7.77,308,64
20230304,114,1020.13,1071.03,1096.05,960.69,1036.98,451,52
20230304,115,4363.11,4481.5,4535.57,4242.12,4405.58,316,66
20230304,116,1105.78,1188.24,1219.85,1087.45,1150.33,184,44
20230304,117,6.79,6.65,7.0,6.47,6.73,289,53
20230304,118,16.66,17.04,17.48,16.34,16.88,293,67
20230304,119,61.01,63.94,64.25,59.9,62.27,289,47
20230304,120,520.95,621.4,657.15,519.69,579.8,388,73
20230304,121,2131.64,2583.52,2635.77,2036.29,2346.8,423,76
20230304,122,12412.78,14110.93,14334.63,11744.42,13150.69,355,53
20230304,123,3.86,4.39,4.58,3.82,4.16,427,68
20230304,124,26.16,27.65,27.8,26.06,26.92,239,38
20230304,125,268.89,266.93,273.89,265.97,268.92,141,40
20230304,126,78944.59,84406.6,88468.99,76801.09,82155.32,293,54
20230304,127,184.34,196.75,198.43,182.24,190.44,222,19
20230304,128,259.47,263.48,268.82,259.41,262.8,127,25
20230304,129,12360.74,13584.63,13805.59,12292.47,13010.86,217,35
20230304,130,85.33,97.78,100.51,83.55,91.79,361,49
20230304,131,207.68,247.43,255.17,200.87,227.79,341,48
20230304,132,3093.35,3555.87,3581.85,2963.72,3298.7,330,50
20230304,133,63.08,62.17,64.24,58.43,61.98,247,51
20230304,134,1241.13,1217.83,1268.03,1212.67,1234.92,289,54
20230304,135,362.1,426.41,437.59,353.88,394.99,223,23
20230304,136,287.21,306.56,313.21,277.1,296.02,260,43
20230304,137,164.76,176.94,182.57,158.52,170.69,209,44
20230304,138,2.67,2.95,2.97,2.52,2.78,458,65
20230304,139,7820.56,8900.03,9269.99,7520.87,8377.87,416,67
20230304,140,157.21,187.59,187.73,150.92,170.86,318,41
20230304,141,30.49,31.37,31.41,30.17,30.86,233,42
20230304,142,70.07,74.65,77.83,68.59,72.78,308,70
20230304,143,8375.24,9212.18,9214.47,8303.12,8776.25,437,63
20230304,144,3.49,3.64,3.7,3.34,3.54,281,68
20230304,145,1304.94,1491.43,1541.91,1251.18,1397.37,343,57
20230304,146,23832.47,23861.53,24637.74,23830.2,24040.48,298,64
20230304,147,574.1,584.12,625.99,558.17,585.6,98,22
20230304,148,88.43,109.07,109.07,87.99,98.64,426,70
20230304,149,2.31,2.44,2.48,2.27,2.38,408,49
20230304,150,4.48,5.05,5.14,4.47,4.79,444,86
20230304,151,11.08,12.84,13.57,10.98,12.12,360,48
20230304,152,13.6,20.85,21.41,13.28,17.28,301,51
20230304,153,59596.8,67926.08,71674.04,57217.36,64103.57,308,54
20230304,154,1219.76,1403.84,1475.9,1209.32,1327.21,198,29
20230304,155,65.48,65.41,67.02,61.6,64.88,279,63
20230304,156,76.73,86.5,89.19,76.19,82.15,354,42
20230304,157,1695.04,1740.06,1763.9,1627.73,1706.68,297,60
20230304,158,18.95,34.49,34.91,18.62,26.74,292,59
20230304,159,17376.75,18217.87,18292.09,16422.46,17577.29,308,62
20230304,160,54.57,60.04,60.52,52.26,56.85,399,56
20230304,161,9.6,11.17,11.29,9.34,10.35,347,52
20230304,162,109.9,110.08,115.02,109.08,111.02,249,53
20230304,163,172.45,193.48,196.8,167.93,182.66,366,58
20230304,164,56.4,57.27,58.59,55.14,56.85,244,42
20230304,165,34.15,36.76,37.59,34.08,35.65,372,54
20230304,166,32.27,32.49,34.19,31.64,32.65,280,66
20230304,167,0.64,1.14,1.16,0.62,0.89,325,62
20230304,168,27.84,31.59,31.87,27.64,29.73,448,60
20230304,169,34.84,38.51,39.27,34.47,36.78,363,47
20230304,170,3205.84,3192.99,3376.14,3100.66,3218.91,41,10
20230304,171,55.77,60.99,61.39,53.15,57.82,414,56
20230304,172,39.56,42.64,43.1,38.26,40.89,341,58
20230304,173,18.1,27.08,27.65,18.06,22.72,193,36
20230304,174,52.24,86.77,88.95,51.42,69.85,179,35
20230304,175,6104.65,6226.64,6263.03,6098.96,6173.32,217,55
20230304,176,43.96,45.33,46.01,41.63,44.23,236,50
20230304,177,50.91,54.76,56.32,50.33,53.08,336,55
20230304,178,368.66,374.06,387.18,362.43,373.08,173,36
20230304,179,5.63,5.71,5.88,5.4,5.65,291,58
20230304,180,292.67,322.17,336.63,283.9,308.84,196,23
20230304,181,44171.55,48751.45,48894.46,43563.06,46345.13,464,46
20230304,182,21.72,24.38,25.21,21.21,23.13,199,41
20230304,183,25.65,29.88,31.03,25.42,27.99,411,61
20230304,184,9.12,11.22,11.57,8.96,10.22,398,63
20230304,185,1941.07,1961.77,2023.37,1919.61,1961.46,331,72
20230304,186,61636.04,67404.69,68719.86,59886.93,64411.88,284,58
20230304,187,1362.69,1409.28,1513.17,1306.75,1397.97,289,63
20230304,188,279.89,470.81,479.88,274.15,376.18,281,48
20230304,189,4.65,4.87,5.06,4.51,4.77,315,63
20230304,190,4.51,4.7,4.77,4.46,4.61,293,67
20230304,191,20.51,22.02,22.39,20.0,21.23,190,42
20230304,192,1972.39,2232.74,2242.56,1940.87,2097.14,211,37
20230304,193,21.59,22.97,23.36,20.61,22.13,389,51
20230304,194,20.64,22.72,22.9,20.43,21.67,432,62
20230304,195,3219.52,3502.42,3606.1,3154.29,3370.58,310,58
20230304,196,73.34,77.89,78.75,73.17,75.79,138,39
20230304,197,261.73,298.79,306.39,261.34,282.06,401,58
20230304,198,418.76,417.04,434.73,415.9,421.61,335,54
20230304,199,1281.74,1345.06,1405.34,1259.23,1322.84,151,22
20230304,200,90.58,100.12,103.65,87.35,95.42,213,24
20230305,1,73.82,112.53,112.7,70.63,92.42,357,50
20230305,2,83.35,78.81,85.12,78.35,81.41,188,47
20230305,3,235.37,246.66,254.7,234.41,242.78,208,41
20230305,4,11017.76,10929.25,11450.62,10472.82,10967.61,158,29
20230305,5,71.04,103.92,104.0,68.0,86.74,293,37
20230305,6,15.82,25.18,25.5,15.42,20.48,434,68
20230305,7,478.57,763.99,767.94,463.91,618.6,319,42
20230305,8,2.64,2.72,2.76,2.62,2.69,313,62
20230305,9,11306.07,11317.91,12051.27,11259.65,11483.73,416,62
20230305,10,37.31,35.88,37.82,35.59,36.65,146,31
20230305,11,39.44,59.13,60.16,39.24,49.49,339,44
20230305,12,542.75,832.64,845.59,531.81,688.2,150,23
20230305,13,1.55,1.38,1.63,1.32,1.47,280,57
20230305,14,71.42,110.61,115.47,70.78,92.07,368,45
20230305,15,9381.49,9360.19,9557.62,9210.53,9377.46,314,73
20230305,16,1.6,1.57,1.6,1.51,1.57,298,61
20230305,17,3703.7,3727.11,3845.34,3643.93,3730.02,290,52
20230305,18,243.71,228.21,244.06,221.83,234.45,236,41
20230305,19,4971.99,5111.34,5246.57,4871.76,5050.42,301,65
20230305,20,361.7,355.74,382.06,342.69,360.55,127,28
20230305,21,23.0,21.77,23.56,21.25,22.39,299,49
20230305,22,2465.36,2467.17,2480.76,2354.05,2441.84,301,55
20230305,23,767.06,764.05,771.65,724.67,756.86,203,32
20230305,24,88.9,85.7,91.15,84.92,87.67,322,59
20230305,25,93.28,89.92,93.9,86.03,90.78,216,28
20230305,26,58.9,57.98,59.34,57.27,58.37,330,46
20230305,27,38.85,40.13,41.5,36.72,39.3,418,57
20230305,28,16554.18,16570.89,16749.02,16051.23,16481.33,348,58
20230305,29,69.87,69.44,73.17,65.05,69.38,250,57
20230305,30,1570.52,1608.13,1676.7,1553.72,1602.27,193,35
20230305,31,203.72,204.51,207.52,199.88,203.91,188,43
20230305,32,241.44,242.84,245.9,240.1,242.57,226,44
20230305,33,47.45,47.83,48.6,46.93,47.7,251,66
20230305,34,20.84,20.79,20.88,20.44,20.74,268,44
20230305,35,69.93,107.06,107.35,68.73,88.27,365,39
20230305,36,108.64,157.76,158.63,108.55,133.4,229,33
20230305,37,14.6,14.83,15.33,14.41,14.79,359,44
20230305,38,190.09,199.02,205.53,189.02,195.91,213,46
20230305,39,105.73,100.31,105.99,99.32,102.84,288,69
20230305,40,34.39,33.85,35.0,33.83,34.27,202,49
20230305,41,11137.16,10677.42,11542.97,10492.52,10962.52,55,9
20230305,42,5789.94,5969.25,6313.28,5677.55,5937.51,413,51
20230305,43,4231.67,4249.49,4329.86,4204.4,4253.85,295,71
20230305,44,69.79,78.64,79.03,68.83,74.07,242,40
20230305,45,68.9,68.04,71.01,66.54,68.62,442,57
20230305,46,457.0,486.72,498.42,442.59,471.18,251,48
20230305,47,119.3,124.22,127.7,117.97,122.29,287,69
20230305,48,403.44,400.63,416.21,396.06,404.09,303,60
20230305,49,87.03,86.31,88.08,83.87,86.32,266,55
20230305,50,1057.86,1053.52,1066.88,1045.73,1056.0,255,53
20230305,51,574.22,899.69,903.89,563.87,735.42,351,67
20230305,52,69.75,72.63,74.88,68.97,71.56,217,46
20230305,53,2611.33,2473.15,2640.21,2282.87,2501.89,231,52
20230305,54,13.67,13.62,14.05,13.53,13.72,176,40
20230305,55,17.22,25.96,27.12,16.88,21.79,372,59
20230305,56,179.83,166.11,190.37,163.94,175.06,246,46
20230305,57,63.79,64.31,65.33,62.15,63.9,227,39
20230305,58,2.32,2.35,2.37,2.27,2.33,277,53
20230305,59,28357.04,27506.96,28738.95,27424.66,28006.9,416,70
20230305,60,2485.57,2539.07,2685.96,2450.99,2540.4,262,50
20230305,61,679.43,627.59,690.04,602.43,649.87,274,36
20230305,62,41.2,40.25,41.31,39.19,40.49,264,48
20230305,63,1771.73,1728.48,1786.36,1683.68,1742.56,403,56
20230305,64,6905.58,6764.45,6938.68,6713.34,6830.51,346,55
20230305,65,7.37,7.27,7.46,7.07,7.3,300,53
20230305,66,6734.71,6696.09,6886.54,6490.56,6701.98,227,49
20230305,67,89.21,86.0,90.89,81.89,87.0,211,33
20230305,68,112.79,112.2,113.01,110.38,112.1,350,45
20230305,69,10783.6,11649.07,11807.0,10779.85,11254.88,365,53
20230305,70,2.82,4.41,4.49,2.75,3.62,428,68
20230305,71,6034.09,6408.65,6538.22,5556.32,6134.32,432,70
20230305,72,12459.26,11939.4,12557.39,11867.09,12205.78,198,38
20230305,73,26.04,41.64,42.25,25.04,33.74,355,54
20230305,74,5.03,4.99,5.04,4.97,5.01,241,56
20230305,75,6493.43,6352.83,7232.18,6185.23,6565.92,445,73
20230305,76,23.63,36.47,37.42,23.62,30.28,446,60
20230305,77,16274.68,16580.32,16932.16,15823.95,16402.78,435,65
20230305,78,9.59,9.23,9.84,9.16,9.46,274,62
20230305,79,148.9,155.71,159.71,141.28,151.4,320,71
20230305,80,93.92,90.76,96.49,89.93,92.77,169,35
20230305,81,19.76,18.94,19.91,18.53,19.28,241,55
20230305,82,135.01,135.88,138.29,132.91,135.52,297,83
20230305,83,26.87,27.39,27.4,26.86,27.13,246,63
20230305,84,11.72,11.59,11.74,11.24,11.57,274,53
20230305,85,85.99,136.69,139.26,85.01,111.74,261,47
20230305,86,24514.5,23952.57,26236.24,23509.35,24553.17,286,57
20230305,87,607.31,626.48,640.27,603.02,619.27,171,43
20230305,88,44.27,66.94,68.97,44.22,56.1,287,40
20230305,89,21.9,20.69,23.55,19.43,21.39,308,62
20230305,90,39.97,38.74,40.56,38.24,39.38,240,53
20230305,91,3083.35,3253.04,3399.39,2997.89,3183.42,156,28
20230305,92,20.15,31.02,31.38,20.04,25.65,439,53
20230305,93,90.1,131.62,133.54,84.96,110.06,463,64
20230305,94,1045.02,1075.54,1090.17,1042.46,1063.3,141,26
20230305,95,467.77,735.32,740.83,460.99,601.23,293,41
20230305,96,554.51,532.93,582.65,528.17,549.56,245,42
20230305,97,35.48,33.36,35.85,33.1,34.45,243,46
20230305,98,2285.66,3645.12,3909.74,2255.06,3023.89,420,67
20230305,99,55.92,52.61,57.73,51.63,54.47,213,41
20230305,100,45.97,69.44,70.86,44.84,57.78,437,55
20230305,101,19.63,19.55,19.74,19.23,19.54,265,61
20230305,102,12.27,12.12,12.45,12.02,12.21,251,57
20230305,103,1483.0,1476.08,1507.93,1420.59,1471.9,134,32
20230305,104,568.39,531.62,572.5,523.88,549.1,215,39
20230305,105,8364.11,8129.62,8649.14,7858.72,8250.4,421,66
20230305,106,173.04,261.42,263.14,169.83,216.86,460,64
20230305,107,161.24,240.54,245.33,158.86,201.49,214,19
20230305,108,368.65,358.52,387.61,354.09,367.22,211,34
20230305,109,738.72,700.89,753.74,683.09,719.11,242,58
20230305,110,909.69,909.93,944.09,882.35,911.51,208,51
20230305,111,1.98,1.87,1.99,1.83,1.92,281,54
20230305,112,15407.36,16024.02,17731.78,14797.37,15990.13,414,54
20230305,113,7.62,7.59,7.77,7.5,7.62,292,64
20230305,114,1071.03,1041.38,1100.05,1027.14,1059.9,443,47
20230305,115,4481.5,4202.27,4521.62,3979.94,4296.33,286,64
20230305,116,1188.24,1127.22,1206.92,1085.15,1151.88,174,44
20230305,117,6.65,6.17,6.73,6.0,6.39,299,69
20230305,118,17.04,17.13,17.23,16.76,17.04,277,58
20230305,119,63.94,62.04,64.01,61.47,62.87,244,48
20230305,120,621.4,616.0,633.44,590.76,615.4,399,59
20230305,121,2583.52,2572.98,2627.81,2532.23,2579.13,424,60
20230305,122,14110.93,14388.71,15049.82,13576.07,14281.38,343,56
20230305,123,4.39,4.33,4.44,4.27,4.36,451,74
20230305,124,27.65,28.07,28.16,25.68,27.39,241,58
20230305,125,266.93,282.25,289.39,257.4,274.0,160,22
20230305,126,84406.6,84019.14,86782.34,82573.47,84445.39,294,73
20230305,127,196.75,303.1,307.75,193.66,250.32,224,31
20230305,128,263.48,252.54,267.91,244.38,257.08,149,26
20230305,129,13584.63,12913.01,13895.05,12879.43,13318.03,211,39
20230305,130,97.78,158.53,163.23,93.22,128.19,366,45
20230305,131,247.43,250.66,258.22,242.62,249.73,380,53
20230305,132,3555.87,5304.76,5459.13,3534.72,4463.62,367,70
20230305,133,62.17,61.49,64.52,61.43,62.4,250,52
20230305,134,1217.83,1367.87,1403.12,1157.03,1286.46,275,57
20230305,135,426.41,646.03,672.63,425.77,542.71,204,38
20230305,136,306.56,289.94,319.8,287.86,301.04,254,57
20230305,137,176.94,172.73,185.03,167.77,175.62,195,48
20230305,138,2.95,3.03,3.12,2.93,3.01,400,56
20230305,139,8900.03,8377.21,9200.82,8277.06,8688.78,429,73
20230305,140,187.59,289.6,290.08,185.93,238.3,345,34
20230305,141,31.37,34.66,35.43,30.78,33.06,244,55
20230305,142,74.65,75.49,80.61,72.22,75.74,318,66
20230305,143,9212.18,8853.74,9287.74,8825.31,9044.74,455,58
20230305,144,3.64,3.43,3.69,3.42,3.54,314,58
20230305,145,1491.43,1388.45,1526.36,1336.65,1435.72,346,45
20230305,146,23861.53,23717.08,25051.29,23118.7,23937.15,329,63
20230305,147,584.12,600.66,613.79,578.02,594.15,102,22
20230305,148,109.07,170.68,174.36,107.68,140.45,423,55
20230305,149,2.44,2.24,2.5,2.23,2.35,398,59
20230305,150,5.05,4.73,5.29,4.57,4.91,411,52
20230305,151,12.84,19.8,19.88,12.47,16.25,315,55
20230305,152,20.85,22.48,22.7,20.56,21.65,309,60
20230305,153,67926.08,68780.65,71962.27,63072.8,67935.45,366,58
20230305,154,1403.84,2204.68,2211.71,1362.16,1795.6,184,39
20230305,155,65.41,61.58,66.91,60.97,63.72,312,62
20230305,156,86.5,123.25,127.68,79.35,104.19,334,52
20230305,157,1740.06,1738.68,1866.4,1705.08,1762.56,288,66
20230305,158,34.49,33.81,35.24,33.15,34.17,296,60
20230305,159,18217.87,17706.85,18967.05,17601.63,18123.35,303,54
20230305,160,60.04,58.89,61.21,58.11,59.56,436,66
20230305,161,11.17,17.31,18.03,10.81,14.33,334,55
20230305,162,110.08,105.03,112.49,100.16,106.94,234,49
20230305,163,193.48,199.58,202.42,185.49,195.24,367,51
20230305,164,57.27,54.28,58.69,52.12,55.59,245,54
20230305,165,36.76,55.86,58.58,35.13,46.58,338,49
20230305,166,32.49,32.23,34.73,31.87,32.83,294,56
20230305,167,1.14,1.14,1.16,1.11,1.14,314,57
20230305,168,31.59,48.04,49.29,31.1,40.01,426,67
20230305,169,38.51,61.03,64.18,36.66,50.1,375,58
20230305,170,3192.99,3055.85,3298.58,2991.81,3134.81,49,10
20230305,171,60.99,87.55,92.29,60.29,75.28,440,62
20230305,172,42.64,66.86,67.78,41.39,54.67,357,51
20230305,173,27.08,25.7,27.14,25.34,26.32,212,32
20230305,174,86.77,88.38,90.38,81.37,86.72,212,43
20230305,175,6226.64,6309.61,6637.88,6008.96,6295.77,241,51
20230305,176,45.33,45.73,45.96,44.38,45.35,254,56
20230305,177,54.76,83.78,85.7,52.62,69.21,334,47
20230305,178,374.06,397.92,407.57,352.49,383.01,206,45
20230305,179,5.71,5.64,5.8,5.51,5.67,320,61
20230305,180,322.17,504.82,534.27,315.84,419.27,200,37
20230305,181,48751.45,47063.36,48912.3,46222.41,47737.38,395,53
20230305,182,24.38,23.91,24.81,22.5,23.9,206,46
20230305,183,29.88,30.22,30.55,28.39,29.76,445,58
20230305,184,11.22,17.07,17.94,10.91,14.29,416,50
20230305,185,1961.77,1778.73,1962.38,1733.9,1859.19,290,51
20230305,186,67404.69,66919.24,67612.07,65593.74,66882.44,294,66
20230305,187,1409.28,1325.18,1432.13,1286.21,1363.2,298,70
20230305,188,470.81,474.89,484.08,469.55,474.83,289,48
20230305,189,4.87,4.77,4.94,4.63,4.8,288,58
20230305,190,4.7,4.89,4.97,4.64,4.8,253,59
20230305,191,22.02,20.95,22.51,20.13,21.4,208,41
20230305,192,2232.74,3327.98,3387.59,2203.45,2787.94,230,28
20230305,193,22.97,36.93,37.02,22.54,29.87,353,48
20230305,194,22.72,21.18,22.91,20.71,21.88,396,55
20230305,195,3502.42,3620.01,3724.31,3460.79,3576.88,306,57
20230305,196,77.89,72.31,80.44,70.35,75.25,146,29
20230305,197,298.79,467.82,467.84,296.49,382.74,385,72
20230305,198,417.04,416.15,453.46,414.43,425.27,287,65
20230305,199,1345.06,1317.24,1374.93,1288.29,1331.38,145,28
20230305,200,100.12,152.82,156.4,98.23,126.89,204,37
20230306,1,112.53,104.06,115.08,103.57,108.81,244,38
20230306,2,78.81,75.68,79.1,73.27,76.72,142,33
20230306,3,246.66,249.7,254.34,246.33,249.26,132,45
20230306,4,10929.25,11000.44,11789.77,10918.37,11159.46,101,28
20230306,5,103.92,92.69,108.76,92.25,99.4,189,36
20230306,6,25.18,23.19,25.82,22.82,24.26,319,56
20230306,7,763.99,654.18,769.23,642.3,707.42,245,43
20230306,8,2.72,2.48,2.78,2.41,2.6,214,62
20230306,9,11317.91,10619.02,11601.74,10412.81,10987.87,291,62
20230306,10,35.88,34.56,36.06,34.34,35.21,108,20
20230306,11,59.13,53.13,60.7,50.86,55.95,263,50
20230306,12,832.64,761.93,838.84,723.63,789.26,103,30
20230306,13,1.38,1.38,1.4,1.38,1.38,201,64
20230306,14,110.61,98.89,113.78,97.96,105.31,269,41
20230306,15,9360.19,8643.11,9904.23,8460.31,9091.96,228,57
20230306,16,1.57,1.44,1.65,1.43,1.53,227,63
20230306,17,3727.11,3881.64,3964.06,3595.24,3792.01,204,62
20230306,18,228.21,222.34,237.94,217.12,226.4,186,47
20230306,19,5111.34,5152.8,5276.52,5063.61,5151.07,193,45
20230306,20,355.74,349.01,361.5,333.02,349.82,113,32
20230306,21,21.77,21.85,22.64,21.11,21.84,213,47
20230306,22,2467.17,2407.01,2540.97,2285.64,2425.2,206,62
20230306,23,764.05,758.97,780.06,715.04,754.53,114,40
20230306,24,85.7,84.33,86.69,82.32,84.76,194,67
20230306,25,89.92,80.84,91.59,79.15,85.38,152,29
20230306,26,57.98,50.58,58.41,50.37,54.33,291,49
20230306,27,40.13,37.69,41.23,36.45,38.88,285,62
20230306,28,16570.89,16073.22,16642.54,15914.7,16300.34,255,57
20230306,29,69.44,73.8,74.55,66.96,71.19,204,43
20230306,30,1608.13,1552.68,1621.35,1477.02,1564.8,149,30
20230306,31,204.51,198.45,215.98,196.72,203.92,134,44
20230306,32,242.84,234.87,243.74,234.43,238.97,170,55
20230306,33,47.83,47.46,49.08,46.45,47.7,176,49
20230306,34,20.79,20.26,21.66,19.59,20.57,212,72
20230306,35,107.06,95.81,111.45,95.15,102.37,262,49
20230306,36,157.76,139.2,163.56,133.19,148.43,153,33
20230306,37,14.83,13.57,14.91,13.54,14.21,234,54
20230306,38,199.02,169.5,201.44,161.44,182.85,157,47
20230306,39,100.31,99.75,104.46,97.51,100.51,228,69
20230306,40,33.85,31.99,34.16,31.79,32.95,145,45
20230306,41,10677.42,10753.34,10967.75,10325.61,10681.03,40,13
20230306,42,5969.25,5714.45,6345.9,5704.04,5933.41,299,69
20230306,43,4249.49,4401.88,4492.91,4148.0,4323.07,224,54
20230306,44,78.64,75.86,81.36,72.58,77.11,172,56
20230306,45,68.04,59.76,70.42,58.91,64.28,297,56
20230306,46,486.72,466.62,503.36,455.61,478.08,179,47
20230306,47,124.22,122.44,126.43,121.65,123.68,190,57
20230306,48,400.63,367.53,422.33,358.91,387.35,226,56
20230306,49,86.31,90.26,95.71,85.7,89.49,157,53
20230306,50,1053.52,1031.32,1065.12,974.97,1031.23,194,58
20230306,51,899.69,837.38,912.25,837.2,871.63,248,63
20230306,52,72.63,66.81,74.51,64.96,69.72,167,47
20230306,53,2473.15,2349.14,2508.15,2338.01,2417.11,180,42
20230306,54,13.62,12.55,13.65,12.07,12.97,136,39
20230306,55,25.96,24.41,26.11,22.31,24.7,253,52
20230306,56,166.11,165.44,172.83,156.5,165.22,166,46
20230306,57,64.31,64.07,64.38,61.67,63.61,168,62
20230306,58,2.35,2.29,2.43,2.24,2.33,211,69
20230306,59,27506.96,25827.76,28179.65,25699.53,26803.47,279,79
20230306,60,2539.07,2456.87,2570.61,2446.3,2503.21,159,41
20230306,61,627.59,569.68,629.64,565.91,598.2,201,46
20230306,62,40.25,39.26,42.03,36.46,39.5,168,56
20230306,63,1728.48,1603.78,1762.98,1594.53,1672.44,298,56
20230306,64,6764.45,6267.63,6833.46,6161.56,6506.78,254,52
20230306,65,7.27,7.93,8.08,7.25,7.63,207,61
20230306,66,6696.09,7144.47,7295.87,6592.24,6932.17,194,40
20230306,67,86.0,78.81,88.68,70.57,81.02,138,41
20230306,68,112.2,102.82,114.75,101.61,107.85,225,43
20230306,69,11649.07,10591.73,11796.76,9783.84,10955.35,231,58
20230306,70,4.41,4.2,4.52,4.02,4.29,321,48
20230306,71,6408.65,5770.04,6564.84,5471.59,6053.78,320,57
20230306,72,11939.4,11991.11,12156.15,11651.71,11934.59,139,53
20230306,73,41.64,35.95,41.9,33.88,38.34,269,44
20230306,74,4.99,4.6,5.05,4.35,4.75,176,66
20230306,75,6352.83,6319.45,6425.17,6317.13,6353.65,274,50
20230306,76,36.47,33.34,37.06,31.11,34.49,280,59
20230306,77,16580.32,14629.66,16684.24,13757.19,15412.85,311,61
20230306,78,9.23,9.06,9.27,8.73,9.07,234,54
20230306,79,155.71,147.17,158.55,140.98,150.6,197,61
20230306,80,90.76,91.11,92.61,90.31,91.2,111,28
20230306,81,18.94,17.6,19.03,16.88,18.11,154,65
20230306,82,135.88,129.67,139.8,128.16,133.38,222,61
20230306,83,27.39,26.55,28.28,26.26,27.12,207,60
20230306,84,11.59,11.8,11.83,11.47,11.67,204,60
20230306,85,136.69,127.37,140.75,125.66,132.62,208,42
20230306,86,23952.57,24288.67,25799.11,22891.07,24232.86,196,72
20230306,87,626.48,615.37,633.84,604.9,620.15,134,41
20230306,88,66.94,62.49,67.48,61.27,64.55,183,41
20230306,89,20.69,19.65,21.36,19.13,20.21,225,60
20230306,90,38.74,38.02,40.83,37.74,38.83,171,35
20230306,91,3253.04,3258.28,3283.48,3213.23,3252.01,97,26
20230306,92,31.02,28.33,32.85,28.17,30.09,282,68
20230306,93,131.62,120.0,133.42,117.29,125.58,286,65
20230306,94,1075.54,1043.45,1101.81,1040.19,1065.25,90,30
20230306,95,735.32,695.9,758.82,678.15,717.05,197,38
20230306,96,532.93,559.02,566.62,494.11,538.17,147,33
20230306,97,33.36,32.02,34.26,30.87,32.63,153,56
20230306,98,3645.12,3189.67,3720.5,3068.45,3405.93,307,71
20230306,99,52.61,50.42,56.73,49.85,52.4,130,45
20230306,100,69.44,62.27,69.75,59.28,65.19,298,59
20230306,101,19.55,19.8,19.93,19.49,19.7,199,59
20230306,102,12.12,12.56,13.07,12.05,12.45,193,47
20230306,103,1476.08,1386.32,1499.92,1386.25,1437.14,102,35
20230306,104,531.62,516.24,542.86,500.01,522.68,144,44
20230306,105,8129.62,7016.69,8415.31,6600.98,7540.65,316,58
20230306,106,261.42,239.6,266.36,230.29,249.42,304,64
20230306,107,240.54,219.27,259.78,217.87,234.36,121,38
20230306,108,358.52,340.99,375.58,337.67,353.19,145,24
20230306,109,700.89,711.34,739.84,657.17,702.31,150,46
20230306,110,909.93,923.77,925.27,881.03,910.0,183,56
20230306,111,1.87,1.76,1.99,1.7,1.83,224,63
20230306,112,16024.02,14321.4,16380.49,13828.48,15138.6,286,53
20230306,113,7.59,7.8,8.17,7.25,7.7,203,59
20230306,114,1041.38,939.71,1053.41,921.91,989.1,302,68
20230306,115,4202.27,3873.6,4377.52,3680.97,4033.59,191,54
20230306,116,1127.22,1131.74,1146.99,1113.94,1129.98,141,44
20230306,117,6.17,6.02,6.2,5.77,6.04,222,69
20230306,118,17.13,17.57,17.57,16.66,17.23,224,51
20230306,119,62.04,62.54,62.95,58.7,61.56,179,43
20230306,120,616.0,556.15,626.92,518.48,579.39,282,55
20230306,121,2572.98,2462.52,2627.93,2385.38,2512.2,317,69
20230306,122,14388.71,12506.89,14788.93,11987.56,13418.03,233,47
20230306,123,4.33,4.16,4.48,4.13,4.28,322,63
20230306,124,28.07,26.7,28.25,26.53,27.39,181,58
20230306,125,282.25,281.49,283.15,279.1,281.5,104,38
20230306,126,84019.14,83360.42,86770.16,82717.06,84216.7,224,66
20230306,127,303.1,274.78,317.17,262.82,289.47,139,24
20230306,128,252.54,241.15,261.69,230.92,246.57,111,27
20230306,129,12913.01,12657.1,12922.12,12190.13,12670.59,144,43
20230306,130,158.53,141.66,159.51,136.43,149.03,254,51
20230306,131,250.66,247.48,262.21,246.76,251.78,247,63
20230306,132,5304.76,4785.52,5388.82,4685.48,5041.15,243,56
20230306,133,61.49,65.88,68.98,59.94,64.07,195,50
20230306,134,1367.87,1456.26,1483.9,1345.97,1413.5,225,60
20230306,135,646.03,597.75,661.52,597.73,625.76,140,29
20230306,136,289.94,282.64,290.39,281.67,286.16,190,37
20230306,137,172.73,174.71,179.49,167.69,173.65,155,41
20230306,138,3.03,2.81,3.06,2.76,2.92,283,64
20230306,139,8377.21,7697.12,8409.3,7311.08,7948.68,287,66
20230306,140,289.6,255.49,309.45,249.29,275.96,242,45
20230306,141,34.66,31.62,35.25,30.55,33.02,181,39
20230306,142,75.49,77.66,78.17,74.7,76.51,202,57
20230306,143,8853.74,7273.92,9088.72,7193.09,8102.37,270,62
20230306,144,3.43,3.43,3.62,3.42,3.48,221,62
20230306,145,1388.45,1269.34,1401.05,1259.23,1329.52,255,57
20230306,146,23717.08,23637.77,24403.11,23079.2,23709.29,198,69
20230306,147,600.66,569.29,610.7,563.52,586.04,74,21
20230306,148,170.68,157.28,170.95,155.96,163.72,275,64
20230306,149,2.24,2.07,2.26,2.01,2.15,295,66
20230306,150,4.73,4.82,4.88,4.57,4.75,263,63
20230306,151,19.8,18.23,20.49,17.73,19.06,264,53
20230306,152,22.48,22.77,23.74,21.87,22.71,200,57
20230306,153,68780.65,59305.53,68884.39,55033.76,63001.08,239,61
20230306,154,2204.68,2076.04,2221.33,2037.05,2134.77,140,33
20230306,155,61.58,61.95,63.69,58.5,61.43,190,62
20230306,156,123.25,113.96,123.7,110.91,117.95,239,61
20230306,157,1738.68,1753.79,1804.76,1714.72,1752.99,196,60
20230306,158,33.81,35.55,35.61,31.65,34.15,205,66
20230306,159,17706.85,17610.46,17770.35,16965.3,17513.24,228,56
20230306,160,58.89,52.48,59.03,51.45,55.46,306,46
20230306,161,17.31,15.67,17.65,15.25,16.47,236,51
20230306,162,105.03,108.51,110.27,104.56,107.09,171,55
20230306,163,199.58,185.04,206.24,179.99,192.71,254,52
20230306,164,54.28,50.37,54.63,50.17,52.36,175,58
20230306,165,55.86,51.91,56.76,51.29,53.95,249,50
20230306,166,32.23,30.64,33.64,29.36,31.47,217,68
20230306,167,1.14,1.13,1.18,1.08,1.13,207,45
20230306,168,48.04,43.24,48.82,43.17,45.82,314,58
20230306,169,61.03,55.54,61.67,53.41,57.91,248,43
20230306,170,3055.85,2941.3,3073.44,2856.52,2981.78,45,14
20230306,171,87.55,82.69,90.37,82.12,85.68,324,69
20230306,172,66.86,61.66,66.89,60.62,64.01,250,53
20230306,173,25.7,26.79,27.05,25.62,26.29,133,43
20230306,174,88.38,97.07,99.89,87.8,93.28,146,39
20230306,175,6309.61,6164.54,6583.84,5957.52,6253.88,168,50
20230306,176,45.73,48.23,50.47,45.68,47.53,179,53
20230306,177,83.78,75.49,85.13,71.85,79.06,243,53
20230306,178,397.92,405.78,435.35,396.33,408.84,142,40
20230306,179,5.64,5.4,5.68,5.39,5.53,190,71
20230306,180,504.82,463.28,512.08,452.92,483.28,180,28
20230306,181,47063.36,43816.1,48069.52,42269.88,45304.71,294,64
20230306,182,23.91,23.95,24.03,23.66,23.89,142,28
20230306,183,30.22,26.28,30.44,25.83,28.19,295,67
20230306,184,17.07,15.31,17.36,15.3,16.26,285,53
20230306,185,1778.73,1825.57,1877.64,1754.85,1809.2,223,58
20230306,186,66919.24,64401.49,69688.93,63880.07,66222.43,210,50
20230306,187,1325.18,1236.7,1376.5,1140.21,1269.65,214,60
20230306,188,474.89,464.06,477.75,451.22,466.98,199,64
20230306,189,4.77,4.66,5.08,4.36,4.72,230,52
20230306,190,4.89,4.9,5.1,4.79,4.92,223,58
20230306,191,20.95,21.26,21.71,20.57,21.12,166,51
20230306,192,3327.98,3085.92,3414.34,3051.98,3220.06,151,28
20230306,193,36.93,33.35,37.46,32.64,35.09,256,58
20230306,194,21.18,19.13,21.36,18.25,19.98,303,74
20230306,195,3620.01,3692.54,3725.77,3577.73,3654.01,198,71
20230306,196,72.31,70.88,73.77,69.62,71.65,114,29
20230306,197,467.82,423.94,495.82,417.61,451.3,316,61
20230306,198,416.15,385.54,425.46,378.93,401.52,204,78
20230306,199,1317.24,1301.45,1322.02,1277.83,1304.64,102,31
20230306,200,152.82,141.1,154.96,140.31,147.3,147,26
20230307,1,104.06,101.6,104.7,100.31,102.67,275,50
20230307,2,75.68,73.71,76.7,73.58,74.92,143,38
20230307,3,249.7,244.1,256.63,230.39,245.21,134,36
20230307,4,11000.44,11451.72,11836.69,10684.32,11243.29,118,31
20230307,5,92.69,90.15,93.17,89.24,91.31,196,45
20230307,6,23.19,23.53,24.34,22.4,23.37,294,81
20230307,7,654.18,696.02,722.02,635.99,677.05,239,49
20230307,8,2.48,2.58,2.67,2.4,2.53,202,64
20230307,9,10619.02,10699.01,11044.02,10342.61,10676.16,247,57
20230307,10,34.56,35.61,35.71,33.83,34.93,96,35
20230307,11,53.13,56.49,59.69,52.07,55.34,263,45
20230307,12,761.93,779.11,784.06,755.65,770.19,122,24
20230307,13,1.38,1.32,1.38,1.27,1.34,191,72
20230307,14,98.89,104.91,107.94,95.32,101.77,241,51
20230307,15,8643.11,9085.29,9311.12,8363.84,8850.84,220,51
20230307,16,1.44,1.52,1.56,1.35,1.47,199,60
20230307,17,3881.64,3716.63,3994.36,3672.91,3816.38,218,69
20230307,18,222.34,226.8,227.2,218.09,223.61,174,48
20230307,19,5152.8,5024.84,5476.46,4907.69,5140.45,190,73
20230307,20,349.01,345.42,360.69,343.74,349.71,120,40
20230307,21,21.85,22.28,22.31,21.4,21.96,203,63
20230307,22,2407.01,2402.24,2417.38,2294.6,2380.31,209,73
20230307,23,758.97,767.13,777.07,751.92,763.77,153,32
20230307,24,84.33,88.1,88.45,84.0,86.22,232,64
20230307,25,80.84,83.54,83.79,77.07,81.31,126,25
20230307,26,50.58,51.19,51.68,47.75,50.3,261,45
20230307,27,37.69,37.32,37.93,37.17,37.53,274,61
20230307,28,16073.22,15991.6,16648.23,15459.86,16043.23,227,52
20230307,29,73.8,74.74,76.01,73.49,74.51,149,63
20230307,30,1552.68,1632.38,1710.6,1544.48,1610.04,137,42
20230307,31,198.45,198.65,201.12,191.39,197.41,144,43
20230307,32,234.87,255.77,256.39,231.74,244.69,181,48
20230307,33,47.46,50.52,50.71,46.05,48.69,193,42
20230307,34,20.26,18.52,20.8,18.52,19.53,197,65
20230307,35,95.81,99.41,101.98,94.83,98.01,245,54
20230307,36,139.2,147.42,150.56,137.67,143.71,166,24
20230307,37,13.57,14.01,14.63,13.22,13.86,249,56
20230307,38,169.5,174.12,179.47,163.12,171.55,177,49
20230307,39,99.75,103.32,105.19,97.93,101.55,179,61
20230307,40,31.99,32.91,34.23,31.73,32.71,128,45
20230307,41,10753.34,11170.72,11701.07,10494.12,11029.81,23,14
20230307,42,5714.45,5537.3,5787.2,5401.09,5610.01,296,50
20230307,43,4401.88,4404.07,4498.03,4158.55,4365.63,215,74
20230307,44,75.86,81.62,86.02,74.93,79.61,174,58
20230307,45,59.76,62.81,64.88,59.37,61.71,297,64
20230307,46,466.62,512.14,517.14,451.11,486.75,175,55
20230307,47,122.44,136.76,145.21,120.4,131.2,200,62
20230307,48,367.53,368.49,380.4,355.14,367.89,216,49
20230307,49,90.26,87.95,90.48,86.23,88.73,170,59
20230307,50,1031.32,1053.96,1082.21,1005.9,1043.35,179,44
20230307,51,837.38,885.13,904.17,795.12,855.45,228,58
20230307,52,66.81,73.0,73.28,64.8,69.47,168,54
20230307,53,2349.14,2628.07,2775.01,2338.47,2522.67,186,57
20230307,54,12.55,13.27,13.99,12.35,13.04,153,41
20230307,55,24.41,25.23,26.05,23.5,24.8,231,49
20230307,56,165.44,167.54,169.45,163.29,166.43,173,57
20230307,57,64.07,58.99,66.51,57.98,61.89,159,56
20230307,58,2.29,2.31,2.37,2.23,2.3,198,63
20230307,59,25827.76,25471.07,26341.63,25147.6,25697.01,288,64
20230307,60,2456.87,2562.91,2563.05,2420.31,2500.78,159,54
20230307,61,569.68,541.52,594.64,528.51,558.59,198,48
20230307,62,39.26,38.81,39.87,38.81,39.19,194,42
20230307,63,1603.78,1646.38,1647.83,1492.6,1597.65,267,73
20230307,64,6267.63,6428.25,6486.79,6166.83,6337.37,263,53
20230307,65,7.93,7.96,8.15,7.82,7.96,207,71
20230307,66,7144.47,7833.01,8204.99,7112.18,7573.66,187,51
20230307,67,78.81,86.26,87.38,75.79,82.06,143,40
20230307,68,102.82,103.96,107.53,97.92,103.06,236,52
20230307,69,10591.73,11900.38,11995.81,10553.74,11260.41,249,48
20230307,70,4.2,4.52,4.7,4.1,4.38,314,64
20230307,71,5770.04,5818.69,5844.94,5700.82,5783.62,317,64
20230307,72,11991.11,12266.74,12309.39,11619.36,12046.65,130,37
20230307,73,35.95,37.52,38.46,35.03,36.74,300,40
20230307,74,4.6,4.58,4.75,4.57,4.63,191,46
20230307,75,6319.45,6291.97,6523.1,6095.6,6307.53,289,59
20230307,76,33.34,34.95,35.52,33.17,34.25,359,56
20230307,77,14629.66,15505.34,15907.53,14386.44,15107.25,305,66
20230307,78,9.06,8.96,9.4,8.89,9.08,220,59
20230307,79,147.17,146.1,157.99,139.2,147.62,225,53
20230307,80,91.11,93.32,93.64,90.42,92.12,126,20
20230307,81,17.6,18.03,18.32,17.3,17.81,178,59
20230307,82,129.67,137.75,141.73,129.25,134.6,201,72
20230307,83,26.55,26.34,26.74,25.91,26.39,217,64
20230307,84,11.8,12.27,12.39,11.74,12.05,188,58
20230307,85,127.37,132.24,132.55,126.05,129.55,193,36
20230307,86,24288.67,24976.32,25473.05,23699.29,24609.33,225,51
20230307,87,615.37,652.09,663.31,604.0,633.69,158,44
20230307,88,62.49,64.93,66.1,60.76,63.57,199,29
20230307,89,19.65,19.07,20.54,18.35,19.4,219,67
20230307,90,38.02,38.44,38.63,37.2,38.07,172,49
20230307,91,3258.28,3298.61,3363.6,3148.38,3267.22,105,30
20230307,92,28.33,29.6,30.07,27.43,28.86,321,54
20230307,93,120.0,125.62,126.46,117.87,122.49,297,57
20230307,94,1043.45,1059.97,1073.8,1040.39,1054.4,90,30
20230307,95,695.9,740.26,747.07,669.02,713.06,194,44
20230307,96,559.02,557.63,601.16,551.51,567.33,153,38
20230307,97,32.02,32.15,32.81,31.91,32.23,172,42
20230307,98,3189.67,3251.38,3382.56,3152.1,3243.93,333,56
20230307,99,50.42,50.2,51.2,49.42,50.31,127,40
20230307,100,62.27,66.2,66.36,62.19,64.26,317,76
20230307,101,19.8,18.09,20.12,17.55,18.89,214,68
20230307,102,12.56,12.68,12.86,12.2,12.58,191,53
20230307,103,1386.32,1470.67,1508.74,1281.2,1411.73,127,32
20230307,104,516.24,534.39,535.34,497.04,520.75,139,49
20230307,105,7016.69,7516.33,7811.35,6878.12,7305.62,326,57
20230307,106,239.6,256.52,267.81,235.48,249.85,297,64
20230307,107,219.27,223.19,226.27,215.68,221.1,168,30
20230307,108,340.99,367.4,379.81,327.4,353.9,148,30
20230307,109,711.34,801.07,817.56,702.92,758.22,183,47
20230307,110,923.77,961.34,999.94,916.01,950.27,175,39
20230307,111,1.76,1.86,1.88,1.74,1.81,221,66
20230307,112,14321.4,15240.71,15794.56,14086.1,14860.69,294,66
20230307,113,7.8,8.33,8.39,7.23,7.94,226,64
20230307,114,939.71,982.76,983.53,902.0,952.0,309,65
20230307,115,3873.6,3914.73,3923.29,3743.98,3863.9,220,54
20230307,116,1131.74,1208.29,1238.41,1103.22,1170.41,140,45
20230307,117,6.02,6.2,6.38,5.92,6.13,193,65
20230307,118,17.57,18.62,19.54,17.19,18.23,249,53
20230307,119,62.54,66.3,67.76,61.02,64.41,174,45
20230307,120,556.15,602.76,641.45,554.5,588.71,286,62
20230307,121,2462.52,2405.33,2572.85,2300.61,2435.33,282,72
20230307,122,12506.89,12437.3,12948.34,12000.4,12473.23,261,57
20230307,123,4.16,4.31,4.41,3.97,4.21,337,65
20230307,124,26.7,25.96,27.31,25.25,26.31,183,48
20230307,125,281.49,290.63,292.98,270.86,283.99,106,33
20230307,126,83360.42,90140.59,91795.06,82436.97,86933.26,229,56
20230307,127,274.78,269.81,276.42,269.16,272.54,142,23
20230307,128,241.15,251.16,257.56,239.55,247.36,115,28
20230307,129,12657.1,13754.58,13950.68,12482.04,13211.1,139,39
20230307,130,141.66,146.06,146.32,134.96,142.25,255,47
20230307,131,247.48,242.55,248.48,233.77,243.07,257,57
20230307,132,4785.52,4839.91,5127.52,4634.49,4846.86,253,48
20230307,133,65.88,66.54,66.6,60.65,64.92,171,61
20230307,134,1456.26,1529.4,1539.03,1437.4,1490.52,199,60
20230307,135,597.75,608.46,654.04,588.69,612.24,154,27
20230307,136,282.64,282.22,284.68,273.15,280.67,185,46
20230307,137,174.71,185.26,196.23,167.87,181.02,124,34
20230307,138,2.81,2.97,3.02,2.8,2.9,318,64
20230307,139,7697.12,7962.02,7996.03,7501.42,7789.15,310,62
20230307,140,255.49,275.97,282.58,249.55,265.9,267,43
20230307,141,31.62,34.37,35.03,31.5,33.13,156,53
20230307,142,77.66,76.4,77.72,71.75,75.88,211,63
20230307,143,7273.92,7739.03,7895.92,7230.49,7534.84,286,61
20230307,144,3.43,3.46,3.56,3.37,3.46,220,67
20230307,145,1269.34,1244.54,1292.57,1220.18,1256.66,249,46
20230307,146,23637.77,24614.47,25031.13,23523.73,24201.78,200,58
20230307,147,569.29,567.08,571.59,566.59,568.64,63,21
20230307,148,157.28,161.82,169.49,152.78,160.34,341,55
20230307,149,2.07,2.0,2.1,1.99,2.04,300,51
20230307,150,4.82,4.91,5.16,4.75,4.91,312,67
20230307,151,18.23,18.02,18.78,17.82,18.21,233,66
20230307,152,22.77,23.21,23.67,22.37,23.01,215,57
20230307,153,59305.53,59942.82,61377.28,58039.35,59666.24,227,46
20230307,154,2076.04,2100.6,2119.23,1974.04,2067.48,165,43
20230307,155,61.95,66.87,72.17,57.85,64.71,236,68
20230307,156,113.96,116.28,118.39,112.41,115.26,257,46
20230307,157,1753.79,1820.53,1832.64,1694.31,1775.32,201,64
20230307,158,35.55,35.76,36.25,34.9,35.62,205,52
20230307,159,17610.46,18316.27,18548.26,17511.71,17996.67,205,67
20230307,160,52.48,57.07,58.42,51.61,54.9,286,64
20230307,161,15.67,16.63,17.09,15.36,16.19,267,58
20230307,162,108.51,109.91,113.58,104.94,109.23,173,55
20230307,163,185.04,195.39,204.3,179.13,190.96,248,56
20230307,164,50.37,50.24,50.82,50.02,50.36,182,56
20230307,165,51.91,52.25,53.46,49.45,51.76,266,53
20230307,166,30.64,31.72,32.43,30.35,31.29,195,55
20230307,167,1.13,1.18,1.19,1.11,1.15,205,62
20230307,168,43.24,43.48,43.75,42.08,43.14,284,67
20230307,169,55.54,58.26,59.22,51.82,56.21,256,52
20230307,170,2941.3,3004.64,3114.83,2939.71,3000.12,31,13
20230307,171,82.69,82.58,84.39,78.1,81.94,327,53
20230307,172,61.66,64.3,66.15,60.36,63.12,247,50
20230307,173,26.79,26.56,27.7,24.79,26.46,120,34
20230307,174,97.07,105.52,111.23,90.55,101.09,128,57
20230307,175,6164.54,6196.82,6516.47,6032.41,6227.56,175,47
20230307,176,48.23,49.58,51.26,46.8,48.97,173,50
20230307,177,75.49,80.82,83.82,75.37,78.88,260,45
20230307,178,405.78,410.35,422.93,389.85,407.23,128,45
20230307,179,5.4,5.83,6.01,5.26,5.63,213,59
20230307,180,463.28,453.76,478.72,449.43,461.3,154,30
20230307,181,43816.1,43698.02,45029.18,42176.82,43680.03,319,52
20230307,182,23.95,24.53,24.96,23.21,24.16,119,36
20230307,183,26.28,27.9,28.1,26.12,27.1,313,68
20230307,184,15.31,16.1,17.41,14.25,15.77,310,67
20230307,185,1825.57,1939.64,1940.62,1683.3,1847.28,205,55
20230307,186,64401.49,67782.11,67903.87,60692.63,65195.03,210,58
20230307,187,1236.7,1303.16,1329.96,1155.84,1256.42,219,65
20230307,188,464.06,435.12,475.26,415.11,447.39,227,49
20230307,189,4.66,5.01,5.09,4.58,4.83,199,62
20230307,190,4.9,4.89,5.02,4.88,4.92,209,73
20230307,191,21.26,22.13,22.51,21.08,21.74,157,45
20230307,192,3085.92,3172.61,3295.45,3051.25,3151.31,151,28
20230307,193,33.35,34.84,35.59,32.25,34.01,268,47
20230307,194,19.13,18.91,19.47,18.26,18.94,311,46
20230307,195,3692.54,3489.14,3726.38,3349.19,3564.31,238,64
20230307,196,70.88,71.12,72.04,69.98,71.01,98,31
20230307,197,423.94,442.72,454.19,419.87,435.18,298,56
20230307,198,385.54,374.62,397.55,369.54,381.81,207,51
20230307,199,1301.45,1291.89,1322.5,1282.15,1299.5,94,30
20230307,200,141.1,145.61,149.42,135.25,142.84,133,20
20230308,1,101.6,98.42,103.48,95.9,99.85,242,59
20230308,2,73.71,71.09,75.06,69.47,72.33,149,36
20230308,3,244.1,245.82,254.67,238.1,245.67,131,42
20230308,4,11451.72,11286.7,11576.02,11219.83,11383.56,98,30
20230308,5,90.15,86.89,94.05,86.01,89.28,201,34
20230308,6,23.53,23.19,24.46,22.54,23.43,304,60
20230308,7,696.02,701.11,715.34,695.18,701.91,250,55
20230308,8,2.58,2.43,2.61,2.37,2.5,213,60
20230308,9,10699.01,10675.99,10710.61,10438.92,10631.13,300,71
20230308,10,35.61,33.48,35.62,33.11,34.45,106,43
20230308,11,56.49,56.14,56.95,55.05,56.16,266,39
20230308,12,779.11,783.61,799.58,776.64,784.74,96,20
20230308,13,1.32,1.33,1.36,1.31,1.33,196,58
20230308,14,104.91,105.95,109.97,101.22,105.51,227,42
20230308,15,9085.29,9289.06,9551.03,8927.88,9213.31,219,62
20230308,16,1.52,1.58,1.62,1.49,1.55,191,57
20230308,17,3716.63,3757.31,3831.65,3674.07,3744.91,217,38
20230308,18,226.8,235.3,236.12,214.53,228.19,182,41
20230308,19,5024.84,4984.46,5133.8,4875.4,5004.63,205,78
20230308,20,345.42,316.55,347.49,307.89,329.33,104,43
20230308,21,22.28,20.99,22.74,20.72,21.68,197,52
20230308,22,2402.24,2348.7,2455.52,2320.55,2381.75,226,53
20230308,23,767.13,746.64,783.02,720.22,754.25,148,38
20230308,24,88.1,86.07,91.17,85.81,87.79,211,55
20230308,25,83.54,79.79,90.73,77.48,82.88,179,28
20230308,26,51.19,55.05,58.27,48.86,53.34,258,63
20230308,27,37.32,36.52,38.42,35.95,37.05,269,71
20230308,28,15991.6,15675.57,16277.54,15177.05,15780.44,237,56
20230308,29,74.74,71.87,76.26,70.83,73.43,190,48
20230308,30,1632.38,1548.78,1649.61,1532.09,1590.71,155,33
20230308,31,198.65,195.59,201.01,195.53,197.69,135,46
20230308,32,255.77,251.82,263.7,247.02,254.58,183,53
20230308,33,50.52,50.03,50.94,48.07,49.89,158,45
20230308,34,18.52,19.63,20.18,18.15,19.12,219,57
20230308,35,99.41,98.47,104.47,95.83,99.54,220,65
20230308,36,147.42,145.39,150.1,143.82,146.68,161,27
20230308,37,14.01,14.15,14.37,13.29,13.96,238,53
20230308,38,174.12,173.39,184.43,172.16,176.03,172,42
20230308,39,103.32,105.19,108.24,102.77,104.88,194,52
20230308,40,32.91,30.85,34.04,29.75,31.89,129,32
20230308,41,11170.72,10402.46,11285.13,9871.79,10682.52,37,9
20230308,42,5537.3,5532.32,5546.13,5447.35,5515.78,303,58
20230308,43,4404.07,4320.55,4498.99,4272.75,4374.09,198,54
20230308,44,81.62,77.25,84.6,71.84,78.83,138,47
20230308,45,62.81,63.33,64.3,62.69,63.28,279,69
20230308,46,512.14,508.81,520.15,499.77,510.22,179,48
20230308,47,136.76,128.98,138.12,125.77,132.41,213,59
20230308,48,368.49,356.69,381.44,354.45,365.27,201,71
20230308,49,87.95,87.83,88.31,87.62,87.93,184,45
20230308,50,1053.96,1004.94,1072.98,976.43,1027.08,171,51
20230308,51,885.13,860.08,892.52,825.55,865.82,238,50
20230308,52,73.0,73.8,74.69,72.71,73.55,158,48
20230308,53,2628.07,2569.64,2693.76,2484.43,2593.97,184,48
20230308,54,13.27,13.12,13.76,13.12,13.32,127,40
20230308,55,25.23,24.28,25.65,24.03,24.8,252,42
20230308,56,167.54,160.96,169.62,157.19,163.83,166,56
20230308,57,58.99,58.06,59.66,57.45,58.54,141,43
20230308,58,2.31,2.38,2.43,2.21,2.33,235,66
20230308,59,25471.07,26053.79,26690.95,24784.36,25750.04,323,45
20230308,60,2562.91,2390.06,2636.42,2342.28,2482.92,178,39
20230308,61,541.52,555.0,556.31,536.46,547.32,215,43
20230308,62,38.81,36.54,40.6,35.89,37.96,168,44
20230308,63,1646.38,1614.44,1696.16,1604.42,1640.35,296,63
20230308,64,6428.25,6150.03,6471.41,5904.04,6238.43,242,48
20230308,65,7.96,8.31,8.6,7.92,8.2,194,65
20230308,66,7833.01,7232.79,8112.49,6762.86,7485.29,165,52
20230308,67,86.26,85.82,87.07,85.03,86.05,122,38
20230308,68,103.96,101.12,104.85,98.31,102.06,280,57
20230308,69,11900.38,12184.94,12465.84,11794.27,12086.36,257,42
20230308,70,4.52,4.49,4.54,4.38,4.48,310,63
20230308,71,5818.69,5964.95,6167.01,5693.35,5911.0,265,61
20230308,72,12266.74,12219.88,12361.84,12175.36,12255.96,140,43
20230308,73,37.52,36.85,39.18,35.88,37.36,249,56
20230308,74,4.58,4.96,5.27,4.53,4.83,183,50
20230308,75,6291.97,6320.99,6361.15,6089.59,6265.93,298,59
20230308,76,34.95,33.75,35.4,32.74,34.21,295,70
20230308,77,15505.34,15561.37,15744.53,15477.99,15572.31,306,72
20230308,78,8.96,8.97,9.44,8.89,9.07,206,59
20230308,79,146.1,146.53,151.59,134.53,144.69,189,50
20230308,80,93.32,96.81,103.54,92.23,96.48,102,27
20230308,81,18.03,18.58,18.83,17.8,18.31,169,48
20230308,82,137.75,139.94,148.11,129.52,138.83,207,63
20230308,83,26.34,25.27,27.19,24.39,25.8,209,60
20230308,84,12.27,12.8,12.82,12.15,12.51,213,69
20230308,85,132.24,137.75,138.15,131.19,134.83,209,30
20230308,86,24976.32,24972.52,25240.34,24789.23,24994.6,193,59
20230308,87,652.09,639.84,672.82,633.6,649.59,159,46
20230308,88,64.93,63.77,65.35,63.41,64.37,196,37
20230308,89,19.07,18.42,19.1,17.47,18.51,177,65
20230308,90,38.44,38.82,40.11,38.34,38.93,181,61
20230308,91,3298.61,2982.18,3358.09,2962.56,3150.36,110,26
20230308,92,29.6,30.54,30.68,28.65,29.87,291,59
20230308,93,125.62,126.02,127.52,122.47,125.4,319,50
20230308,94,1059.97,974.86,1091.74,892.14,1004.68,98,34
20230308,95,740.26,740.78,777.11,723.94,745.52,221,51
20230308,96,557.63,552.6,562.57,522.73,548.88,161,56
20230308,97,32.15,31.59,32.57,30.73,31.76,184,56
20230308,98,3251.38,3258.5,3310.18,3203.5,3255.89,335,63
20230308,99,50.2,45.6,51.88,44.91,48.15,144,42
20230308,100,66.2,65.42,67.65,63.97,65.81,277,73
20230308,101,18.09,18.05,18.68,17.23,18.01,218,57
20230308,102,12.68,12.64,13.0,12.43,12.69,170,57
20230308,103,1470.67,1366.97,1487.33,1352.82,1419.45,97,30
20230308,104,534.39,537.73,542.7,524.65,534.86,130,45
20230308,105,7516.33,7693.6,8138.36,7467.54,7703.96,300,50
20230308,106,256.52,252.77,271.51,249.79,257.65,274,63
20230308,107,223.19,217.83,225.92,216.76,220.92,138,36
20230308,108,367.4,398.66,419.53,363.93,387.38,134,27
20230308,109,801.07,745.88,819.07,715.88,770.47,167,53
20230308,110,961.34,975.16,981.93,907.94,956.59,167,49
20230308,111,1.86,1.9,2.02,1.86,1.91,233,59
20230308,112,15240.71,16154.89,16429.87,14703.36,15632.21,282,61
20230308,113,8.33,8.28,8.39,8.22,8.3,206,43
20230308,114,982.76,1009.64,1021.49,980.2,998.52,291,47
20230308,115,3914.73,3967.29,4090.11,3655.19,3906.83,192,55
20230308,116,1208.29,1128.77,1227.74,1083.45,1162.06,136,35
20230308,117,6.2,5.98,6.27,5.87,6.08,209,66
20230308,118,18.62,18.0,18.95,17.55,18.28,216,62
20230308,119,66.3,69.0,70.56,65.63,67.87,185,42
20230308,120,602.76,591.65,615.32,583.26,598.25,310,55
20230308,121,2405.33,2336.77,2533.23,2332.8,2402.03,342,50
20230308,122,12437.3,13044.49,13438.79,12142.66,12765.81,266,54
20230308,123,4.31,3.9,4.34,3.75,4.07,328,59
20230308,124,25.96,23.92,26.39,23.36,24.91,156,46
20230308,125,290.63,259.61,295.44,252.27,274.49,108,32
20230308,126,90140.59,90711.81,91709.52,89845.72,90601.91,220,68
20230308,127,269.81,267.87,284.29,267.02,272.25,153,33
20230308,128,251.16,256.73,258.97,248.85,253.93,113,33
20230308,129,13754.58,13535.79,14063.05,13337.11,13672.63,132,37
20230308,130,146.06,148.65,149.55,145.72,147.49,245,63
20230308,131,242.55,237.68,249.0,237.07,241.58,245,42
20230308,132,4839.91,4807.28,4854.81,4675.94,4794.49,258,50
20230308,133,66.54,67.75,69.94,66.28,67.63,177,52
20230308,134,1529.4,1552.85,1608.54,1485.5,1544.07,244,75
20230308,135,608.46,626.56,640.63,593.61,617.32,170,35
20230308,136,282.22,260.96,287.06,249.59,269.96,173,59
20230308,137,185.26,183.79,189.78,182.59,185.35,127,31
20230308,138,2.97,2.89,3.03,2.76,2.91,338,66
20230308,139,7962.02,7847.71,8014.34,7776.26,7900.08,289,57
20230308,140,275.97,271.5,297.81,268.68,278.49,259,61
20230308,141,34.37,32.52,34.7,31.77,33.34,182,52
20230308,142,76.4,78.63,80.03,74.09,77.29,220,70
20230308,143,7739.03,7736.57,7884.46,7645.41,7751.37,333,54
20230308,144,3.46,3.71,3.77,3.39,3.58,170,65
20230308,145,1244.54,1285.64,1286.27,1242.39,1264.71,237,61
20230308,146,24614.47,23644.11,25417.76,23266.25,24235.65,207,55
20230308,147,567.08,572.81,585.44,565.27,572.65,72,17
20230308,148,161.82,159.15,162.99,158.78,160.69,311,55
20230308,149,2.0,2.1,2.19,1.98,2.07,277,58
20230308,150,4.91,4.6,4.92,4.58,4.75,287,64
20230308,151,18.02,17.1,18.25,16.75,17.53,245,65
20230308,152,23.21,22.7,23.88,22.11,22.98,201,57
20230308,153,59942.82,61303.75,62452.71,57797.02,60374.07,257,51
20230308,154,2100.6,2091.3,2127.31,1979.13,2074.58,160,38
20230308,155,66.87,67.7,69.07,65.51,67.29,219,61
20230308,156,116.28,116.76,116.86,114.4,116.08,262,45
20230308,157,1820.53,1700.93,1929.14,1690.84,1785.36,222,61
20230308,158,35.76,35.43,39.51,35.42,36.53,214,56
20230308,159,18316.27,18871.79,18898.87,18093.89,18545.21,192,58
20230308,160,57.07,57.05,59.08,53.74,56.74,275,51
20230308,161,16.63,15.97,16.89,15.89,16.35,268,47
20230308,162,109.91,107.84,111.65,106.0,108.85,178,55
20230308,163,195.39,193.99,202.29,187.84,194.88,249,44
20230308,164,50.24,53.93,54.38,47.66,51.55,158,41
20230308,165,52.25,49.19,53.27,47.12,50.46,234,56
20230308,166,31.72,32.15,33.05,30.97,31.97,213,67
20230308,167,1.18,1.11,1.2,1.09,1.15,189,55
20230308,168,43.48,44.05,44.13,43.43,43.77,286,49
20230308,169,58.26,58.24,59.33,57.62,58.36,230,59
20230308,170,3004.64,2938.91,3091.2,2932.88,2991.91,38,9
20230308,171,82.58,81.94,82.71,81.05,82.07,323,55
20230308,172,64.3,64.6,65.19,61.6,63.92,268,57
20230308,173,26.56,26.11,26.97,24.66,26.08,126,37
20230308,174,105.52,97.46,106.98,96.68,101.66,123,48
20230308,175,6196.82,6384.9,6612.45,6091.3,6321.37,187,59
20230308,176,49.58,50.36,51.92,48.58,50.11,167,40
20230308,177,80.82,80.79,81.14,80.07,80.71,250,45
20230308,178,410.35,384.08,419.8,370.56,396.2,134,42
20230308,179,5.83,5.96,6.15,5.45,5.85,212,71
20230308,180,453.76,477.05,489.52,443.37,465.93,149,23
20230308,181,43698.02,42716.2,43947.49,42399.65,43190.34,292,67
20230308,182,24.53,23.66,25.5,23.37,24.27,141,41
20230308,183,27.9,26.27,28.42,24.96,26.89,292,66
20230308,184,16.1,15.64,16.18,15.42,15.84,301,45
20230308,185,1939.64,1808.94,1953.12,1662.31,1841.0,221,63
20230308,186,67782.11,66422.93,68326.11,64248.18,66694.83,221,47
20230308,187,1303.16,1274.04,1382.26,1273.54,1308.25,215,67
20230308,188,435.12,438.78,439.89,413.59,431.84,223,71
20230308,189,5.01,4.67,5.03,4.61,4.83,183,48
20230308,190,4.89,4.76,4.92,4.54,4.77,211,65
20230308,191,22.13,21.06,22.25,19.59,21.26,140,43
20230308,192,3172.61,3142.61,3280.57,3095.13,3172.73,131,31
20230308,193,34.84,33.31,35.24,32.27,33.91,256,55
20230308,194,18.91,19.02,19.6,18.37,18.97,303,65
20230308,195,3489.14,3366.92,3581.41,3169.53,3401.75,210,62
20230308,196,71.12,72.27,74.02,69.33,71.68,101,26
20230308,197,442.72,418.24,443.06,416.5,430.13,318,60
20230308,198,374.62,384.16,392.71,367.16,379.66,220,67
20230308,199,1291.89,1268.67,1297.71,1224.17,1270.61,132,31
20230308,200,145.61,144.03,146.68,143.97,145.07,141,19
20230309,1,98.42,93.56,98.58,89.51,95.02,239,71
20230309,2,71.09,66.98,74.31,66.05,69.61,137,46
20230309,3,245.82,239.32,253.87,235.63,243.66,138,36
20230309,4,11286.7,11584.7,12085.67,10897.56,11463.66,113,31
20230309,5,86.89,87.69,90.05,84.57,87.3,206,43
20230309,6,23.19,22.9,23.69,22.42,23.05,322,55
20230309,7,701.11,681.72,722.87,653.77,689.87,223,43
20230309,8,2.43,2.32,2.48,2.31,2.38,226,50
20230309,9,10675.99,10686.34,11276.21,9968.38,10651.73,273,61
20230309,10,33.48,33.96,34.8,32.27,33.63,95,37
20230309,11,56.14,55.98,57.09,54.78,56.0,262,46
20230309,12,783.61,806.6,811.69,774.02,793.98,102,20
20230309,13,1.33,1.32,1.33,1.27,1.31,240,64
20230309,14,105.95,104.99,107.89,103.8,105.66,245,40
20230309,15,9289.06,8585.42,9658.22,8332.67,8966.34,211,63
20230309,16,1.58,1.59,1.69,1.48,1.59,198,57
20230309,17,3757.31,4028.74,4206.4,3750.78,3935.81,195,63
20230309,18,235.3,223.35,245.46,220.07,231.05,169,51
20230309,19,4984.46,5033.31,5122.55,4969.47,5027.45,206,71
20230309,20,316.55,343.54,346.25,314.47,330.2,117,23
20230309,21,20.99,20.3,21.17,19.74,20.55,195,71
20230309,22,2348.7,2365.06,2474.87,2246.88,2358.88,215,63
20230309,23,746.64,790.72,797.39,736.37,767.78,153,41
20230309,24,86.07,85.09,87.13,82.29,85.15,181,58
20230309,25,79.79,81.61,83.7,77.95,80.76,155,23
20230309,26,55.05,50.6,56.72,49.59,52.99,256,62
20230309,27,36.52,36.81,37.38,35.76,36.62,282,59
20230309,28,15675.57,15715.21,16194.85,14962.33,15636.99,250,46
20230309,29,71.87,67.62,73.16,66.32,69.74,175,47
20230309,30,1548.78,1480.77,1629.37,1442.5,1525.35,149,40
20230309,31,195.59,202.48,213.56,193.13,201.19,141,44
20230309,32,251.82,242.54,259.66,238.02,248.01,179,36
20230309,33,50.03,52.03,52.87,49.98,51.23,170,59
20230309,34,19.63,19.6,19.83,18.9,19.49,209,62
20230309,35,98.47,98.19,99.96,96.8,98.36,253,51
20230309,36,145.39,143.42,148.56,139.48,144.21,149,35
20230309,37,14.15,14.02,14.35,13.73,14.06,260,58
20230309,38,173.39,177.72,180.25,169.8,175.29,157,48
20230309,39,105.19,105.52,107.48,104.39,105.65,219,65
20230309,40,30.85,29.77,31.36,28.78,30.19,140,30
20230309,41,10402.46,10720.31,10854.31,9889.53,10466.65,25,12
20230309,42,5532.32,5648.42,5719.31,5402.58,5575.66,294,74
20230309,43,4320.55,4303.58,4465.61,4296.32,4346.51,219,67
20230309,44,77.25,75.21,78.46,72.49,75.85,176,40
20230309,45,63.33,64.79,65.84,63.24,64.3,298,53
20230309,46,508.81,467.09,523.0,463.37,490.57,188,51
20230309,47,128.98,126.56,129.05,124.24,127.21,233,65
20230309,48,356.69,376.99,382.7,355.64,368.0,208,50
20230309,49,87.83,86.71,89.13,84.1,86.94,168,49
20230309,50,1004.94,1009.94,1043.99,973.84,1008.18,182,44
20230309,51,860.08,839.33,875.2,808.1,845.68,269,45
20230309,52,73.8,74.39,74.92,71.1,73.55,164,51
20230309,53,2569.64,2476.17,2659.55,2400.26,2526.4,170,46
20230309,54,13.12,13.86,13.96,12.96,13.47,147,38
20230309,55,24.28,23.5,24.43,22.46,23.67,251,55
20230309,56,160.96,159.43,165.37,156.95,160.68,161,54
20230309,57,58.06,56.24,59.11,54.18,56.9,189,39
20230309,58,2.38,2.46,2.52,2.27,2.41,227,68
20230309,59,26053.79,25767.13,27024.88,25198.61,26011.1,321,77
20230309,60,2390.06,2316.5,2465.88,2269.53,2360.49,194,50
20230309,61,555.0,505.57,570.51,485.33,529.1,178,33
20230309,62,36.54,34.92,37.3,34.73,35.87,174,56
20230309,63,1614.44,1619.55,1639.43,1606.54,1619.99,323,49
20230309,64,6150.03,6167.21,6269.48,5887.31,6118.51,222,56
20230309,65,8.31,7.88,8.42,7.44,8.01,218,57
20230309,66,7232.79,6972.49,7357.98,6786.68,7087.48,161,57
20230309,67,85.82,90.4,94.12,83.42,88.44,133,35
20230309,68,101.12,113.42,115.29,99.14,107.24,279,47
20230309,69,12184.94,12626.75,13421.94,11388.37,12405.5,258,42
20230309,70,4.49,4.59,4.72,4.44,4.56,300,65
20230309,71,5964.95,6199.42,6205.74,5847.9,6054.5,289,59
20230309,72,12219.88,13029.34,13201.81,11856.1,12576.78,137,40
20230309,73,36.85,36.69,37.11,36.34,36.75,268,60
20230309,74,4.96,4.68,5.21,4.5,4.84,167,65
20230309,75,6320.99,6645.42,6917.91,6197.1,6520.35,304,52
20230309,76,33.75,32.42,34.09,30.32,32.65,299,59
20230309,77,15561.37,14848.88,15914.45,14442.67,15191.84,304,65
20230309,78,8.97,8.37,9.19,8.16,8.67,210,64
20230309,79,146.53,144.8,147.59,141.85,145.19,215,53
20230309,80,96.81,89.3,100.61,86.62,93.34,99,26
20230309,81,18.58,17.13,18.66,16.86,17.81,170,47
20230309,82,139.94,134.28,143.89,128.36,136.62,191,70
20230309,83,25.27,23.69,29.07,22.65,25.17,237,43
20230309,84,12.8,12.83,13.06,12.55,12.81,184,54
20230309,85,137.75,135.95,143.25,130.97,136.98,214,43
20230309,86,24972.52,25101.74,25289.69,24558.99,24980.73,202,53
20230309,87,639.84,632.45,647.5,613.53,633.33,124,48
20230309,88,63.77,62.4,65.5,60.83,63.12,215,52
20230309,89,18.42,19.14,19.76,17.97,18.82,197,62
20230309,90,38.82,40.32,41.14,37.71,39.5,187,39
20230309,91,2982.18,2945.85,3069.19,2932.24,2982.36,99,32
20230309,92,30.54,28.94,30.74,28.85,29.77,296,68
20230309,93,126.02,124.55,128.84,123.17,125.64,321,71
20230309,94,974.86,918.67,993.32,903.1,947.49,115,35
20230309,95,740.78,732.8,767.95,715.79,739.33,213,51
20230309,96,552.6,543.72,585.09,528.85,552.56,173,56
20230309,97,31.59,29.68,33.2,29.68,31.04,206,59
20230309,98,3258.5,3246.96,3262.96,3224.71,3248.28,278,66
20230309,99,45.6,46.26,47.2,43.8,45.71,136,43
20230309,100,65.42,65.13,70.37,64.24,66.29,278,54
20230309,101,18.05,18.08,18.1,17.67,17.98,197,57
20230309,102,12.64,12.24,13.13,12.12,12.53,180,50
20230309,103,1366.97,1380.7,1381.88,1353.09,1370.66,111,34
20230309,104,537.73,523.04,549.07,513.06,530.72,135,34
20230309,105,7693.6,7253.2,7931.37,7213.42,7522.9,305,63
20230309,106,252.77,251.23,259.85,250.13,253.5,308,61
20230309,107,217.83,219.43,223.2,217.2,219.41,162,39
20230309,108,398.66,396.9,399.8,394.49,397.46,145,35
20230309,109,745.88,729.7,762.36,728.77,741.68,165,49
20230309,110,975.16,889.89,1009.82,845.65,930.13,196,53
20230309,111,1.9,2.04,2.16,1.89,2.0,199,50
20230309,112,16154.89,14686.87,17169.38,14429.81,15610.24,303,57
20230309,113,8.28,8.29,8.3,8.16,8.26,198,74
20230309,114,1009.64,1095.13,1112.67,1004.36,1055.45,291,71
20230309,115,3967.29,3958.5,4300.75,3894.74,4030.32,208,53
20230309,116,1128.77,1115.05,1181.09,1114.35,1134.82,150,48
20230309,117,5.98,6.12,6.33,5.76,6.04,211,61
20230309,118,18.0,17.78,18.84,17.47,18.02,213,56
20230309,119,69.0,75.16,75.87,64.87,71.23,163,50
20230309,120,591.65,560.32,596.37,540.7,572.26,275,61
20230309,121,2336.77,2214.33,2425.37,2194.47,2292.73,291,80
20230309,122,13044.49,12725.34,13235.75,12467.68,12868.31,229,46
20230309,123,3.9,4.09,4.22,3.88,4.02,302,49
20230309,124,23.92,23.24,24.16,22.03,23.34,166,69
20230309,125,259.61,265.91,278.4,258.6,265.63,99,28
20230309,126,90711.81,91926.2,94785.26,90100.93,91881.05,222,54
20230309,127,267.87,272.43,273.44,261.46,268.8,139,27
20230309,128,256.73,262.06,264.02,255.7,259.63,100,35
20230309,129,13535.79,14156.13,14253.49,12422.68,13592.02,139,33
20230309,130,148.65,148.29,149.83,147.14,148.48,263,58
20230309,131,237.68,230.67,250.55,223.73,235.66,233,41
20230309,132,4807.28,4751.34,4923.47,4510.12,4748.05,265,54
20230309,133,67.75,67.08,69.03,66.11,67.49,166,59
20230309,134,1552.85,1712.74,1739.58,1535.83,1635.25,232,66
20230309,135,626.56,609.05,634.64,594.04,616.07,149,25
20230309,136,260.96,265.17,267.43,257.24,262.7,167,47
20230309,137,183.79,172.03,187.14,163.78,176.69,138,37
20230309,138,2.89,2.82,2.98,2.8,2.87,340,60
20230309,139,7847.71,7655.21,8210.97,7373.73,7771.91,313,55
20230309,140,271.5,275.39,275.56,266.63,272.27,240,42
20230309,141,32.52,32.91,34.55,32.32,33.07,181,62
20230309,142,78.63,80.25,80.32,77.85,79.26,215,60
20230309,143,7736.57,8196.67,8709.19,7353.35,7998.95,296,49
20230309,144,3.71,3.63,3.74,3.59,3.67,236,52
20230309,145,1285.64,1240.46,1291.16,1214.93,1258.05,253,50
20230309,146,23644.11,22659.77,24028.51,21708.24,23010.16,213,64
20230309,147,572.81,580.47,596.83,571.53,580.41,57,16
20230309,148,159.15,157.13,161.84,146.78,156.23,316,50
20230309,149,2.1,2.1,2.11,2.06,2.09,316,53
20230309,150,4.6,4.45,4.87,4.44,4.59,284,61
20230309,151,17.1,17.84,18.48,16.46,17.47,263,45
20230309,152,22.7,20.68,23.34,20.36,21.77,205,68
20230309,153,61303.75,59177.85,63728.03,57317.53,60381.79,250,45
20230309,154,2091.3,2013.83,2176.54,1957.71,2059.85,172,28
20230309,155,67.7,66.2,69.85,65.15,67.23,183,49
20230309,156,116.76,119.32,120.83,113.11,117.5,243,58
20230309,157,1700.93,1685.29,1764.84,1633.66,1696.18,199,59
20230309,158,35.43,34.53,36.4,32.45,34.7,239,62
20230309,159,18871.79,18915.33,19163.6,18050.06,18750.19,191,54
20230309,160,57.05,55.92,59.13,55.32,56.86,329,63
20230309,161,15.97,16.12,16.75,15.83,16.17,271,50
20230309,162,107.84,108.7,109.24,104.07,107.46,181,53
20230309,163,193.99,181.62,197.77,179.59,188.24,274,54
20230309,164,53.93,52.41,54.27,50.57,52.79,156,57
20230309,165,49.19,49.62,50.92,48.77,49.62,266,42
20230309,166,32.15,33.71,35.23,32.13,33.3,213,55
20230309,167,1.11,1.13,1.14,1.09,1.12,210,61
20230309,168,44.05,46.38,47.63,43.7,45.44,273,58
20230309,169,58.24,58.11,59.13,57.43,58.23,233,58
20230309,170,2938.91,2863.84,3043.61,2807.83,2913.55,37,10
20230309,171,81.94,80.13,82.89,79.08,81.01,264,52
20230309,172,64.6,63.04,64.76,61.18,63.39,305,55
20230309,173,26.11,25.18,26.29,25.14,25.68,133,41
20230309,174,97.46,95.42,101.07,94.94,97.22,153,30
20230309,175,6384.9,6326.87,6479.27,6136.89,6331.98,170,51
20230309,176,50.36,47.36,50.45,45.96,48.53,178,43
20230309,177,80.79,81.82,82.01,76.64,80.31,229,51
20230309,178,384.08,350.84,397.78,331.87,366.14,144,46
20230309,179,5.96,5.82,6.36,5.7,5.96,216,66
20230309,180,477.05,486.41,494.17,474.96,483.15,149,22
20230309,181,42716.2,43057.1,43307.71,42479.96,42890.24,341,70
20230309,182,23.66,22.86,24.04,22.43,23.25,115,46
20230309,183,26.27,27.92,28.06,26.25,27.12,280,67
20230309,184,15.64,15.37,15.86,15.19,15.52,318,63
20230309,185,1808.94,1655.81,1968.9,1637.94,1767.9,189,69
20230309,186,66422.93,66047.5,67473.45,63065.89,65752.44,174,57
20230309,187,1274.04,1177.06,1282.1,1168.84,1225.51,218,85
20230309,188,438.78,415.99,449.49,406.49,427.69,186,58
20230309,189,4.67,4.71,4.71,4.62,4.67,210,66
20230309,190,4.76,4.66,4.92,4.54,4.72,198,64
20230309,191,21.06,21.45,21.81,20.91,21.31,116,42
20230309,192,3142.61,3015.29,3146.43,2866.3,3042.66,169,23
20230309,193,33.31,34.31,34.56,33.26,33.86,280,50
20230309,194,19.02,17.68,19.39,16.96,18.27,310,54
20230309,195,3366.92,3531.33,3575.44,3324.99,3449.67,194,57
20230309,196,72.27,71.25,73.31,69.51,71.59,93,30
20230309,197,418.24,431.15,434.62,416.89,425.23,304,58
20230309,198,384.16,369.48,386.38,361.7,375.43,202,44
20230309,199,1268.67,1363.43,1400.3,1244.59,1319.25,113,31
20230309,200,144.03,138.67,151.26,136.96,142.73,132,35
20230310,1,93.56,93.95,95.72,91.78,93.75,260,48
20230310,2,66.98,69.9,73.24,63.74,68.46,131,41
20230310,3,239.32,264.16,269.49,236.54,252.38,137,30
20230310,4,11584.7,12027.31,12055.51,11571.71,11809.81,111,26
20230310,5,87.69,93.47,97.36,84.79,90.83,190,42
20230310,6,22.9,23.95,24.04,22.81,23.43,328,54
20230310,7,681.72,697.04,714.48,668.68,690.48,221,49
20230310,8,2.32,2.51,2.6,2.26,2.42,204,66
20230310,9,10686.34,11056.42,11152.39,10685.2,10895.09,280,69
20230310,10,33.96,33.9,34.18,33.27,33.83,116,37
20230310,11,55.98,58.14,61.59,53.15,57.22,254,61
20230310,12,806.6,823.89,827.03,785.2,810.68,98,26
20230310,13,1.32,1.52,1.55,1.3,1.42,197,75
20230310,14,104.99,106.62,108.0,103.26,105.72,261,47
20230310,15,8585.42,8764.84,9101.77,8387.45,8709.87,230,59
20230310,16,1.59,1.61,1.64,1.57,1.6,240,51
20230310,17,4028.74,4502.85,4585.96,4001.9,4279.86,206,51
20230310,18,223.35,226.33,228.05,211.07,222.2,191,45
20230310,19,5033.31,5344.36,5427.35,4860.55,5166.39,205,52
20230310,20,343.54,345.31,362.55,332.16,345.89,114,35
20230310,21,20.3,21.61,21.81,19.79,20.88,205,44
20230310,22,2365.06,2455.93,2584.14,2359.77,2441.23,230,62
20230310,23,790.72,849.3,851.13,789.23,820.1,140,33
20230310,24,85.09,90.22,90.32,81.56,86.8,198,60
20230310,25,81.61,84.26,87.28,80.79,83.49,154,22
20230310,26,50.6,51.53,51.77,48.28,50.55,250,40
20230310,27,36.81,39.9,40.12,36.79,38.41,299,68
20230310,28,15715.21,15695.54,16593.54,15568.74,15893.26,234,48
20230310,29,67.62,64.34,69.78,62.1,65.96,152,48
20230310,30,1480.77,1433.25,1516.21,1421.47,1462.93,137,50
20230310,31,202.48,198.16,202.87,194.95,199.61,147,36
20230310,32,242.54,255.49,259.33,242.5,249.96,161,51
20230310,33,52.03,58.07,59.19,51.35,55.16,189,43
20230310,34,19.6,18.61,20.39,18.05,19.16,222,73
20230310,35,98.19,100.0,101.4,97.42,99.25,281,69
20230310,36,143.42,148.66,151.34,141.58,146.25,143,35
20230310,37,14.02,15.07,15.48,13.96,14.63,270,45
20230310,38,177.72,179.37,181.21,170.75,177.27,167,44
20230310,39,105.52,111.52,115.07,105.03,109.29,219,52
20230310,40,29.77,30.68,32.13,28.98,30.39,145,43
20230310,41,10720.31,11925.81,12476.65,10544.77,11416.88,30,12
20230310,42,5648.42,5867.83,5904.45,5592.21,5753.23,339,62
20230310,43,4303.58,4507.49,4518.21,4231.95,4390.31,230,51
20230310,44,75.21,77.12,81.3,70.58,76.05,198,50
20230310,45,64.79,66.43,68.55,64.72,66.12,303,64
20230310,46,467.09,505.24,543.49,463.61,494.86,202,51
20230310,47,126.56,123.03,133.44,119.48,125.63,197,62
20230310,48,376.99,358.16,382.99,345.13,365.82,204,68
20230310,49,86.71,88.97,89.29,85.98,87.74,190,46
20230310,50,1009.94,1089.25,1134.72,977.54,1052.86,157,65
20230310,51,839.33,857.32,879.01,764.65,835.08,259,59
20230310,52,74.39,77.03,82.95,71.77,76.54,193,46
20230310,53,2476.17,2423.62,2684.22,2335.02,2479.76,174,56
20230310,54,13.86,15.11,15.29,13.85,14.53,132,37
20230310,55,23.5,24.73,25.64,22.66,24.13,253,57
20230310,56,159.43,169.02,171.78,159.43,164.92,187,49
20230310,57,56.24,58.84,58.85,54.63,57.14,166,62
20230310,58,2.46,2.36,2.48,2.3,2.4,214,54
20230310,59,25767.13,25420.87,26627.0,25135.15,25737.54,301,73
20230310,60,2316.5,2391.14,2483.52,2295.65,2371.7,163,64
20230310,61,505.57,543.65,546.36,503.39,524.74,201,30
20230310,62,34.92,37.18,38.73,34.32,36.29,151,43
20230310,63,1619.55,1634.02,1714.8,1616.58,1646.24,290,65
20230310,64,6167.21,6471.45,6490.27,6141.09,6317.5,245,58
20230310,65,7.88,8.37,8.9,7.38,8.14,233,57
20230310,66,6972.49,7179.89,7273.72,6864.07,7072.54,193,46
20230310,67,90.4,92.74,94.38,88.29,91.45,142,42
20230310,68,113.42,115.88,117.94,109.84,114.27,262,44
20230310,69,12626.75,12900.54,13000.89,12478.86,12751.76,263,56
20230310,70,4.59,4.71,4.85,4.5,4.66,300,48
20230310,71,6199.42,6606.04,6891.07,6091.38,6446.98,301,59
20230310,72,13029.34,13601.16,14049.66,12435.59,13278.94,119,36
20230310,73,36.69,39.34,40.95,36.59,38.39,249,53
20230310,74,4.68,4.7,4.82,4.4,4.65,169,49
20230310,75,6645.42,6532.74,6754.88,6391.58,6581.15,297,49
20230310,76,32.42,33.67,34.83,31.97,33.22,319,78
20230310,77,14848.88,16314.78,16656.21,14199.81,15504.92,272,70
20230310,78,8.37,9.14,9.31,8.33,8.79,214,77
20230310,79,144.8,135.83,146.93,132.2,139.94,197,70
20230310,80,89.3,106.21,106.5,88.94,97.74,95,27
20230310,81,17.13,18.15,18.75,16.39,17.61,183,61
20230310,82,134.28,142.65,143.15,126.01,136.52,206,48
20230310,83,23.69,23.14,23.69,22.61,23.28,207,64
20230310,84,12.83,12.76,12.89,12.61,12.77,199,56
20230310,85,135.95,142.63,144.14,135.47,139.55,204,35
20230310,86,25101.74,24552.26,25978.23,24323.49,24988.93,231,56
20230310,87,632.45,578.53,647.54,553.59,603.03,155,50
20230310,88,62.4,64.55,66.52,61.06,63.63,185,46
20230310,89,19.14,19.76,19.8,18.55,19.31,213,63
20230310,90,40.32,45.27,45.82,40.29,42.93,177,61
20230310,91,2945.85,3065.97,3136.46,2835.8,2996.02,96,38
20230310,92,28.94,30.02,30.33,28.48,29.44,327,60
20230310,93,124.55,128.46,132.33,123.57,127.23,273,71
20230310,94,918.67,998.02,1027.64,882.76,956.77,97,29
20230310,95,732.8,735.57,753.79,681.94,726.02,194,41
20230310,96,543.72,583.52,586.22,531.95,561.35,183,48
20230310,97,29.68,30.42,31.58,28.09,29.95,173,55
20230310,98,3246.96,3350.75,3424.15,3217.62,3309.87,305,72
20230310,99,46.26,49.86,50.02,46.24,48.1,142,34
20230310,100,65.13,68.61,69.5,63.87,66.78,283,71
20230310,101,18.08,19.0,19.07,17.55,18.43,213,49
20230310,102,12.24,12.23,12.27,11.68,12.1,168,54
20230310,103,1380.7,1319.94,1418.82,1278.71,1349.54,103,35
20230310,104,523.04,545.77,555.93,487.64,528.1,141,39
20230310,105,7253.2,7743.76,8039.77,7224.68,7565.35,287,46
20230310,106,251.23,258.1,270.52,246.55,256.6,321,50
20230310,107,219.43,225.75,227.49,217.74,222.6,159,28
20230310,108,396.9,401.54,411.05,387.33,399.21,130,36
20230310,109,729.7,760.24,761.18,723.95,743.77,127,49
20230310,110,889.89,889.46,893.22,888.3,890.22,190,54
20230310,111,2.04,2.19,2.3,2.03,2.14,208,48
20230310,112,14686.87,15630.94,15679.32,14469.39,15116.63,294,50
20230310,113,8.29,8.34,8.69,8.26,8.4,216,55
20230310,114,1095.13,1142.58,1146.4,1088.2,1118.08,289,64
20230310,115,3958.5,3826.49,3963.94,3753.49,3875.61,235,61
20230310,116,1115.05,1141.01,1153.14,1089.34,1124.63,139,48
20230310,117,6.12,6.37,6.42,6.02,6.23,204,53
20230310,118,17.78,18.97,19.48,16.8,18.26,221,70
20230310,119,75.16,76.29,77.97,72.82,75.56,187,41
20230310,120,560.32,590.65,607.66,552.57,577.8,326,62
20230310,121,2214.33,2250.26,2347.53,2165.78,2244.47,291,65
20230310,122,12725.34,12010.35,12951.27,11914.67,12400.41,254,42
20230310,123,4.09,4.13,4.28,4.09,4.15,292,63
20230310,124,23.24,24.42,25.19,23.19,24.01,175,64
20230310,125,265.91,279.96,287.26,261.99,273.78,110,37
20230310,126,91926.2,93402.58,95184.88,88644.45,92289.53,220,78
20230310,127,272.43,278.83,279.83,272.29,275.84,142,34
20230310,128,262.06,263.94,264.9,253.86,261.19,84,32
20230310,129,14156.13,13906.05,15044.01,13776.31,14220.62,124,36
20230310,130,148.29,145.56,148.34,142.45,146.16,240,47
20230310,131,230.67,237.42,238.73,215.08,230.47,234,47
20230310,132,4751.34,4790.47,4955.44,4648.37,4786.4,222,57
20230310,133,67.08,73.64,75.79,67.02,70.89,190,52
20230310,134,1712.74,1616.39,1747.89,1593.1,1667.53,200,49
20230310,135,609.05,631.11,637.95,606.59,621.17,120,43
20230310,136,265.17,297.15,309.85,260.21,283.1,153,63
20230310,137,172.03,179.64,183.23,167.2,175.52,135,28
20230310,138,2.82,2.84,3.0,2.81,2.87,286,45
20230310,139,7655.21,8013.05,8350.05,7241.88,7815.05,279,75
20230310,140,275.39,289.11,290.03,269.35,280.97,263,52
20230310,141,32.91,33.17,33.48,32.13,32.92,187,54
20230310,142,80.25,78.01,82.87,77.92,79.76,185,52
20230310,143,8196.67,8710.39,9013.85,7744.37,8416.32,309,46
20230310,144,3.63,3.45,3.79,3.36,3.56,219,55
20230310,145,1240.46,1357.61,1360.34,1202.43,1290.21,233,45
20230310,146,22659.77,23200.25,23533.72,22414.17,22951.98,217,63
20230310,147,580.47,604.94,614.96,570.47,592.71,65,19
20230310,148,157.13,159.04,162.55,150.35,157.27,289,45
20230310,149,2.1,2.29,2.35,2.1,2.21,279,66
20230310,150,4.45,4.64,4.73,4.42,4.56,292,52
20230310,151,17.84,18.41,18.94,17.78,18.24,236,57
20230310,152,20.68,20.77,21.21,20.55,20.8,211,59
20230310,153,59177.85,60858.64,62523.56,57855.27,60103.83,254,55
20230310,154,2013.83,2212.66,2242.78,1925.08,2098.59,153,23
20230310,155,66.2,64.82,71.19,64.46,66.67,210,71
20230310,156,119.32,125.82,127.56,115.97,122.17,250,46
20230310,157,1685.29,1809.03,1839.09,1663.02,1749.11,213,64
20230310,158,34.53,37.32,37.59,34.16,35.9,232,52
20230310,159,18915.33,19637.9,20131.59,18566.15,19312.74,195,72
20230310,160,55.92,58.1,58.44,55.86,57.08,302,71
20230310,161,16.12,17.23,18.26,15.82,16.86,239,44
20230310,162,108.7,113.98,115.77,104.23,110.67,192,49
20230310,163,181.62,190.76,202.13,178.73,188.31,253,56
20230310,164,52.41,57.23,57.71,49.81,54.29,175,57
20230310,165,49.62,51.78,52.63,49.17,50.8,219,50
20230310,166,33.71,34.21,35.32,32.09,33.83,187,60
20230310,167,1.13,1.12,1.14,1.11,1.13,219,62
20230310,168,46.38,48.37,49.51,45.37,47.41,322,46
20230310,169,58.11,58.39,59.59,57.69,58.44,253,55
20230310,170,2863.84,2927.61,3061.33,2858.76,2927.88,38,11
20230310,171,80.13,79.98,80.42,78.91,79.86,315,59
20230310,172,63.04,65.04,65.56,62.07,63.93,227,47
20230310,173,25.18,25.38,26.6,24.4,25.39,140,34
20230310,174,95.42,92.49,96.27,90.92,93.77,151,45
20230310,175,6326.87,6171.64,6560.35,6105.39,6291.06,177,37
20230310,176,47.36,47.87,49.77,44.57,47.39,179,52
20230310,177,81.82,82.85,83.05,81.22,82.23,232,44
20230310,178,350.84,366.4,384.45,333.39,358.77,140,39
20230310,179,5.82,5.93,6.14,5.7,5.9,191,56
20230310,180,486.41,504.71,510.48,472.26,493.47,139,25
20230310,181,43057.1,44784.7,46305.5,42186.13,44083.36,287,70
20230310,182,22.86,23.99,24.92,22.81,23.64,156,31
20230310,183,27.92,26.52,28.47,26.07,27.24,283,51
20230310,184,15.37,15.52,15.52,15.17,15.39,289,66
20230310,185,1655.81,1795.35,1826.07,1616.56,1723.45,225,58
20230310,186,66047.5,67650.33,68438.51,63799.92,66484.07,197,48
20230310,187,1177.06,1287.82,1356.66,1149.06,1242.65,218,60
20230310,188,415.99,406.99,417.75,391.19,407.98,198,53
20230310,189,4.71,4.73,4.8,4.67,4.73,207,62
20230310,190,4.66,4.82,4.84,4.63,4.74,225,67
20230310,191,21.45,22.33,22.51,21.33,21.91,145,50
20230310,192,3015.29,3124.82,3176.26,2953.72,3067.52,146,20
20230310,193,34.31,36.33,37.17,33.45,35.31,297,39
20230310,194,17.68,18.6,18.83,17.68,18.2,308,54
20230310,195,3531.33,3821.14,3886.27,3414.01,3663.19,235,62
20230310,196,71.25,80.4,81.23,67.9,75.19,102,23
20230310,197,431.15,431.57,445.64,410.83,429.8,308,61
20230310,198,369.48,386.88,388.62,364.29,377.32,202,52
20230310,199,1363.43,1440.63,1463.4,1315.04,1395.62,93,35
20230310,200,138.67,145.18,145.5,135.0,141.09,161,31
20230311,1,93.95,101.22,103.25,90.35,97.19,356,38
20230311,2,69.9,69.62,72.51,68.75,70.2,195,44
20230311,3,264.16,243.68,265.64,243.51,254.25,209,51
20230311,4,12027.31,11596.59,12611.16,11378.5,11903.39,133,29
20230311,5,93.47,95.35,99.15,91.77,94.94,293,37
20230311,6,23.95,25.36,26.28,23.53,24.78,366,57
20230311,7,697.04,727.66,731.59,691.13,711.85,346,54
20230311,8,2.51,2.5,2.54,2.42,2.49,296,82
20230311,9,11056.42,11799.5,12198.99,10726.86,11445.44,406,66
20230311,10,33.9,33.31,34.05,33.22,33.62,143,32
20230311,11,58.14,60.6,62.78,56.32,59.46,327,58
20230311,12,823.89,859.79,888.87,801.4,843.49,117,26
20230311,13,1.52,1.59,1.62,1.5,1.56,318,61
20230311,14,106.62,111.48,118.27,100.78,109.29,348,66
20230311,15,8764.84,8690.75,8985.6,8342.62,8695.95,306,56
20230311,16,1.61,1.56,1.63,1.5,1.58,287,74
20230311,17,4502.85,4562.05,4593.08,4486.11,4536.02,260,62
20230311,18,226.33,224.35,226.66,221.46,224.7,245,50
20230311,19,5344.36,5025.13,5668.22,4978.82,5254.13,315,57
20230311,20,345.31,344.37,345.55,334.75,342.5,160,23
20230311,21,21.61,21.07,21.99,20.73,21.35,285,76
20230311,22,2455.93,2524.89,2659.19,2424.39,2516.1,285,50
20230311,23,849.3,824.07,877.1,769.64,830.03,198,39
20230311,24,90.22,83.07,95.44,79.26,87.0,303,66
20230311,25,84.26,90.35,94.91,82.74,88.06,200,31
20230311,26,51.53,58.74,61.2,50.63,55.52,382,53
20230311,27,39.9,43.06,43.09,39.78,41.46,409,61
20230311,28,15695.54,15879.37,16043.65,15162.34,15695.23,358,44
20230311,29,64.34,63.74,67.56,62.16,64.45,254,50
20230311,30,1433.25,1430.07,1438.85,1424.63,1431.7,189,49
20230311,31,198.16,197.91,201.53,190.03,196.91,175,35
20230311,32,255.49,253.1,257.66,245.85,253.02,253,38
20230311,33,58.07,55.63,60.75,53.73,57.04,255,31
20230311,34,18.61,17.71,19.5,17.49,18.33,313,60
20230311,35,100.0,109.15,110.48,99.77,104.85,329,46
20230311,36,148.66,153.3,161.21,145.06,152.06,190,27
20230311,37,15.07,15.2,15.53,14.7,15.13,342,58
20230311,38,179.37,169.4,186.74,164.89,175.1,226,57
20230311,39,111.52,111.67,115.57,106.65,111.35,299,72
20230311,40,30.68,30.41,31.31,30.34,30.68,190,48
20230311,41,11925.81,11816.2,12107.9,11185.56,11758.87,50,12
20230311,42,5867.83,6028.96,6106.44,5818.44,5955.42,475,66
20230311,43,4507.49,4202.26,4638.16,4114.5,4365.6,318,52
20230311,44,77.12,73.9,81.2,73.1,76.33,235,43
20230311,45,66.43,70.59,70.68,65.84,68.38,415,61
20230311,46,505.24,500.07,512.21,471.84,497.34,275,55
20230311,47,123.03,112.41,127.94,111.09,118.62,313,55
20230311,48,358.16,359.76,368.59,351.54,359.51,299,57
20230311,49,88.97,84.26,90.07,84.03,86.83,223,44
20230311,50,1089.25,1044.29,1130.45,1009.95,1068.48,254,51
20230311,51,857.32,937.3,956.58,840.44,897.91,370,53
20230311,52,77.03,69.13,80.11,65.68,72.99,242,41
20230311,53,2423.62,2410.24,2492.03,2393.31,2429.8,246,45
20230311,54,15.11,15.03,15.32,14.79,15.06,183,33
20230311,55,24.73,25.66,26.75,24.41,25.39,375,53
20230311,56,169.02,165.17,174.84,164.04,168.27,234,37
20230311,57,58.84,60.67,61.56,57.99,59.77,241,41
20230311,58,2.36,2.44,2.51,2.26,2.39,297,75
20230311,59,25420.87,28516.37,29200.86,24891.44,27007.38,428,75
20230311,60,2391.14,2527.02,2532.02,2342.64,2448.2,294,49
20230311,61,543.65,567.48,568.32,534.14,553.4,291,44
20230311,62,37.18,34.27,37.27,32.5,35.31,247,41
20230311,63,1634.02,1713.08,1714.63,1630.07,1672.95,415,59
20230311,64,6471.45,6927.36,7107.26,6419.08,6731.29,344,48
20230311,65,8.37,7.56,8.76,7.44,8.03,295,71
20230311,66,7179.89,6792.43,7550.74,6775.21,7074.57,238,46
20230311,67,92.74,87.27,93.57,85.4,89.74,176,43
20230311,68,115.88,123.95,132.97,112.55,121.34,346,50
20230311,69,12900.54,13687.11,13985.3,12129.29,13175.56,343,50
20230311,70,4.71,4.85,4.92,4.63,4.78,443,58
20230311,71,6606.04,6803.71,6865.5,6423.65,6674.72,381,69
20230311,72,13601.16,12599.42,14020.02,12087.08,13076.92,187,43
20230311,73,39.34,41.6,41.92,38.02,40.22,348,51
20230311,74,4.7,4.37,4.76,4.37,4.55,244,40
20230311,75,6532.74,6800.34,7199.83,6510.14,6760.76,405,58
20230311,76,33.67,34.8,37.14,33.26,34.72,428,51
20230311,77,16314.78,17723.09,17848.21,16255.02,17035.28,402,57
20230311,78,9.14,8.85,9.26,8.84,9.02,308,64
20230311,79,135.83,134.22,139.71,129.9,134.91,296,64
20230311,80,106.21,112.52,113.12,105.34,109.29,132,23
20230311,81,18.15,18.13,18.28,18.13,18.17,239,39
20230311,82,142.65,137.06,146.02,129.07,138.7,290,43
20230311,83,23.14,22.62,23.23,21.62,22.65,282,59
20230311,84,12.76,11.79,12.98,11.53,12.27,279,47
20230311,85,142.63,149.56,154.63,142.03,147.21,280,42
20230311,86,24552.26,24345.95,25772.34,23839.32,24627.47,266,80
20230311,87,578.53,527.25,587.8,523.22,554.2,192,36
20230311,88,64.55,65.72,67.24,62.89,65.1,219,36
20230311,89,19.76,19.02,20.19,18.96,19.48,304,61
20230311,90,45.27,42.74,46.15,42.1,44.06,251,41
20230311,91,3065.97,3041.94,3160.43,2986.69,3063.76,150,38
20230311,92,30.02,32.09,32.65,28.28,30.76,461,53
20230311,93,128.46,133.03,134.0,126.97,130.61,411,57
20230311,94,998.02,1000.88,1020.92,957.0,994.2,137,25
20230311,95,735.57,761.67,773.05,704.28,743.64,270,49
20230311,96,583.52,569.61,629.18,547.3,582.4,260,45
20230311,97,30.42,28.93,31.19,27.87,29.6,261,47
20230311,98,3350.75,3562.8,3575.48,3226.23,3428.81,429,61
20230311,99,49.86,49.35,51.28,48.62,49.78,193,34
20230311,100,68.61,70.31,74.18,68.59,70.42,446,52
20230311,101,19.0,18.55,19.45,18.14,18.78,330,64
20230311,102,12.23,12.12,12.41,11.51,12.07,221,60
20230311,103,1319.94,1316.35,1358.03,1279.71,1318.51,158,36
20230311,104,545.77,549.2,567.39,533.31,548.92,194,28
20230311,105,7743.76,7916.37,8256.88,7606.52,7880.88,404,53
20230311,106,258.1,273.02,283.94,252.58,266.91,436,50
20230311,107,225.75,239.17,248.67,219.36,233.24,203,30
20230311,108,401.54,406.8,414.09,372.87,398.82,245,29
20230311,109,760.24,710.88,798.39,697.16,741.67,236,57
20230311,110,889.46,857.64,894.68,856.07,874.46,239,46
20230311,111,2.19,2.02,2.29,1.87,2.09,284,50
20230311,112,15630.94,16533.42,16744.96,15153.49,16015.7,431,68
20230311,113,8.34,8.48,8.56,8.32,8.43,298,74
20230311,114,1142.58,1257.07,1281.39,1087.87,1192.23,400,63
20230311,115,3826.49,3622.2,3843.35,3579.0,3717.76,300,57
20230311,116,1141.01,1138.7,1159.37,1132.52,1142.9,197,31
20230311,117,6.37,6.33,6.45,6.23,6.34,304,57
20230311,118,18.97,16.82,19.34,15.85,17.75,266,52
20230311,119,76.29,73.52,76.71,72.86,74.84,228,55
20230311,120,590.65,606.21,619.44,573.28,597.4,431,61
20230311,121,2250.26,2487.24,2596.94,2239.26,2393.43,417,55
20230311,122,12010.35,12505.36,12538.37,11398.46,12113.14,379,55
20230311,123,4.13,4.39,4.46,3.99,4.24,398,72
20230311,124,24.42,23.96,24.51,22.86,23.94,218,52
20230311,125,279.96,260.55,297.35,251.47,272.33,156,37
20230311,126,93402.58,88537.03,97657.35,85956.29,91388.31,309,57
20230311,127,278.83,307.26,311.96,266.53,291.14,230,26
20230311,128,263.94,255.46,276.89,241.13,259.36,152,26
20230311,129,13906.05,14118.11,14198.59,13882.42,14026.29,164,33
20230311,130,145.56,158.39,162.33,144.5,152.69,368,44
20230311,131,237.42,247.41,254.05,234.66,243.39,369,48
20230311,132,4790.47,4907.08,4919.64,4523.04,4785.06,355,38
20230311,133,73.64,69.29,73.71,67.45,71.02,259,45
20230311,134,1616.39,1688.27,1715.93,1586.43,1651.75,280,58
20230311,135,631.11,666.68,688.72,619.36,651.46,218,39
20230311,136,297.15,270.92,305.04,264.05,284.29,263,49
20230311,137,179.64,184.58,190.8,178.97,183.5,198,36
20230311,138,2.84,2.77,2.86,2.72,2.8,412,71
20230311,139,8013.05,8188.55,8278.43,7793.23,8068.31,426,53
20230311,140,289.11,306.71,311.29,287.04,298.54,358,43
20230311,141,33.17,35.51,36.0,32.92,34.4,257,53
20230311,142,78.01,77.7,83.83,77.16,79.18,309,65
20230311,143,8710.39,9042.66,9355.01,8011.67,8779.93,391,58
20230311,144,3.45,3.4,3.5,3.38,3.43,289,66
20230311,145,1357.61,1506.63,1563.08,1347.84,1443.79,380,46
20230311,146,23200.25,24228.31,25000.59,22542.08,23742.81,299,52
20230311,147,604.94,590.71,609.72,580.57,596.48,94,19
20230311,148,159.04,166.58,167.14,157.88,162.66,386,52
20230311,149,2.29,2.32,2.33,2.26,2.3,430,70
20230311,150,4.64,5.01,5.19,4.58,4.86,445,57
20230311,151,18.41,20.11,20.64,17.46,19.15,314,44
20230311,152,20.77,18.77,21.1,17.82,19.62,302,49
20230311,153,60858.64,63599.9,64695.69,59603.44,62189.42,332,61
20230311,154,2212.66,2260.43,2275.78,2140.05,2222.23,197,30
20230311,155,64.82,64.26,66.1,62.72,64.47,256,53
20230311,156,125.82,128.26,128.39,122.65,126.28,351,50
20230311,157,1809.03,1691.89,1838.47,1583.45,1730.71,285,55
20230311,158,37.32,37.59,37.96,35.52,37.1,265,84
20230311,159,19637.9,18904.78,20356.15,18457.24,19339.02,287,53
20230311,160,58.1,61.65,63.6,57.95,60.32,423,68
20230311,161,17.23,18.45,18.65,16.2,17.63,352,37
20230311,162,113.98,116.36,116.88,112.47,114.92,216,46
20230311,163,190.76,196.13,209.75,189.75,196.6,356,46
20230311,164,57.23,55.02,58.03,53.2,55.87,262,49
20230311,165,51.78,54.64,54.93,49.54,52.72,370,51
20230311,166,34.21,35.0,35.21,32.48,34.23,280,67
20230311,167,1.12,1.09,1.13,1.06,1.1,293,50
20230311,168,48.37,50.66,55.29,46.86,50.3,446,57
20230311,169,58.39,62.19,64.1,57.07,60.44,340,59
20230311,170,2927.61,3090.56,3208.47,2819.38,3011.5,46,10
20230311,171,79.98,84.18,85.99,76.9,81.76,446,54
20230311,172,65.04,67.47,70.3,62.09,66.22,334,55
20230311,173,25.38,27.08,27.67,24.62,26.19,193,43
20230311,174,92.49,94.77,95.74,92.17,93.79,187,35
20230311,175,6171.64,6277.09,6444.57,5819.94,6178.31,223,55
20230311,176,47.87,46.18,49.72,41.49,46.31,236,49
20230311,177,82.85,85.96,90.96,82.36,85.53,359,42
20230311,178,366.4,333.64,367.52,330.59,349.54,176,42
20230311,179,5.93,6.01,6.05,5.87,5.97,308,69
20230311,180,504.71,531.83,544.27,503.62,521.11,204,41
20230311,181,44784.7,43969.31,45932.28,43663.33,44587.4,417,66
20230311,182,23.99,24.33,25.03,22.09,23.86,192,44
20230311,183,26.52,27.7,28.0,26.4,27.16,392,60
20230311,184,15.52,16.51,16.53,15.32,15.97,396,56
20230311,185,1795.35,1669.03,1906.67,1668.37,1759.86,301,62
20230311,186,67650.33,66806.51,69815.72,65153.14,67356.42,288,61
20230311,187,1287.82,1296.05,1305.38,1222.98,1278.06,290,69
20230311,188,406.99,404.31,416.73,402.51,407.64,294,64
20230311,189,4.73,4.55,4.95,4.23,4.62,270,60
20230311,190,4.82,5.29,5.39,4.69,5.05,296,55
20230311,191,22.33,20.9,22.81,20.6,21.66,181,32
20230311,192,3124.82,3256.78,3276.59,3091.92,3187.53,211,28
20230311,193,36.33,39.44,39.48,33.59,37.21,356,66
20230311,194,18.6,19.32,19.82,18.49,19.06,400,59
20230311,195,3821.14,3566.9,3832.46,3471.65,3673.04,292,82
20230311,196,80.4,82.65,84.49,80.23,81.94,161,29
20230311,197,431.57,463.41,493.83,423.26,453.02,427,79
20230311,198,386.88,389.66,392.76,382.05,387.84,276,47
20230311,199,1440.63,1412.05,1479.82,1350.51,1420.75,145,16
20230311,200,145.18,150.66,159.18,144.74,149.94,209,22
20230312,1,101.22,104.92,105.21,94.11,101.36,335,56
20230312,2,69.62,71.14,72.62,68.64,70.5,182,34
20230312,3,243.68,261.35,270.29,240.73,254.01,198,33
20230312,4,11596.59,11795.02,12016.17,11478.75,11721.63,148,32
20230312,5,95.35,95.66,95.9,92.92,94.96,273,37
20230312,6,25.36,26.12,27.5,23.85,25.71,446,72
20230312,7,727.66,723.44,741.32,699.84,723.06,385,54
20230312,8,2.5,2.54,2.56,2.43,2.51,280,50
20230312,9,11799.5,11537.02,12198.13,11457.81,11748.12,418,67
20230312,10,33.31,32.85,34.27,31.54,32.99,163,36
20230312,11,60.6,64.76,66.58,58.11,62.51,340,51
20230312,12,859.79,845.16,889.39,828.93,855.82,136,23
20230312,13,1.59,1.59,1.61,1.55,1.59,307,59
20230312,14,111.48,115.18,115.88,107.12,112.42,327,55
20230312,15,8690.75,8799.83,8817.76,8247.57,8638.98,299,52
20230312,16,1.56,1.63,1.65,1.54,1.6,319,64
20230312,17,4562.05,4838.95,4860.5,4440.84,4675.58,283,72
20230312,18,224.35,236.64,243.3,218.22,230.63,247,42
20230312,19,5025.13,4979.91,5086.81,4850.07,4985.48,250,72
20230312,20,344.37,355.74,376.32,334.28,352.68,141,35
20230312,21,21.07,22.08,23.5,20.33,21.75,326,67
20230312,22,2524.89,2603.19,2748.22,2510.48,2596.7,304,65
20230312,23,824.07,833.67,867.63,772.85,824.55,205,49
20230312,24,83.07,85.46,87.4,80.27,84.05,269,73
20230312,25,90.35,92.89,94.15,89.04,91.61,227,27
20230312,26,58.74,59.57,59.68,56.65,58.66,347,40
20230312,27,43.06,42.31,43.1,41.06,42.38,437,66
20230312,28,15879.37,16688.56,16712.89,15427.78,16177.15,319,50
20230312,29,63.74,67.57,69.89,62.07,65.82,230,51
20230312,30,1430.07,1361.39,1502.0,1361.01,1413.62,181,33
20230312,31,197.91,199.02,201.01,187.95,196.47,199,39
20230312,32,253.1,252.04,255.6,248.8,252.38,252,46
20230312,33,55.63,55.79,57.91,55.27,56.15,255,71
20230312,34,17.71,19.22,19.52,17.53,18.49,306,59
20230312,35,109.15,119.85,121.19,107.11,114.32,345,52
20230312,36,153.3,148.41,153.5,141.29,149.12,198,38
20230312,37,15.2,15.5,16.62,15.03,15.59,357,62
20230312,38,169.4,176.82,181.93,165.6,173.44,269,38
20230312,39,111.67,112.52,113.28,111.25,112.18,288,58
20230312,40,30.41,31.89,32.28,29.86,31.11,186,43
20230312,41,11816.2,11816.6,13018.61,11656.43,12076.96,55,11
20230312,42,6028.96,6102.76,6200.07,5965.31,6074.27,433,50
20230312,43,4202.26,4324.68,4510.69,3998.54,4259.04,298,42
20230312,44,73.9,76.65,79.63,72.52,75.68,242,50
20230312,45,70.59,73.95,76.41,68.05,72.25,383,82
20230312,46,500.07,513.99,536.8,471.24,505.52,264,53
20230312,47,112.41,112.44,115.65,112.25,113.19,291,71
20230312,48,359.76,407.49,410.2,352.56,382.5,296,67
20230312,49,84.26,87.8,90.79,84.02,86.72,227,45
20230312,50,1044.29,1105.95,1137.28,986.84,1068.59,217,57
20230312,51,937.3,945.62,967.33,901.85,938.03,357,42
20230312,52,69.13,71.88,73.86,67.49,70.59,239,43
20230312,53,2410.24,2475.64,2545.44,2329.77,2440.27,233,43
20230312,54,15.03,14.23,15.63,14.01,14.72,207,42
20230312,55,25.66,25.85,26.1,25.08,25.67,360,40
20230312,56,165.17,166.8,171.21,162.39,166.39,233,60
20230312,57,60.67,60.31,64.07,56.81,60.46,268,49
20230312,58,2.44,2.34,2.49,2.2,2.37,294,71
20230312,59,28516.37,29329.3,29836.1,28165.85,28961.91,449,67
20230312,60,2527.02,2687.53,2768.27,2512.11,2623.73,244,49
20230312,61,567.48,590.17,596.16,554.14,576.99,285,39
20230312,62,34.27,33.76,35.49,33.36,34.22,254,52
20230312,63,1713.08,1680.04,1728.03,1671.18,1698.08,408,71
20230312,64,6927.36,6887.63,7125.01,6794.52,6933.63,355,48
20230312,65,7.56,7.26,7.89,7.13,7.46,297,55
20230312,66,6792.43,7068.72,7148.9,6691.33,6925.35,221,41
20230312,67,87.27,92.61,93.49,86.91,90.07,182,45
20230312,68,123.95,123.69,125.7,118.24,122.9,372,52
20230312,69,13687.11,13947.04,14368.68,13580.76,13895.9,325,37
20230312,70,4.85,4.88,4.96,4.72,4.85,390,75
20230312,71,6803.71,6654.43,6852.15,6362.75,6668.26,412,63
20230312,72,12599.42,12794.68,12989.46,12309.07,12673.16,179,42
20230312,73,41.6,42.18,43.94,39.8,41.88,352,53
20230312,74,4.37,4.33,4.43,4.18,4.33,251,40
20230312,75,6800.34,6520.89,7012.57,6437.72,6692.88,392,63
20230312,76,34.8,35.57,35.98,34.0,35.09,409,51
20230312,77,17723.09,18712.59,19288.01,17468.0,18297.92,429,52
20230312,78,8.85,9.15,9.17,8.34,8.88,280,44
20230312,79,134.22,148.58,149.31,132.5,141.15,282,67
20230312,80,112.52,111.67,114.54,107.87,111.65,138,29
20230312,81,18.13,19.13,19.81,17.91,18.75,263,57
20230312,82,137.06,133.54,138.92,126.09,133.9,314,58
20230312,83,22.62,24.52,25.31,22.28,23.68,298,71
20230312,84,11.79,12.55,12.92,11.59,12.21,309,52
20230312,85,149.56,153.66,154.32,147.59,151.28,284,41
20230312,86,24345.95,26328.7,27272.06,23527.61,25368.58,282,57
20230312,87,527.25,536.88,550.44,489.29,525.97,215,40
20230312,88,65.72,66.9,70.47,63.29,66.59,227,37
20230312,89,19.02,18.81,19.56,18.39,18.94,281,51
20230312,90,42.74,44.37,44.88,42.69,43.67,247,66
20230312,91,3041.94,3170.44,3348.21,2963.38,3130.99,155,33
20230312,92,32.09,32.9,33.28,31.94,32.55,412,55
20230312,93,133.03,132.81,136.04,132.67,133.64,387,55
20230312,94,1000.88,1000.87,1005.12,982.49,997.34,136,27
20230312,95,761.67,780.9,817.7,688.42,762.17,239,39
20230312,96,569.61,576.28,580.44,559.71,571.51,272,50
20230312,97,28.93,28.7,29.13,28.26,28.76,273,64
20230312,98,3562.8,3477.61,3606.13,3466.39,3528.23,402,45
20230312,99,49.35,49.48,50.52,48.34,49.42,205,39
20230312,100,70.31,69.66,71.42,64.38,68.94,418,69
20230312,101,18.55,18.38,19.03,18.32,18.57,271,52
20230312,102,12.12,12.32,12.72,11.92,12.27,227,61
20230312,103,1316.35,1341.72,1366.41,1231.08,1313.89,141,40
20230312,104,549.2,551.6,555.31,548.14,551.06,183,32
20230312,105,7916.37,8675.92,9039.91,7913.02,8386.31,405,69
20230312,106,273.02,267.71,274.85,259.52,268.77,450,59
20230312,107,239.17,248.41,253.39,235.46,244.11,201,29
20230312,108,406.8,409.24,418.81,391.88,406.68,232,37
20230312,109,710.88,709.96,715.99,705.07,710.48,232,45
20230312,110,857.64,910.02,923.11,817.52,877.07,240,49
20230312,111,2.02,2.05,2.09,1.97,2.03,278,61
20230312,112,16533.42,16321.34,17215.33,16294.41,16591.13,454,58
20230312,113,8.48,9.07,9.33,7.87,8.69,308,51
20230312,114,1257.07,1176.05,1320.82,1167.03,1230.24,444,63
20230312,115,3622.2,3730.43,3791.84,3450.45,3648.73,299,63
20230312,116,1138.7,1151.79,1184.88,1083.67,1139.76,205,49
20230312,117,6.33,6.89,7.15,6.2,6.64,299,58
20230312,118,16.82,16.93,17.05,16.53,16.83,293,65
20230312,119,73.52,82.11,87.72,71.72,78.77,273,58
20230312,120,606.21,629.55,634.5,605.16,618.86,425,48
20230312,121,2487.24,2322.3,2529.44,2309.32,2412.08,387,68
20230312,122,12505.36,12286.44,12819.48,11676.99,12322.06,329,63
20230312,123,4.39,4.46,4.66,4.36,4.47,418,77
20230312,124,23.96,23.5,24.28,22.76,23.63,267,47
20230312,125,260.55,277.09,288.72,259.61,271.49,145,30
20230312,126,88537.03,87777.51,90193.89,87422.26,88482.67,303,55
20230312,127,307.26,304.76,310.59,300.75,305.84,227,37
20230312,128,255.46,249.99,255.53,237.38,249.59,142,29
20230312,129,14118.11,14782.08,15190.26,14115.1,14551.39,199,28
20230312,130,158.39,154.64,159.95,151.94,156.23,344,47
20230312,131,247.41,262.96,275.98,241.84,257.05,347,59
20230312,132,4907.08,5150.21,5355.15,4905.45,5079.47,337,46
20230312,133,69.29,70.75,70.84,69.21,70.02,249,43
20230312,134,1688.27,1629.52,1737.19,1602.14,1664.28,314,63
20230312,135,666.68,686.46,707.08,647.32,676.88,203,33
20230312,136,270.92,272.03,289.13,261.26,273.33,240,67
20230312,137,184.58,178.63,188.69,175.84,181.93,219,43
20230312,138,2.77,3.0,3.07,2.71,2.89,403,58
20230312,139,8188.55,8111.8,8497.16,8084.62,8220.53,408,63
20230312,140,306.71,302.93,319.46,291.0,305.03,330,51
20230312,141,35.51,35.93,36.65,34.25,35.59,248,42
20230312,142,77.7,77.69,78.72,77.04,77.79,335,48
20230312,143,9042.66,9734.76,9910.46,8960.86,9412.19,403,67
20230312,144,3.4,3.43,3.5,3.3,3.41,299,71
20230312,145,1506.63,1523.65,1538.83,1497.92,1516.76,361,62
20230312,146,24228.31,24985.32,25699.38,23576.51,24622.38,246,55
20230312,147,590.71,612.55,631.05,588.92,605.81,112,20
20230312,148,166.58,170.53,172.33,165.99,168.86,433,58
20230312,149,2.32,2.39,2.43,2.22,2.34,416,63
20230312,150,5.01,5.12,5.33,4.9,5.09,459,68
20230312,151,20.11,20.37,20.53,20.01,20.25,326,48
20230312,152,18.77,19.85,20.34,18.56,19.38,278,54
20230312,153,63599.9,64367.24,64659.51,61011.28,63409.48,353,45
20230312,154,2260.43,2348.31,2413.47,2227.05,2312.31,210,33
20230312,155,64.26,69.37,73.09,62.54,67.31,312,83
20230312,156,128.26,128.76,136.89,125.28,129.8,332,51
20230312,157,1691.89,1928.36,1979.16,1651.67,1812.77,285,55
20230312,158,37.59,36.7,37.84,36.06,37.05,273,82
20230312,159,18904.78,18573.51,19170.59,18096.67,18686.39,329,79
20230312,160,61.65,64.41,65.93,61.62,63.4,430,64
20230312,161,18.45,19.02,19.11,17.73,18.58,347,49
20230312,162,116.36,118.72,119.77,114.34,117.3,234,48
20230312,163,196.13,204.21,204.74,195.89,200.25,366,58
20230312,164,55.02,56.51,59.55,52.35,55.86,263,60
20230312,165,54.64,58.83,61.85,53.87,57.3,372,48
20230312,166,35.0,35.47,36.16,34.62,35.31,312,61
20230312,167,1.09,1.07,1.09,1.0,1.06,306,52
20230312,168,50.66,51.04,51.19,50.0,50.72,428,70
20230312,169,62.19,63.98,67.21,61.79,63.79,349,44
20230312,170,3090.56,3187.26,3258.28,3009.97,3136.52,51,9
20230312,171,84.18,85.92,88.42,80.51,84.76,429,55
20230312,172,67.47,67.05,69.19,65.02,67.18,368,46
20230312,173,27.08,28.65,29.04,26.15,27.73,203,44
20230312,174,94.77,102.04,105.13,91.54,98.37,183,35
20230312,175,6277.09,6327.17,6533.82,6135.4,6318.37,206,46
20230312,176,46.18,50.81,51.26,46.12,48.59,268,50
20230312,177,85.96,89.31,91.71,85.28,88.06,321,52
20230312,178,333.64,375.9,381.43,328.38,354.84,198,34
20230312,179,6.01,6.19,6.25,5.82,6.07,292,60
20230312,180,531.83,542.45,543.89,517.92,534.02,186,32
20230312,181,43969.31,46347.9,46882.26,43766.78,45241.56,422,63
20230312,182,24.33,24.04,24.78,23.34,24.12,195,40
20230312,183,27.7,28.74,29.53,26.57,28.13,389,86
20230312,184,16.51,17.53,17.59,15.76,16.85,425,63
20230312,185,1669.03,1808.32,1823.0,1666.6,1741.73,293,75
20230312,186,66806.51,67152.2,67633.8,66668.57,67065.27,305,59
20230312,187,1296.05,1337.23,1385.0,1291.54,1327.45,276,52
20230312,188,404.31,432.54,440.71,389.55,416.78,319,50
20230312,189,4.55,4.77,4.81,4.51,4.66,298,53
20230312,190,5.29,5.51,5.52,5.29,5.4,303,74
20230312,191,20.9,21.8,22.89,20.05,21.41,206,47
20230312,192,3256.78,3276.51,3350.17,3161.52,3261.24,202,30
20230312,193,39.44,39.79,39.97,38.57,39.44,348,63
20230312,194,19.32,20.52,21.23,18.84,19.98,410,73
20230312,195,3566.9,3744.46,3805.46,3377.18,3623.5,292,66
20230312,196,82.65,86.26,87.11,78.24,83.56,152,27
20230312,197,463.41,465.36,491.54,449.83,467.54,428,51
20230312,198,389.66,397.26,405.05,385.12,394.27,317,62
20230312,199,1412.05,1368.31,1480.71,1356.4,1404.37,148,32
20230312,200,150.66,149.08,151.04,142.56,148.33,197,36
20230313,1,104.92,93.64,106.42,89.89,98.72,245,43
20230313,2,71.14,71.88,74.38,68.44,71.46,134,43
20230313,3,261.35,251.9,275.69,250.92,259.97,154,39
20230313,4,11795.02,11900.34,11964.67,11468.52,11782.14,108,27
20230313,5,95.66,84.58,98.62,81.58,90.11,205,29
20230313,6,26.12,23.11,26.56,21.93,24.43,339,61
20230313,7,723.44,626.36,769.07,615.75,683.65,279,50
20230313,8,2.54,2.41,2.64,2.27,2.46,233,71
20230313,9,11537.02,9746.43,11576.61,9600.47,10615.13,302,54
20230313,10,32.85,30.01,33.31,29.24,31.35,112,20
20230313,11,64.76,55.68,65.76,53.66,59.96,266,42
20230313,12,845.16,750.97,845.32,748.42,797.47,94,18
20230313,13,1.59,1.51,1.63,1.46,1.55,196,61
20230313,14,115.18,100.77,116.69,97.82,107.62,234,38
20230313,15,8799.83,8622.39,8833.78,8453.59,8677.4,220,59
20230313,16,1.63,1.46,1.65,1.38,1.53,201,63
20230313,17,4838.95,4651.27,4932.94,4504.77,4731.98,215,67
20230313,18,236.64,234.06,241.16,231.81,235.92,190,54
20230313,19,4979.91,4899.06,5106.44,4845.92,4957.83,214,73
20230313,20,355.74,357.11,362.33,347.75,355.73,98,29
20230313,21,22.08,21.42,22.39,20.61,21.63,211,60
20230313,22,2603.19,2409.27,2626.53,2360.0,2499.75,186,60
20230313,23,833.67,802.11,849.55,742.0,806.83,134,56
20230313,24,85.46,87.76,91.82,85.32,87.59,199,56
20230313,25,92.89,83.06,95.73,81.64,88.33,148,37
20230313,26,59.57,52.55,61.27,50.3,55.92,260,56
20230313,27,42.31,38.16,43.69,38.0,40.54,303,58
20230313,28,16688.56,14814.61,16792.32,14647.4,15735.72,260,53
20230313,29,67.57,66.01,69.2,64.94,66.93,191,53
20230313,30,1361.39,1314.85,1371.79,1231.93,1319.99,136,37
20230313,31,199.02,193.05,206.52,187.29,196.47,145,40
20230313,32,252.04,249.78,272.75,241.34,253.98,186,55
20230313,33,55.79,49.15,58.21,47.95,52.78,171,44
20230313,34,19.22,18.76,19.86,18.41,19.06,204,65
20230313,35,119.85,104.78,120.17,104.52,112.33,267,53
20230313,36,148.41,125.12,152.03,123.37,137.23,145,32
20230313,37,15.5,13.21,16.19,12.56,14.37,261,41
20230313,38,176.82,170.43,178.03,167.65,173.23,199,50
20230313,39,112.52,107.65,114.35,104.33,109.71,216,61
20230313,40,31.89,31.41,32.96,30.45,31.68,159,55
20230313,41,11816.6,11438.22,12076.14,11338.59,11667.39,36,11
20230313,42,6102.76,5076.68,6163.84,4897.68,5560.24,286,70
20230313,43,4324.68,4212.3,4453.28,4185.06,4293.83,223,58
20230313,44,76.65,74.95,79.24,73.07,75.98,199,56
20230313,45,73.95,66.21,76.78,65.85,70.7,281,63
20230313,46,513.99,500.38,520.45,479.29,503.53,182,49
20230313,47,112.44,99.41,113.02,98.61,105.87,203,66
20230313,48,407.49,371.85,413.51,357.15,387.5,244,80
20230313,49,87.8,88.72,93.9,86.23,89.16,176,51
20230313,50,1105.95,1046.05,1116.72,1046.0,1078.68,173,50
20230313,51,945.62,886.14,954.07,867.44,913.32,266,58
20230313,52,71.88,65.43,73.99,64.41,68.93,183,46
20230313,53,2475.64,2508.89,2619.46,2404.21,2502.05,190,46
20230313,54,14.23,13.36,14.68,13.03,13.82,126,35
20230313,55,25.85,23.46,27.24,22.52,24.77,215,60
20230313,56,166.8,159.64,175.4,155.76,164.4,198,51
20230313,57,60.31,57.9,60.34,56.78,58.83,167,50
20230313,58,2.34,2.29,2.37,2.22,2.31,224,64
20230313,59,29329.3,25382.24,30097.49,24843.55,27413.14,323,57
20230313,60,2687.53,2617.61,2862.05,2528.82,2674.0,170,55
20230313,61,590.17,518.64,596.14,507.39,553.09,189,48
20230313,62,33.76,33.54,33.98,32.43,33.43,151,53
20230313,63,1680.04,1333.01,1694.32,1314.68,1505.51,316,56
20230313,64,6887.63,6014.05,7315.16,5912.28,6532.28,257,42
20230313,65,7.26,7.29,7.33,7.2,7.27,223,57
20230313,66,7068.72,7077.13,7172.64,6896.16,7053.66,173,46
20230313,67,92.61,90.46,92.94,89.94,91.49,124,39
20230313,68,123.69,109.9,124.59,108.64,116.7,257,41
20230313,69,13947.04,13144.4,14178.27,12767.63,13509.34,263,57
20230313,70,4.88,4.36,5.02,4.31,4.64,285,64
20230313,71,6654.43,5736.42,6809.54,5609.47,6202.46,290,59
20230313,72,12794.68,12712.48,12853.26,12687.77,12762.05,142,37
20230313,73,42.18,38.4,42.42,37.46,40.12,210,58
20230313,74,4.33,4.34,4.56,4.31,4.39,185,44
20230313,75,6520.89,5691.87,6707.45,5484.29,6101.12,312,50
20230313,76,35.57,31.75,36.52,30.54,33.59,279,74
20230313,77,18712.59,17420.26,18971.74,16071.17,17793.94,309,68
20230313,78,9.15,8.82,9.87,8.65,9.12,200,70
20230313,79,148.58,136.24,152.87,134.22,142.98,180,63
20230313,80,111.67,104.18,113.18,102.93,107.99,123,42
20230313,81,19.13,17.75,19.99,17.02,18.47,179,60
20230313,82,133.54,123.97,136.64,122.37,129.13,226,52
20230313,83,24.52,21.54,24.66,20.5,22.8,196,71
20230313,84,12.55,12.62,13.15,12.39,12.68,220,84
20230313,85,153.66,133.09,156.73,130.67,143.54,182,43
20230313,86,26328.7,24588.01,27431.91,24259.73,25652.09,199,57
20230313,87,536.88,475.88,546.43,445.25,501.11,119,39
20230313,88,66.9,60.61,70.56,59.68,64.44,212,40
20230313,89,18.81,18.35,19.42,17.86,18.61,195,54
20230313,90,44.37,42.12,46.71,40.37,43.39,175,59
20230313,91,3170.44,3006.16,3178.07,2851.37,3051.51,103,21
20230313,92,32.9,29.62,34.34,29.45,31.58,300,67
20230313,93,132.81,116.12,132.89,114.36,124.05,330,47
20230313,94,1000.87,881.94,1015.78,820.81,929.85,116,28
20230313,95,780.9,669.4,830.9,647.5,732.18,178,36
20230313,96,576.28,521.01,582.7,499.67,544.91,161,57
20230313,97,28.7,28.23,28.91,27.53,28.34,190,43
20230313,98,3477.61,3162.07,3525.67,3101.13,3316.62,292,69
20230313,99,49.48,51.3,51.74,49.1,50.4,146,38
20230313,100,69.66,59.19,71.28,56.32,64.11,301,67
20230313,101,18.38,18.11,18.63,17.67,18.2,212,60
20230313,102,12.32,11.58,12.5,11.3,11.93,191,55
20230313,103,1341.72,1437.13,1463.71,1332.94,1393.88,116,29
20230313,104,551.6,572.79,601.35,546.54,568.07,132,41
20230313,105,8675.92,8138.86,8892.52,7779.89,8371.8,295,77
20230313,106,267.71,241.49,273.68,236.48,254.84,327,68
20230313,107,248.41,221.57,250.59,209.76,232.58,143,29
20230313,108,409.24,356.63,419.25,345.74,382.72,151,22
20230313,109,709.96,676.51,741.17,658.64,696.57,162,48
20230313,110,910.02,845.78,941.33,844.05,885.29,148,62
20230313,111,2.05,2.02,2.07,1.96,2.03,207,55
20230313,112,16321.34,15351.03,16657.93,14797.21,15781.88,275,60
20230313,113,9.07,8.44,9.21,8.32,8.76,200,57
20230313,114,1176.05,1012.91,1190.17,975.84,1088.74,272,64
20230313,115,3730.43,3376.59,3799.14,3319.37,3556.38,174,75
20230313,116,1151.79,1100.07,1157.51,1073.16,1120.63,136,46
20230313,117,6.89,6.89,7.14,6.83,6.94,201,63
20230313,118,16.93,17.03,17.12,16.4,16.87,212,50
20230313,119,82.11,81.35,84.16,78.97,81.65,128,53
20230313,120,629.55,565.1,650.07,552.22,599.23,277,67
20230313,121,2322.3,2070.86,2343.99,2057.75,2198.72,249,52
20230313,122,12286.44,11594.03,12577.16,11498.31,11988.99,253,55
20230313,123,4.46,3.78,4.58,3.62,4.11,292,54
20230313,124,23.5,22.62,24.53,21.89,23.14,169,49
20230313,125,277.09,285.82,287.39,266.41,279.18,87,32
20230313,126,87777.51,81298.64,90422.12,80948.79,85111.76,201,54
20230313,127,304.76,270.09,318.79,263.93,289.39,130,30
20230313,128,249.99,244.91,252.82,243.19,247.73,92,35
20230313,129,14782.08,14082.56,14879.53,13868.78,14403.24,148,51
20230313,130,154.64,141.65,156.51,141.55,148.59,236,61
20230313,131,262.96,246.65,271.87,244.34,256.45,226,57
20230313,132,5150.21,4618.75,5321.47,4493.05,4895.87,257,52
20230313,133,70.75,72.23,74.84,68.35,71.54,151,53
20230313,134,1629.52,1505.22,1722.13,1495.56,1588.11,200,65
20230313,135,686.46,605.37,704.22,570.29,641.58,141,34
20230313,136,272.03,286.11,294.35,271.18,280.91,180,52
20230313,137,178.63,187.01,194.74,176.46,184.21,134,43
20230313,138,3.0,2.53,3.02,2.51,2.76,290,53
20230313,139,8111.8,7198.05,8326.2,7118.74,7688.7,293,47
20230313,140,302.93,269.89,308.65,269.03,287.62,262,52
20230313,141,35.93,34.97,37.43,34.73,35.77,176,43
20230313,142,77.69,76.88,78.48,74.29,76.84,230,67
20230313,143,9734.76,9213.56,9952.76,8931.25,9458.08,289,53
20230313,144,3.43,3.35,3.46,3.27,3.38,191,62
20230313,145,1523.65,1413.83,1586.94,1392.08,1479.13,227,51
20230313,146,24985.32,24794.16,25715.14,23622.59,24779.31,209,61
20230313,147,612.55,596.64,617.3,587.29,603.45,74,15
20230313,148,170.53,144.66,170.84,141.01,156.76,285,49
20230313,149,2.39,2.2,2.47,2.18,2.31,297,63
20230313,150,5.12,4.64,5.16,4.41,4.83,290,56
20230313,151,20.37,18.25,20.69,17.52,19.21,254,52
20230313,152,19.85,18.22,19.98,18.19,19.06,205,57
20230313,153,64367.24,61677.96,68534.76,58194.97,63193.73,251,61
20230313,154,2348.31,2087.7,2355.66,2053.98,2211.41,173,28
20230313,155,69.37,63.19,73.15,62.04,66.94,202,75
20230313,156,128.76,110.37,130.53,108.24,119.48,279,57
20230313,157,1928.36,1888.56,1929.26,1792.25,1884.61,197,55
20230313,158,36.7,35.69,37.11,35.64,36.29,206,57
20230313,159,18573.51,17357.07,18895.08,16725.63,17887.82,228,58
20230313,160,64.41,58.13,64.81,56.71,61.02,303,64
20230313,161,19.02,17.14,19.43,16.68,18.07,253,56
20230313,162,118.72,113.84,122.63,113.44,117.16,197,49
20230313,163,204.21,175.87,204.96,172.19,189.31,294,52
20230313,164,56.51,55.85,57.29,55.02,56.17,174,50
20230313,165,58.83,53.2,59.48,50.09,55.4,266,45
20230313,166,35.47,34.54,37.54,33.93,35.37,191,55
20230313,167,1.07,0.98,1.08,0.98,1.03,228,62
20230313,168,51.04,43.72,51.87,43.36,47.5,310,72
20230313,169,63.98,56.76,65.33,56.68,60.69,253,45
20230313,170,3187.26,3133.57,3190.18,3070.88,3145.47,36,14
20230313,171,85.92,78.03,91.49,72.88,82.08,313,55
20230313,172,67.05,60.23,68.34,59.96,63.9,271,48
20230313,173,28.65,26.73,30.01,26.43,27.95,132,41
20230313,174,102.04,93.42,104.6,92.93,98.25,138,38
20230313,175,6327.17,5996.43,6408.01,5959.84,6172.86,171,48
20230313,176,50.81,48.36,52.04,48.08,49.82,175,53
20230313,177,89.31,81.24,91.54,80.52,85.65,258,41
20230313,178,375.9,357.18,388.28,351.29,368.16,136,29
20230313,179,6.19,5.79,6.38,5.45,5.95,225,57
20230313,180,542.45,504.84,567.39,490.27,526.24,132,44
20230313,181,46347.9,43520.7,47014.46,41641.72,44631.19,346,51
20230313,182,24.04,22.38,24.49,21.55,23.11,136,40
20230313,183,28.74,26.93,28.81,26.72,27.8,333,56
20230313,184,17.53,15.1,17.73,14.96,16.33,328,52
20230313,185,1808.32,1742.23,1815.39,1693.47,1764.85,187,70
20230313,186,67152.2,62920.4,68030.24,61029.44,64783.07,210,69
20230313,187,1337.23,1275.07,1346.93,1264.32,1305.89,194,58
20230313,188,432.54,426.21,447.09,414.76,430.15,193,59
20230313,189,4.77,4.63,4.87,4.62,4.72,219,61
20230313,190,5.51,5.43,5.52,5.12,5.4,214,58
20230313,191,21.8,20.56,21.83,20.21,21.1,154,43
20230313,192,3276.51,2937.91,3332.3,2897.61,3111.08,174,29
20230313,193,39.79,35.39,40.13,32.53,36.96,221,60
20230313,194,20.52,17.18,21.56,16.38,18.91,329,68
20230313,195,3744.46,3682.44,3882.62,3653.13,3740.66,218,56
20230313,196,86.26,82.35,87.56,78.48,83.66,103,28
20230313,197,465.36,405.11,468.12,402.77,435.34,326,61
20230313,198,397.26,374.32,411.71,371.81,388.78,213,63
20230313,199,1368.31,1286.67,1394.62,1275.38,1331.24,107,36
20230313,200,149.08,131.48,152.42,130.41,140.85,161,36
20230314,1,93.64,101.11,105.05,88.14,96.99,258,55
20230314,2,71.88,78.17,79.79,71.73,75.39,128,54
20230314,3,251.9,228.36,260.02,227.42,241.92,123,42
20230314,4,11900.34,11958.84,12072.0,11545.37,11869.14,103,28
20230314,5,84.58,88.47,89.14,84.57,86.69,190,45
20230314,6,23.11,23.09,24.04,22.76,23.25,296,65
20230314,7,626.36,666.36,669.09,592.5,638.58,261,55
20230314,8,2.41,2.63,2.72,2.36,2.53,206,62
20230314,9,9746.43,9429.99,10110.11,9028.16,9578.67,316,56
20230314,10,30.01,31.02,32.02,29.83,30.72,113,36
20230314,11,55.68,59.19,60.58,53.59,57.26,251,49
20230314,12,750.97,737.86,800.79,715.71,751.33,113,20
20230314,13,1.51,1.55,1.62,1.5,1.55,215,49
20230314,14,100.77,101.04,101.74,98.15,100.42,235,44
20230314,15,8622.39,9174.95,9432.8,8508.67,8934.71,212,63
20230314,16,1.46,1.59,1.67,1.46,1.55,206,50
20230314,17,4651.27,4667.42,4744.8,4517.71,4645.3,208,51
20230314,18,234.06,236.59,243.75,223.79,234.55,172,56
20230314,19,4899.06,4597.13,4965.1,4461.47,4730.69,202,67
20230314,20,357.11,386.27,391.14,339.11,368.41,93,45
20230314,21,21.42,21.44,21.51,20.34,21.17,224,66
20230314,22,2409.27,2408.17,2410.27,2349.24,2394.24,200,68
20230314,23,802.11,836.85,845.22,788.48,818.17,132,56
20230314,24,87.76,88.22,90.65,86.11,88.19,215,56
20230314,25,83.06,86.67,86.95,80.3,84.24,146,29
20230314,26,52.55,54.4,55.86,51.82,53.66,266,60
20230314,27,38.16,38.37,39.56,37.96,38.51,319,49
20230314,28,14814.61,15161.27,15350.99,14534.05,14965.23,258,55
20230314,29,66.01,64.67,69.75,62.32,65.69,173,54
20230314,30,1314.85,1363.74,1394.23,1282.75,1338.89,128,39
20230314,31,193.05,209.45,212.16,188.02,200.67,143,46
20230314,32,249.78,242.49,254.38,241.5,247.04,167,45
20230314,33,49.15,48.66,50.68,47.46,48.99,172,48
20230314,34,18.76,18.35,19.09,18.04,18.56,208,50
20230314,35,104.78,105.83,106.47,103.24,105.08,254,45
20230314,36,125.12,134.79,148.74,122.85,132.87,130,30
20230314,37,13.21,13.6,14.0,12.98,13.45,230,58
20230314,38,170.43,159.02,173.9,157.65,165.25,173,52
20230314,39,107.65,111.32,114.62,106.23,109.95,198,57
20230314,40,31.41,31.18,31.9,30.75,31.31,127,30
20230314,41,11438.22,11518.27,11823.99,10974.58,11438.77,28,10
20230314,42,5076.68,5197.0,5214.56,4974.93,5115.79,318,66
20230314,43,4212.3,4131.66,4435.3,4129.06,4227.08,221,52
20230314,44,74.95,74.96,76.62,72.41,74.73,189,47
20230314,45,66.21,66.11,67.57,65.09,66.25,308,57
20230314,46,500.38,510.79,530.05,498.59,509.95,181,37
20230314,47,99.41,98.76,105.62,96.11,99.98,199,66
20230314,48,371.85,358.43,372.75,345.34,362.09,206,69
20230314,49,88.72,91.84,95.89,82.8,89.81,180,50
20230314,50,1046.05,1109.38,1112.39,1027.57,1073.85,199,59
20230314,51,886.14,903.84,908.1,874.11,893.05,229,47
20230314,52,65.43,65.51,70.15,65.39,66.62,192,69
20230314,53,2508.89,2446.0,2549.44,2391.7,2474.01,168,50
20230314,54,13.36,13.35,13.78,13.01,13.37,154,37
20230314,55,23.46,24.33,25.07,22.4,23.82,262,46
20230314,56,159.64,159.33,160.58,159.02,159.64,178,62
20230314,57,57.9,60.64,60.85,57.33,59.18,200,63
20230314,58,2.29,2.34,2.34,2.19,2.29,199,59
20230314,59,25382.24,27237.08,27844.81,24566.88,26257.75,294,57
20230314,60,2617.61,2706.06,2773.46,2610.44,2676.89,197,58
20230314,61,518.64,543.47,550.16,513.08,531.34,185,51
20230314,62,33.54,32.39,34.69,32.35,33.24,173,52
20230314,63,1333.01,1415.84,1437.09,1312.05,1374.5,307,55
20230314,64,6014.05,6075.91,6111.54,6003.8,6051.32,260,41
20230314,65,7.29,7.23,7.32,7.18,7.25,211,60
20230314,66,7077.13,7539.78,7640.14,6567.53,7206.14,191,51
20230314,67,90.46,89.59,90.99,88.88,89.98,131,38
20230314,68,109.9,109.13,112.43,105.81,109.32,270,54
20230314,69,13144.4,13674.66,13849.24,12629.51,13324.45,285,43
20230314,70,4.36,4.36,4.46,4.34,4.38,322,67
20230314,71,5736.42,5622.16,5820.03,5508.39,5671.75,280,65
20230314,72,12712.48,12186.06,13087.23,11462.2,12361.99,143,36
20230314,73,38.4,38.29,38.92,37.65,38.32,253,52
20230314,74,4.34,4.28,4.37,4.28,4.32,204,53
20230314,75,5691.87,5948.69,6153.03,5551.25,5836.21,306,72
20230314,76,31.75,31.31,32.41,30.48,31.48,330,46
20230314,77,17420.26,16234.28,17421.97,16197.18,16818.42,316,60
20230314,78,8.82,8.9,9.4,8.72,8.96,203,75
20230314,79,136.24,136.48,136.62,131.92,135.32,204,66
20230314,80,104.18,106.1,110.6,102.37,105.81,104,32
20230314,81,17.75,18.9,19.59,17.43,18.42,198,55
20230314,82,123.97,126.86,131.24,119.19,125.31,201,66
20230314,83,21.54,24.12,24.35,20.51,22.63,216,47
20230314,84,12.62,12.42,12.66,12.39,12.52,232,64
20230314,85,133.09,137.99,138.02,131.23,135.08,235,48
20230314,86,24588.01,24262.0,25215.12,23046.78,24277.98,199,69
20230314,87,475.88,502.79,514.69,438.07,482.86,147,28
20230314,88,60.61,59.84,61.09,59.09,60.16,188,43
20230314,89,18.35,18.14,19.26,17.73,18.37,204,59
20230314,90,42.12,42.84,43.64,41.95,42.64,164,51
20230314,91,3006.16,2905.06,3092.21,2776.06,2944.87,96,32
20230314,92,29.62,30.15,31.25,29.32,30.09,293,57
20230314,93,116.12,116.07,117.62,111.3,115.28,294,60
20230314,94,881.94,915.88,925.05,862.01,896.22,99,30
20230314,95,669.4,656.85,670.23,620.31,654.2,200,50
20230314,96,521.01,547.23,567.35,511.77,536.84,179,56
20230314,97,28.23,31.27,31.98,26.74,29.56,198,55
20230314,98,3162.07,3328.95,3436.55,3012.94,3235.13,316,67
20230314,99,51.3,55.66,56.14,48.78,52.97,133,41
20230314,100,59.19,60.88,62.33,55.63,59.51,316,65
20230314,101,18.11,18.14,19.24,17.53,18.25,200,59
20230314,102,11.58,12.17,12.73,11.53,12.0,177,45
20230314,103,1437.13,1424.1,1447.5,1336.24,1411.24,104,27
20230314,104,572.79,541.92,591.75,529.98,559.11,120,41
20230314,105,8138.86,8302.44,8359.77,7635.53,8109.15,298,65
20230314,106,241.49,241.01,258.49,236.36,244.34,299,54
20230314,107,221.57,214.27,230.47,211.94,219.56,144,29
20230314,108,356.63,352.99,356.69,339.5,351.45,152,28
20230314,109,676.51,686.9,719.1,670.88,688.35,171,57
20230314,110,845.78,868.5,898.95,809.38,855.65,161,64
20230314,111,2.02,2.07,2.18,2.02,2.07,209,67
20230314,112,15351.03,16182.57,16697.97,15242.88,15868.61,276,79
20230314,113,8.44,8.03,8.47,8.02,8.24,212,68
20230314,114,1012.91,1025.93,1052.6,1008.55,1025.0,307,67
20230314,115,3376.59,3377.08,3386.33,3361.92,3375.48,211,67
20230314,116,1100.07,1149.29,1163.57,1056.08,1117.25,167,35
20230314,117,6.89,6.78,7.06,6.63,6.84,208,60
20230314,118,17.03,16.95,17.1,16.84,16.98,217,53
20230314,119,81.35,83.49,84.32,81.11,82.57,176,44
20230314,120,565.1,592.88,607.02,549.78,578.7,298,73
20230314,121,2070.86,2240.93,2261.2,2043.1,2154.02,286,60
20230314,122,11594.03,11096.97,12185.3,10841.82,11429.53,255,50
20230314,123,3.78,3.89,3.94,3.69,3.82,298,50
20230314,124,22.62,23.51,24.18,20.74,22.76,196,51
20230314,125,285.82,288.57,299.77,271.79,286.49,120,25
20230314,126,81298.64,82554.01,85477.33,80867.15,82549.28,210,55
20230314,127,270.09,283.42,290.25,265.42,277.3,171,24
20230314,128,244.91,257.06,264.52,239.25,251.44,89,37
20230314,129,14082.56,14618.2,15174.88,13845.96,14430.4,128,35
20230314,130,141.65,144.91,145.36,141.24,143.29,245,48
20230314,131,246.65,267.49,278.11,226.28,254.63,237,47
20230314,132,4618.75,4620.13,4653.69,4519.21,4602.95,243,45
20230314,133,72.23,68.7,72.38,67.9,70.3,165,45
20230314,134,1505.22,1527.45,1541.4,1501.94,1519.0,205,57
20230314,135,605.37,611.83,618.08,593.65,607.23,154,31
20230314,136,286.11,300.6,307.64,268.84,290.8,154,47
20230314,137,187.01,185.91,187.41,185.9,186.55,129,48
20230314,138,2.53,2.59,2.69,2.48,2.57,314,62
20230314,139,7198.05,6904.92,7650.9,6825.04,7144.73,321,58
20230314,140,269.89,282.53,285.29,269.22,276.73,250,53
20230314,141,34.97,34.92,36.2,33.62,34.93,176,60
20230314,142,76.88,75.63,80.12,74.65,76.82,210,55
20230314,143,9213.56,9878.76,10120.89,8940.29,9538.37,317,50
20230314,144,3.35,3.55,3.64,3.32,3.47,212,65
20230314,145,1413.83,1372.47,1450.02,1350.2,1396.63,271,47
20230314,146,24794.16,24839.65,25036.25,24538.9,24802.24,227,79
20230314,147,596.64,673.23,680.8,591.29,635.49,72,23
20230314,148,144.66,154.68,165.68,139.81,151.21,288,61
20230314,149,2.2,2.28,2.29,2.06,2.21,304,65
20230314,150,4.64,4.34,4.72,4.32,4.51,287,52
20230314,151,18.25,19.14,19.95,17.23,18.64,252,33
20230314,152,18.22,18.07,18.54,17.73,18.14,216,53
20230314,153,61677.96,65132.03,65326.74,60441.19,63144.48,276,58
20230314,154,2087.7,2070.48,2174.21,2063.09,2098.87,167,32
20230314,155,63.19,65.43,66.24,61.73,64.15,222,68
20230314,156,110.37,110.73,111.32,107.57,110.0,252,42
20230314,157,1888.56,1876.26,1907.9,1849.26,1880.49,253,66
20230314,158,35.69,36.42,39.49,35.31,36.73,214,48
20230314,159,17357.07,16647.72,17541.7,16480.33,17006.71,195,61
20230314,160,58.13,64.08,64.25,57.79,61.06,318,53
20230314,161,17.14,16.86,18.35,16.71,17.26,253,44
20230314,162,113.84,110.21,116.14,103.97,111.04,175,50
20230314,163,175.87,181.37,181.83,173.65,178.18,247,56
20230314,164,55.85,58.74,58.88,53.1,56.64,179,50
20230314,165,53.2,53.19,54.35,50.47,52.8,251,52
20230314,166,34.54,33.36,34.96,32.54,33.85,199,58
20230314,167,0.98,0.96,0.99,0.95,0.97,226,65
20230314,168,43.72,43.42,44.85,43.07,43.76,317,66
20230314,169,56.76,57.72,57.82,55.56,56.97,264,47
20230314,170,3133.57,3126.76,3306.9,3112.85,3170.02,35,11
20230314,171,78.03,79.22,79.34,77.27,78.46,275,71
20230314,172,60.23,61.21,61.32,58.99,60.44,233,54
20230314,173,26.73,27.76,28.51,25.74,27.18,160,38
20230314,174,93.42,91.93,94.39,88.32,92.02,126,52
20230314,175,5996.43,5852.53,6172.35,5740.19,5940.37,169,44
20230314,176,48.36,49.06,50.49,45.39,48.33,167,49
20230314,177,81.24,81.53,85.06,78.03,81.46,247,52
20230314,178,357.18,365.23,368.4,354.92,361.43,163,42
20230314,179,5.79,5.67,6.03,5.61,5.78,198,56
20230314,180,504.84,513.53,537.2,494.1,512.42,172,37
20230314,181,43520.7,41722.73,44491.48,40144.85,42469.94,316,43
20230314,182,22.38,22.18,22.93,21.74,22.31,163,48
20230314,183,26.93,28.16,28.27,25.77,27.28,295,67
20230314,184,15.1,14.95,15.38,14.62,15.01,313,67
20230314,185,1742.23,1870.69,1949.34,1681.86,1811.03,200,59
20230314,186,62920.4,59916.24,63779.08,57881.62,61124.34,243,52
20230314,187,1275.07,1213.84,1290.53,1200.47,1244.97,192,72
20230314,188,426.21,407.26,440.6,392.71,416.7,221,63
20230314,189,4.63,4.69,4.84,4.44,4.65,200,48
20230314,190,5.43,5.58,5.66,5.2,5.47,217,58
20230314,191,20.56,22.06,23.43,20.33,21.6,144,39
20230314,192,2937.91,3084.35,3111.63,2880.3,3003.55,154,35
20230314,193,35.39,36.83,37.19,35.38,36.2,260,47
20230314,194,17.18,17.19,17.5,16.44,17.08,289,63
20230314,195,3682.44,3582.94,3708.57,3524.15,3624.53,200,64
20230314,196,82.35,85.33,86.94,81.32,83.98,109,33
20230314,197,405.11,427.27,430.59,397.1,415.02,288,54
20230314,198,374.32,366.11,401.82,363.41,376.42,204,66
20230314,199,1286.67,1372.85,1377.26,1276.3,1328.27,103,30
20230314,200,131.48,127.45,137.65,124.11,130.17,154,39
20230315,1,101.11,101.65,103.61,100.06,101.61,228,52
20230315,2,78.17,76.03,80.82,75.65,77.67,151,48
20230315,3,228.36,228.84,233.48,226.63,229.33,142,34
20230315,4,11958.84,11610.47,12022.26,11339.67,11732.81,100,30
20230315,5,88.47,85.83,90.9,83.07,87.07,201,51
20230315,6,23.09,22.97,23.71,22.46,23.05,318,60
20230315,7,666.36,669.23,673.03,652.24,665.21,273,48
20230315,8,2.63,2.69,2.72,2.55,2.64,237,59
20230315,9,9429.99,10155.86,10325.93,8977.57,9722.34,320,59
20230315,10,31.02,31.17,32.31,29.35,30.96,104,35
20230315,11,59.19,57.06,60.82,55.7,58.19,261,48
20230315,12,737.86,712.45,765.91,708.3,731.13,92,22
20230315,13,1.55,1.67,1.71,1.52,1.61,174,56
20230315,14,101.04,104.26,107.14,100.55,103.25,254,55
20230315,15,9174.95,9392.85,9414.66,9136.51,9279.74,212,61
20230315,16,1.59,1.59,1.61,1.55,1.59,209,76
20230315,17,4667.42,4698.87,4708.95,4659.78,4683.75,219,71
20230315,18,236.59,245.28,247.84,234.67,241.1,170,51
20230315,19,4597.13,4439.25,4815.73,4398.81,4562.73,217,61
20230315,20,386.27,382.3,388.8,356.49,378.47,99,22
20230315,21,21.44,20.35,21.96,19.41,20.79,180,71
20230315,22,2408.17,2359.43,2445.59,2263.69,2369.22,208,63
20230315,23,836.85,867.19,869.67,824.07,849.44,133,40
20230315,24,88.22,89.67,91.71,87.2,89.2,217,57
20230315,25,86.67,85.33,88.66,82.22,85.72,179,31
20230315,26,54.4,48.11,55.98,46.37,51.22,269,49
20230315,27,38.37,36.63,38.86,35.45,37.33,320,77
20230315,28,15161.27,15022.33,15906.31,14333.35,15105.82,269,63
20230315,29,64.67,64.54,65.66,63.6,64.62,160,45
20230315,30,1363.74,1382.94,1429.75,1301.2,1369.41,133,41
20230315,31,209.45,211.38,221.0,205.34,211.79,130,44
20230315,32,242.49,234.66,245.37,228.48,237.75,190,60
20230315,33,48.66,48.57,50.78,48.51,49.13,200,41
20230315,34,18.35,18.15,18.47,17.77,18.18,197,58
20230315,35,105.83,102.39,106.63,101.83,104.17,253,57
20230315,36,134.79,141.55,145.23,127.75,137.33,157,29
20230315,37,13.6,13.15,13.72,12.95,13.36,232,52
20230315,38,159.02,144.8,159.34,143.81,151.74,183,58
20230315,39,111.32,116.93,118.34,105.83,113.11,209,71
20230315,40,31.18,29.83,31.55,29.56,30.53,143,39
20230315,41,11518.27,11526.6,12341.83,11110.85,11624.39,30,11
20230315,42,5197.0,5062.14,5458.2,4969.56,5171.73,286,69
20230315,43,4131.66,4214.49,4366.53,4001.25,4178.48,209,57
20230315,44,74.96,73.53,77.61,73.5,74.9,175,51
20230315,45,66.11,68.41,70.67,64.85,67.51,312,47
20230315,46,510.79,499.2,524.93,471.33,501.56,167,47
20230315,47,98.76,96.84,103.95,96.03,98.9,224,54
20230315,48,358.43,358.72,372.41,353.37,360.73,205,49
20230315,49,91.84,88.88,94.73,87.21,90.67,184,57
20230315,50,1109.38,1013.26,1125.73,980.15,1057.13,180,53
20230315,51,903.84,875.42,906.45,832.93,879.66,217,47
20230315,52,65.51,73.97,76.36,65.03,70.22,170,47
20230315,53,2446.0,2241.58,2513.84,2170.41,2342.96,167,55
20230315,54,13.35,13.57,13.58,13.31,13.45,120,51
20230315,55,24.33,23.89,24.98,22.65,23.96,245,51
20230315,56,159.33,174.08,178.22,155.89,166.88,175,51
20230315,57,60.64,57.21,63.0,56.12,59.24,185,58
20230315,58,2.34,2.29,2.36,2.17,2.29,246,52
20230315,59,27237.08,27661.62,28171.54,26549.69,27404.98,313,57
20230315,60,2706.06,2616.37,2706.87,2542.33,2642.91,149,53
20230315,61,543.47,524.03,572.08,505.46,536.26,211,36
20230315,62,32.39,32.72,33.45,32.34,32.73,170,78
20230315,63,1415.84,1399.28,1461.45,1331.88,1402.11,292,50
20230315,64,6075.91,5908.74,6411.74,5741.15,6034.39,224,56
20230315,65,7.23,7.39,7.81,7.13,7.39,200,60
20230315,66,7539.78,7517.24,8254.2,7328.93,7660.04,164,45
20230315,67,89.59,89.36,91.31,86.04,89.07,135,45
20230315,68,109.13,109.84,111.81,106.48,109.31,288,53
20230315,69,13674.66,13788.95,14380.5,12922.23,13691.58,233,46
20230315,70,4.36,4.46,4.47,4.35,4.41,314,72
20230315,71,5622.16,5472.27,5697.94,5360.23,5538.15,289,50
20230315,72,12186.06,12377.45,12851.33,11851.63,12316.62,165,44
20230315,73,38.29,36.87,38.39,36.82,37.59,239,57
20230315,74,4.28,3.88,4.36,3.78,4.07,182,58
20230315,75,5948.69,6320.41,6353.58,5851.88,6118.64,313,71
20230315,76,31.31,30.81,31.48,29.88,30.87,313,62
20230315,77,16234.28,16198.46,16450.24,15571.57,16113.64,302,63
20230315,78,8.9,8.31,9.35,8.15,8.68,206,51
20230315,79,136.48,129.73,136.69,128.95,132.96,235,60
20230315,80,106.1,102.46,106.86,101.0,104.1,101,34
20230315,81,18.9,19.04,19.26,18.69,18.97,187,56
20230315,82,126.86,123.55,130.01,114.14,123.64,221,60
20230315,83,24.12,23.85,24.66,21.82,23.61,222,60
20230315,84,12.42,11.74,12.53,11.68,12.09,200,56
20230315,85,137.99,139.87,143.7,136.06,139.41,205,40
20230315,86,24262.0,24796.15,25932.23,23525.57,24628.99,207,54
20230315,87,502.79,499.27,522.75,479.71,501.13,143,58
20230315,88,59.84,60.34,63.17,58.61,60.49,243,31
20230315,89,18.14,17.99,18.66,17.37,18.04,213,78
20230315,90,42.84,42.27,43.68,41.68,42.62,156,49
20230315,91,2905.06,2909.88,3023.43,2854.67,2923.26,91,28
20230315,92,30.15,30.32,31.2,29.11,30.19,277,66
20230315,93,116.07,111.97,116.71,111.33,114.02,287,51
20230315,94,915.88,934.21,965.93,905.26,930.32,114,21
20230315,95,656.85,696.89,702.67,631.18,671.9,193,36
20230315,96,547.23,546.55,557.8,534.8,546.6,186,56
20230315,97,31.27,31.11,31.44,30.8,31.15,182,47
20230315,98,3328.95,3275.45,3449.97,3218.47,3318.21,290,52
20230315,99,55.66,55.45,58.39,52.37,55.47,130,45
20230315,100,60.88,58.25,66.54,56.79,60.61,311,64
20230315,101,18.14,19.26,19.3,18.07,18.69,209,63
20230315,102,12.17,12.65,13.46,11.83,12.53,174,42
20230315,103,1424.1,1363.8,1488.58,1310.62,1396.77,132,30
20230315,104,541.92,543.66,570.34,535.89,547.95,148,38
20230315,105,8302.44,7906.44,8392.55,7159.72,7940.29,331,67
20230315,106,241.01,238.81,250.37,230.97,240.29,309,55
20230315,107,214.27,211.61,216.17,208.91,212.74,148,35
20230315,108,352.99,352.51,372.95,330.33,352.2,156,41
20230315,109,686.9,657.09,719.35,643.8,676.79,185,52
20230315,110,868.5,850.51,890.77,847.03,864.2,183,54
20230315,111,2.07,2.15,2.18,1.99,2.1,211,67
20230315,112,16182.57,15500.07,16201.42,14528.0,15603.02,326,69
20230315,113,8.03,7.11,8.28,7.01,7.61,226,48
20230315,114,1025.93,1014.57,1030.53,1001.39,1018.1,303,60
20230315,115,3377.08,3802.36,3931.91,3302.87,3603.56,215,64
20230315,116,1149.29,1153.39,1162.87,1144.42,1152.49,147,47
20230315,117,6.78,6.54,6.79,6.52,6.66,186,55
20230315,118,16.95,16.71,17.12,16.39,16.79,203,68
20230315,119,83.49,82.79,87.09,82.32,83.92,181,66
20230315,120,592.88,542.0,609.81,536.09,570.19,313,62
20230315,121,2240.93,2139.96,2321.45,2126.61,2207.24,288,53
20230315,122,11096.97,11414.27,11945.68,10968.09,11356.25,238,58
20230315,123,3.89,4.06,4.15,3.88,3.99,309,65
20230315,124,23.51,23.05,23.9,22.06,23.13,160,45
20230315,125,288.57,302.83,308.28,284.8,296.12,106,32
20230315,126,82554.01,79266.76,82558.7,78966.36,80836.46,219,76
20230315,127,283.42,256.34,290.11,250.47,270.08,159,24
20230315,128,257.06,259.48,266.81,248.54,257.97,106,36
20230315,129,14618.2,14600.59,15386.27,13860.54,14616.4,131,46
20230315,130,144.91,146.51,146.97,141.3,144.92,252,52
20230315,131,267.49,266.13,276.43,260.43,267.62,256,49
20230315,132,4620.13,4592.09,4691.75,4571.37,4618.84,244,57
20230315,133,68.7,68.03,69.4,66.23,68.09,176,51
20230315,134,1527.45,1514.38,1542.54,1505.61,1522.5,212,57
20230315,135,611.83,596.92,628.32,584.89,605.49,141,38
20230315,136,300.6,289.26,307.24,288.2,296.33,194,43
20230315,137,185.91,171.32,191.18,164.68,178.27,158,43
20230315,138,2.59,2.43,2.62,2.37,2.5,299,72
20230315,139,6904.92,6881.46,6919.74,6693.07,6849.8,302,55
20230315,140,282.53,263.87,289.16,261.82,274.34,266,50
20230315,141,34.92,31.66,35.42,31.63,33.41,176,47
20230315,142,75.63,72.97,77.07,72.7,74.59,218,65
20230315,143,9878.76,9530.46,10255.87,9082.03,9686.78,294,58
20230315,144,3.55,3.47,3.67,3.3,3.5,190,58
20230315,145,1372.47,1233.95,1414.87,1219.83,1310.28,266,39
20230315,146,24839.65,25917.1,27391.99,24533.82,25670.64,208,62
20230315,147,673.23,624.61,699.66,620.48,654.49,74,24
20230315,148,154.68,149.48,162.78,146.72,153.42,316,61
20230315,149,2.28,2.13,2.31,2.07,2.2,297,52
20230315,150,4.34,4.54,4.69,4.27,4.46,315,46
20230315,151,19.14,19.07,19.55,18.87,19.16,257,59
20230315,152,18.07,17.66,19.27,17.48,18.12,205,57
20230315,153,65132.03,62471.7,65330.48,61798.03,63683.06,225,56
20230315,154,2070.48,2058.7,2092.83,2019.61,2060.4,153,37
20230315,155,65.43,61.58,66.98,58.45,63.11,231,75
20230315,156,110.73,111.54,113.7,110.6,111.64,222,45
20230315,157,1876.26,1813.55,1936.77,1777.93,1851.13,222,66
20230315,158,36.42,36.22,36.83,34.25,35.93,185,54
20230315,159,16647.72,16885.81,17267.67,16004.39,16701.4,203,59
20230315,160,64.08,61.25,65.48,60.17,62.75,286,52
20230315,161,16.86,15.83,17.09,15.72,16.38,258,59
20230315,162,110.21,108.4,110.24,107.14,109.0,171,42
20230315,163,181.37,168.57,187.51,163.76,175.3,242,65
20230315,164,58.74,57.56,59.69,55.88,57.97,164,49
20230315,165,53.19,52.16,56.43,51.13,53.23,240,48
20230315,166,33.36,32.28,33.7,32.22,32.89,232,63
20230315,167,0.96,0.91,0.97,0.9,0.94,229,53
20230315,168,43.42,44.75,45.07,43.02,44.06,311,59
20230315,169,57.72,56.29,57.74,55.13,56.72,243,60
20230315,170,3126.76,3333.91,3396.79,3078.09,3233.89,36,17
20230315,171,79.22,77.91,80.8,76.12,78.51,272,59
20230315,172,61.21,60.77,61.23,60.05,60.81,264,36
20230315,173,27.76,27.28,29.38,27.23,27.91,139,39
20230315,174,91.93,91.39,93.13,90.21,91.67,137,44
20230315,175,5852.53,6014.47,6036.24,5687.54,5897.69,181,52
20230315,176,49.06,50.39,51.05,48.1,49.65,195,61
20230315,177,81.53,76.79,86.1,73.27,79.42,238,56
20230315,178,365.23,372.87,389.04,358.95,371.52,151,33
20230315,179,5.67,5.72,5.73,5.57,5.67,228,58
20230315,180,513.53,503.62,518.36,473.35,502.22,151,28
20230315,181,41722.73,43922.06,45408.41,40387.77,42860.24,290,53
20230315,182,22.18,23.42,25.27,22.16,23.26,125,45
20230315,183,28.16,28.43,29.23,27.3,28.28,301,71
20230315,184,14.95,14.72,14.97,14.04,14.67,328,54
20230315,185,1870.69,1771.05,1965.2,1757.33,1841.07,211,52
20230315,186,59916.24,61154.3,61842.41,57149.87,60015.71,205,57
20230315,187,1213.84,1283.21,1288.74,1212.5,1249.57,229,72
20230315,188,407.26,372.64,411.47,349.88,385.31,216,58
20230315,189,4.69,4.81,4.82,4.36,4.67,222,66
20230315,190,5.58,5.41,5.76,5.4,5.54,205,67
20230315,191,22.06,20.27,22.34,19.99,21.17,152,39
20230315,192,3084.35,3086.95,3332.78,2991.14,3123.81,135,28
20230315,193,36.83,37.31,37.35,35.14,36.66,249,46
20230315,194,17.19,17.15,17.22,16.58,17.04,291,65
20230315,195,3582.94,3394.17,3603.95,3374.03,3488.77,224,60
20230315,196,85.33,89.05,89.54,80.58,86.13,102,27
20230315,197,427.27,415.17,438.33,403.44,421.05,299,64
20230315,198,366.11,384.38,387.21,360.08,374.44,242,64
20230315,199,1372.85,1274.31,1445.55,1214.24,1326.74,112,33
20230315,200,127.45,129.18,129.35,127.11,128.27,156,43
20230316,1,101.65,104.7,106.75,100.87,103.49,240,59
20230316,2,76.03,78.63,81.07,75.48,77.8,131,46
20230316,3,228.84,253.33,255.54,214.97,238.17,142,48
20230316,4,11610.47,11233.02,11959.0,10915.97,11429.62,96,40
20230316,5,85.83,88.89,92.34,84.61,87.91,174,54
20230316,6,22.97,22.41,24.04,22.06,22.87,315,52
20230316,7,669.23,663.58,676.7,646.57,664.02,226,51
20230316,8,2.69,2.65,2.71,2.59,2.66,209,66
20230316,9,10155.86,10550.13,10637.47,9811.36,10288.7,313,46
20230316,10,31.17,34.12,36.52,29.82,32.91,112,39
20230316,11,57.06,60.43,64.1,55.51,59.27,250,49
20230316,12,712.45,724.79,727.33,694.2,714.69,87,17
20230316,13,1.67,1.72,1.77,1.63,1.7,217,58
20230316,14,104.26,107.95,110.03,103.02,106.31,245,45
20230316,15,9392.85,9761.75,9886.07,9300.04,9585.18,199,49
20230316,16,1.59,1.62,1.67,1.58,1.61,181,57
20230316,17,4698.87,4709.23,4882.34,4631.03,4730.37,214,55
20230316,18,245.28,245.7,245.71,241.41,244.53,186,49
20230316,19,4439.25,4491.65,4748.49,4344.76,4506.04,182,78
20230316,20,382.3,382.91,388.72,374.16,382.02,120,25
20230316,21,20.35,20.8,21.22,20.14,20.63,203,58
20230316,22,2359.43,2350.62,2361.11,2250.96,2330.53,223,59
20230316,23,867.19,831.29,929.29,816.32,861.02,136,46
20230316,24,89.67,92.22,94.94,89.55,91.59,215,56
20230316,25,85.33,87.37,88.44,83.9,86.26,138,34
20230316,26,48.11,53.43,53.78,44.59,49.98,282,63
20230316,27,36.63,37.43,38.05,35.79,36.98,312,72
20230316,28,15022.33,14973.67,15118.46,14518.46,14908.23,264,27
20230316,29,64.54,65.08,67.9,63.68,65.3,153,49
20230316,30,1382.94,1439.49,1469.08,1380.6,1418.03,147,40
20230316,31,211.38,221.24,225.9,194.44,213.24,158,37
20230316,32,234.66,236.68,246.72,226.1,236.04,166,55
20230316,33,48.57,46.84,48.71,46.39,47.63,169,50
20230316,34,18.15,18.01,18.42,17.86,18.11,186,54
20230316,35,102.39,103.83,106.51,101.71,103.61,265,61
20230316,36,141.55,146.89,149.65,139.25,144.34,187,31
20230316,37,13.15,12.57,13.17,12.44,12.83,243,48
20230316,38,144.8,155.85,157.98,138.19,149.21,166,52
20230316,39,116.93,117.81,121.28,108.52,116.14,224,67
20230316,40,29.83,29.93,30.77,28.06,29.65,148,42
20230316,41,11526.6,11207.63,11627.81,11037.4,11349.86,31,13
20230316,42,5062.14,5076.23,5084.7,5015.97,5059.76,322,58
20230316,43,4214.49,4319.53,4361.58,4205.76,4275.34,234,57
20230316,44,73.53,77.36,77.94,72.0,75.21,174,47
20230316,45,68.41,72.58,74.28,66.82,70.52,287,60
20230316,46,499.2,484.17,505.62,469.22,489.55,166,57
20230316,47,96.84,100.04,101.1,95.17,98.28,228,58
20230316,48,358.72,333.65,375.3,330.97,349.66,212,73
20230316,49,88.88,90.19,90.59,85.51,88.79,153,50
20230316,50,1013.26,1064.08,1089.86,1007.83,1043.76,164,54
20230316,51,875.42,919.1,945.83,848.33,897.17,248,46
20230316,52,73.97,69.83,78.42,66.61,72.21,204,52
20230316,53,2241.58,2195.06,2311.73,2109.36,2214.43,171,51
20230316,54,13.57,14.06,14.67,13.2,13.88,138,41
20230316,55,23.89,23.29,24.36,22.28,23.46,276,61
20230316,56,174.08,179.34,181.91,167.29,175.65,174,48
20230316,57,57.21,59.67,60.25,56.86,58.49,171,56
20230316,58,2.29,2.18,2.43,2.03,2.23,206,62
20230316,59,27661.62,28113.24,28819.82,27498.9,28023.4,306,62
20230316,60,2616.37,2503.91,2694.91,2495.48,2577.67,186,59
20230316,61,524.03,568.31,569.65,511.95,543.49,186,29
20230316,62,32.72,34.26,35.82,32.16,33.74,153,56
20230316,63,1399.28,1403.57,1411.12,1393.0,1401.74,300,66
20230316,64,5908.74,5702.13,5916.65,5642.51,5792.51,255,39
20230316,65,7.39,7.55,7.58,6.95,7.37,191,73
20230316,66,7517.24,7938.78,8178.05,7500.18,7783.56,207,47
20230316,67,89.36,86.99,89.84,85.03,87.8,138,40
20230316,68,109.84,109.88,111.17,107.49,109.59,227,66
20230316,69,13788.95,13378.01,14336.01,12920.9,13605.97,275,48
20230316,70,4.46,4.67,4.78,4.37,4.57,329,56
20230316,71,5472.27,5139.91,5689.58,5100.92,5350.67,302,60
20230316,72,12377.45,13044.56,13155.36,11994.96,12643.08,145,41
20230316,73,36.87,37.58,38.18,35.89,37.13,261,46
20230316,74,3.88,4.02,4.14,3.86,3.97,187,51
20230316,75,6320.41,6281.26,6525.05,6038.49,6291.3,279,67
20230316,76,30.81,31.63,32.06,30.35,31.21,296,50
20230316,77,16198.46,15955.36,16365.84,15263.52,15945.79,287,58
20230316,78,8.31,8.74,9.01,8.24,8.57,225,70
20230316,79,129.73,141.67,142.65,124.64,134.67,190,59
20230316,80,102.46,100.94,110.03,98.34,102.94,112,25
20230316,81,19.04,19.63,20.03,18.55,19.31,186,58
20230316,82,123.55,124.8,127.57,122.93,124.71,211,64
20230316,83,23.85,24.67,25.49,23.71,24.43,188,69
20230316,84,11.74,12.37,12.97,11.47,12.14,200,63
20230316,85,139.87,138.63,145.57,133.23,139.33,211,44
20230316,86,24796.15,25900.86,26453.72,22933.61,25021.09,174,68
20230316,87,499.27,533.0,560.76,498.32,522.84,140,31
20230316,88,60.34,60.94,62.23,57.28,60.2,192,48
20230316,89,17.99,18.82,19.28,17.89,18.49,213,53
20230316,90,42.27,43.98,44.58,41.77,43.15,195,53
20230316,91,2909.88,2855.98,3036.87,2849.16,2912.97,105,29
20230316,92,30.32,30.27,30.57,29.6,30.19,300,66
20230316,93,111.97,110.86,113.16,109.88,111.47,281,57
20230316,94,934.21,944.53,966.58,932.15,944.37,95,26
20230316,95,696.89,728.2,741.15,662.64,707.22,211,39
20230316,96,546.55,568.35,569.23,527.8,552.98,168,47
20230316,97,31.11,29.94,31.3,29.32,30.42,179,49
20230316,98,3275.45,3294.98,3367.85,3210.05,3287.08,293,75
20230316,99,55.45,56.05,59.25,54.45,56.3,141,33
20230316,100,58.25,61.46,61.97,56.28,59.49,288,62
20230316,101,19.26,18.97,20.3,18.65,19.29,226,76
20230316,102,12.65,12.26,13.24,12.22,12.59,183,52
20230316,103,1363.8,1376.07,1378.91,1332.16,1362.73,95,33
20230316,104,543.66,571.99,589.6,535.32,560.14,154,47
20230316,105,7906.44,7968.49,8000.69,7509.48,7846.27,311,60
20230316,106,238.81,235.84,242.47,227.49,236.15,300,62
20230316,107,211.61,223.33,223.73,207.42,216.52,126,26
20230316,108,352.51,356.38,366.67,332.41,351.99,152,33
20230316,109,657.09,684.58,697.25,652.11,672.76,155,57
20230316,110,850.51,851.72,877.78,829.23,852.31,180,55
20230316,111,2.15,2.27,2.3,2.08,2.2,243,68
20230316,112,15500.07,15910.51,16646.83,15325.58,15845.75,300,53
20230316,113,7.11,7.41,7.5,6.84,7.22,235,65
20230316,114,1014.57,990.04,1023.17,974.77,1000.64,301,57
20230316,115,3802.36,4058.99,4078.56,3661.25,3900.29,203,70
20230316,116,1153.39,1178.58,1190.04,1140.85,1165.72,140,44
20230316,117,6.54,6.91,6.97,6.26,6.67,186,47
20230316,118,16.71,16.97,17.7,16.11,16.87,209,60
20230316,119,82.79,81.88,82.88,78.61,81.54,174,52
20230316,120,542.0,544.24,547.32,528.99,540.64,299,66
20230316,121,2139.96,2376.62,2471.44,2057.64,2261.41,312,61
20230316,122,11414.27,11535.24,12191.65,11137.81,11569.74,238,50
20230316,123,4.06,3.89,4.06,3.69,3.92,296,71
20230316,124,23.05,23.34,23.7,22.82,23.23,170,60
20230316,125,302.83,298.72,307.03,281.72,297.58,75,35
20230316,126,79266.76,84930.19,86078.58,77824.8,82025.08,210,43
20230316,127,256.34,254.36,257.9,246.26,253.72,163,36
20230316,128,259.48,255.27,273.09,254.65,260.62,110,37
20230316,129,14600.59,14737.73,15234.27,14359.78,14733.09,128,40
20230316,130,146.51,153.5,157.25,142.87,150.03,235,42
20230316,131,266.13,270.88,280.19,262.42,269.9,237,52
20230316,132,4592.09,4846.08,5041.5,4342.89,4705.64,256,53
20230316,133,68.03,71.04,71.45,65.84,69.09,182,56
20230316,134,1514.38,1545.18,1557.26,1449.11,1516.49,229,64
20230316,135,596.92,618.77,637.46,537.56,597.68,132,33
20230316,136,289.26,276.19,299.81,272.98,284.56,182,40
20230316,137,171.32,164.4,173.13,161.77,167.65,125,45
20230316,138,2.43,2.57,2.57,2.39,2.49,303,61
20230316,139,6881.46,7159.45,7357.47,6441.04,6959.86,316,68
20230316,140,263.87,277.62,282.11,257.82,270.35,230,50
20230316,141,31.66,31.09,32.33,30.54,31.4,167,55
20230316,142,72.97,76.71,77.7,72.08,74.87,216,71
20230316,143,9530.46,9702.98,9839.68,9527.7,9650.21,284,42
20230316,144,3.47,3.52,3.52,3.29,3.45,221,65
20230316,145,1233.95,1293.11,1349.39,1221.41,1274.47,238,38
20230316,146,25917.1,26306.72,27296.05,25312.64,26208.13,216,61
20230316,147,624.61,612.67,627.16,604.15,617.15,69,18
20230316,148,149.48,150.44,151.2,148.38,149.88,301,61
20230316,149,2.13,2.18,2.18,2.02,2.13,298,65
20230316,150,4.54,4.52,4.6,4.43,4.52,319,82
20230316,151,19.07,18.6,19.52,18.28,18.87,260,42
20230316,152,17.66,18.36,18.56,17.38,17.99,213,66
20230316,153,62471.7,64895.07,65547.09,62109.98,63755.96,252,57
20230316,154,2058.7,2145.96,2169.81,2006.71,2095.29,130,38
20230316,155,61.58,64.42,67.51,60.77,63.57,215,60
20230316,156,111.54,116.39,119.97,110.21,114.53,231,67
20230316,157,1813.55,1915.79,1939.99,1794.12,1865.87,210,55
20230316,158,36.22,36.3,36.66,35.19,36.09,224,51
20230316,159,16885.81,15775.81,17522.92,15477.31,16415.46,197,50
20230316,160,61.25,64.22,64.94,60.55,62.74,313,57
20230316,161,15.83,15.87,16.25,15.41,15.84,249,42
20230316,162,108.4,105.79,108.74,99.95,105.72,178,47
20230316,163,168.57,164.26,169.09,158.83,165.19,243,61
20230316,164,57.56,62.86,65.12,57.2,60.69,185,39
20230316,165,52.16,53.49,54.09,52.01,52.94,253,61
20230316,166,32.28,31.6,32.95,31.33,32.04,217,62
20230316,167,0.91,0.91,0.94,0.87,0.91,192,60
20230316,168,44.75,45.65,46.12,44.46,45.24,312,58
20230316,169,56.29,57.85,62.3,53.66,57.53,244,47
20230316,170,3333.91,3347.37,3385.77,3206.9,3318.49,29,11
20230316,171,77.91,76.85,79.31,74.35,77.1,279,64
20230316,172,60.77,61.81,61.81,60.52,61.23,247,44
20230316,173,27.28,26.86,27.39,26.52,27.01,166,48
20230316,174,91.39,95.46,97.71,87.55,93.03,147,45
20230316,175,6014.47,6064.47,6166.84,5998.34,6061.03,176,42
20230316,176,50.39,49.27,50.92,47.9,49.62,186,43
20230316,177,76.79,79.49,79.52,75.97,77.94,236,53
20230316,178,372.87,381.71,385.74,364.46,376.19,129,37
20230316,179,5.72,5.68,5.79,5.65,5.71,213,54
20230316,180,503.62,515.29,516.58,491.78,506.82,160,21
20230316,181,43922.06,45086.79,47971.57,43159.56,45035.0,309,57
20230316,182,23.42,24.54,25.31,22.74,24.0,142,34
20230316,183,28.43,29.11,29.7,27.24,28.62,286,70
20230316,184,14.72,15.06,15.58,14.32,14.92,339,71
20230316,185,1771.05,1697.0,1792.21,1677.1,1734.34,216,51
20230316,186,61154.3,62376.09,64403.13,59597.68,61882.8,201,55
20230316,187,1283.21,1323.07,1341.26,1272.91,1305.11,218,74
20230316,188,372.64,389.95,401.29,368.96,383.21,209,68
20230316,189,4.81,4.31,4.86,4.14,4.53,209,68
20230316,190,5.41,5.57,5.62,5.32,5.48,200,57
20230316,191,20.27,20.04,20.36,19.69,20.09,151,37
20230316,192,3086.95,3181.87,3201.62,3055.6,3131.51,152,32
20230316,193,37.31,39.37,40.44,37.22,38.59,254,52
20230316,194,17.15,17.69,18.34,16.33,17.38,280,63
20230316,195,3394.17,3525.58,3568.21,3302.85,3447.7,207,62
20230316,196,89.05,88.98,90.51,87.96,89.12,108,33
20230316,197,415.17,427.93,439.3,405.93,422.08,292,68
20230316,198,384.38,393.52,410.85,372.0,390.19,187,66
20230316,199,1274.31,1274.38,1333.28,1232.33,1278.58,107,28
20230316,200,129.18,129.52,133.59,126.05,129.59,139,27
20230317,1,104.7,108.88,111.95,102.11,106.91,256,56
20230317,2,78.63,78.59,80.01,77.42,78.66,126,50
20230317,3,253.33,421.62,438.9,250.91,341.19,149,44
20230317,4,11233.02,11239.98,11447.95,11155.5,11269.11,110,33
20230317,5,88.89,91.16,91.72,88.87,90.16,197,47
20230317,6,22.41,21.86,22.99,21.57,22.21,286,63
20230317,7,663.58,674.41,686.92,642.15,666.77,261,47
20230317,8,2.65,2.69,2.7,2.52,2.64,227,66
20230317,9,10550.13,11089.51,11169.37,10411.83,10805.21,321,53
20230317,10,34.12,37.4,37.52,33.11,35.54,106,31
20230317,11,60.43,60.4,63.35,59.94,61.03,254,49
20230317,12,724.79,717.94,742.2,714.56,724.87,103,20
20230317,13,1.72,1.64,1.81,1.59,1.69,196,53
20230317,14,107.95,104.8,110.63,103.5,106.72,240,45
20230317,15,9761.75,9392.19,10303.72,9167.95,9656.4,196,54
20230317,16,1.62,1.44,1.66,1.39,1.52,217,50
20230317,17,4709.23,4529.7,4744.36,4326.65,4577.49,206,63
20230317,18,245.7,250.02,252.3,241.95,247.49,184,63
20230317,19,4491.65,4517.8,4539.15,4373.57,4480.54,222,55
20230317,20,382.91,378.91,393.37,375.85,382.76,94,29
20230317,21,20.8,19.58,21.76,19.0,20.29,214,63
20230317,22,2350.62,2439.14,2477.3,2170.32,2359.34,203,62
20230317,23,831.29,838.88,854.81,790.38,828.84,130,54
20230317,24,92.22,90.44,95.31,84.66,90.66,216,72
20230317,25,87.37,79.43,88.89,77.23,83.23,158,27
20230317,26,53.43,52.31,55.85,52.26,53.46,261,42
20230317,27,37.43,37.66,38.92,35.7,37.43,307,54
20230317,28,14973.67,14933.0,15531.59,14310.1,14937.09,246,51
20230317,29,65.08,66.76,69.95,60.57,65.59,162,51
20230317,30,1439.49,1502.97,1556.6,1420.6,1479.91,136,41
20230317,31,221.24,222.83,227.43,218.1,222.4,146,38
20230317,32,236.68,387.41,395.35,232.24,312.92,160,42
20230317,33,46.84,45.86,48.31,43.79,46.2,169,51
20230317,34,18.01,17.25,18.06,16.9,17.55,187,68
20230317,35,103.83,104.69,106.67,100.36,103.88,265,57
20230317,36,146.89,149.04,150.2,144.46,147.65,143,39
20230317,37,12.57,12.9,13.05,12.19,12.68,226,45
20230317,38,155.85,273.91,280.83,154.39,216.24,183,61
20230317,39,117.81,178.56,180.73,115.11,148.05,204,59
20230317,40,29.93,49.09,50.05,28.74,39.45,142,32
20230317,41,11207.63,11159.46,11704.32,10922.06,11248.37,32,13
20230317,42,5076.23,5261.8,5355.61,4893.3,5146.74,279,72
20230317,43,4319.53,7365.27,7391.43,4270.24,5836.62,209,66
20230317,44,77.36,116.58,120.54,76.98,97.87,167,57
20230317,45,72.58,80.47,84.68,69.74,76.87,269,55
20230317,46,484.17,461.44,498.41,458.58,475.65,170,58
20230317,47,100.04,103.56,106.67,99.52,102.45,190,65
20230317,48,333.65,320.89,346.76,313.4,328.68,201,62
20230317,49,90.19,142.71,149.43,89.21,117.88,203,47
20230317,50,1064.08,1107.16,1135.35,1041.99,1087.14,181,53
20230317,51,919.1,910.39,947.38,893.78,917.66,247,49
20230317,52,69.83,73.01,74.11,68.93,71.47,179,51
20230317,53,2195.06,3608.67,3750.64,2109.4,2915.94,187,54
20230317,54,14.06,21.91,22.5,13.95,18.11,131,35
20230317,55,23.29,23.76,24.01,21.82,23.22,252,56
20230317,56,179.34,180.07,185.82,174.84,180.02,189,46
20230317,57,59.67,58.39,61.97,57.52,59.39,175,51
20230317,58,2.18,2.13,2.19,2.06,2.14,227,87
20230317,59,28113.24,28378.26,29314.74,27901.6,28426.96,303,56
20230317,60,2503.91,2409.29,2563.83,2289.7,2441.68,161,41
20230317,61,568.31,575.64,578.27,561.97,571.05,204,43
20230317,62,34.26,36.42,37.95,32.48,35.28,176,50
20230317,63,1403.57,1544.5,1614.49,1359.43,1480.5,294,57
20230317,64,5702.13,6035.7,6041.08,5540.56,5829.87,271,52
20230317,65,7.55,7.52,7.83,7.12,7.5,212,68
20230317,66,7938.78,7886.11,8071.28,7737.6,7908.44,179,58
20230317,67,86.99,84.92,89.41,81.49,85.7,145,47
20230317,68,109.88,108.12,112.67,100.85,107.88,280,50
20230317,69,13378.01,13615.01,13722.58,12906.46,13405.52,240,46
20230317,70,4.67,4.59,4.69,4.47,4.6,269,65
20230317,71,5139.91,5251.4,5361.86,5097.77,5212.73,273,77
20230317,72,13044.56,12409.9,13258.97,11893.37,12651.7,124,42
20230317,73,37.58,39.34,40.82,36.61,38.59,245,44
20230317,74,4.02,4.03,4.08,3.93,4.01,161,48
20230317,75,6281.26,6490.18,6584.48,6076.97,6358.22,290,51
20230317,76,31.63,31.09,31.81,30.25,31.19,299,57
20230317,77,15955.36,15491.42,16310.0,15308.76,15766.39,288,46
20230317,78,8.74,13.94,14.79,8.25,11.43,209,52
20230317,79,141.67,139.41,142.84,137.6,140.38,222,64
20230317,80,100.94,95.52,100.99,92.62,97.52,115,38
20230317,81,19.63,29.49,29.88,19.47,24.62,157,50
20230317,82,124.8,130.07,132.35,121.62,127.21,215,57
20230317,83,24.67,41.57,42.44,23.88,33.14,207,72
20230317,84,12.37,11.8,12.38,11.64,12.05,187,70
20230317,85,138.63,135.72,141.87,130.75,136.74,188,34
20230317,86,25900.86,26242.64,26830.45,25584.82,26139.69,212,67
20230317,87,533.0,930.15,1018.49,530.25,752.97,161,42
20230317,88,60.94,60.73,63.47,58.49,60.91,199,35
20230317,89,18.82,19.37,20.32,18.77,19.32,212,70
20230317,90,43.98,45.86,46.75,43.85,45.11,160,44
20230317,91,2855.98,3172.14,3255.3,2773.57,3014.24,100,29
20230317,92,30.27,29.37,31.42,29.06,30.03,289,53
20230317,93,110.86,109.28,116.06,106.76,110.74,316,65
20230317,94,944.53,929.93,962.64,916.7,938.45,107,30
20230317,95,728.2,735.68,763.61,713.08,735.15,199,48
20230317,96,568.35,893.08,897.53,542.47,725.36,183,44
20230317,97,29.94,30.64,31.43,28.66,30.17,187,55
20230317,98,3294.98,3294.94,3338.95,3272.99,3300.46,325,73
20230317,99,56.05,55.33,57.35,54.55,55.82,114,30
20230317,100,61.46,62.18,64.06,60.44,62.04,295,42
20230317,101,18.97,19.66,20.22,18.66,19.37,212,63
20230317,102,12.26,11.88,12.63,11.86,12.16,206,41
20230317,103,1376.07,1361.7,1409.39,1311.92,1364.77,126,24
20230317,104,571.99,546.55,574.52,535.23,557.07,149,47
20230317,105,7968.49,7911.15,8030.85,7622.12,7883.15,320,50
20230317,106,235.84,233.82,238.6,231.87,235.03,300,67
20230317,107,223.33,226.6,229.05,220.74,224.93,165,32
20230317,108,356.38,355.66,365.89,336.02,353.49,166,29
20230317,109,684.58,678.88,702.03,667.85,683.33,182,59
20230317,110,851.72,853.76,868.25,827.24,850.24,177,66
20230317,111,2.27,2.39,2.47,2.24,2.34,218,58
20230317,112,15910.51,14824.27,15995.83,14168.55,15224.79,308,63
20230317,113,7.41,7.26,7.43,7.15,7.31,214,61
20230317,114,990.04,1002.18,1031.35,968.46,998.01,315,55
20230317,115,4058.99,3949.35,4060.12,3673.54,3935.5,226,50
20230317,116,1178.58,1174.12,1187.84,1143.69,1171.06,143,43
20230317,117,6.91,6.85,7.21,6.65,6.9,220,57
20230317,118,16.97,17.09,17.31,15.83,16.8,230,71
20230317,119,81.88,80.57,83.04,78.54,81.01,182,59
20230317,120,544.24,539.81,574.87,529.25,547.04,305,57
20230317,121,2376.62,2239.75,2392.08,2165.46,2293.48,299,58
20230317,122,11535.24,11801.95,12134.65,11382.72,11713.64,279,56
20230317,123,3.89,3.61,3.92,3.59,3.75,324,55
20230317,124,23.34,22.93,23.51,22.21,23.0,174,57
20230317,125,298.72,302.29,312.13,296.99,302.53,103,33
20230317,126,84930.19,88286.77,90466.52,82342.68,86506.54,219,61
20230317,127,254.36,274.3,287.46,248.37,266.12,143,33
20230317,128,255.27,249.3,259.17,235.12,249.72,115,41
20230317,129,14737.73,14097.94,15155.32,13817.47,14452.12,152,51
20230317,130,153.5,154.47,164.41,149.83,155.55,249,44
20230317,131,270.88,281.84,294.56,270.53,279.45,257,47
20230317,132,4846.08,4983.1,5183.69,4789.11,4950.5,248,56
20230317,133,71.04,68.51,73.8,68.38,70.43,173,51
20230317,134,1545.18,1550.7,1558.95,1453.04,1526.97,223,61
20230317,135,618.77,628.28,650.96,609.64,626.92,145,34
20230317,136,276.19,285.06,300.82,264.23,281.57,205,45
20230317,137,164.4,172.68,176.98,154.05,167.03,131,38
20230317,138,2.57,2.51,2.65,2.49,2.55,274,65
20230317,139,7159.45,7391.4,7473.33,7142.22,7291.6,278,59
20230317,140,277.62,284.83,297.5,259.55,279.87,270,56
20230317,141,31.09,30.03,31.22,28.79,30.28,172,52
20230317,142,76.71,78.98,79.4,76.36,77.86,216,73
20230317,143,9702.98,9828.25,10046.33,9367.24,9736.2,288,73
20230317,144,3.52,3.41,3.62,3.39,3.49,225,70
20230317,145,1293.11,1361.5,1362.33,1235.01,1312.99,235,58
20230317,146,26306.72,26711.42,26890.92,26286.75,26548.95,235,63
20230317,147,612.67,634.36,695.93,611.81,638.69,68,19
20230317,148,150.44,156.37,163.69,150.0,155.12,292,58
20230317,149,2.18,2.17,2.22,2.01,2.15,276,57
20230317,150,4.52,4.57,4.58,4.43,4.53,311,57
20230317,151,18.6,17.37,19.86,17.22,18.26,264,60
20230317,152,18.36,30.68,31.78,16.94,24.44,204,66
20230317,153,64895.07,66482.61,66525.03,63864.99,65441.92,264,50
20230317,154,2145.96,2203.94,2236.79,2101.29,2172.0,140,19
20230317,155,64.42,62.14,66.53,61.95,63.76,238,46
20230317,156,116.39,119.19,119.19,111.89,116.66,247,41
20230317,157,1915.79,1977.26,2046.99,1848.56,1947.15,195,61
20230317,158,36.3,54.65,55.33,35.22,45.37,218,46
20230317,159,15775.81,16694.54,16966.76,15358.86,16198.99,174,68
20230317,160,64.22,64.31,65.1,62.7,64.08,271,53
20230317,161,15.87,15.31,15.92,15.21,15.58,271,42
20230317,162,105.79,109.39,110.45,105.18,107.7,164,49
20230317,163,164.26,160.26,168.57,153.72,161.7,264,56
20230317,164,62.86,57.96,63.43,56.27,60.13,179,44
20230317,165,53.49,53.74,55.81,51.83,53.72,258,47
20230317,166,31.6,31.79,32.21,29.97,31.4,197,69
20230317,167,0.91,1.6,1.65,0.9,1.27,216,56
20230317,168,45.65,45.94,46.51,45.36,45.86,242,63
20230317,169,57.85,58.68,59.22,57.44,58.3,231,49
20230317,170,3347.37,3340.92,3507.93,3273.85,3367.52,27,11
20230317,171,76.85,78.48,79.24,76.11,77.67,301,52
20230317,172,61.81,60.04,61.93,56.89,60.17,234,41
20230317,173,26.86,42.59,43.27,26.58,34.82,153,41
20230317,174,95.46,145.51,151.55,94.63,121.79,162,40
20230317,175,6064.47,6153.46,6228.94,6032.04,6119.73,176,47
20230317,176,49.27,49.47,49.94,49.0,49.42,191,54
20230317,177,79.49,78.06,81.67,72.42,77.91,233,53
20230317,178,381.71,373.72,388.62,355.11,374.79,143,36
20230317,179,5.68,6.03,6.05,5.48,5.81,207,48
20230317,180,515.29,489.19,546.15,469.09,504.93,152,30
20230317,181,45086.79,45588.95,46010.27,43293.2,44994.8,287,66
20230317,182,24.54,25.2,26.19,23.76,24.92,131,48
20230317,183,29.11,29.17,29.47,27.82,28.89,300,78
20230317,184,15.06,15.97,16.4,14.86,15.57,303,63
20230317,185,1697.0,1801.95,1853.65,1688.83,1760.36,195,57
20230317,186,62376.09,62970.01,65518.9,59048.43,62478.36,205,52
20230317,187,1323.07,1296.43,1336.85,1290.84,1311.8,224,63
20230317,188,389.95,667.99,686.87,382.48,531.82,194,67
20230317,189,4.31,4.46,4.76,4.2,4.43,212,63
20230317,190,5.57,5.5,5.57,5.35,5.5,231,49
20230317,191,20.04,19.66,20.83,19.57,20.02,132,37
20230317,192,3181.87,3071.68,3238.67,2995.68,3121.97,151,31
20230317,193,39.37,39.17,39.93,39.04,39.38,243,50
20230317,194,17.69,16.89,18.57,16.61,17.44,307,72
20230317,195,3525.58,3460.02,3606.19,3323.78,3478.89,218,44
20230317,196,88.98,80.07,89.86,77.7,84.16,121,28
20230317,197,427.93,435.68,437.12,422.11,430.71,293,65
20230317,198,393.52,411.48,433.66,373.54,403.05,228,69
20230317,199,1274.38,1285.14,1311.66,1256.56,1281.94,102,33
20230317,200,129.52,137.21,141.79,129.46,134.49,138,30
20230318,1,108.88,122.11,136.28,103.97,117.81,356,54
20230318,2,78.59,79.97,80.01,78.08,79.16,191,46
20230318,3,421.62,427.97,449.54,411.54,427.67,172,34
20230318,4,11239.98,11136.21,11590.12,11133.91,11275.06,172,30
20230318,5,91.16,100.98,104.11,90.14,96.6,298,45
20230318,6,21.86,23.99,24.96,21.03,22.96,433,61
20230318,7,674.41,763.55,775.3,671.79,721.26,351,54
20230318,8,2.69,2.78,3.0,2.55,2.76,289,49
20230318,9,11089.51,11965.68,12318.28,10989.54,11590.75,447,61
20230318,10,37.4,38.77,39.72,37.22,38.28,175,27
20230318,11,60.4,65.04,65.93,60.34,62.93,348,53
20230318,12,717.94,800.37,822.36,675.77,754.11,140,27
20230318,13,1.64,1.61,1.69,1.61,1.64,274,66
20230318,14,104.8,113.84,116.72,102.05,109.35,389,48
20230318,15,9392.19,10285.17,10454.73,8995.45,9781.89,293,65
20230318,16,1.44,1.44,1.45,1.37,1.43,273,55
20230318,17,4529.7,4639.3,4726.31,4526.25,4605.39,300,65
20230318,18,250.02,247.4,250.87,229.0,244.32,239,38
20230318,19,4517.8,4217.01,4696.54,4120.86,4388.05,327,49
20230318,20,378.91,394.65,409.8,370.63,388.5,150,27
20230318,21,19.58,19.85,20.11,19.57,19.78,268,67
20230318,22,2439.14,2491.11,2517.67,2378.61,2456.63,312,54
20230318,23,838.88,874.08,887.75,822.69,855.85,199,45
20230318,24,90.44,91.18,93.54,84.01,89.79,295,63
20230318,25,79.43,88.47,91.57,77.14,84.15,194,26
20230318,26,52.31,55.78,57.37,51.11,54.14,343,47
20230318,27,37.66,41.69,44.1,36.66,40.03,417,61
20230318,28,14933.0,16265.31,16656.73,14875.32,15682.59,346,60
20230318,29,66.76,63.34,68.61,62.65,65.34,266,54
20230318,30,1502.97,1594.65,1621.03,1481.16,1549.95,194,47
20230318,31,222.83,236.74,238.68,217.08,228.83,206,45
20230318,32,387.41,407.71,419.93,372.63,396.92,222,41
20230318,33,45.86,52.0,54.05,44.99,49.22,254,54
20230318,34,17.25,18.42,19.36,16.61,17.91,314,71
20230318,35,104.69,115.51,115.71,102.85,109.69,349,51
20230318,36,149.04,166.62,171.02,144.2,157.72,209,34
20230318,37,12.9,13.75,13.97,12.73,13.34,330,61
20230318,38,273.91,270.83,275.7,260.35,270.2,230,57
20230318,39,178.56,178.34,178.84,177.07,178.2,270,60
20230318,40,49.09,51.66,51.83,48.9,50.37,152,34
20230318,41,11159.46,10899.75,11770.08,10622.78,11113.02,49,19
20230318,42,5261.8,5983.92,6224.84,4940.68,5602.81,479,53
20230318,43,7365.27,7521.42,7522.54,7134.3,7385.88,289,64
20230318,44,116.58,118.89,119.08,116.57,117.78,245,49
20230318,45,80.47,81.97,83.55,79.61,81.4,443,48
20230318,46,461.44,481.8,497.65,442.97,470.96,264,57
20230318,47,103.56,105.1,106.04,100.8,103.88,319,66
20230318,48,320.89,357.17,363.55,316.09,339.42,285,58
20230318,49,142.71,148.43,158.46,141.66,147.82,244,49
20230318,50,1107.16,1106.27,1145.77,1085.45,1111.16,279,44
20230318,51,910.39,1024.51,1069.68,895.0,974.9,386,52
20230318,52,73.01,75.26,78.88,72.44,74.9,237,54
20230318,53,3608.67,3549.57,3711.26,3498.35,3591.96,253,51
20230318,54,21.91,22.57,22.8,20.97,22.07,204,36
20230318,55,23.76,27.12,27.37,22.02,25.07,344,47
20230318,56,180.07,178.0,181.59,172.65,178.08,236,49
20230318,57,58.39,59.3,61.21,54.23,58.28,239,53
20230318,58,2.13,2.05,2.17,1.95,2.08,285,55
20230318,59,28378.26,29579.21,30107.26,27720.18,28946.23,447,55
20230318,60,2409.29,2370.59,2491.77,2283.58,2388.81,233,50
20230318,61,575.64,602.28,608.24,560.97,586.78,283,33
20230318,62,36.42,36.33,37.41,36.07,36.56,257,44
20230318,63,1544.5,1795.75,1871.45,1537.55,1687.31,404,71
20230318,64,6035.7,6566.73,6871.91,5951.11,6356.36,353,55
20230318,65,7.52,7.79,7.86,7.29,7.61,290,68
20230318,66,7886.11,8202.22,8595.52,7839.39,8130.81,259,46
20230318,67,84.92,82.42,87.27,77.83,83.11,187,49
20230318,68,108.12,116.04,116.73,106.7,111.9,372,51
20230318,69,13615.01,14968.55,14970.26,13603.68,14289.38,335,36
20230318,70,4.59,4.91,4.95,4.49,4.73,434,50
20230318,71,5251.4,5945.29,6011.82,5186.85,5598.84,463,59
20230318,72,12409.9,13289.55,13507.69,11768.5,12743.91,179,42
20230318,73,39.34,41.94,42.56,38.19,40.51,329,51
20230318,74,4.03,4.11,4.25,3.92,4.08,212,56
20230318,75,6490.18,6958.6,7060.85,6290.09,6699.93,428,56
20230318,76,31.09,33.92,34.38,30.57,32.49,423,57
20230318,77,15491.42,16765.83,16894.35,15153.44,16076.26,418,67
20230318,78,13.94,13.87,14.05,13.3,13.79,278,71
20230318,79,139.41,143.85,144.63,135.72,140.9,296,61
20230318,80,95.52,100.27,102.43,91.88,97.53,136,30
20230318,81,29.49,30.59,31.82,29.16,30.27,259,51
20230318,82,130.07,132.46,132.48,129.93,131.23,301,61
20230318,83,41.57,43.58,45.49,41.19,42.96,297,59
20230318,84,11.8,11.58,12.31,11.37,11.77,288,58
20230318,85,135.72,144.48,149.08,135.28,141.14,302,41
20230318,86,26242.64,26061.94,26628.67,25939.27,26218.13,277,69
20230318,87,930.15,961.21,973.24,863.84,932.11,193,28
20230318,88,60.73,67.9,68.53,60.0,64.29,301,41
20230318,89,19.37,20.89,21.34,18.28,19.97,295,61
20230318,90,45.86,47.26,47.47,45.18,46.44,245,45
20230318,91,3172.14,3326.03,3381.0,3109.28,3247.11,141,34
20230318,92,29.37,33.46,35.12,28.64,31.65,399,62
20230318,93,109.28,118.76,120.32,106.05,113.61,409,63
20230318,94,929.93,946.63,967.69,915.45,939.93,136,33
20230318,95,735.68,842.66,843.6,727.59,787.38,277,42
20230318,96,893.08,926.43,928.24,881.5,907.31,250,38
20230318,97,30.64,32.06,32.71,30.05,31.36,256,52
20230318,98,3294.94,3675.46,3845.6,3290.89,3526.72,427,80
20230318,99,55.33,53.0,55.84,51.04,53.8,193,37
20230318,100,62.18,67.98,68.97,59.33,64.61,422,68
20230318,101,19.66,19.11,20.53,18.77,19.52,286,59
20230318,102,11.88,12.48,12.67,11.6,12.16,258,50
20230318,103,1361.7,1362.51,1369.48,1360.26,1363.49,146,33
20230318,104,546.55,565.58,583.02,536.9,558.01,203,42
20230318,105,7911.15,8418.91,8500.29,7625.77,8114.03,418,50
20230318,106,233.82,246.53,264.7,226.71,242.94,404,62
20230318,107,226.6,248.92,248.94,215.57,235.01,220,28
20230318,108,355.66,365.71,378.32,351.26,362.74,192,34
20230318,109,678.88,679.37,688.38,658.12,676.19,254,58
20230318,110,853.76,834.07,865.0,771.34,831.04,266,56
20230318,111,2.39,2.31,2.41,2.3,2.35,285,57
20230318,112,14824.27,16345.93,16521.05,14440.9,15533.04,388,63
20230318,113,7.26,7.83,7.95,7.23,7.57,315,53
20230318,114,1002.18,1051.24,1078.62,996.51,1032.14,414,63
20230318,115,3949.35,3941.52,4017.54,3933.58,3960.5,288,59
20230318,116,1174.12,1100.35,1174.66,1076.68,1131.45,187,40
20230318,117,6.85,6.78,7.11,6.61,6.84,282,60
20230318,118,17.09,17.38,17.42,16.07,16.99,354,56
20230318,119,80.57,82.55,82.71,77.69,80.88,243,50
20230318,120,539.81,546.75,564.12,535.38,546.51,410,62
20230318,121,2239.75,2497.43,2624.48,2201.21,2390.72,383,54
20230318,122,11801.95,12715.18,13137.5,11542.01,12299.16,340,48
20230318,123,3.61,3.82,3.96,3.5,3.72,423,65
20230318,124,22.93,23.75,24.78,22.24,23.42,284,44
20230318,125,302.29,312.1,315.39,292.68,305.62,142,36
20230318,126,88286.77,88533.65,91025.66,88109.25,88988.83,306,64
20230318,127,274.3,294.69,301.51,261.4,282.97,237,36
20230318,128,249.3,251.75,254.18,244.17,249.85,131,38
20230318,129,14097.94,13875.04,14317.37,13753.77,14011.03,200,45
20230318,130,154.47,170.1,173.76,152.68,162.75,334,44
20230318,131,281.84,306.84,316.42,278.41,295.88,349,39
20230318,132,4983.1,5491.71,5597.27,4890.3,5240.59,355,46
20230318,133,68.51,70.65,71.3,67.57,69.51,220,46
20230318,134,1550.7,1666.05,1678.16,1549.81,1611.18,304,66
20230318,135,628.28,667.26,672.33,591.69,639.89,209,38
20230318,136,285.06,306.64,316.06,277.67,296.36,242,53
20230318,137,172.68,171.24,172.71,159.04,168.92,193,47
20230318,138,2.51,2.55,2.66,2.42,2.53,435,63
20230318,139,7391.4,8563.79,8649.17,7235.14,7959.88,404,61
20230318,140,284.83,307.17,310.81,277.11,294.98,333,53
20230318,141,30.03,31.01,31.39,29.83,30.57,245,46
20230318,142,78.98,75.9,80.19,71.63,76.68,284,65
20230318,143,9828.25,11207.64,11756.28,9419.36,10552.88,437,56
20230318,144,3.41,3.73,3.77,3.3,3.55,287,65
20230318,145,1361.5,1592.74,1601.21,1269.58,1456.26,380,59
20230318,146,26711.42,26820.4,27373.15,25792.46,26674.36,322,60
20230318,147,634.36,667.3,686.13,622.32,652.52,104,18
20230318,148,156.37,170.1,176.45,149.49,163.1,461,58
20230318,149,2.17,2.45,2.46,2.1,2.29,405,68
20230318,150,4.57,4.92,5.25,4.54,4.82,455,64
20230318,151,17.37,20.13,21.13,17.21,18.96,374,50
20230318,152,30.68,30.84,30.93,29.98,30.61,308,69
20230318,153,66482.61,70545.74,72086.45,63944.12,68264.73,372,44
20230318,154,2203.94,2362.54,2385.69,2161.17,2278.34,179,38
20230318,155,62.14,64.25,64.93,61.12,63.11,294,72
20230318,156,119.19,129.1,130.87,117.64,124.2,364,51
20230318,157,1977.26,2025.27,2054.15,1874.37,1982.76,309,78
20230318,158,54.65,54.65,55.62,52.67,54.4,299,62
20230318,159,16694.54,17613.79,18502.75,16402.35,17303.36,302,44
20230318,160,64.31,72.45,73.5,63.75,68.5,384,70
20230318,161,15.31,17.25,17.84,14.64,16.26,369,52
20230318,162,109.39,121.67,123.25,107.62,115.48,239,62
20230318,163,160.26,186.42,189.48,154.18,172.58,353,49
20230318,164,57.96,62.66,63.39,54.92,59.73,250,55
20230318,165,53.74,58.51,60.79,52.83,56.47,342,55
20230318,166,31.79,30.5,32.43,30.09,31.2,239,57
20230318,167,1.6,1.6,1.61,1.52,1.58,347,42
20230318,168,45.94,49.82,50.64,44.37,47.69,436,63
20230318,169,58.68,62.47,63.9,58.43,60.87,338,44
20230318,170,3340.92,3082.26,3538.5,2993.49,3238.79,57,7
20230318,171,78.48,87.26,87.35,77.58,82.67,451,63
20230318,172,60.04,62.89,63.04,58.7,61.17,346,49
20230318,173,42.59,44.15,45.31,40.52,43.14,185,40
20230318,174,145.51,154.3,158.2,141.28,149.82,207,43
20230318,175,6153.46,6016.82,6362.85,5963.68,6124.2,208,43
20230318,176,49.47,50.76,50.81,46.8,49.46,265,48
20230318,177,78.06,84.96,88.49,76.53,82.01,339,48
20230318,178,373.72,389.83,396.03,372.35,382.98,223,39
20230318,179,6.03,5.82,6.23,5.74,5.96,279,72
20230318,180,489.19,532.49,533.78,483.44,509.72,212,39
20230318,181,45588.95,50702.39,51909.5,43755.7,47989.14,457,67
20230318,182,25.2,25.07,25.88,24.83,25.24,206,43
20230318,183,29.17,29.55,29.81,27.96,29.12,426,70
20230318,184,15.97,18.02,18.04,15.74,16.94,420,66
20230318,185,1801.95,1759.18,1867.32,1746.79,1793.81,283,52
20230318,186,62970.01,63865.87,66097.69,61539.41,63618.25,281,52
20230318,187,1296.43,1350.8,1353.29,1290.3,1322.7,317,63
20230318,188,667.99,687.83,698.14,647.53,675.37,329,60
20230318,189,4.46,5.0,5.21,4.45,4.78,300,67
20230318,190,5.5,5.67,5.79,5.18,5.54,329,61
20230318,191,19.66,20.19,20.44,19.06,19.84,188,38
20230318,192,3071.68,3418.24,3516.08,2961.26,3241.82,222,23
20230318,193,39.17,42.65,43.05,38.6,40.87,353,58
20230318,194,16.89,19.38,19.55,16.55,18.09,444,51
20230318,195,3460.02,3566.58,3597.74,3301.52,3481.46,297,61
20230318,196,80.07,80.17,83.62,79.79,80.91,169,28
20230318,197,435.68,477.23,481.28,423.49,454.42,428,68
20230318,198,411.48,408.52,429.95,408.02,414.49,333,49
20230318,199,1285.14,1217.28,1309.99,1183.52,1248.98,138,38
20230318,200,137.21,154.99,157.14,132.87,145.55,205,32
20230319,1,122.11,121.33,126.08,119.48,122.25,363,52
20230319,2,79.97,80.21,81.51,78.37,80.02,228,44
20230319,3,427.97,426.68,443.89,407.56,426.53,199,45
20230319,4,11136.21,10896.88,11483.28,10797.28,11078.41,168,31
20230319,5,100.98,99.75,103.82,95.93,100.12,274,42
20230319,6,23.99,24.93,25.78,23.14,24.46,431,46
20230319,7,763.55,802.37,821.99,745.81,783.43,356,38
20230319,8,2.78,2.8,2.86,2.77,2.8,303,62
20230319,9,11965.68,11874.1,12376.19,11748.74,11991.18,421,63
20230319,10,38.77,36.35,39.74,35.54,37.6,127,35
20230319,11,65.04,66.64,68.1,62.7,65.62,331,57
20230319,12,800.37,805.98,859.74,795.91,815.5,144,26
20230319,13,1.61,1.58,1.61,1.49,1.58,290,47
20230319,14,113.84,115.44,116.36,109.26,113.72,341,55
20230319,15,10285.17,10160.62,10662.79,10118.96,10306.88,286,61
20230319,16,1.44,1.41,1.45,1.35,1.41,279,65
20230319,17,4639.3,4431.8,4690.59,4396.62,4539.58,311,55
20230319,18,247.4,252.28,262.24,243.11,251.26,270,52
20230319,19,4217.01,4238.39,4250.08,4113.65,4204.78,272,58
20230319,20,394.65,407.3,410.4,371.66,396.0,125,35
20230319,21,19.85,20.68,20.98,19.78,20.32,303,47
20230319,22,2491.11,2600.72,2623.01,2434.22,2537.26,305,60
20230319,23,874.08,848.89,882.77,842.96,862.18,208,49
20230319,24,91.18,91.8,92.7,90.08,91.44,291,46
20230319,25,88.47,91.75,95.74,85.93,90.47,222,40
20230319,26,55.78,55.7,55.86,53.05,55.1,343,55
20230319,27,41.69,43.33,43.92,38.32,41.81,416,62
20230319,28,16265.31,15556.06,16750.88,14937.83,15877.52,392,45
20230319,29,63.34,63.72,64.1,63.02,63.54,246,53
20230319,30,1594.65,1517.09,1621.43,1504.48,1559.41,184,37
20230319,31,236.74,232.38,239.36,221.59,232.52,185,35
20230319,32,407.71,409.57,420.03,398.14,408.86,225,48
20230319,33,52.0,54.53,54.86,49.31,52.67,249,60
20230319,34,18.42,18.73,19.47,18.22,18.71,263,55
20230319,35,115.51,115.1,116.94,114.37,115.48,347,37
20230319,36,166.62,162.29,169.35,153.57,162.96,203,27
20230319,37,13.75,13.44,14.05,13.4,13.66,375,43
20230319,38,270.83,282.77,286.88,264.43,276.23,268,59
20230319,39,178.34,183.82,184.39,175.28,180.46,291,79
20230319,40,51.66,51.77,53.09,51.14,51.92,200,46
20230319,41,10899.75,11399.94,11932.41,10771.22,11250.83,44,16
20230319,42,5983.92,5906.34,6211.63,5696.97,5949.71,429,42
20230319,43,7521.42,7490.42,7817.21,7488.61,7579.42,326,64
20230319,44,118.89,119.31,121.48,115.29,118.74,254,49
20230319,45,81.97,86.11,87.36,79.31,83.69,397,55
20230319,46,481.8,495.1,504.59,440.53,480.5,253,48
20230319,47,105.1,100.4,106.75,95.65,101.97,314,57
20230319,48,357.17,377.5,383.86,355.17,368.42,311,71
20230319,49,148.43,155.71,159.14,148.4,152.92,259,44
20230319,50,1106.27,1111.24,1121.21,1103.52,1110.56,247,58
20230319,51,1024.51,1007.09,1044.01,966.88,1010.62,315,52
20230319,52,75.26,78.65,81.51,74.87,77.58,253,58
20230319,53,3549.57,3838.15,3897.37,3547.16,3708.06,268,51
20230319,54,22.57,23.68,25.02,21.93,23.3,217,32
20230319,55,27.12,26.43,29.07,25.86,27.12,337,45
20230319,56,178.0,187.42,190.14,174.57,182.53,266,48
20230319,57,59.3,61.15,61.73,58.9,60.27,233,45
20230319,58,2.05,2.02,2.06,1.92,2.01,273,62
20230319,59,29579.21,31403.85,32898.96,28856.15,30684.54,412,63
20230319,60,2370.59,2455.05,2578.48,2288.53,2423.16,226,43
20230319,61,602.28,642.79,682.9,596.86,631.21,296,31
20230319,62,36.33,35.61,37.55,35.52,36.25,234,49
20230319,63,1795.75,1827.47,1943.67,1731.18,1824.52,425,62
20230319,64,6566.73,6434.86,6687.56,6334.67,6505.95,377,68
20230319,65,7.79,7.87,8.01,7.62,7.82,290,66
20230319,66,8202.22,8577.54,8653.85,7877.35,8327.74,254,64
20230319,67,82.42,79.28,84.96,76.58,80.81,188,39
20230319,68,116.04,112.96,117.33,110.49,114.21,326,54
20230319,69,14968.55,15391.6,15578.16,14650.75,15147.26,365,53
20230319,70,4.91,4.96,5.03,4.79,4.92,414,77
20230319,71,5945.29,6273.61,6355.94,5846.26,6105.28,423,69
20230319,72,13289.55,12904.38,13899.6,12272.81,13091.59,177,44
20230319,73,41.94,42.99,47.08,40.63,43.16,351,55
20230319,74,4.11,4.37,4.42,4.07,4.24,221,67
20230319,75,6958.6,7050.72,7100.27,6950.23,7014.95,422,48
20230319,76,33.92,33.18,35.51,33.18,33.95,420,55
20230319,77,16765.83,18909.22,19304.29,15527.59,17626.73,452,54
20230319,78,13.87,14.04,14.17,13.41,13.87,285,65
20230319,79,143.85,139.85,145.2,139.15,142.01,277,49
20230319,80,100.27,104.94,107.49,94.34,101.76,160,32
20230319,81,30.59,31.16,31.42,27.91,30.27,231,54
20230319,82,132.46,139.67,143.68,127.55,135.84,310,53
20230319,83,43.58,45.09,45.72,43.14,44.38,316,55
20230319,84,11.58,11.55,11.91,11.39,11.61,270,60
20230319,85,144.48,141.27,144.95,136.08,141.7,291,44
20230319,86,26061.94,26622.68,27341.12,25904.51,26482.56,294,67
20230319,87,961.21,938.49,994.67,926.56,955.23,191,30
20230319,88,67.9,70.48,72.75,65.2,69.08,292,52
20230319,89,20.89,20.5,21.0,19.71,20.53,287,59
20230319,90,47.26,49.07,49.89,45.97,48.05,257,53
20230319,91,3326.03,3282.43,3376.02,3229.32,3303.45,150,40
20230319,92,33.46,33.52,33.99,33.41,33.6,423,55
20230319,93,118.76,119.19,120.12,118.51,119.14,399,56
20230319,94,946.63,995.91,1023.09,940.48,976.53,167,36
20230319,95,842.66,829.76,849.33,795.49,829.31,286,42
20230319,96,926.43,952.87,982.34,886.37,937.0,236,45
20230319,97,32.06,31.9,32.87,31.49,32.08,282,58
20230319,98,3675.46,3691.7,3753.55,3579.53,3675.06,421,53
20230319,99,53.0,53.75,55.29,51.95,53.5,197,55
20230319,100,67.98,69.85,70.61,67.09,68.88,433,66
20230319,101,19.11,18.71,19.78,17.87,18.87,308,66
20230319,102,12.48,13.14,13.2,12.2,12.75,284,40
20230319,103,1362.51,1368.26,1371.45,1334.46,1359.17,153,31
20230319,104,565.58,592.0,604.0,560.67,580.56,184,40
20230319,105,8418.91,8452.56,8582.25,7875.27,8332.25,422,55
20230319,106,246.53,254.66,262.38,242.34,251.48,412,45
20230319,107,248.92,247.21,263.97,244.88,251.25,212,23
20230319,108,365.71,363.97,374.47,361.71,366.46,196,42
20230319,109,679.37,712.56,714.51,669.24,693.92,245,52
20230319,110,834.07,846.85,859.03,828.2,842.04,234,45
20230319,111,2.31,2.44,2.6,2.24,2.4,291,61
20230319,112,16345.93,16584.68,17070.93,16028.42,16507.49,416,61
20230319,113,7.83,7.54,8.0,7.41,7.69,300,69
20230319,114,1051.24,1062.07,1075.56,1033.02,1055.47,420,62
20230319,115,3941.52,3866.47,4029.68,3713.38,3887.76,324,48
20230319,116,1100.35,1149.38,1180.01,1097.64,1131.85,180,36
20230319,117,6.78,7.08,7.09,6.75,6.92,277,59
20230319,118,17.38,17.54,18.06,17.05,17.51,271,49
20230319,119,82.55,82.91,83.21,80.56,82.31,260,51
20230319,120,546.75,558.95,573.36,544.13,555.8,411,68
20230319,121,2497.43,2595.62,2610.9,2491.0,2548.74,414,63
20230319,122,12715.18,13376.7,13793.48,12701.76,13146.78,378,49
20230319,123,3.82,4.03,4.14,3.79,3.94,390,54
20230319,124,23.75,24.19,25.26,22.83,24.01,243,52
20230319,125,312.1,306.45,327.04,301.84,311.86,147,25
20230319,126,88533.65,91183.57,91810.07,85170.55,89174.46,289,66
20230319,127,294.69,311.8,319.08,286.94,303.12,219,34
20230319,128,251.75,265.2,265.7,242.3,256.24,150,34
20230319,129,13875.04,14894.99,14933.22,13825.29,14382.13,204,39
20230319,130,170.1,171.9,178.82,166.61,171.86,378,49
20230319,131,306.84,294.16,317.97,277.32,299.07,368,55
20230319,132,5491.71,5399.59,5516.71,5136.13,5386.03,346,43
20230319,133,70.65,76.48,77.56,69.71,73.6,244,69
20230319,134,1666.05,1573.79,1671.86,1485.8,1599.37,288,70
20230319,135,667.26,698.13,716.37,645.01,681.69,240,30
20230319,136,306.64,297.95,308.33,279.65,298.14,246,44
20230319,137,171.24,191.83,202.41,163.42,182.22,201,34
20230319,138,2.55,2.61,2.79,2.54,2.62,445,54
20230319,139,8563.79,8864.8,9122.78,8398.87,8737.56,409,60
20230319,140,307.17,329.11,334.37,302.18,318.21,357,48
20230319,141,31.01,31.29,32.94,30.92,31.54,242,41
20230319,142,75.9,75.09,77.03,74.18,75.55,301,52
20230319,143,11207.64,10822.45,11387.1,10593.35,11002.64,420,55
20230319,144,3.73,3.62,3.74,3.53,3.66,318,59
20230319,145,1592.74,1591.94,1622.09,1590.59,1599.34,319,53
20230319,146,26820.4,26314.66,28197.97,25207.98,26635.25,302,61
20230319,147,667.3,641.53,675.87,618.06,650.69,100,24
20230319,148,170.1,171.1,176.15,169.08,171.61,410,74
20230319,149,2.45,2.5,2.55,2.37,2.47,464,61
20230319,150,4.92,4.84,5.13,4.72,4.9,408,57
20230319,151,20.13,20.41,21.1,18.98,20.15,351,39
20230319,152,30.84,32.36,33.39,29.0,31.4,281,68
20230319,153,70545.74,67512.67,73553.23,66560.39,69543.01,347,57
20230319,154,2362.54,2482.95,2525.0,2243.17,2403.42,193,35
20230319,155,64.25,63.86,64.97,62.4,63.87,285,48
20230319,156,129.1,131.44,137.29,127.98,131.45,373,59
20230319,157,2025.27,2122.7,2179.48,2022.05,2087.38,257,70
20230319,158,54.65,57.32,57.98,52.84,55.7,279,77
20230319,159,17613.79,18180.89,18205.85,17160.93,17790.36,322,73
20230319,160,72.45,70.53,73.3,70.21,71.62,395,56
20230319,161,17.25,17.4,17.64,16.94,17.31,367,61
20230319,162,121.67,119.88,126.43,116.06,121.01,247,66
20230319,163,186.42,202.24,202.36,177.22,192.06,321,60
20230319,164,62.66,61.44,63.15,60.74,62.0,256,70
20230319,165,58.51,59.59,60.32,56.4,58.71,348,56
20230319,166,30.5,30.2,30.6,29.54,30.21,294,56
20230319,167,1.6,1.59,1.62,1.56,1.59,294,54
20230319,168,49.82,50.76,52.57,48.02,50.29,455,55
20230319,169,62.47,62.82,64.46,58.14,61.97,337,53
20230319,170,3082.26,3082.91,3220.56,3021.32,3101.76,44,9
20230319,171,87.26,85.01,87.36,83.52,85.79,440,53
20230319,172,62.89,64.01,64.65,62.65,63.55,360,42
20230319,173,44.15,46.11,47.3,42.44,45.0,188,36
20230319,174,154.3,151.48,154.97,144.78,151.38,185,38
20230319,175,6016.82,6271.36,6307.03,5947.25,6135.62,226,59
20230319,176,50.76,44.75,51.09,42.99,47.4,235,49
20230319,177,84.96,84.81,86.36,81.23,84.34,354,55
20230319,178,389.83,365.24,395.93,351.73,375.68,200,41
20230319,179,5.82,6.16,6.25,5.78,6.0,330,54
20230319,180,532.49,549.45,564.66,528.67,543.82,237,31
20230319,181,50702.39,48882.06,50707.56,48774.96,49766.74,392,58
20230319,182,25.07,25.24,26.15,24.48,25.23,190,35
20230319,183,29.55,30.98,32.0,28.58,30.28,435,63
20230319,184,18.02,18.75,19.16,17.9,18.46,405,62
20230319,185,1759.18,1789.51,1829.87,1732.27,1777.71,283,58
20230319,186,63865.87,59266.82,64885.08,56954.07,61242.96,291,52
20230319,187,1350.8,1322.06,1421.46,1289.77,1346.02,273,68
20230319,188,687.83,715.84,720.51,679.31,700.87,316,68
20230319,189,5.0,5.38,5.48,4.97,5.21,281,62
20230319,190,5.67,5.67,5.75,5.5,5.65,302,66
20230319,191,20.19,20.3,21.11,19.09,20.17,215,46
20230319,192,3418.24,3645.36,3784.93,3386.82,3558.84,196,30
20230319,193,42.65,43.33,44.48,40.86,42.83,354,48
20230319,194,19.38,19.16,20.5,18.68,19.43,414,62
20230319,195,3566.58,3607.62,3762.79,3550.14,3621.78,281,61
20230319,196,80.17,84.7,85.3,76.94,81.78,133,34
20230319,197,477.23,481.36,505.6,474.5,484.67,396,68
20230319,198,408.52,425.96,433.67,401.12,417.32,297,66
20230319,199,1217.28,1174.53,1222.39,1149.35,1190.89,173,30
20230319,200,154.99,151.91,155.4,148.97,152.82,212,34
20230320,1,121.33,106.55,124.72,102.4,113.75,262,54
20230320,2,80.21,75.87,84.11,74.08,78.57,137,46
20230320,3,426.68,421.84,457.37,390.75,424.16,161,37
20230320,4,10896.88,10744.61,11862.17,10695.43,11049.77,102,28
20230320,5,99.75,94.88,104.75,91.87,97.82,211,34
20230320,6,24.93,21.91,26.16,21.47,23.62,325,57
20230320,7,802.37,713.39,816.14,711.89,760.95,283,49
20230320,8,2.8,2.62,2.92,2.48,2.71,205,53
20230320,9,11874.1,11078.84,12447.48,10968.38,11592.2,299,71
20230320,10,36.35,36.34,39.48,36.26,37.11,98,33
20230320,11,66.64,58.9,67.23,58.68,62.86,270,39
20230320,12,805.98,763.54,831.85,747.07,787.11,111,22
20230320,13,1.58,1.5,1.61,1.46,1.54,211,65
20230320,14,115.44,105.99,115.7,102.81,109.99,263,46
20230320,15,10160.62,10249.93,10276.23,9988.92,10168.93,224,68
20230320,16,1.41,1.31,1.43,1.29,1.36,216,56
20230320,17,4431.8,4374.52,4468.47,4238.15,4378.24,229,60
20230320,18,252.28,217.78,259.06,217.17,236.57,199,53
20230320,19,4238.39,4299.54,4402.73,4163.17,4275.96,212,54
20230320,20,407.3,375.79,420.68,370.06,393.46,118,24
20230320,21,20.68,20.69,21.63,20.64,20.91,199,49
20230320,22,2600.72,2556.43,2631.63,2550.2,2584.75,225,55
20230320,23,848.89,849.09,906.78,829.48,858.56,130,39
20230320,24,91.8,90.51,92.51,85.31,90.03,203,76
20230320,25,91.75,82.26,93.96,79.82,86.95,145,29
20230320,26,55.7,49.25,55.77,47.48,52.05,250,47
20230320,27,43.33,38.52,43.68,36.17,40.43,262,59
20230320,28,15556.06,13337.37,16251.5,13058.05,14550.74,226,41
20230320,29,63.72,62.3,64.45,60.99,62.86,172,61
20230320,30,1517.09,1461.9,1554.23,1398.03,1482.81,134,43
20230320,31,232.38,217.51,237.34,211.38,224.65,146,36
20230320,32,409.57,382.5,426.36,375.62,398.51,188,51
20230320,33,54.53,49.99,54.84,48.8,52.04,189,43
20230320,34,18.73,15.88,19.16,15.11,17.22,235,57
20230320,35,115.1,102.24,119.27,100.96,109.39,241,53
20230320,36,162.29,146.65,168.16,145.31,155.6,148,27
20230320,37,13.44,10.73,13.77,10.73,12.17,247,55
20230320,38,282.77,281.68,305.19,268.92,284.64,171,45
20230320,39,183.82,178.21,188.26,173.0,180.82,201,55
20230320,40,51.77,49.16,52.11,48.89,50.48,159,38
20230320,41,11399.94,10716.02,11506.1,10423.02,11011.27,36,8
20230320,42,5906.34,5541.38,6000.25,5511.76,5739.93,294,62
20230320,43,7490.42,7117.33,7806.73,6931.17,7336.41,210,68
20230320,44,119.31,116.68,127.18,111.93,118.78,166,42
20230320,45,86.11,77.6,87.66,74.72,81.52,308,71
20230320,46,495.1,464.39,520.86,440.34,480.17,163,59
20230320,47,100.4,103.25,104.94,98.85,101.86,219,51
20230320,48,377.5,369.81,388.49,353.41,372.3,222,59
20230320,49,155.71,149.82,156.36,146.59,152.12,164,47
20230320,50,1111.24,1173.0,1203.58,1044.93,1133.19,177,62
20230320,51,1007.09,921.47,1010.24,904.32,960.78,233,53
20230320,52,78.65,70.84,80.39,68.8,74.67,171,61
20230320,53,3838.15,3728.42,3864.24,3621.32,3763.03,185,47
20230320,54,23.68,24.71,25.71,22.72,24.2,141,45
20230320,55,26.43,23.1,26.85,22.41,24.7,225,39
20230320,56,187.42,181.75,196.02,179.06,186.06,190,52
20230320,57,61.15,61.79,63.38,60.33,61.66,164,46
20230320,58,2.02,2.02,2.03,1.92,2.0,225,58
20230320,59,31403.85,28910.87,31405.29,27267.44,29746.86,307,63
20230320,60,2455.05,2440.28,2517.94,2395.43,2452.18,169,42
20230320,61,642.79,575.67,662.21,550.56,607.81,202,41
20230320,62,35.61,33.6,36.02,32.58,34.46,173,37
20230320,63,1827.47,1657.22,1863.94,1630.49,1744.78,304,51
20230320,64,6434.86,5675.66,6456.61,5554.41,6030.39,281,39
20230320,65,7.87,7.41,8.12,7.37,7.69,221,70
20230320,66,8577.54,8555.91,8861.45,8455.36,8612.56,173,63
20230320,67,79.28,76.01,80.21,75.22,77.68,155,36
20230320,68,112.96,109.12,116.96,109.07,112.03,227,58
20230320,69,15391.6,13828.03,15455.96,13748.09,14605.92,251,55
20230320,70,4.96,4.42,5.03,4.39,4.7,309,64
20230320,71,6273.61,5227.75,6526.15,5176.35,5800.97,302,56
20230320,72,12904.38,13347.16,13818.55,12498.09,13142.04,166,33
20230320,73,42.99,38.58,43.47,38.46,40.87,252,62
20230320,74,4.37,3.85,4.55,3.84,4.15,181,45
20230320,75,7050.72,6528.72,7262.6,6370.14,6803.04,254,75
20230320,76,33.18,29.79,34.41,29.42,31.7,295,55
20230320,77,18909.22,16311.48,19745.65,15673.13,17659.87,322,50
20230320,78,14.04,13.95,14.3,13.87,14.04,222,58
20230320,79,139.85,122.09,142.9,120.05,131.22,218,59
20230320,80,104.94,99.3,106.44,95.98,101.66,119,30
20230320,81,31.16,30.09,31.36,30.0,30.65,170,54
20230320,82,139.67,138.79,147.22,134.55,140.06,173,64
20230320,83,45.09,46.23,47.33,42.15,45.2,189,63
20230320,84,11.55,11.0,11.83,10.81,11.3,202,60
20230320,85,141.27,128.42,142.55,124.66,134.22,199,51
20230320,86,26622.68,28076.97,28740.6,25395.8,27209.01,195,54
20230320,87,938.49,923.62,968.57,902.62,933.33,157,34
20230320,88,70.48,63.7,72.98,61.63,67.2,196,40
20230320,89,20.5,18.85,20.66,18.37,19.59,204,76
20230320,90,49.07,50.76,51.99,47.23,49.76,163,53
20230320,91,3282.43,3085.06,3301.74,3043.18,3178.1,114,26
20230320,92,33.52,30.23,34.05,29.94,31.94,279,65
20230320,93,119.19,107.76,121.65,106.8,113.85,293,75
20230320,94,995.91,967.02,1047.67,945.21,988.95,114,27
20230320,95,829.76,732.8,837.1,730.74,782.6,203,45
20230320,96,952.87,932.25,1040.93,856.69,945.69,161,39
20230320,97,31.9,33.15,33.3,31.65,32.5,175,38
20230320,98,3691.7,3487.22,3785.93,3354.53,3579.85,292,59
20230320,99,53.75,51.5,56.3,51.23,53.2,135,37
20230320,100,69.85,61.96,72.43,59.93,66.04,299,65
20230320,101,18.71,17.56,18.82,17.17,18.06,223,58
20230320,102,13.14,14.07,14.42,13.1,13.68,170,49
20230320,103,1368.26,1329.81,1463.59,1299.42,1365.27,110,30
20230320,104,592.0,599.24,611.26,568.53,592.76,141,37
20230320,105,8452.56,7744.72,8538.09,7700.55,8108.98,324,66
20230320,106,254.66,240.91,264.03,240.48,250.02,302,64
20230320,107,247.21,219.47,253.18,214.29,233.54,187,41
20230320,108,363.97,312.22,377.76,295.8,337.44,153,26
20230320,109,712.56,746.28,776.12,685.45,730.1,173,45
20230320,110,846.85,863.42,864.61,817.76,848.16,169,43
20230320,111,2.44,2.37,2.56,2.26,2.41,234,64
20230320,112,16584.68,15714.49,16836.96,15516.88,16163.25,284,56
20230320,113,7.54,7.48,7.81,7.18,7.5,186,63
20230320,114,1062.07,1021.68,1069.23,1004.77,1039.44,292,67
20230320,115,3866.47,3803.87,4042.47,3764.35,3869.29,217,65
20230320,116,1149.38,1135.27,1168.82,1095.69,1137.29,137,41
20230320,117,7.08,6.94,7.28,6.77,7.02,191,65
20230320,118,17.54,16.7,17.83,16.19,17.07,208,58
20230320,119,82.91,78.44,83.42,76.75,80.38,192,45
20230320,120,558.95,494.06,596.08,485.96,533.76,279,50
20230320,121,2595.62,2341.32,2607.71,2302.13,2461.7,318,58
20230320,122,13376.7,11795.32,13878.5,11730.45,12695.24,241,59
20230320,123,4.03,3.68,4.09,3.67,3.86,302,62
20230320,124,24.19,23.95,24.44,23.59,24.04,163,46
20230320,125,306.45,297.19,306.59,283.39,298.41,109,37
20230320,126,91183.57,88080.48,94801.69,86737.95,90200.92,218,63
20230320,127,311.8,275.3,314.05,268.55,292.42,126,40
20230320,128,265.2,251.91,266.74,247.53,257.85,111,41
20230320,129,14894.99,13407.97,15038.7,13122.55,14116.05,145,36
20230320,130,171.9,153.2,174.91,147.54,161.89,273,53
20230320,131,294.16,253.01,302.91,249.27,274.84,263,50
20230320,132,5399.59,4835.46,5548.02,4726.88,5127.49,254,55
20230320,133,76.48,71.86,77.46,69.91,73.93,170,41
20230320,134,1573.79,1404.38,1631.33,1322.63,1483.03,211,57
20230320,135,698.13,657.61,719.63,645.4,680.2,138,31
20230320,136,297.95,283.39,309.95,269.13,290.11,151,49
20230320,137,191.83,196.66,202.82,189.03,195.08,123,42
20230320,138,2.61,2.29,2.75,2.18,2.46,284,60
20230320,139,8864.8,8420.46,9026.84,8218.28,8632.59,276,55
20230320,140,329.11,286.02,340.96,275.84,307.99,248,62
20230320,141,31.29,30.63,31.63,29.72,30.82,171,54
20230320,142,75.09,69.15,81.23,65.75,72.81,195,51
20230320,143,10822.45,10474.47,11132.38,10292.89,10680.55,307,73
20230320,144,3.62,3.46,3.78,3.41,3.57,228,67
20230320,145,1591.94,1470.66,1637.57,1453.83,1538.5,265,47
20230320,146,26314.66,25668.17,26520.54,25542.35,26011.43,214,57
20230320,147,641.53,619.3,647.19,616.38,631.1,72,23
20230320,148,171.1,155.07,172.61,151.16,162.49,284,57
20230320,149,2.5,2.34,2.54,2.19,2.39,308,58
20230320,150,4.84,4.46,4.92,4.37,4.64,290,50
20230320,151,20.41,18.38,21.3,17.56,19.41,263,56
20230320,152,32.36,31.91,33.39,30.75,32.1,203,57
20230320,153,67512.67,64878.5,68493.84,63562.41,66111.85,238,49
20230320,154,2482.95,2194.49,2490.78,2185.67,2338.47,131,31
20230320,155,63.86,57.41,65.2,54.54,60.25,179,53
20230320,156,131.44,114.48,131.57,105.26,120.69,234,45
20230320,157,2122.7,1952.53,2130.8,1797.64,2000.92,221,58
20230320,158,57.32,54.53,59.98,54.0,56.46,207,56
20230320,159,18180.89,16956.22,18798.89,16873.64,17702.41,206,61
20230320,160,70.53,62.85,70.94,61.84,66.54,316,55
20230320,161,17.4,15.76,17.67,15.29,16.53,215,54
20230320,162,119.88,116.49,121.11,114.2,117.92,169,45
20230320,163,202.24,175.8,202.61,174.3,188.74,266,47
20230320,164,61.44,60.69,65.75,60.56,62.11,194,45
20230320,165,59.59,54.0,60.48,52.9,56.74,254,61
20230320,166,30.2,31.74,33.06,30.14,31.28,207,59
20230320,167,1.59,1.6,1.67,1.53,1.6,198,69
20230320,168,50.76,45.1,51.98,43.59,47.86,306,41
20230320,169,62.82,58.09,64.42,54.79,60.03,237,53
20230320,170,3082.91,3002.62,3095.6,2982.09,3040.81,37,13
20230320,171,85.01,77.58,86.01,77.01,81.4,323,59
20230320,172,64.01,58.47,67.88,58.28,62.16,257,51
20230320,173,46.11,44.58,46.68,43.01,45.09,129,35
20230320,174,151.48,147.38,152.45,145.62,149.23,144,41
20230320,175,6271.36,5986.34,6607.18,5817.43,6170.58,183,60
20230320,176,44.75,42.17,45.22,41.67,43.45,182,61
20230320,177,84.81,71.89,86.22,67.88,77.7,256,47
20230320,178,365.24,344.05,372.94,334.83,354.26,137,36
20230320,179,6.16,5.96,6.22,5.91,6.06,189,56
20230320,180,549.45,504.26,551.21,491.84,524.19,176,21
20230320,181,48882.06,44905.54,50110.25,44839.7,47184.39,302,63
20230320,182,25.24,23.85,25.72,22.78,24.39,147,40
20230320,183,30.98,26.96,32.01,26.0,28.99,278,71
20230320,184,18.75,16.67,18.9,16.35,17.67,307,65
20230320,185,1789.51,1679.93,1861.33,1524.11,1713.72,241,66
20230320,186,59266.82,52675.26,61127.12,52065.94,56283.79,219,50
20230320,187,1322.06,1202.24,1343.85,1170.32,1259.62,227,53
20230320,188,715.84,725.03,726.99,703.19,717.76,218,56
20230320,189,5.38,5.45,5.63,5.27,5.43,203,75
20230320,190,5.67,5.58,5.77,5.16,5.54,219,68
20230320,191,20.3,19.81,22.26,18.68,20.26,116,25
20230320,192,3645.36,3148.29,3734.79,3137.74,3416.55,159,29
20230320,193,43.33,38.56,43.55,36.38,40.45,251,47
20230320,194,19.16,17.79,19.32,17.04,18.33,275,66
20230320,195,3607.62,3602.96,3684.15,3563.52,3614.56,192,51
20230320,196,84.7,83.74,88.64,81.1,84.55,98,31
20230320,197,481.36,443.41,489.83,429.32,460.98,285,68
20230320,198,425.96,439.4,466.88,419.92,438.04,198,54
20230320,199,1174.53,1136.24,1181.5,1114.16,1151.61,107,28
20230320,200,151.91,145.92,157.45,139.43,148.68,142,41
20230321,1,106.55,102.05,106.91,97.62,103.28,235,50
20230321,2,75.87,73.63,76.34,72.89,74.68,142,39
20230321,3,421.84,428.75,435.11,387.3,418.25,136,45
20230321,4,10744.61,10987.53,11300.41,10532.42,10891.24,98,41
20230321,5,94.88,94.57,95.89,91.26,94.15,202,40
20230321,6,21.91,21.88,22.3,21.44,21.88,292,74
20230321,7,713.39,762.54,772.35,701.84,737.53,239,59
20230321,8,2.62,2.58,2.62,2.55,2.59,225,53
20230321,9,11078.84,10694.05,11239.74,10629.9,10910.63,283,70
20230321,10,36.34,38.36,38.59,35.65,37.23,103,22
20230321,11,58.9,60.29,62.6,58.59,60.09,246,58
20230321,12,763.54,792.11,808.2,761.15,781.25,91,20
20230321,13,1.5,1.56,1.61,1.47,1.54,201,56
20230321,14,105.99,102.97,108.42,100.71,104.52,222,56
20230321,15,10249.93,10203.72,10504.12,10108.62,10266.6,212,52
20230321,16,1.31,1.28,1.31,1.27,1.29,213,66
20230321,17,4374.52,4439.95,4539.77,4289.41,4410.91,229,75
20230321,18,217.78,228.04,231.68,209.39,221.72,164,53
20230321,19,4299.54,4578.46,4681.65,4202.81,4440.61,211,60
20230321,20,375.79,379.18,388.06,362.25,376.32,121,28
20230321,21,20.69,21.72,22.13,20.51,21.26,197,70
20230321,22,2556.43,2461.91,2608.11,2414.93,2510.35,191,50
20230321,23,849.09,875.63,883.16,810.27,854.54,148,40
20230321,24,90.51,91.95,92.57,83.97,89.75,233,70
20230321,25,82.26,80.26,83.58,76.84,80.74,126,28
20230321,26,49.25,51.38,51.59,48.36,50.15,230,62
20230321,27,38.52,39.84,39.94,38.3,39.15,293,57
20230321,28,13337.37,13753.27,14185.08,13176.21,13612.98,250,37
20230321,29,62.3,62.26,63.42,62.19,62.54,158,52
20230321,30,1461.9,1506.78,1559.07,1450.77,1494.63,119,39
20230321,31,217.51,225.35,231.17,208.72,220.69,131,32
20230321,32,382.5,379.36,386.11,376.77,381.18,181,32
20230321,33,49.99,48.73,50.67,47.25,49.16,186,53
20230321,34,15.88,16.92,16.98,15.39,16.29,184,63
20230321,35,102.24,105.24,105.65,100.46,103.4,285,48
20230321,36,146.65,155.61,156.19,139.71,149.54,152,27
20230321,37,10.73,11.54,11.87,10.34,11.12,262,45
20230321,38,281.68,278.95,282.59,278.17,280.35,197,44
20230321,39,178.21,187.47,197.8,171.32,183.7,197,52
20230321,40,49.16,51.14,52.36,48.88,50.39,148,44
20230321,41,10716.02,9923.45,10843.72,9755.06,10309.56,39,8
20230321,42,5541.38,5390.8,5566.3,5205.0,5425.87,325,55
20230321,43,7117.33,7086.22,7368.08,6918.48,7122.53,215,74
20230321,44,116.68,119.92,122.91,115.61,118.78,172,52
20230321,45,77.6,70.57,79.26,68.62,74.01,316,57
20230321,46,464.39,471.39,479.64,437.6,463.25,161,49
20230321,47,103.25,109.16,110.76,101.55,106.18,206,69
20230321,48,369.81,332.34,382.92,330.7,353.94,215,63
20230321,49,149.82,152.28,162.11,144.6,152.2,182,41
20230321,50,1173.0,1205.79,1260.13,1155.72,1198.66,171,45
20230321,51,921.47,902.21,929.14,862.99,903.95,248,48
20230321,52,70.84,68.59,70.91,67.56,69.47,174,40
20230321,53,3728.42,3702.93,3932.73,3578.29,3735.59,171,47
20230321,54,24.71,23.29,25.91,22.92,24.21,149,46
20230321,55,23.1,23.27,23.79,22.7,23.21,274,43
20230321,56,181.75,185.3,186.68,178.43,183.04,183,48
20230321,57,61.79,59.1,62.12,58.28,60.32,160,68
20230321,58,2.02,2.13,2.15,1.88,2.04,213,56
20230321,59,28910.87,29009.77,29153.78,28204.9,28819.83,307,61
20230321,60,2440.28,2478.23,2484.6,2435.48,2459.65,204,55
20230321,61,575.67,570.58,579.3,562.05,571.9,210,47
20230321,62,33.6,35.6,35.83,32.66,34.42,163,47
20230321,63,1657.22,1729.84,1804.48,1635.93,1706.87,263,69
20230321,64,5675.66,5662.76,5813.05,5576.95,5682.11,231,48
20230321,65,7.41,7.63,7.85,7.35,7.56,219,65
20230321,66,8555.91,8624.55,8902.7,8486.86,8642.51,171,51
20230321,67,76.01,79.01,79.57,73.36,76.99,136,46
20230321,68,109.12,117.89,121.58,108.2,114.2,277,40
20230321,69,13828.03,13362.98,14064.08,13052.13,13576.8,260,56
20230321,70,4.42,4.4,4.46,4.38,4.41,295,54
20230321,71,5227.75,5141.68,5272.41,5037.61,5169.86,293,69
20230321,72,13347.16,13555.07,14226.98,13151.91,13570.28,148,43
20230321,73,38.58,38.94,39.63,36.59,38.44,231,52
20230321,74,3.85,3.87,3.93,3.79,3.86,183,61
20230321,75,6528.72,6894.69,7094.31,6202.0,6679.93,293,75
20230321,76,29.79,31.85,32.23,29.63,30.88,311,77
20230321,77,16311.48,16221.48,17160.68,15949.11,16410.69,310,51
20230321,78,13.95,13.52,14.81,12.11,13.6,197,70
20230321,79,122.09,138.91,143.47,120.55,131.25,233,75
20230321,80,99.3,103.87,107.29,94.87,101.33,116,32
20230321,81,30.09,30.54,32.12,30.05,30.7,180,46
20230321,82,138.79,139.46,144.98,138.11,140.34,207,57
20230321,83,46.23,45.29,46.35,43.71,45.4,216,60
20230321,84,11.0,10.89,11.22,10.77,10.97,218,58
20230321,85,128.42,132.75,135.25,126.24,130.67,205,45
20230321,86,28076.97,27289.95,30475.3,27223.55,28266.44,261,61
20230321,87,923.62,948.99,966.62,916.22,938.86,126,43
20230321,88,63.7,63.81,64.14,62.99,63.66,190,45
20230321,89,18.85,18.36,19.15,18.02,18.59,229,51
20230321,90,50.76,53.43,56.48,48.81,52.37,197,51
20230321,91,3085.06,3206.03,3235.66,2947.62,3118.59,97,27
20230321,92,30.23,30.75,32.25,28.02,30.31,293,56
20230321,93,107.76,111.25,112.77,104.44,109.05,282,68
20230321,94,967.02,910.16,978.11,893.71,937.25,119,20
20230321,95,732.8,723.89,736.62,700.4,723.43,203,38
20230321,96,932.25,902.39,998.01,878.28,927.73,166,63
20230321,97,33.15,33.45,33.66,32.14,33.1,203,54
20230321,98,3487.22,3507.42,3614.19,3414.16,3505.75,320,75
20230321,99,51.5,52.26,52.77,50.84,51.84,130,43
20230321,100,61.96,65.01,67.48,61.68,64.03,301,51
20230321,101,17.56,16.82,17.73,16.13,17.06,208,74
20230321,102,14.07,13.63,14.52,13.48,13.92,169,51
20230321,103,1329.81,1364.93,1396.28,1329.72,1355.19,111,28
20230321,104,599.24,609.37,614.84,577.36,600.2,141,59
20230321,105,7744.72,7364.05,7929.48,6824.7,7465.74,292,39
20230321,106,240.91,248.46,253.05,233.25,243.92,285,69
20230321,107,219.47,227.89,231.17,215.4,223.48,154,33
20230321,108,312.22,327.56,343.23,301.39,321.1,157,27
20230321,109,746.28,708.47,757.02,700.98,728.19,161,57
20230321,110,863.42,887.62,906.39,860.6,879.51,166,45
20230321,111,2.37,2.38,2.42,2.36,2.38,204,56
20230321,112,15714.49,15541.72,15942.77,15290.22,15622.3,326,46
20230321,113,7.48,7.99,8.32,7.12,7.73,214,59
20230321,114,1021.68,1033.52,1051.14,994.97,1025.33,285,62
20230321,115,3803.87,4196.96,4272.32,3695.46,3992.15,202,55
20230321,116,1135.27,1159.17,1163.73,1134.13,1148.07,144,47
20230321,117,6.94,7.03,7.19,6.71,6.97,227,71
20230321,118,16.7,17.46,17.9,16.34,17.1,196,57
20230321,119,78.44,82.26,86.12,78.21,81.26,168,46
20230321,120,494.06,523.07,537.33,490.52,511.24,292,47
20230321,121,2341.32,2335.73,2503.4,2280.08,2365.14,329,68
20230321,122,11795.32,11738.01,11879.24,11602.31,11753.72,264,41
20230321,123,3.68,3.56,3.69,3.44,3.59,315,62
20230321,124,23.95,21.98,25.41,21.72,23.27,173,47
20230321,125,297.19,300.37,312.0,296.74,301.58,105,31
20230321,126,88080.48,86766.02,90191.95,84577.03,87403.87,192,60
20230321,127,275.3,276.22,277.76,274.32,275.9,141,29
20230321,128,251.91,262.61,263.24,246.22,256.0,95,33
20230321,129,13407.97,13498.58,13761.84,13172.0,13460.1,148,37
20230321,130,153.2,160.76,165.98,152.64,158.14,226,47
20230321,131,253.01,247.0,262.34,245.45,251.95,256,54
20230321,132,4835.46,4733.01,4964.27,4586.32,4779.76,253,37
20230321,133,71.86,69.32,72.55,68.1,70.46,163,49
20230321,134,1404.38,1502.63,1571.41,1388.01,1466.61,201,75
20230321,135,657.61,671.82,689.59,648.44,666.87,143,32
20230321,136,283.39,277.99,292.42,270.39,281.05,191,49
20230321,137,196.66,189.77,201.64,186.32,193.6,153,47
20230321,138,2.29,2.49,2.55,2.26,2.4,306,56
20230321,139,8420.46,7942.16,8580.86,7799.17,8185.66,348,63
20230321,140,286.02,295.39,296.88,259.21,284.37,284,41
20230321,141,30.63,30.41,31.93,29.38,30.59,161,42
20230321,142,69.15,70.77,70.9,67.54,69.59,205,64
20230321,143,10474.47,10596.29,11267.29,10111.78,10612.46,292,50
20230321,144,3.46,3.57,3.62,3.34,3.5,218,65
20230321,145,1470.66,1459.77,1481.39,1459.13,1467.74,260,55
20230321,146,25668.17,26952.96,27656.06,25347.51,26406.18,205,58
20230321,147,619.3,632.71,635.59,586.02,618.41,78,18
20230321,148,155.07,169.75,172.84,154.44,163.02,324,41
20230321,149,2.34,2.19,2.39,2.16,2.27,312,56
20230321,150,4.46,4.2,4.52,4.1,4.32,310,43
20230321,151,18.38,19.06,19.42,17.63,18.62,256,37
20230321,152,31.91,32.01,32.34,30.92,31.79,198,76
20230321,153,64878.5,66544.55,66588.5,62258.88,65067.61,257,53
20230321,154,2194.49,2139.19,2235.97,2075.47,2161.28,141,30
20230321,155,57.41,59.35,59.35,55.49,57.9,218,66
20230321,156,114.48,117.26,121.96,111.93,116.41,260,42
20230321,157,1952.53,1915.37,2017.57,1845.01,1932.62,194,49
20230321,158,54.53,55.13,56.13,54.36,55.04,208,61
20230321,159,16956.22,16256.48,17655.14,15540.42,16602.06,220,76
20230321,160,62.85,63.58,64.3,61.73,63.12,289,47
20230321,161,15.76,16.72,16.77,15.46,16.18,239,56
20230321,162,116.49,111.64,120.1,110.82,114.76,183,56
20230321,163,175.8,168.27,184.6,164.62,173.32,244,50
20230321,164,60.69,62.58,64.78,58.28,61.58,169,46
20230321,165,54.0,52.51,56.94,52.19,53.91,222,48
20230321,166,31.74,33.42,34.04,31.65,32.71,215,58
20230321,167,1.6,1.63,1.65,1.48,1.59,209,65
20230321,168,45.1,45.24,46.27,44.09,45.17,269,61
20230321,169,58.09,60.41,62.88,56.62,59.5,242,38
20230321,170,3002.62,3124.9,3234.24,2995.02,3089.2,33,13
20230321,171,77.58,78.47,79.51,76.73,78.07,291,60
20230321,172,58.47,55.93,59.55,55.87,57.45,260,53
20230321,173,44.58,45.36,46.97,42.83,44.93,135,31
20230321,174,147.38,143.99,147.99,140.07,144.86,153,46
20230321,175,5986.34,5950.96,6043.46,5880.41,5965.29,184,58
20230321,176,42.17,43.46,44.82,41.35,42.95,178,60
20230321,177,71.89,77.3,80.81,70.59,75.15,251,51
20230321,178,344.05,346.53,362.85,339.94,348.34,145,43
20230321,179,5.96,5.65,6.33,5.55,5.87,193,47
20230321,180,504.26,522.28,535.25,472.93,508.68,142,29
20230321,181,44905.54,45873.76,45963.45,43575.5,45079.56,306,67
20230321,182,23.85,24.43,24.76,22.8,23.96,161,42
20230321,183,26.96,28.51,28.53,25.79,27.45,298,61
20230321,184,16.67,17.41,17.49,16.32,16.97,299,62
20230321,185,1679.93,1669.83,1688.83,1654.71,1673.33,241,64
20230321,186,52675.26,51172.98,53433.7,50487.91,51942.47,214,57
20230321,187,1202.24,1273.14,1312.85,1148.64,1234.22,206,56
20230321,188,725.03,725.31,734.9,723.1,727.08,218,63
20230321,189,5.45,5.32,5.82,5.09,5.42,214,53
20230321,190,5.58,5.34,5.89,5.24,5.51,197,57
20230321,191,19.81,20.8,21.61,19.33,20.39,139,33
20230321,192,3148.29,3197.12,3279.01,3026.34,3162.69,143,41
20230321,193,38.56,38.54,38.88,37.95,38.48,264,48
20230321,194,17.79,17.25,18.16,17.03,17.56,318,68
20230321,195,3602.96,3790.96,3834.73,3582.54,3702.8,219,64
20230321,196,83.74,84.77,85.43,83.43,84.34,101,27
20230321,197,443.41,456.09,469.01,423.95,448.12,315,58
20230321,198,439.4,404.47,440.39,386.59,417.71,214,69
20230321,199,1136.24,1179.9,1188.9,1133.37,1159.6,122,29
20230321,200,145.92,143.71,155.55,139.47,146.16,179,36
20230322,1,102.05,103.35,104.42,100.47,102.57,234,53
20230322,2,73.63,76.27,77.94,72.67,75.13,145,42
20230322,3,428.75,435.35,436.97,424.26,431.33,138,34
20230322,4,10987.53,10958.44,11219.01,10878.25,11010.8,131,26
20230322,5,94.57,94.52,97.04,92.19,94.58,172,50
20230322,6,21.88,21.22,23.12,20.32,21.64,285,63
20230322,7,762.54,746.11,768.54,718.22,748.85,240,33
20230322,8,2.58,2.71,2.77,2.54,2.65,196,64
20230322,9,10694.05,10552.86,10844.04,10200.1,10572.76,309,60
20230322,10,38.36,39.29,39.62,37.96,38.81,96,32
20230322,11,60.29,61.31,65.38,58.68,61.41,246,47
20230322,12,792.11,810.44,828.49,765.49,799.13,106,27
20230322,13,1.56,1.62,1.66,1.52,1.59,214,49
20230322,14,102.97,102.55,106.9,95.17,101.9,248,47
20230322,15,10203.72,10058.74,10441.06,9816.25,10129.94,223,61
20230322,16,1.28,1.39,1.43,1.27,1.35,222,54
20230322,17,4439.95,4093.69,4499.21,4011.26,4261.03,235,66
20230322,18,228.04,241.52,248.83,219.97,234.59,184,51
20230322,19,4578.46,4524.38,4638.98,4284.58,4506.6,219,63
20230322,20,379.18,381.23,384.14,368.85,378.35,93,29
20230322,21,21.72,21.84,21.93,21.38,21.72,216,73
20230322,22,2461.91,2453.56,2470.47,2299.9,2421.46,200,51
20230322,23,875.63,827.33,884.6,824.6,853.04,130,35
20230322,24,91.95,91.35,92.17,89.57,91.26,222,48
20230322,25,80.26,82.72,83.5,77.61,81.02,147,29
20230322,26,51.38,47.8,51.66,47.15,49.5,216,42
20230322,27,39.84,37.62,39.84,37.51,38.7,295,69
20230322,28,13753.27,14541.12,15318.08,13648.89,14315.34,242,58
20230322,29,62.26,66.38,68.42,61.13,64.55,177,52
20230322,30,1506.78,1548.54,1564.7,1500.97,1530.25,127,39
20230322,31,225.35,220.78,229.48,213.87,222.37,145,32
20230322,32,379.36,390.32,397.24,366.81,383.43,182,49
20230322,33,48.73,47.13,49.47,46.73,48.02,182,53
20230322,34,16.92,17.27,17.53,16.53,17.06,208,61
20230322,35,105.24,102.14,106.42,100.94,103.68,257,45
20230322,36,155.61,154.51,162.29,142.17,153.65,153,31
20230322,37,11.54,11.34,11.64,11.04,11.39,236,44
20230322,38,278.95,290.33,297.08,275.72,285.52,180,45
20230322,39,187.47,188.23,190.21,184.27,187.54,216,56
20230322,40,51.14,50.7,52.44,49.13,50.85,136,40
20230322,41,9923.45,10417.69,10544.04,9766.33,10162.88,36,5
20230322,42,5390.8,5265.37,5545.97,4995.53,5299.42,292,53
20230322,43,7086.22,7120.38,7204.43,6740.99,7038.0,207,73
20230322,44,119.92,118.33,122.69,111.02,117.99,160,52
20230322,45,70.57,72.71,77.1,68.4,72.2,259,57
20230322,46,471.39,490.75,510.66,457.24,482.51,168,44
20230322,47,109.16,116.18,124.57,109.04,114.73,190,71
20230322,48,332.34,340.4,349.96,330.51,338.3,198,54
20230322,49,152.28,141.44,164.27,138.53,149.13,196,48
20230322,50,1205.79,1176.75,1241.36,1172.24,1199.03,176,53
20230322,51,902.21,935.44,946.17,883.69,916.87,258,54
20230322,52,68.59,68.85,69.18,66.88,68.37,172,57
20230322,53,3702.93,3573.65,3801.08,3545.56,3655.81,164,46
20230322,54,23.29,23.84,24.18,23.28,23.65,145,38
20230322,55,23.27,23.87,24.12,23.08,23.58,226,50
20230322,56,185.3,181.15,189.63,177.07,183.29,169,53
20230322,57,59.1,58.88,59.29,58.07,58.83,167,49
20230322,58,2.13,2.07,2.16,2.06,2.1,225,50
20230322,59,29009.77,29469.42,29870.13,27525.05,28968.59,298,57
20230322,60,2478.23,2485.99,2524.61,2390.36,2469.8,203,48
20230322,61,570.58,548.21,572.73,533.02,556.13,190,46
20230322,62,35.6,36.11,37.67,33.7,35.77,195,44
20230322,63,1729.84,1667.77,1732.74,1625.5,1688.96,311,62
20230322,64,5662.76,6059.57,6228.39,5619.59,5892.58,238,54
20230322,65,7.63,7.84,7.85,7.49,7.7,216,54
20230322,66,8624.55,8418.59,8905.55,8368.94,8579.41,172,47
20230322,67,79.01,80.3,80.34,78.27,79.48,134,39
20230322,68,117.89,122.2,125.5,116.89,120.62,274,42
20230322,69,13362.98,13200.2,13601.84,12452.07,13154.27,247,48
20230322,70,4.4,4.51,4.63,4.38,4.48,304,65
20230322,71,5141.68,5526.07,5655.66,5123.73,5361.79,285,61
20230322,72,13555.07,13148.93,13926.46,13052.59,13420.76,143,38
20230322,73,38.94,41.08,41.6,37.62,39.81,258,41
20230322,74,3.87,4.23,4.29,3.82,4.05,189,67
20230322,75,6894.69,6862.29,7024.94,6824.53,6901.61,289,49
20230322,76,31.85,31.74,32.17,30.37,31.53,295,65
20230322,77,16221.48,16457.21,16486.42,15659.24,16206.09,323,59
20230322,78,13.52,13.48,14.22,13.34,13.64,203,57
20230322,79,138.91,137.25,143.01,135.42,138.65,190,54
20230322,80,103.87,107.76,111.8,102.85,106.57,121,32
20230322,81,30.54,29.83,30.73,28.58,29.92,188,61
20230322,82,139.46,137.45,144.59,134.5,139.0,211,68
20230322,83,45.29,44.89,46.67,42.24,44.77,216,64
20230322,84,10.89,10.37,10.99,10.1,10.59,219,58
20230322,85,132.75,136.05,137.26,125.07,132.78,211,42
20230322,86,27289.95,26767.22,28081.27,25754.66,26973.27,182,70
20230322,87,948.99,988.43,1010.93,899.36,961.93,158,32
20230322,88,63.81,63.37,65.7,60.8,63.42,205,47
20230322,89,18.36,18.4,18.4,17.87,18.26,210,73
20230322,90,53.43,51.06,53.65,48.49,51.66,164,54
20230322,91,3206.03,3232.43,3257.22,3163.43,3214.78,98,34
20230322,92,30.75,30.91,30.96,30.49,30.78,301,68
20230322,93,111.25,114.46,116.82,107.11,112.41,320,54
20230322,94,910.16,929.91,932.0,878.03,912.52,109,36
20230322,95,723.89,758.93,762.57,723.02,742.1,200,33
20230322,96,902.39,917.92,930.55,896.16,911.76,154,46
20230322,97,33.45,32.25,34.25,31.84,32.95,166,63
20230322,98,3507.42,3403.86,3655.8,3345.58,3478.16,285,64
20230322,99,52.26,53.56,54.11,52.01,52.99,150,28
20230322,100,65.01,63.86,66.8,62.48,64.54,316,54
20230322,101,16.82,17.66,18.11,16.07,17.16,229,67
20230322,102,13.63,14.07,14.39,13.51,13.9,183,58
20230322,103,1364.93,1417.69,1437.72,1349.88,1392.55,87,30
20230322,104,609.37,590.71,650.64,540.72,597.86,147,45
20230322,105,7364.05,7645.75,7684.45,7040.5,7433.69,319,68
20230322,106,248.46,249.29,249.63,238.33,246.43,300,75
20230322,107,227.89,223.34,234.52,220.12,226.47,160,30
20230322,108,327.56,331.75,333.57,324.69,329.39,140,29
20230322,109,708.47,730.74,757.34,687.42,720.99,181,45
20230322,110,887.62,876.06,888.79,852.95,876.36,149,42
20230322,111,2.38,2.38,2.47,2.34,2.4,195,63
20230322,112,15541.72,16334.02,17338.73,14782.43,15999.23,307,52
20230322,113,7.99,8.29,8.5,7.93,8.18,232,66
20230322,114,1033.52,1049.17,1056.93,1006.35,1036.49,293,50
20230322,115,4196.96,4231.94,4353.2,4012.23,4198.58,199,61
20230322,116,1159.17,1124.71,1168.75,1074.47,1131.77,149,39
20230322,117,7.03,6.89,7.08,6.8,6.95,188,46
20230322,118,17.46,16.47,17.59,16.35,16.97,213,63
20230322,119,82.26,81.8,83.24,75.6,80.73,200,48
20230322,120,523.07,542.01,545.66,508.59,529.83,289,76
20230322,121,2335.73,2326.08,2359.72,2246.13,2316.92,333,61
20230322,122,11738.01,11550.95,11797.82,10982.08,11517.21,258,51
20230322,123,3.56,3.62,3.66,3.39,3.56,278,49
20230322,124,21.98,23.91,24.37,20.97,22.81,143,48
20230322,125,300.37,310.43,320.34,285.32,304.11,103,33
20230322,126,86766.02,86591.51,91576.02,85432.53,87591.52,216,48
20230322,127,276.22,292.9,296.56,269.99,283.92,149,22
20230322,128,262.61,286.83,302.37,254.99,276.7,97,30
20230322,129,13498.58,13349.97,13609.84,13066.49,13381.22,131,40
20230322,130,160.76,158.94,172.38,154.58,161.66,236,56
20230322,131,247.0,252.73,253.33,242.29,248.84,270,60
20230322,132,4733.01,4641.47,4895.72,4280.54,4637.68,239,60
20230322,133,69.32,73.04,73.11,68.98,71.11,185,54
20230322,134,1502.63,1542.55,1550.18,1477.07,1518.1,234,59
20230322,135,671.82,670.8,674.15,638.05,663.7,149,42
20230322,136,277.99,272.93,282.1,269.69,275.68,197,50
20230322,137,189.77,185.5,195.35,178.71,187.33,143,36
20230322,138,2.49,2.31,2.49,2.25,2.39,291,62
20230322,139,7942.16,8379.66,8588.43,7817.73,8181.99,292,61
20230322,140,295.39,302.17,310.37,289.09,299.25,235,53
20230322,141,30.41,31.67,33.02,29.35,31.11,193,52
20230322,142,70.77,71.85,72.75,68.02,70.85,210,61
20230322,143,10596.29,9578.38,11076.61,9282.62,10133.47,312,63
20230322,144,3.57,3.48,3.6,3.35,3.5,194,57
20230322,145,1459.77,1449.25,1460.88,1371.7,1435.4,259,45
20230322,146,26952.96,25681.35,26963.0,25271.36,26217.17,202,59
20230322,147,632.71,594.82,657.73,593.92,619.8,68,17
20230322,148,169.75,164.32,175.53,161.46,167.77,272,64
20230322,149,2.19,2.19,2.2,2.13,2.18,294,56
20230322,150,4.2,4.28,4.6,4.13,4.3,274,61
20230322,151,19.06,19.56,19.76,18.75,19.28,243,55
20230322,152,32.01,33.58,33.85,31.14,32.64,196,47
20230322,153,66544.55,67568.3,69782.65,64062.12,66989.41,239,53
20230322,154,2139.19,2134.87,2239.25,2104.16,2154.37,139,23
20230322,155,59.35,65.24,67.55,56.4,62.13,209,70
20230322,156,117.26,113.41,120.83,110.43,115.48,245,49
20230322,157,1915.37,1769.61,1957.98,1703.04,1836.5,215,57
20230322,158,55.13,54.08,56.6,51.21,54.26,202,75
20230322,159,16256.48,17072.15,17123.3,16213.71,16666.41,192,81
20230322,160,63.58,63.54,65.11,63.21,63.86,331,60
20230322,161,16.72,16.4,17.74,15.91,16.69,247,53
20230322,162,111.64,109.49,117.58,104.82,110.88,185,59
20230322,163,168.27,161.82,173.58,156.68,165.09,268,41
20230322,164,62.58,59.02,64.1,55.55,60.31,168,46
20230322,165,52.51,54.85,56.82,52.38,54.14,264,41
20230322,166,33.42,33.5,35.55,32.56,33.76,210,60
20230322,167,1.63,1.71,1.73,1.54,1.65,210,57
20230322,168,45.24,44.7,46.95,44.34,45.31,303,54
20230322,169,60.41,60.87,60.88,60.18,60.58,235,40
20230322,170,3124.9,3142.27,3212.28,3095.02,3143.62,43,8
20230322,171,78.47,80.17,83.65,78.46,80.19,294,53
20230322,172,55.93,57.17,58.38,53.61,56.27,250,47
20230322,173,45.36,46.2,46.56,44.52,45.66,137,39
20230322,174,143.99,146.27,148.8,143.15,145.55,144,37
20230322,175,5950.96,5714.71,6249.28,5518.98,5858.48,191,63
20230322,176,43.46,45.78,46.46,42.27,44.49,163,49
20230322,177,77.3,77.8,79.55,75.64,77.57,247,56
20230322,178,346.53,340.44,348.1,333.35,342.1,154,41
20230322,179,5.65,5.84,6.05,5.4,5.73,223,52
20230322,180,522.28,529.92,534.35,500.81,521.84,146,23
20230322,181,45873.76,44675.65,46076.0,43514.74,45035.03,265,55
20230322,182,24.43,23.92,25.77,23.34,24.36,129,43
20230322,183,28.51,26.9,29.33,26.51,27.81,315,68
20230322,184,17.41,16.58,18.13,16.47,17.15,285,70
20230322,185,1669.83,1705.21,1772.37,1641.39,1697.2,223,58
20230322,186,51172.98,54866.06,56257.4,47938.54,52558.75,190,55
20230322,187,1273.14,1258.59,1288.59,1203.0,1255.83,209,67
20230322,188,725.31,752.96,760.71,720.2,739.8,227,61
20230322,189,5.32,5.2,5.45,5.12,5.28,203,62
20230322,190,5.34,5.3,5.43,5.24,5.32,201,58
20230322,191,20.8,20.86,20.94,20.41,20.75,137,36
20230322,192,3197.12,3275.62,3362.45,3147.44,3245.66,152,33
20230322,193,38.54,37.69,38.81,37.6,38.16,253,61
20230322,194,17.25,17.72,18.31,17.21,17.62,325,59
20230322,195,3790.96,3702.2,3865.21,3647.43,3751.45,205,72
20230322,196,84.77,82.91,88.93,82.65,84.81,110,32
20230322,197,456.09,454.44,486.15,435.89,458.15,295,73
20230322,198,404.47,404.36,417.01,402.16,407.0,216,65
20230322,199,1179.9,1264.79,1297.34,1122.38,1216.1,122,22
20230322,200,143.71,143.95,144.16,141.32,143.29,146,35
20230323,1,103.35,103.06,105.9,102.77,103.77,256,49
20230323,2,76.27,74.55,76.48,72.68,74.99,132,26
20230323,3,435.35,440.46,454.7,407.67,434.55,155,39
20230323,4,10958.44,10537.76,11170.85,10456.91,10780.99,99,28
20230323,5,94.52,91.43,99.21,88.06,93.3,216,46
20230323,6,21.22,21.35,21.46,20.79,21.2,278,59
20230323,7,746.11,723.8,771.3,706.16,736.84,236,53
20230323,8,2.71,2.7,2.75,2.67,2.71,212,63
20230323,9,10552.86,11324.85,11426.19,10361.0,10916.22,308,63
20230323,10,39.29,36.48,40.3,35.96,38.01,122,31
20230323,11,61.31,61.68,61.84,60.8,61.41,279,47
20230323,12,810.44,779.76,819.02,760.6,792.46,90,19
20230323,13,1.62,1.69,1.8,1.57,1.67,205,60
20230323,14,102.55,102.39,104.96,102.25,103.04,241,54
20230323,15,10058.74,9962.05,10179.56,9911.66,10028.0,204,74
20230323,16,1.39,1.39,1.43,1.35,1.39,206,79
20230323,17,4093.69,3997.55,4128.06,3983.39,4050.67,219,68
20230323,18,241.52,229.21,247.22,226.52,236.12,193,53
20230323,19,4524.38,4448.14,4638.08,4437.65,4512.06,202,63
20230323,20,381.23,371.49,389.6,355.68,374.5,107,31
20230323,21,21.84,21.6,22.6,20.87,21.73,185,59
20230323,22,2453.56,2262.6,2457.88,2182.82,2339.21,223,63
20230323,23,827.33,806.23,857.27,801.52,823.09,155,44
20230323,24,91.35,92.19,92.52,91.27,91.83,205,65
20230323,25,82.72,83.79,87.87,80.56,83.74,152,37
20230323,26,47.8,47.6,49.08,47.2,47.92,258,60
20230323,27,37.62,40.07,40.32,35.17,38.29,294,55
20230323,28,14541.12,13973.87,14614.75,12905.89,14008.91,262,53
20230323,29,66.38,65.73,68.77,61.87,65.69,166,60
20230323,30,1548.54,1434.97,1568.0,1427.36,1494.72,155,51
20230323,31,220.78,213.46,224.72,211.36,217.58,119,30
20230323,32,390.32,399.54,417.54,379.32,396.68,186,43
20230323,33,47.13,46.1,49.07,45.48,46.95,166,46
20230323,34,17.27,16.04,17.89,15.25,16.61,207,56
20230323,35,102.14,102.36,102.41,100.25,101.79,273,51
20230323,36,154.51,151.76,159.57,150.98,154.2,152,34
20230323,37,11.34,11.77,11.93,11.04,11.52,242,49
20230323,38,290.33,284.32,300.61,278.2,288.36,173,54
20230323,39,188.23,178.35,197.21,170.15,183.48,202,54
20230323,40,50.7,49.49,51.4,48.82,50.1,161,45
20230323,41,10417.69,10371.08,11272.84,10218.31,10569.98,37,12
20230323,42,5265.37,5204.41,5492.44,5144.62,5276.71,323,59
20230323,43,7120.38,7037.45,7397.96,7033.89,7147.42,201,61
20230323,44,118.33,114.18,119.1,112.09,115.93,162,45
20230323,45,72.71,71.89,77.51,71.61,73.43,284,59
20230323,46,490.75,481.86,492.2,460.44,481.31,163,47
20230323,47,116.18,110.43,120.45,101.97,112.26,209,57
20230323,48,340.4,338.59,345.76,334.27,339.75,208,53
20230323,49,141.44,137.29,149.76,133.07,140.39,153,59
20230323,50,1176.75,1167.6,1183.31,1142.12,1167.45,193,46
20230323,51,935.44,926.34,995.51,888.74,936.51,264,55
20230323,52,68.85,69.49,73.47,68.13,69.98,170,62
20230323,53,3573.65,3389.27,3643.27,3260.47,3466.67,163,46
20230323,54,23.84,22.86,24.69,22.07,23.36,132,40
20230323,55,23.87,23.05,24.47,22.99,23.59,256,61
20230323,56,181.15,172.34,187.14,165.13,176.44,191,54
20230323,57,58.88,56.48,60.85,55.08,57.82,187,41
20230323,58,2.07,2.11,2.16,1.99,2.08,226,62
20230323,59,29469.42,29334.5,29725.41,29172.04,29425.35,326,59
20230323,60,2485.99,2385.89,2486.32,2321.7,2419.97,184,41
20230323,61,548.21,552.81,568.48,527.43,549.23,226,46
20230323,62,36.11,36.06,36.88,35.97,36.26,179,43
20230323,63,1667.77,1616.41,1687.91,1584.49,1639.14,295,54
20230323,64,6059.57,6173.48,6334.7,5690.51,6064.56,238,51
20230323,65,7.84,7.41,8.22,7.15,7.66,205,58
20230323,66,8418.59,8104.94,8470.85,8021.62,8254.0,177,44
20230323,67,80.3,75.65,83.72,75.06,78.68,136,33
20230323,68,122.2,114.19,123.27,112.53,118.05,255,49
20230323,69,13200.2,12178.43,13476.87,11855.3,12677.7,229,33
20230323,70,4.51,4.29,4.67,4.1,4.39,334,59
20230323,71,5526.07,5420.54,5623.04,5389.15,5489.7,289,67
20230323,72,13148.93,12581.07,13383.94,12229.67,12835.9,147,41
20230323,73,41.08,39.91,42.86,39.82,40.92,263,52
20230323,74,4.23,4.13,4.26,4.02,4.16,183,64
20230323,75,6862.29,7031.86,7185.88,6582.47,6915.62,291,65
20230323,76,31.74,30.25,31.76,28.76,30.63,303,71
20230323,77,16457.21,15317.38,16583.2,15270.96,15907.19,303,58
20230323,78,13.48,12.91,14.03,12.48,13.23,209,57
20230323,79,137.25,136.1,144.69,132.11,137.54,218,60
20230323,80,107.76,108.12,108.89,107.68,108.11,114,33
20230323,81,29.83,29.62,29.99,28.36,29.45,155,49
20230323,82,137.45,138.83,142.07,135.24,138.4,220,51
20230323,83,44.89,43.64,45.22,42.57,44.08,203,60
20230323,84,10.37,10.05,11.01,9.9,10.34,210,66
20230323,85,136.05,138.6,145.23,133.09,138.24,221,44
20230323,86,26767.22,23309.81,26835.34,22743.65,24914.0,189,51
20230323,87,988.43,967.86,991.98,955.3,975.89,144,54
20230323,88,63.37,62.43,64.7,61.25,62.94,186,46
20230323,89,18.4,19.65,19.83,17.57,18.86,199,54
20230323,90,51.06,46.48,52.14,45.05,48.68,174,59
20230323,91,3232.43,3114.28,3264.99,3051.01,3165.68,118,33
20230323,92,30.91,29.2,31.05,28.85,30.0,298,65
20230323,93,114.46,107.05,116.5,105.18,110.8,279,67
20230323,94,929.91,910.79,941.34,880.84,915.72,105,29
20230323,95,758.93,749.17,809.36,732.63,762.52,214,36
20230323,96,917.92,923.91,932.55,897.84,918.05,193,59
20230323,97,32.25,30.96,34.21,30.69,32.03,184,46
20230323,98,3403.86,3371.39,3435.79,3146.71,3339.44,286,60
20230323,99,53.56,51.87,55.06,51.36,52.96,155,34
20230323,100,63.86,63.74,66.4,61.99,64.0,307,57
20230323,101,17.66,18.29,18.37,17.36,17.92,224,65
20230323,102,14.07,13.56,14.09,13.37,13.77,166,52
20230323,103,1417.69,1435.68,1455.19,1374.16,1420.68,127,35
20230323,104,590.71,551.58,605.19,549.92,574.35,139,41
20230323,105,7645.75,7623.12,7913.93,7263.69,7611.62,300,63
20230323,106,249.29,248.05,254.83,247.08,249.81,284,60
20230323,107,223.34,222.01,226.71,213.35,221.35,153,31
20230323,108,331.75,312.04,341.82,308.66,323.57,175,24
20230323,109,730.74,711.27,738.93,703.33,721.07,173,55
20230323,110,876.06,876.95,879.78,855.45,872.06,197,36
20230323,111,2.38,2.34,2.46,2.31,2.38,206,42
20230323,112,16334.02,15869.01,16557.9,15766.28,16131.8,310,61
20230323,113,8.29,8.48,8.63,8.26,8.41,208,53
20230323,114,1049.17,977.8,1055.53,968.49,1012.75,289,70
20230323,115,4231.94,4083.51,4256.6,4008.19,4145.06,217,52
20230323,116,1124.71,1023.1,1141.18,995.48,1071.12,156,31
20230323,117,6.89,6.88,6.9,6.82,6.87,201,62
20230323,118,16.47,16.55,16.75,16.04,16.45,213,53
20230323,119,81.8,88.09,88.75,81.22,84.96,200,50
20230323,120,542.01,551.27,554.49,537.96,546.43,274,51
20230323,121,2326.08,2294.43,2373.79,2289.61,2320.98,298,75
20230323,122,11550.95,11617.26,12573.6,11365.69,11776.87,238,42
20230323,123,3.62,3.52,3.66,3.48,3.57,287,66
20230323,124,23.91,23.72,24.32,23.63,23.9,195,45
20230323,125,310.43,304.55,311.54,296.31,305.71,118,42
20230323,126,86591.51,78120.36,88239.36,77487.79,82609.76,191,61
20230323,127,292.9,286.89,297.73,269.64,286.79,148,27
20230323,128,286.83,276.6,293.07,276.36,283.22,116,30
20230323,129,13349.97,14040.13,14623.08,13103.26,13779.11,155,45
20230323,130,158.94,153.95,160.01,153.64,156.64,255,45
20230323,131,252.73,238.38,262.44,231.79,246.33,258,43
20230323,132,4641.47,4578.7,4708.26,4395.28,4580.93,252,67
20230323,133,73.04,72.03,74.06,71.99,72.78,188,53
20230323,134,1542.55,1518.53,1579.76,1473.13,1528.49,220,69
20230323,135,670.8,629.56,705.22,608.94,653.63,168,41
20230323,136,272.93,265.93,273.69,258.84,267.85,184,57
20230323,137,185.5,178.41,191.95,176.01,182.97,135,46
20230323,138,2.31,2.27,2.42,2.23,2.31,270,74
20230323,139,8379.66,8331.62,8426.41,8237.15,8343.71,329,57
20230323,140,302.17,289.13,310.96,286.43,297.18,245,39
20230323,141,31.67,30.82,32.05,30.14,31.17,174,53
20230323,142,71.85,71.48,74.93,70.71,72.24,205,59
20230323,143,9578.38,9155.48,9617.68,8888.18,9309.93,298,75
20230323,144,3.48,3.77,3.84,3.4,3.62,225,61
20230323,145,1449.25,1430.9,1455.18,1418.81,1438.54,261,47
20230323,146,25681.35,23821.33,25932.15,23741.66,24794.12,210,67
20230323,147,594.82,566.89,602.62,566.18,582.63,70,28
20230323,148,164.32,155.9,166.22,150.88,159.33,302,45
20230323,149,2.19,2.07,2.24,2.01,2.13,327,74
20230323,150,4.28,4.32,4.4,4.06,4.27,266,60
20230323,151,19.56,18.55,19.96,18.47,19.13,232,53
20230323,152,33.58,32.32,34.14,30.94,32.74,228,54
20230323,153,67568.3,67929.02,69467.33,65706.42,67667.77,265,50
20230323,154,2134.87,2059.13,2226.26,1995.85,2104.03,136,41
20230323,155,65.24,65.69,66.03,64.11,65.27,195,53
20230323,156,113.41,106.79,118.02,102.07,110.07,238,44
20230323,157,1769.61,1719.45,1829.7,1708.25,1756.75,202,55
20230323,158,54.08,51.8,56.3,50.0,53.04,203,65
20230323,159,17072.15,16971.15,17407.99,16597.53,17012.2,188,63
20230323,160,63.54,59.29,64.72,56.49,61.01,291,68
20230323,161,16.4,17.04,17.08,16.11,16.66,214,57
20230323,162,109.49,100.69,111.4,99.1,105.17,201,48
20230323,163,161.82,167.68,168.56,151.71,162.44,247,53
20230323,164,59.02,58.99,62.66,57.58,59.56,188,51
20230323,165,54.85,53.85,55.79,53.04,54.38,246,51
20230323,166,33.5,32.94,35.76,31.95,33.54,206,49
20230323,167,1.71,1.75,1.78,1.65,1.72,215,56
20230323,168,44.7,46.91,47.02,43.23,45.47,299,70
20230323,169,60.87,58.81,61.68,56.66,59.51,230,56
20230323,170,3142.27,3072.43,3164.79,3001.14,3095.16,40,13
20230323,171,80.17,76.96,80.29,75.03,78.11,308,53
20230323,172,57.17,54.59,59.67,52.32,55.94,253,52
20230323,173,46.2,45.27,48.99,44.81,46.32,139,33
20230323,174,146.27,143.52,146.3,140.99,144.27,128,45
20230323,175,5714.71,5249.47,5731.87,5042.69,5434.69,165,55
20230323,176,45.78,45.99,46.22,44.53,45.63,185,42
20230323,177,77.8,76.93,79.22,75.24,77.3,261,49
20230323,178,340.44,328.27,344.28,316.33,332.33,141,28
20230323,179,5.84,5.56,6.06,5.39,5.71,211,65
20230323,180,529.92,517.99,569.51,516.17,533.4,145,44
20230323,181,44675.65,45907.51,46141.17,44283.0,45251.83,299,59
20230323,182,23.92,23.55,24.98,23.29,23.93,159,34
20230323,183,26.9,27.01,27.33,26.56,26.95,266,60
20230323,184,16.58,15.86,16.79,15.62,16.21,282,49
20230323,185,1705.21,1671.72,1787.1,1581.02,1686.26,201,70
20230323,186,54866.06,55988.13,57167.45,53138.34,55289.99,206,53
20230323,187,1258.59,1172.24,1296.69,1160.26,1221.95,210,61
20230323,188,752.96,736.79,757.48,723.25,742.62,194,63
20230323,189,5.2,5.11,5.31,4.87,5.12,206,55
20230323,190,5.3,5.16,5.37,4.93,5.19,211,57
20230323,191,20.86,20.84,21.51,20.39,20.9,141,48
20230323,192,3275.62,3191.07,3390.61,3153.16,3252.62,127,37
20230323,193,37.69,36.31,38.6,34.76,36.84,262,38
20230323,194,17.72,16.78,18.31,16.28,17.27,314,71
20230323,195,3702.2,3596.76,3784.68,3508.23,3647.97,216,66
20230323,196,82.91,85.02,87.99,80.99,84.23,97,36
20230323,197,454.44,452.4,466.41,441.55,453.7,288,67
20230323,198,404.36,390.32,406.76,389.3,397.69,209,68
20230323,199,1264.79,1229.63,1308.96,1217.68,1255.27,104,41
20230323,200,143.95,139.02,149.49,130.22,140.67,170,31
20230324,1,103.06,65.52,104.5,64.99,84.52,229,50
20230324,2,74.55,75.25,76.08,71.24,74.28,145,43
20230324,3,440.46,452.43,462.52,430.63,446.51,143,38
20230324,4,10537.76,11467.81,11668.74,10178.26,10963.14,110,28
20230324,5,91.43,57.98,93.25,56.43,74.77,209,40
20230324,6,21.35,14.09,22.42,13.67,17.89,305,61
20230324,7,723.8,480.08,738.56,478.29,605.18,272,56
20230324,8,2.7,2.66,2.71,2.66,2.68,214,55
20230324,9,11324.85,10875.11,11503.27,10297.8,11000.26,280,55
20230324,10,36.48,36.59,37.54,35.81,36.61,114,34
20230324,11,61.68,44.15,62.79,41.88,52.62,229,61
20230324,12,779.76,515.42,796.49,504.45,649.03,91,21
20230324,13,1.69,1.65,1.71,1.64,1.67,199,60
20230324,14,102.39,66.16,102.72,65.09,84.09,230,49
20230324,15,9962.05,9502.96,10188.09,9223.94,9719.26,226,55
20230324,16,1.39,1.45,1.52,1.35,1.43,217,51
20230324,17,3997.55,4182.29,4190.03,3950.68,4080.14,220,56
20230324,18,229.21,225.11,234.54,224.47,228.33,175,53
20230324,19,4448.14,3923.91,4462.41,3874.73,4177.3,196,57
20230324,20,371.49,380.09,385.44,356.08,373.27,96,28
20230324,21,21.6,21.38,21.64,21.12,21.44,222,67
20230324,22,2262.6,2220.38,2263.24,2198.34,2236.14,216,59
20230324,23,806.23,785.13,809.58,784.81,796.44,145,44
20230324,24,92.19,92.33,92.82,90.39,91.93,205,65
20230324,25,83.79,82.59,85.23,80.49,83.02,131,33
20230324,26,47.6,50.67,52.58,45.31,49.04,260,60
20230324,27,40.07,40.89,41.51,39.55,40.5,268,58
20230324,28,13973.87,14057.96,14695.9,13398.83,14031.64,255,46
20230324,29,65.73,65.85,71.37,63.75,66.68,191,60
20230324,30,1434.97,1477.04,1564.44,1421.02,1474.37,133,41
20230324,31,213.46,215.33,221.4,207.78,214.49,165,45
20230324,32,399.54,384.24,404.91,373.96,390.66,181,56
20230324,33,46.1,51.14,54.0,43.52,48.69,182,52
20230324,34,16.04,17.15,17.38,14.97,16.39,209,50
20230324,35,102.36,65.55,103.0,65.49,84.1,232,54
20230324,36,151.76,93.13,152.87,92.03,122.45,145,26
20230324,37,11.77,11.97,12.4,11.77,11.98,253,64
20230324,38,284.32,285.03,288.83,275.73,283.48,154,55
20230324,39,178.35,178.42,180.39,174.11,177.82,207,55
20230324,40,49.49,47.36,49.84,44.84,47.88,145,42
20230324,41,10371.08,10196.85,10410.99,9943.98,10230.73,39,12
20230324,42,5204.41,5227.12,5346.36,5143.09,5230.24,335,60
20230324,43,7037.45,7052.47,7075.53,6874.1,7009.89,210,58
20230324,44,114.18,114.52,119.3,113.67,115.42,173,64
20230324,45,71.89,72.0,72.64,68.23,71.19,311,65
20230324,46,481.86,516.48,527.24,473.82,499.85,158,50
20230324,47,110.43,109.33,112.85,103.35,108.99,213,55
20230324,48,338.59,331.83,355.24,308.97,333.66,244,62
20230324,49,137.29,132.9,139.11,129.15,134.61,196,42
20230324,50,1167.6,1140.96,1190.02,1078.25,1144.21,196,42
20230324,51,926.34,586.25,954.38,569.66,759.16,244,53
20230324,52,69.49,73.24,74.17,69.32,71.55,182,51
20230324,53,3389.27,3476.88,3493.74,3298.08,3414.49,179,46
20230324,54,22.86,23.76,24.88,22.8,23.57,141,45
20230324,55,23.05,15.69,23.07,15.43,19.31,235,48
20230324,56,172.34,169.16,173.46,168.74,170.92,184,41
20230324,57,56.48,56.43,58.24,56.24,56.85,174,60
20230324,58,2.11,2.23,2.27,2.06,2.16,209,62
20230324,59,29334.5,29396.27,30445.56,28926.77,29525.77,304,52
20230324,60,2385.89,2450.44,2478.88,2269.6,2396.2,146,53
20230324,61,552.81,581.17,581.75,542.53,564.56,203,39
20230324,62,36.06,37.82,39.26,33.95,36.77,160,48
20230324,63,1616.41,1639.26,1733.81,1445.94,1608.85,301,53
20230324,64,6173.48,6479.26,6520.19,6092.63,6316.39,255,48
20230324,65,7.41,7.39,7.58,7.33,7.43,211,73
20230324,66,8104.94,8154.44,8259.39,8007.18,8131.49,172,57
20230324,67,75.65,76.62,79.9,75.61,76.95,159,39
20230324,68,114.19,119.09,123.73,111.59,117.15,256,47
20230324,69,12178.43,11943.86,12655.9,11410.17,12047.09,246,47
20230324,70,4.29,2.6,4.37,2.59,3.46,290,51
20230324,71,5420.54,5591.6,5735.55,5250.51,5499.55,342,60
20230324,72,12581.07,12080.07,13764.34,11040.43,12366.48,143,35
20230324,73,39.91,24.79,41.57,23.97,32.56,266,43
20230324,74,4.13,4.43,4.51,4.07,4.28,177,55
20230324,75,7031.86,7145.99,7316.74,6952.6,7111.8,299,64
20230324,76,30.25,19.09,31.87,18.55,24.94,282,70
20230324,77,15317.38,13650.15,15561.35,13611.74,14535.15,317,65
20230324,78,12.91,13.21,13.32,12.9,13.09,223,63
20230324,79,136.1,143.41,151.19,132.34,140.76,203,57
20230324,80,108.12,111.31,118.26,107.58,111.32,107,31
20230324,81,29.62,30.11,30.67,28.62,29.76,157,52
20230324,82,138.83,137.72,140.83,127.79,136.29,204,66
20230324,83,43.64,43.4,43.65,42.83,43.38,200,58
20230324,84,10.05,9.77,10.22,9.49,9.88,231,58
20230324,85,138.6,88.85,147.86,88.35,115.92,215,38
20230324,86,23309.81,23897.37,24061.05,23036.33,23576.14,189,57
20230324,87,967.86,982.08,990.09,953.81,973.46,147,39
20230324,88,62.43,42.21,63.02,41.75,52.35,197,41
20230324,89,19.65,18.73,20.91,18.59,19.47,210,64
20230324,90,46.48,43.81,47.38,42.6,45.07,150,59
20230324,91,3114.28,3102.71,3194.61,3034.96,3111.64,108,24
20230324,92,29.2,18.05,29.47,17.65,23.59,282,81
20230324,93,107.05,68.95,111.27,65.28,88.14,277,63
20230324,94,910.79,878.33,918.42,832.63,885.04,113,31
20230324,95,749.17,520.37,765.67,507.99,635.8,198,43
20230324,96,923.91,908.48,925.29,901.71,914.85,198,64
20230324,97,30.96,33.34,33.83,30.25,32.1,164,50
20230324,98,3371.39,2262.82,3541.07,2193.86,2842.29,297,60
20230324,99,51.87,50.07,53.84,49.71,51.37,140,40
20230324,100,63.74,44.58,64.01,43.42,53.93,297,69
20230324,101,18.29,18.67,18.86,16.97,18.2,207,70
20230324,102,13.56,13.65,14.1,13.01,13.58,192,46
20230324,103,1435.68,1426.93,1456.15,1400.83,1429.9,100,26
20230324,104,551.58,572.08,586.9,547.31,564.47,138,42
20230324,105,7623.12,7755.96,8033.77,7417.59,7707.61,296,45
20230324,106,248.05,159.93,249.26,157.84,203.77,321,69
20230324,107,222.01,146.03,225.14,137.25,182.61,158,36
20230324,108,312.04,322.33,329.57,298.44,315.59,139,40
20230324,109,711.27,736.31,744.27,707.02,724.72,177,48
20230324,110,876.95,912.71,915.86,875.13,895.16,197,50
20230324,111,2.34,2.34,2.35,2.33,2.34,205,49
20230324,112,15869.01,15480.14,16052.21,15084.15,15621.38,298,55
20230324,113,8.48,8.24,8.69,8.1,8.38,248,50
20230324,114,977.8,949.36,1004.18,893.87,956.3,292,55
20230324,115,4083.51,4191.11,4339.48,3919.34,4133.36,249,42
20230324,116,1023.1,1006.0,1024.4,1000.34,1013.46,131,47
20230324,117,6.88,6.84,7.13,6.77,6.91,214,76
20230324,118,16.55,16.85,16.91,16.29,16.65,240,66
20230324,119,88.09,86.08,90.44,84.94,87.39,167,50
20230324,120,551.27,551.86,561.05,530.25,548.61,291,52
20230324,121,2294.43,2219.79,2367.3,2171.5,2263.25,311,64
20230324,122,11617.26,12015.59,12124.9,11268.54,11756.57,259,55
20230324,123,3.52,3.54,3.63,3.51,3.55,316,59
20230324,124,23.72,24.01,24.51,22.74,23.75,159,66
20230324,125,304.55,316.88,321.24,299.37,310.51,99,41
20230324,126,78120.36,80949.43,81265.21,77509.21,79461.05,220,54
20230324,127,286.89,184.29,294.21,180.23,236.41,153,26
20230324,128,276.6,271.93,281.14,271.62,275.32,109,36
20230324,129,14040.13,14900.88,15211.63,13659.25,14452.97,132,52
20230324,130,153.95,100.32,155.02,99.3,127.15,248,52
20230324,131,238.38,239.53,241.95,233.6,238.36,255,53
20230324,132,4578.7,3051.61,4696.1,3042.67,3842.27,251,50
20230324,133,72.03,73.52,74.37,70.69,72.65,158,47
20230324,134,1518.53,1525.87,1530.16,1474.01,1512.14,190,57
20230324,135,629.56,404.63,635.93,391.26,515.34,130,38
20230324,136,265.93,268.64,275.15,251.27,265.25,176,41
20230324,137,178.41,186.54,193.77,172.62,182.84,144,59
20230324,138,2.27,2.44,2.6,2.22,2.38,329,43
20230324,139,8331.62,7844.18,8518.03,7555.08,8062.23,345,65
20230324,140,289.13,201.86,297.32,197.92,246.56,275,55
20230324,141,30.82,30.84,32.7,30.78,31.28,184,61
20230324,142,71.48,73.99,74.15,68.71,72.08,237,67
20230324,143,9155.48,8864.19,9259.06,8584.84,8965.89,321,50
20230324,144,3.77,3.53,3.9,3.52,3.68,203,74
20230324,145,1430.9,1366.83,1439.93,1336.44,1393.52,262,44
20230324,146,23821.33,23718.59,24211.17,23295.83,23761.73,224,53
20230324,147,566.89,592.34,599.9,557.73,579.21,57,19
20230324,148,155.9,102.58,159.11,101.16,129.69,307,68
20230324,149,2.07,2.07,2.12,2.06,2.08,280,58
20230324,150,4.32,4.57,4.72,4.23,4.46,288,59
20230324,151,18.55,12.05,19.26,11.71,15.39,250,56
20230324,152,32.32,32.52,33.63,32.17,32.66,206,70
20230324,153,67929.02,74372.24,76547.17,66888.0,71434.11,273,44
20230324,154,2059.13,1337.17,2203.19,1293.13,1723.16,176,42
20230324,155,65.69,64.33,65.71,63.33,64.77,218,69
20230324,156,106.79,68.92,108.41,67.23,87.84,291,41
20230324,157,1719.45,1804.19,1886.23,1704.97,1778.71,213,58
20230324,158,51.8,52.78,55.92,51.45,52.99,201,57
20230324,159,16971.15,17242.43,17498.38,16430.9,17035.71,206,72
20230324,160,59.29,62.85,64.04,58.94,61.28,305,61
20230324,161,17.04,11.68,17.74,11.3,14.44,259,45
20230324,162,100.69,102.85,102.89,99.59,101.51,139,47
20230324,163,167.68,165.32,171.38,160.39,166.19,238,48
20230324,164,58.99,59.43,59.8,58.61,59.21,183,57
20230324,165,53.85,34.54,56.39,32.91,44.42,245,48
20230324,166,32.94,34.42,35.34,32.57,33.82,193,61
20230324,167,1.75,1.76,1.77,1.73,1.75,208,60
20230324,168,46.91,33.74,49.12,32.87,40.66,337,59
20230324,169,58.81,40.86,60.25,39.97,49.97,282,42
20230324,170,3072.43,2949.66,3175.11,2862.39,3014.9,42,12
20230324,171,76.96,49.46,78.97,48.92,63.58,292,61
20230324,172,54.59,31.86,54.79,30.81,43.01,244,45
20230324,173,45.27,42.93,47.3,41.59,44.27,146,40
20230324,174,143.52,144.39,144.76,141.38,143.51,132,52
20230324,175,5249.47,5096.27,5356.2,5052.86,5188.7,184,53
20230324,176,45.99,49.61,50.98,45.41,48.0,185,48
20230324,177,76.93,52.06,77.91,48.27,63.79,250,51
20230324,178,328.27,332.0,336.46,325.93,330.66,126,40
20230324,179,5.56,5.54,5.92,5.31,5.58,205,75
20230324,180,517.99,362.91,530.41,360.19,442.87,139,34
20230324,181,45907.51,48199.38,49755.17,44732.37,47148.61,304,60
20230324,182,23.55,22.67,23.91,21.98,23.03,144,40
20230324,183,27.01,25.95,27.9,25.81,26.67,306,66
20230324,184,15.86,10.18,16.36,10.17,13.14,309,58
20230324,185,1671.72,1757.32,1835.98,1661.33,1731.59,248,70
20230324,186,55988.13,55900.83,58148.98,55312.81,56337.69,227,56
20230324,187,1172.24,1224.77,1243.79,1130.47,1192.82,191,67
20230324,188,736.79,771.75,792.91,707.55,752.25,230,50
20230324,189,5.11,4.81,5.18,4.63,4.93,240,61
20230324,190,5.16,5.1,5.33,5.03,5.16,204,58
20230324,191,20.84,19.97,21.07,19.63,20.38,139,45
20230324,192,3191.07,2036.38,3226.6,1985.79,2609.96,166,27
20230324,193,36.31,23.22,38.44,23.11,30.27,232,69
20230324,194,16.78,16.86,17.34,16.31,16.83,308,61
20230324,195,3596.76,3683.1,3849.65,3535.79,3666.33,223,55
20230324,196,85.02,85.34,86.6,84.56,85.38,103,32
20230324,197,452.4,303.55,464.97,297.66,379.64,308,60
20230324,198,390.32,389.38,394.6,385.63,389.98,223,74
20230324,199,1229.63,1242.22,1252.39,1222.61,1236.71,118,28
20230324,200,139.02,89.29,139.1,86.3,113.43,154,26
20230325,1,65.52,72.65,73.36,65.48,69.25,376,39
20230325,2,75.25,77.77,80.98,73.63,76.91,199,36
20230325,3,452.43,441.22,461.56,439.94,448.79,203,37
20230325,4,11467.81,11700.71,11749.18,11318.73,11559.11,163,28
20230325,5,57.98,62.38,63.86,53.62,59.46,282,50
20230325,6,14.09,15.5,16.42,13.45,14.87,404,48
20230325,7,480.08,501.7,515.54,434.1,482.86,332,35
20230325,8,2.66,2.69,2.83,2.58,2.69,261,60
20230325,9,10875.11,12123.88,12402.29,10421.22,11455.62,465,64
20230325,10,36.59,37.64,37.9,34.88,36.75,136,34
20230325,11,44.15,45.33,47.86,44.11,45.36,351,54
20230325,12,515.42,574.22,582.13,509.35,545.28,147,21
20230325,13,1.65,1.78,1.83,1.61,1.72,294,48
20230325,14,66.16,72.19,72.49,65.51,69.09,325,50
20230325,15,9502.96,9719.59,9805.23,9176.84,9551.15,283,63
20230325,16,1.45,1.4,1.46,1.34,1.41,313,70
20230325,17,4182.29,4172.33,4286.76,3984.98,4156.59,286,43
20230325,18,225.11,235.41,243.12,223.54,231.79,251,52
20230325,19,3923.91,4328.34,4382.79,3844.89,4119.98,275,68
20230325,20,380.09,382.87,392.66,368.97,381.15,154,31
20230325,21,21.38,24.38,24.75,21.07,22.89,346,77
20230325,22,2220.38,2331.33,2498.77,2188.63,2309.78,288,68
20230325,23,785.13,768.91,801.61,760.91,779.14,182,42
20230325,24,92.33,97.01,100.42,90.44,95.05,269,64
20230325,25,82.59,87.23,89.59,82.06,85.37,189,24
20230325,26,50.67,57.48,61.5,48.64,54.57,341,48
20230325,27,40.89,42.63,42.8,40.12,41.61,431,67
20230325,28,14057.96,15033.5,15235.49,13528.86,14463.95,357,57
20230325,29,65.85,71.76,76.26,62.22,69.02,232,60
20230325,30,1477.04,1524.04,1537.02,1434.46,1493.14,202,37
20230325,31,215.33,238.06,238.63,215.23,226.81,196,43
20230325,32,384.24,386.74,401.03,354.82,381.71,261,54
20230325,33,51.14,49.62,52.63,48.89,50.57,233,44
20230325,34,17.15,17.63,18.34,16.73,17.46,301,52
20230325,35,65.55,80.12,88.73,64.89,74.82,326,49
20230325,36,93.13,106.52,107.38,91.67,99.68,188,28
20230325,37,11.97,13.85,14.33,11.9,13.01,335,49
20230325,38,285.03,300.97,301.21,280.7,291.98,251,61
20230325,39,178.42,180.51,188.14,171.57,179.66,304,57
20230325,40,47.36,52.65,53.32,45.7,49.76,204,36
20230325,41,10196.85,10626.65,10915.19,9958.45,10424.28,43,12
20230325,42,5227.12,6002.48,6004.18,5024.06,5564.46,397,53
20230325,43,7052.47,7420.32,7505.25,6794.58,7193.16,296,59
20230325,44,114.52,114.45,116.48,113.92,114.84,225,47
20230325,45,72.0,76.67,77.09,68.98,73.69,426,44
20230325,46,516.48,522.99,535.42,506.4,520.32,259,42
20230325,47,109.33,117.46,120.42,104.67,112.97,286,57
20230325,48,331.83,328.65,343.0,322.87,331.59,276,79
20230325,49,132.9,137.9,139.62,130.39,135.2,262,52
20230325,50,1140.96,1154.84,1189.45,1101.57,1146.71,259,45
20230325,51,586.25,608.53,631.21,569.7,598.92,354,42
20230325,52,73.24,73.89,76.27,71.28,73.67,251,45
20230325,53,3476.88,3695.83,3718.63,3352.27,3560.9,216,52
20230325,54,23.76,23.65,24.24,23.18,23.71,191,30
20230325,55,15.69,18.2,18.61,15.46,16.99,343,57
20230325,56,169.16,179.98,181.13,168.4,174.67,233,52
20230325,57,56.43,59.25,60.2,55.4,57.82,247,54
20230325,58,2.23,2.27,2.27,2.2,2.24,284,60
20230325,59,29396.27,30894.28,31316.54,28525.55,30033.16,430,77
20230325,60,2450.44,2449.93,2482.81,2418.23,2450.35,218,48
20230325,61,581.17,648.68,662.88,564.74,614.37,304,40
20230325,62,37.82,37.9,39.12,36.64,37.87,238,65
20230325,63,1639.26,1803.3,1876.45,1615.55,1733.64,400,64
20230325,64,6479.26,6821.1,6846.75,6389.89,6634.25,344,51
20230325,65,7.39,7.67,7.92,7.15,7.53,279,59
20230325,66,8154.44,8356.0,8631.74,7963.77,8276.49,249,41
20230325,67,76.62,74.66,77.56,71.78,75.16,198,38
20230325,68,119.09,130.64,136.04,118.39,126.04,340,52
20230325,69,11943.86,12615.29,12859.9,11907.34,12331.6,296,59
20230325,70,2.6,2.74,2.79,2.59,2.68,425,57
20230325,71,5591.6,6031.16,6131.45,5476.76,5807.74,430,57
20230325,72,12080.07,13654.95,14456.14,11708.03,12974.79,202,39
20230325,73,24.79,28.59,29.16,24.43,26.74,367,52
20230325,74,4.43,4.81,4.9,4.34,4.62,257,56
20230325,75,7145.99,7777.95,8058.45,7094.58,7519.24,422,56
20230325,76,19.09,21.73,22.94,18.45,20.55,423,61
20230325,77,13650.15,16333.44,16809.05,13341.63,15033.57,404,62
20230325,78,13.21,13.38,14.28,12.9,13.44,311,69
20230325,79,143.41,151.84,154.13,129.05,144.61,290,56
20230325,80,111.31,119.24,122.14,110.63,115.83,160,32
20230325,81,30.11,31.33,32.2,29.16,30.7,216,44
20230325,82,137.72,146.92,148.86,135.62,142.28,321,64
20230325,83,43.4,44.74,46.16,41.32,43.91,324,66
20230325,84,9.77,10.92,11.32,9.47,10.37,332,56
20230325,85,88.85,97.24,97.98,87.13,92.8,295,39
20230325,86,23897.37,26602.89,27453.9,23273.48,25306.91,287,60
20230325,87,982.08,1020.96,1074.14,971.9,1012.27,188,41
20230325,88,42.21,45.43,45.7,41.8,43.79,269,32
20230325,89,18.73,18.55,19.03,17.4,18.43,284,49
20230325,90,43.81,44.08,44.67,43.72,44.07,243,48
20230325,91,3102.71,3091.75,3123.31,3090.95,3102.18,128,43
20230325,92,18.05,20.33,20.69,17.48,19.14,399,60
20230325,93,68.95,73.99,75.68,66.97,71.4,415,56
20230325,94,878.33,970.92,980.69,864.88,923.71,159,43
20230325,95,520.37,559.13,590.91,490.71,540.28,286,50
20230325,96,908.48,934.56,940.75,864.98,912.19,260,46
20230325,97,33.34,32.64,33.39,31.27,32.66,247,47
20230325,98,2262.82,2404.05,2482.94,2257.57,2351.85,383,74
20230325,99,50.07,47.36,50.43,45.3,48.29,191,34
20230325,100,44.58,51.47,52.23,42.81,47.77,415,60
20230325,101,18.67,18.19,19.14,18.07,18.52,308,45
20230325,102,13.65,13.25,13.74,13.2,13.46,227,38
20230325,103,1426.93,1525.47,1570.75,1356.05,1469.8,124,36
20230325,104,572.08,600.71,623.0,570.7,591.62,194,41
20230325,105,7755.96,8496.1,8653.0,7666.1,8142.79,444,62
20230325,106,159.93,176.54,182.76,159.73,169.74,404,64
20230325,107,146.03,164.06,169.89,142.44,155.61,198,30
20230325,108,322.33,367.2,377.7,305.31,343.14,201,29
20230325,109,736.31,713.46,736.6,693.24,719.9,271,47
20230325,110,912.71,968.39,1032.69,858.74,943.13,254,42
20230325,111,2.34,2.4,2.51,2.3,2.39,315,60
20230325,112,15480.14,17634.96,17956.76,14743.57,16453.86,409,53
20230325,113,8.24,8.01,8.64,7.81,8.17,303,62
20230325,114,949.36,1053.78,1073.34,925.98,1000.62,410,62
20230325,115,4191.11,4339.84,4350.44,4160.77,4260.54,265,49
20230325,116,1006.0,1001.04,1019.52,1000.98,1006.88,200,34
20230325,117,6.84,6.4,6.88,6.25,6.59,286,56
20230325,118,16.85,17.45,18.27,16.12,17.17,289,62
20230325,119,86.08,88.4,90.56,82.12,86.79,253,48
20230325,120,551.86,604.43,606.21,548.07,577.64,433,68
20230325,121,2219.79,2507.56,2541.6,2205.19,2368.54,422,52
20230325,122,12015.59,13735.34,14028.9,11555.84,12833.92,381,52
20230325,123,3.54,3.98,4.11,3.43,3.76,398,61
20230325,124,24.01,25.02,25.35,22.84,24.3,227,57
20230325,125,316.88,335.83,342.4,310.42,326.38,149,39
20230325,126,80949.43,80489.39,83197.84,79292.19,80982.21,301,70
20230325,127,184.29,208.8,209.28,183.26,196.41,214,32
20230325,128,271.93,263.61,276.02,256.67,267.06,149,34
20230325,129,14900.88,14676.51,15336.91,14299.7,14803.5,176,46
20230325,130,100.32,114.41,116.37,90.99,105.53,354,54
20230325,131,239.53,253.18,253.87,234.81,245.35,354,43
20230325,132,3051.61,3337.16,3345.11,2871.2,3151.27,364,49
20230325,133,73.52,82.6,83.96,72.33,78.1,251,59
20230325,134,1525.87,1657.66,1766.53,1507.46,1614.38,299,54
20230325,135,404.63,433.34,444.45,390.46,418.22,208,37
20230325,136,268.64,271.11,274.21,257.91,267.97,218,57
20230325,137,186.54,191.55,199.42,175.6,188.28,190,52
20230325,138,2.44,2.84,2.92,2.43,2.66,399,52
20230325,139,7844.18,8347.07,8428.22,7700.97,8080.11,438,70
20230325,140,201.86,211.48,217.26,192.06,205.67,388,49
20230325,141,30.84,32.79,33.72,30.67,32.0,243,47
20230325,142,73.99,70.72,75.41,67.73,71.96,274,65
20230325,143,8864.19,9425.77,9459.61,8405.73,9038.83,440,75
20230325,144,3.53,3.62,3.66,3.4,3.55,333,49
20230325,145,1366.83,1528.17,1538.07,1360.5,1448.39,331,48
20230325,146,23718.59,23200.25,24143.13,23171.93,23558.48,329,67
20230325,147,592.34,623.62,641.84,591.05,612.21,89,19
20230325,148,102.58,114.56,116.66,98.99,108.2,436,68
20230325,149,2.07,2.25,2.26,2.06,2.16,420,66
20230325,150,4.57,5.34,5.51,4.47,4.97,406,54
20230325,151,12.05,13.53,13.62,12.01,12.8,367,48
20230325,152,32.52,32.41,35.86,32.18,33.24,288,49
20230325,153,74372.24,82557.8,83056.79,70350.22,77584.26,373,54
20230325,154,1337.17,1456.71,1529.0,1309.92,1408.2,191,33
20230325,155,64.33,66.83,72.01,63.28,66.61,303,66
20230325,156,68.92,76.72,77.35,67.19,72.54,347,52
20230325,157,1804.19,1909.14,1963.83,1737.52,1853.67,291,66
20230325,158,52.78,53.78,53.8,51.57,52.98,286,56
20230325,159,17242.43,17468.19,17804.96,17011.08,17381.67,294,50
20230325,160,62.85,68.16,68.22,60.64,64.97,414,59
20230325,161,11.68,12.56,12.93,11.51,12.17,344,50
20230325,162,102.85,112.39,119.62,98.9,108.44,240,59
20230325,163,165.32,176.94,182.6,162.88,171.93,344,48
20230325,164,59.43,60.02,60.93,57.17,59.39,265,62
20230325,165,34.54,38.22,38.48,34.32,36.39,376,45
20230325,166,34.42,35.11,35.35,33.62,34.62,298,55
20230325,167,1.76,1.83,1.88,1.72,1.8,296,73
20230325,168,33.74,34.7,34.86,33.55,34.21,443,64
20230325,169,40.86,44.95,45.32,40.55,42.92,346,68
20230325,170,2949.66,2891.17,3055.9,2813.7,2927.61,50,14
20230325,171,49.46,53.69,55.04,49.46,51.91,421,78
20230325,172,31.86,34.97,35.41,31.78,33.51,341,56
20230325,173,42.93,43.73,44.57,41.83,43.26,227,42
20230325,174,144.39,145.87,146.52,142.22,144.75,178,35
20230325,175,5096.27,5718.27,5883.74,4919.48,5404.44,257,58
20230325,176,49.61,51.15,52.0,49.13,50.47,230,53
20230325,177,52.06,58.22,59.43,49.63,54.84,370,31
20230325,178,332.0,331.46,336.69,308.84,327.25,189,37
20230325,179,5.54,5.88,5.97,5.42,5.7,277,66
20230325,180,362.91,407.94,411.76,362.53,386.28,199,43
20230325,181,48199.38,53029.71,53148.04,47427.03,50451.04,396,65
20230325,182,22.67,22.1,23.35,21.67,22.45,199,43
20230325,183,25.95,28.29,28.43,25.25,26.98,414,59
20230325,184,10.18,11.37,11.52,9.97,10.76,407,66
20230325,185,1757.32,1797.29,1813.8,1702.65,1767.76,262,73
20230325,186,55900.83,64303.72,67568.97,55389.97,60790.87,292,68
20230325,187,1224.77,1251.0,1257.24,1174.35,1226.84,295,51
20230325,188,771.75,782.83,783.42,755.6,773.4,313,57
20230325,189,4.81,4.8,5.08,4.56,4.81,306,63
20230325,190,5.1,5.3,5.43,5.0,5.21,277,70
20230325,191,19.97,22.04,22.36,19.22,20.9,207,36
20230325,192,2036.38,2254.5,2348.17,2023.06,2165.53,215,35
20230325,193,23.22,25.73,27.0,22.7,24.66,349,35
20230325,194,16.86,18.73,19.28,16.66,17.88,406,49
20230325,195,3683.1,3928.6,4150.21,3609.1,3842.76,290,65
20230325,196,85.34,86.47,90.09,82.66,86.14,149,39
20230325,197,303.55,326.83,329.17,300.68,315.06,416,76
20230325,198,389.38,366.15,397.73,364.88,379.53,326,56
20230325,199,1242.22,1286.63,1300.32,1211.6,1260.19,141,33
20230325,200,89.29,97.78,100.6,87.87,93.89,211,34
20230326,1,72.65,68.75,73.77,65.62,70.2,347,53
20230326,2,77.77,80.21,80.51,76.2,78.67,207,40
20230326,3,441.22,438.39,491.65,419.36,447.66,207,34
20230326,4,11700.71,12353.44,12653.9,11497.88,12051.48,150,30
20230326,5,62.38,66.25,66.63,61.47,64.18,293,39
20230326,6,15.5,15.26,16.0,15.12,15.47,440,55
20230326,7,501.7,532.92,538.22,472.61,511.36,337,45
20230326,8,2.69,2.87,2.96,2.65,2.79,296,64
20230326,9,12123.88,11925.63,12449.03,11909.14,12101.92,429,66
20230326,10,37.64,36.02,38.46,33.84,36.49,157,23
20230326,11,45.33,41.84,46.35,39.86,43.35,330,40
20230326,12,574.22,581.21,609.64,565.02,582.52,138,25
20230326,13,1.78,1.73,1.84,1.66,1.75,309,50
20230326,14,72.19,73.93,74.66,70.74,72.88,360,62
20230326,15,9719.59,9538.13,9801.66,9515.61,9643.75,284,64
20230326,16,1.4,1.41,1.42,1.37,1.4,308,56
20230326,17,4172.33,4142.88,4302.25,4026.72,4161.04,334,46
20230326,18,235.41,225.89,239.87,223.9,231.27,227,58
20230326,19,4328.34,4320.16,4367.57,4302.22,4329.57,308,71
20230326,20,382.87,376.33,389.56,372.21,380.24,141,25
20230326,21,24.38,24.25,24.43,23.14,24.05,294,57
20230326,22,2331.33,2365.29,2379.89,2311.49,2347.0,291,51
20230326,23,768.91,747.25,775.73,703.38,748.82,195,56
20230326,24,97.01,98.95,102.15,96.02,98.53,282,69
20230326,25,87.23,87.65,89.24,83.09,86.8,231,27
20230326,26,57.48,61.13,61.45,55.93,59.0,337,48
20230326,27,42.63,42.69,42.86,41.06,42.31,414,61
20230326,28,15033.5,15404.43,16221.46,14766.55,15356.48,320,60
20230326,29,71.76,71.37,76.03,70.35,72.38,231,46
20230326,30,1524.04,1589.33,1606.89,1490.14,1552.6,214,35
20230326,31,238.06,238.73,247.82,236.25,240.22,208,38
20230326,32,386.74,399.57,408.02,386.1,395.11,244,65
20230326,33,49.62,53.73,54.8,48.9,51.76,272,49
20230326,34,17.63,17.52,18.15,17.31,17.65,287,75
20230326,35,80.12,81.07,84.21,75.22,80.16,348,43
20230326,36,106.52,108.94,111.93,104.4,107.94,208,24
20230326,37,13.85,14.28,14.4,13.69,14.05,354,58
20230326,38,300.97,301.59,306.04,293.91,300.63,240,47
20230326,39,180.51,179.51,183.42,174.3,179.44,271,54
20230326,40,52.65,52.19,53.64,52.09,52.64,207,45
20230326,41,10626.65,10405.11,10702.21,10348.9,10520.72,43,11
20230326,42,6002.48,5906.86,6072.76,5711.57,5923.42,449,57
20230326,43,7420.32,7422.22,7838.38,7407.35,7522.07,301,68
20230326,44,114.45,113.78,117.07,113.15,114.61,234,50
20230326,45,76.67,78.24,78.45,74.7,77.01,425,68
20230326,46,522.99,525.47,532.39,521.25,525.53,248,63
20230326,47,117.46,118.77,119.23,110.32,116.45,274,71
20230326,48,328.65,333.81,342.05,326.16,332.67,313,60
20230326,49,137.9,140.1,146.03,130.9,138.73,230,55
20230326,50,1154.84,1145.68,1169.23,1116.47,1146.55,239,52
20230326,51,608.53,630.27,669.06,583.87,622.93,377,51
20230326,52,73.89,73.33,74.0,72.24,73.36,261,48
20230326,53,3695.83,3797.51,3807.59,3575.4,3719.09,240,55
20230326,54,23.65,23.23,24.02,22.53,23.36,190,39
20230326,55,18.2,18.59,18.89,17.57,18.31,324,54
20230326,56,179.98,178.59,185.09,167.81,177.87,248,65
20230326,57,59.25,57.74,59.35,57.14,58.37,260,56
20230326,58,2.27,2.17,2.38,2.08,2.23,287,65
20230326,59,30894.28,29701.35,31261.28,28528.22,30096.28,443,56
20230326,60,2449.93,2422.37,2491.42,2372.98,2434.17,241,55
20230326,61,648.68,682.33,715.16,626.22,668.1,267,34
20230326,62,37.9,37.31,38.09,36.97,37.57,228,53
20230326,63,1803.3,1668.47,1815.01,1650.64,1734.35,440,61
20230326,64,6821.1,6895.23,7200.94,6712.78,6907.51,354,53
20230326,65,7.67,7.36,7.97,6.83,7.46,293,71
20230326,66,8356.0,8479.34,8693.44,8068.01,8399.2,253,52
20230326,67,74.66,75.35,78.09,67.82,73.98,188,28
20230326,68,130.64,129.35,132.07,128.34,130.1,373,39
20230326,69,12615.29,13421.07,13525.73,12227.39,12947.37,396,39
20230326,70,2.74,2.88,2.9,2.72,2.81,447,52
20230326,71,6031.16,5804.58,6211.58,5792.51,5959.96,378,55
20230326,72,13654.95,13006.1,13688.81,12799.54,13287.35,208,38
20230326,73,28.59,27.02,28.66,26.69,27.74,366,53
20230326,74,4.81,5.26,5.29,4.75,5.03,243,47
20230326,75,7777.95,7456.0,7791.77,7375.19,7600.23,435,54
20230326,76,21.73,22.98,23.02,21.63,22.34,441,54
20230326,77,16333.44,16345.78,16781.17,16089.51,16387.48,431,65
20230326,78,13.38,13.15,13.62,12.51,13.17,274,78
20230326,79,151.84,153.66,159.56,145.88,152.74,285,79
20230326,80,119.24,117.64,121.66,112.44,117.74,144,38
20230326,81,31.33,31.92,32.74,31.33,31.83,245,49
20230326,82,146.92,150.21,151.82,143.33,148.07,291,69
20230326,83,44.74,44.32,46.27,42.67,44.5,309,71
20230326,84,10.92,10.42,10.97,9.42,10.43,288,59
20230326,85,97.24,93.65,98.07,92.73,95.42,297,54
20230326,86,26602.89,24370.13,27455.52,24188.33,25654.22,273,64
20230326,87,1020.96,1016.96,1044.38,975.6,1014.47,230,43
20230326,88,45.43,45.38,45.63,43.95,45.1,273,33
20230326,89,18.55,18.08,19.21,17.81,18.42,308,62
20230326,90,44.08,42.67,44.38,41.73,43.21,227,47
20230326,91,3091.75,3141.97,3195.94,3012.76,3110.6,178,29
20230326,92,20.33,20.18,20.45,19.89,20.21,377,73
20230326,93,73.99,75.0,76.5,70.92,74.1,427,73
20230326,94,970.92,969.24,982.92,932.33,963.86,146,32
20230326,95,559.13,556.41,571.25,548.28,558.77,264,26
20230326,96,934.56,926.86,988.39,909.38,939.8,216,33
20230326,97,32.64,32.32,33.93,31.79,32.67,245,53
20230326,98,2404.05,2254.59,2561.94,2244.33,2366.23,459,52
20230326,99,47.36,48.45,48.68,45.04,47.38,172,48
20230326,100,51.47,51.21,52.75,49.84,51.32,396,66
20230326,101,18.19,18.35,18.99,17.53,18.27,295,69
20230326,102,13.25,14.32,14.44,13.22,13.81,235,44
20230326,103,1525.47,1520.64,1549.54,1515.02,1527.66,134,33
20230326,104,600.71,602.1,619.65,590.29,603.19,170,36
20230326,105,8496.1,8611.78,8716.63,8385.98,8552.62,399,68
20230326,106,176.54,188.07,189.15,174.25,182.0,423,63
20230326,107,164.06,164.17,168.58,152.65,162.36,189,26
20230326,108,367.2,343.18,370.34,337.15,354.47,228,30
20230326,109,713.46,736.97,747.01,696.61,723.51,242,52
20230326,110,968.39,941.22,978.08,921.34,952.26,242,52
20230326,111,2.4,2.23,2.47,2.17,2.32,294,55
20230326,112,17634.96,18503.59,18618.35,17230.88,17996.94,417,48
20230326,113,8.01,8.49,8.96,7.77,8.31,299,62
20230326,114,1053.78,1043.68,1074.42,1027.37,1049.81,388,60
20230326,115,4339.84,4194.93,4391.27,4064.03,4247.52,298,65
20230326,116,1001.04,1022.25,1089.4,954.89,1016.89,185,40
20230326,117,6.4,6.29,6.6,6.03,6.33,279,64
20230326,118,17.45,17.44,17.84,17.24,17.49,278,67
20230326,119,88.4,84.66,89.19,83.73,86.5,260,58
20230326,120,604.43,597.87,605.38,594.54,600.55,397,55
20230326,121,2507.56,2395.45,2520.63,2368.75,2448.1,419,56
20230326,122,13735.34,14307.12,14548.26,13257.68,13962.1,371,54
20230326,123,3.98,4.21,4.4,3.91,4.13,383,53
20230326,124,25.02,25.2,25.69,23.9,24.95,240,49
20230326,125,335.83,331.4,351.33,325.48,336.01,126,33
20230326,126,80489.39,83702.38,85338.06,76355.88,81471.43,306,58
20230326,127,208.8,208.78,210.73,206.17,208.62,226,32
20230326,128,263.61,279.59,287.6,260.58,272.85,183,26
20230326,129,14676.51,13969.98,15295.42,13846.55,14447.12,222,43
20230326,130,114.41,116.98,122.06,109.06,115.63,341,50
20230326,131,253.18,254.64,259.73,250.04,254.4,351,42
20230326,132,3337.16,3223.79,3394.49,3175.54,3282.74,351,61
20230326,133,82.6,88.67,89.06,80.64,85.24,232,52
20230326,134,1657.66,1826.9,1860.48,1638.14,1745.8,288,62
20230326,135,433.34,432.43,452.35,427.13,436.31,224,31
20230326,136,271.11,278.96,290.44,266.48,276.75,237,48
20230326,137,191.55,190.16,215.03,182.98,194.93,176,43
20230326,138,2.84,2.82,2.93,2.75,2.84,423,70
20230326,139,8347.07,8082.94,9087.26,8044.08,8390.34,414,66
20230326,140,211.48,202.44,218.42,200.66,208.25,337,59
20230326,141,32.79,35.28,35.4,30.52,33.5,242,40
20230326,142,70.72,71.07,71.55,70.14,70.87,296,68
20230326,143,9425.77,9492.3,9600.16,9386.37,9476.15,420,53
20230326,144,3.62,3.53,3.66,3.53,3.58,286,56
20230326,145,1528.17,1555.73,1590.13,1437.45,1527.87,352,42
20230326,146,23200.25,22199.82,23693.71,21792.59,22721.59,321,48
20230326,147,623.62,611.89,627.02,568.97,607.87,96,24
20230326,148,114.56,109.78,117.96,107.28,112.39,464,45
20230326,149,2.25,2.38,2.41,2.2,2.31,428,58
20230326,150,5.34,5.03,5.39,4.92,5.17,419,76
20230326,151,13.53,13.05,13.82,13.03,13.36,337,39
20230326,152,32.41,30.99,32.82,29.75,31.49,275,68
20230326,153,82557.8,78535.72,83827.09,78271.79,80798.1,326,55
20230326,154,1456.71,1446.75,1504.38,1399.18,1451.76,230,37
20230326,155,66.83,69.8,70.1,64.24,67.74,313,53
20230326,156,76.72,77.66,79.82,76.22,77.61,347,36
20230326,157,1909.14,1891.35,1975.99,1821.92,1899.6,285,54
20230326,158,53.78,54.68,56.82,52.61,54.47,279,66
20230326,159,17468.19,17336.49,17686.71,17053.67,17386.26,323,55
20230326,160,68.16,73.46,75.45,67.83,71.22,405,55
20230326,161,12.56,12.32,12.89,12.12,12.47,313,54
20230326,162,112.39,115.6,116.26,108.37,113.15,255,42
20230326,163,176.94,185.89,188.72,171.38,180.73,331,53
20230326,164,60.02,58.36,61.15,57.9,59.36,290,51
20230326,165,38.22,38.54,39.24,37.38,38.34,337,51
20230326,166,35.11,34.6,35.85,34.54,35.03,294,56
20230326,167,1.83,1.84,1.91,1.78,1.84,323,52
20230326,168,34.7,34.8,35.41,33.87,34.7,408,62
20230326,169,44.95,44.31,46.34,43.46,44.77,349,50
20230326,170,2891.17,2799.14,2940.28,2668.43,2824.75,57,9
20230326,171,53.69,57.56,59.4,51.5,55.54,413,75
20230326,172,34.97,37.19,37.93,34.0,36.02,377,49
20230326,173,43.73,42.36,43.73,41.27,42.77,189,29
20230326,174,145.87,145.16,153.8,143.63,147.12,191,34
20230326,175,5718.27,5435.29,5837.0,5290.76,5570.33,243,59
20230326,176,51.15,52.57,54.75,50.79,52.32,236,49
20230326,177,58.22,58.22,60.52,57.62,58.64,363,38
20230326,178,331.46,340.08,348.86,322.34,335.68,200,44
20230326,179,5.88,5.73,6.0,5.56,5.79,306,62
20230326,180,407.94,396.51,436.15,392.86,408.37,199,21
20230326,181,53029.71,53470.74,55021.51,50119.26,52910.31,415,57
20230326,182,22.1,23.22,23.44,21.43,22.55,211,50
20230326,183,28.29,29.37,31.0,27.77,29.11,412,69
20230326,184,11.37,10.84,11.58,10.83,11.15,417,55
20230326,185,1797.29,1825.92,1848.45,1789.92,1815.39,319,66
20230326,186,64303.72,65020.05,65939.24,63562.7,64706.43,276,55
20230326,187,1251.0,1237.12,1289.54,1214.02,1247.92,289,56
20230326,188,782.83,751.67,784.47,726.44,761.35,298,66
20230326,189,4.8,4.58,5.01,4.56,4.74,303,61
20230326,190,5.3,5.62,5.7,5.17,5.45,300,52
20230326,191,22.04,21.24,22.64,21.16,21.77,165,48
20230326,192,2254.5,2264.41,2387.78,2245.97,2288.17,221,26
20230326,193,25.73,25.88,27.2,24.82,25.91,374,54
20230326,194,18.73,19.3,20.27,18.44,19.19,443,46
20230326,195,3928.6,3865.18,3979.05,3797.19,3892.51,309,64
20230326,196,86.47,88.88,92.99,86.19,88.63,149,27
20230326,197,326.83,325.54,338.99,316.03,326.85,430,68
20230326,198,366.15,365.6,368.33,364.7,366.19,277,63
20230326,199,1286.63,1309.84,1334.02,1280.23,1302.68,138,35
20230326,200,97.78,94.26,99.22,94.14,96.35,207,30
20230327,1,68.75,64.75,70.45,62.64,66.65,243,48
20230327,2,80.21,76.49,84.94,75.91,79.39,141,41
20230327,3,438.39,427.67,439.04,425.58,432.67,143,35
20230327,4,12353.44,12181.09,12539.01,12028.06,12275.4,119,26
20230327,5,66.25,59.73,67.41,59.48,63.22,204,51
20230327,6,15.26,13.85,15.41,13.32,14.46,299,60
20230327,7,532.92,509.28,560.27,509.25,527.93,245,67
20230327,8,2.87,2.71,2.95,2.6,2.78,231,79
20230327,9,11925.63,11137.81,12065.97,11063.34,11548.19,311,67
20230327,10,36.02,36.62,36.96,34.77,36.09,97,34
20230327,11,41.84,39.94,44.62,38.93,41.33,232,58
20230327,12,581.21,572.52,582.89,566.26,575.72,91,18
20230327,13,1.73,1.67,1.75,1.65,1.7,227,64
20230327,14,73.93,65.57,75.21,63.53,69.56,242,53
20230327,15,9538.13,9715.87,9903.92,9180.62,9584.64,190,63
20230327,16,1.41,1.5,1.54,1.33,1.44,213,51
20230327,17,4142.88,4005.74,4206.48,3979.41,4083.63,201,68
20230327,18,225.89,229.81,237.4,223.85,229.24,168,41
20230327,19,4320.16,4817.62,4830.38,4207.72,4543.97,195,61
20230327,20,376.33,376.6,387.76,374.7,378.85,96,34
20230327,21,24.25,24.55,24.6,22.61,24.0,210,53
20230327,22,2365.29,2486.09,2537.36,2296.39,2421.28,191,55
20230327,23,747.25,823.39,864.51,719.01,788.54,128,40
20230327,24,98.95,96.53,99.77,91.07,96.58,197,47
20230327,25,87.65,84.43,88.43,83.99,86.12,159,25
20230327,26,61.13,54.3,62.93,53.47,57.96,259,44
20230327,27,42.69,38.95,43.82,37.82,40.82,291,44
20230327,28,15404.43,13949.17,16359.83,13741.43,14863.71,261,57
20230327,29,71.37,65.84,72.62,64.74,68.64,179,45
20230327,30,1589.33,1480.97,1606.3,1432.88,1527.37,148,40
20230327,31,238.73,238.85,243.77,237.22,239.64,136,30
20230327,32,399.57,399.88,411.03,398.85,402.33,176,58
20230327,33,53.73,51.03,55.22,50.01,52.5,169,61
20230327,34,17.52,18.78,19.29,17.39,18.24,196,66
20230327,35,81.07,71.0,82.86,70.1,76.26,239,35
20230327,36,108.94,100.53,111.44,96.36,104.32,161,24
20230327,37,14.28,12.9,14.79,12.66,13.66,252,50
20230327,38,301.59,300.82,315.65,299.31,304.34,169,47
20230327,39,179.51,181.13,188.45,175.23,181.08,189,75
20230327,40,52.19,52.56,52.93,51.09,52.19,132,41
20230327,41,10405.11,10549.02,10589.67,10184.89,10432.17,37,16
20230327,42,5906.86,5574.23,5958.63,5311.89,5687.9,274,54
20230327,43,7422.22,7103.36,7528.27,6987.98,7260.46,200,66
20230327,44,113.78,116.48,119.47,111.47,115.3,167,62
20230327,45,78.24,68.81,79.01,66.67,73.18,259,60
20230327,46,525.47,515.86,540.67,498.57,520.14,165,60
20230327,47,118.77,115.65,120.08,110.25,116.19,211,59
20230327,48,333.81,340.64,346.51,328.05,337.25,207,64
20230327,49,140.1,137.65,141.88,131.67,137.82,181,54
20230327,50,1145.68,1122.83,1187.47,1065.51,1130.37,142,46
20230327,51,630.27,611.84,648.32,609.34,624.94,261,57
20230327,52,73.33,69.17,75.52,63.75,70.44,163,50
20230327,53,3797.51,3781.86,3896.96,3676.39,3788.18,196,52
20230327,54,23.23,22.56,23.77,21.53,22.77,133,41
20230327,55,18.59,17.36,19.39,16.35,17.92,250,35
20230327,56,178.59,173.04,186.38,171.68,177.43,166,44
20230327,57,57.74,57.6,57.98,55.81,57.28,199,57
20230327,58,2.17,2.04,2.21,2.01,2.11,198,61
20230327,59,29701.35,28632.38,29710.7,28515.29,29139.93,283,65
20230327,60,2422.37,2408.67,2521.28,2281.36,2408.42,165,45
20230327,61,682.33,625.23,725.96,607.4,660.23,207,42
20230327,62,37.31,38.29,39.47,36.21,37.82,169,39
20230327,63,1668.47,1458.66,1728.26,1411.16,1566.64,301,58
20230327,64,6895.23,6158.54,6961.61,6117.09,6533.12,228,68
20230327,65,7.36,7.32,7.37,7.01,7.26,202,48
20230327,66,8479.34,7748.26,8514.05,7447.06,8047.18,157,41
20230327,67,75.35,70.6,77.01,66.81,72.44,131,54
20230327,68,129.35,114.77,132.18,109.83,121.53,263,47
20230327,69,13421.07,11783.41,13426.91,11533.58,12541.24,270,46
20230327,70,2.88,2.62,2.89,2.53,2.73,306,61
20230327,71,5804.58,5446.47,5922.8,5271.52,5611.34,290,66
20230327,72,13006.1,13093.17,14144.06,12789.4,13258.18,150,42
20230327,73,27.02,26.73,27.62,25.72,26.77,230,55
20230327,74,5.26,5.11,5.27,5.02,5.17,174,55
20230327,75,7456.0,6823.09,7626.17,6416.6,7080.47,292,68
20230327,76,22.98,21.05,23.32,20.03,21.85,288,52
20230327,77,16345.78,15294.17,16873.4,14627.4,15785.19,293,49
20230327,78,13.15,13.2,13.81,12.39,13.14,206,60
20230327,79,153.66,157.86,163.47,147.39,155.6,216,60
20230327,80,117.64,119.66,120.93,114.37,118.15,100,41
20230327,81,31.92,31.71,32.01,31.13,31.69,166,50
20230327,82,150.21,154.26,158.3,148.88,152.91,215,62
20230327,83,44.32,43.86,44.42,41.88,43.62,199,61
20230327,84,10.42,10.14,10.78,9.76,10.27,200,68
20230327,85,93.65,84.55,93.72,83.61,88.88,212,38
20230327,86,24370.13,24082.87,24614.12,23132.03,24049.78,206,52
20230327,87,1016.96,977.93,1033.51,962.95,997.84,153,36
20230327,88,45.38,40.56,46.41,40.02,43.09,200,28
20230327,89,18.08,17.34,18.35,16.62,17.6,210,58
20230327,90,42.67,43.54,44.61,42.21,43.26,171,61
20230327,91,3141.97,3174.89,3194.1,3006.88,3129.46,102,35
20230327,92,20.18,17.28,21.15,16.51,18.78,329,52
20230327,93,75.0,67.36,76.62,64.09,70.77,321,68
20230327,94,969.24,1033.86,1050.71,932.68,996.62,112,27
20230327,95,556.41,516.8,559.54,501.97,533.68,192,35
20230327,96,926.86,926.88,972.64,918.29,936.17,195,43
20230327,97,32.32,31.27,32.34,30.11,31.51,164,46
20230327,98,2254.59,2095.8,2283.72,2064.77,2174.72,278,60
20230327,99,48.45,48.56,49.24,46.18,48.1,141,40
20230327,100,51.21,45.38,52.56,42.96,48.03,299,74
20230327,101,18.35,17.93,18.47,17.25,18.0,229,60
20230327,102,14.32,13.8,14.59,13.37,14.02,193,55
20230327,103,1520.64,1407.91,1565.03,1329.35,1455.73,119,31
20230327,104,602.1,566.42,618.74,543.09,582.59,142,35
20230327,105,8611.78,7802.59,8941.14,7588.51,8236.0,296,61
20230327,106,188.07,166.1,190.41,159.53,176.03,291,72
20230327,107,164.17,148.04,172.29,146.51,157.75,142,20
20230327,108,343.18,296.19,344.87,281.53,316.44,177,30
20230327,109,736.97,754.69,755.46,705.25,738.09,166,41
20230327,110,941.22,1008.28,1045.47,902.58,974.38,163,61
20230327,111,2.23,2.29,2.36,2.03,2.22,227,54
20230327,112,18503.59,17466.53,18843.77,17328.45,18035.58,285,66
20230327,113,8.49,8.51,9.04,8.48,8.63,206,57
20230327,114,1043.68,977.75,1069.5,950.72,1010.41,316,75
20230327,115,4194.93,4154.77,4240.77,4146.49,4184.24,208,70
20230327,116,1022.25,979.97,1032.72,974.5,1002.36,149,37
20230327,117,6.29,6.47,6.51,5.84,6.28,198,85
20230327,118,17.44,17.64,18.42,17.12,17.65,189,52
20230327,119,84.66,80.94,86.64,78.25,82.62,158,61
20230327,120,597.87,558.7,614.35,543.93,578.71,308,59
20230327,121,2395.45,2142.0,2455.0,2114.73,2276.79,324,65
20230327,122,14307.12,12805.47,14701.57,12479.62,13573.45,234,37
20230327,123,4.21,3.97,4.22,3.86,4.07,312,64
20230327,124,25.2,25.44,26.05,24.64,25.33,161,51
20230327,125,331.4,320.46,340.98,317.71,327.64,97,31
20230327,126,83702.38,81890.9,84647.09,76154.71,81598.77,198,71
20230327,127,208.78,192.14,208.97,191.4,200.32,129,36
20230327,128,279.59,255.38,293.63,251.3,269.97,106,30
20230327,129,13969.98,13427.02,14592.29,13327.48,13829.19,147,47
20230327,130,116.98,101.89,119.21,101.54,109.9,243,59
20230327,131,254.64,233.96,258.69,222.5,242.45,242,41
20230327,132,3223.79,3087.03,3252.48,2940.75,3126.01,219,54
20230327,133,88.67,87.44,88.72,85.52,87.59,185,51
20230327,134,1826.9,1757.43,1849.93,1747.29,1795.39,189,74
20230327,135,432.43,385.9,436.25,377.86,408.11,158,41
20230327,136,278.96,268.31,284.3,261.3,273.22,177,77
20230327,137,190.16,203.93,208.3,171.56,193.49,139,41
20230327,138,2.82,2.59,2.97,2.46,2.71,326,67
20230327,139,8082.94,7497.18,8189.71,7346.41,7779.06,295,64
20230327,140,202.44,170.82,203.66,168.53,186.36,254,59
20230327,141,35.28,33.11,36.11,30.36,33.72,162,60
20230327,142,71.07,70.16,71.52,68.81,70.39,206,47
20230327,143,9492.3,8535.82,9502.49,8488.94,9004.89,318,55
20230327,144,3.53,3.52,3.58,3.49,3.53,201,66
20230327,145,1555.73,1434.9,1595.3,1420.35,1501.57,197,45
20230327,146,22199.82,22890.18,23945.27,21787.79,22705.76,219,51
20230327,147,611.89,564.7,625.3,545.67,586.89,72,22
20230327,148,109.78,96.43,115.47,95.96,104.41,306,57
20230327,149,2.38,2.17,2.42,2.17,2.29,323,69
20230327,150,5.03,4.5,5.05,4.41,4.74,294,62
20230327,151,13.05,11.84,13.57,11.8,12.56,277,54
20230327,152,30.99,30.85,32.23,29.95,31.0,215,62
20230327,153,78535.72,69511.51,79245.1,67472.03,73691.09,233,37
20230327,154,1446.75,1339.57,1466.49,1322.33,1393.78,156,21
20230327,155,69.8,70.09,70.37,68.18,69.61,215,60
20230327,156,77.66,71.82,83.51,69.93,75.73,262,59
20230327,157,1891.35,1925.01,1950.5,1874.25,1910.28,190,56
20230327,158,54.68,51.34,54.94,49.99,52.74,189,78
20230327,159,17336.49,16829.15,18835.82,16339.97,17335.36,225,59
20230327,160,73.46,68.79,76.44,68.75,71.86,298,62
20230327,161,12.32,10.93,12.58,10.64,11.62,231,46
20230327,162,115.6,110.16,118.55,107.81,113.03,192,59
20230327,163,185.89,170.06,190.15,160.43,176.64,252,58
20230327,164,58.36,57.27,60.93,54.47,57.76,204,47
20230327,165,38.54,34.58,38.59,34.37,36.52,243,42
20230327,166,34.6,36.64,38.31,34.4,35.99,201,52
20230327,167,1.84,1.81,1.85,1.79,1.82,225,59
20230327,168,34.8,30.77,35.67,30.61,32.96,309,70
20230327,169,44.31,38.36,44.79,36.96,41.11,260,40
20230327,170,2799.14,2847.08,2880.09,2725.18,2812.87,37,12
20230327,171,57.56,50.82,60.27,49.49,54.53,299,72
20230327,172,37.19,37.61,37.7,36.89,37.35,250,56
20230327,173,42.36,42.52,42.6,41.73,42.3,121,55
20230327,174,145.16,145.45,150.92,145.01,146.63,133,34
20230327,175,5435.29,5497.6,5820.87,5289.27,5510.76,163,47
20230327,176,52.57,53.62,54.07,50.42,52.67,192,61
20230327,177,58.22,48.59,58.71,47.5,53.25,262,49
20230327,178,340.08,324.25,342.27,320.64,331.81,134,37
20230327,179,5.73,5.91,6.04,5.69,5.84,212,50
20230327,180,396.51,377.91,419.57,377.06,392.76,169,29
20230327,181,53470.74,46559.42,53567.47,44651.05,49562.17,327,48
20230327,182,23.22,21.36,23.69,20.6,22.22,154,48
20230327,183,29.37,27.06,29.53,26.04,28.0,304,52
20230327,184,10.84,10.17,11.3,9.64,10.49,328,64
20230327,185,1825.92,1841.62,1878.13,1751.08,1824.19,199,62
20230327,186,65020.05,63843.87,65900.67,62797.13,64390.43,204,64
20230327,187,1237.12,1146.07,1295.72,1093.65,1193.14,180,60
20230327,188,751.67,734.94,760.04,698.61,736.31,223,60
20230327,189,4.58,4.51,4.58,4.51,4.55,203,56
20230327,190,5.62,5.41,5.73,5.0,5.44,216,62
20230327,191,21.24,19.57,21.86,19.19,20.47,132,45
20230327,192,2264.41,2117.69,2299.87,2085.3,2191.82,154,31
20230327,193,25.88,24.58,27.03,24.28,25.44,261,47
20230327,194,19.3,17.3,19.46,16.83,18.22,315,66
20230327,195,3865.18,3768.26,3975.87,3676.55,3821.46,221,55
20230327,196,88.88,85.55,91.35,83.05,87.21,124,35
20230327,197,325.54,291.95,326.43,289.97,308.47,287,65
20230327,198,365.6,375.41,387.47,354.79,370.82,193,70
20230327,199,1309.84,1330.45,1336.22,1222.47,1299.74,98,31
20230327,200,94.26,90.54,95.39,88.37,92.14,157,29
20230328,1,64.75,67.21,68.07,63.16,65.8,250,48
20230328,2,76.49,74.37,76.58,73.42,75.21,143,35
20230328,3,427.67,290.56,440.56,273.5,358.07,160,49
20230328,4,12181.09,12396.05,12597.98,11924.42,12274.88,107,37
20230328,5,59.73,57.34,60.06,54.47,57.9,187,36
20230328,6,13.85,13.83,14.03,13.53,13.81,312,56
20230328,7,509.28,462.07,527.77,461.51,490.16,283,54
20230328,8,2.71,2.67,2.75,2.59,2.68,196,56
20230328,9,11137.81,11635.17,11919.79,11121.59,11453.59,292,56
20230328,10,36.62,39.32,40.46,35.07,37.87,115,28
20230328,11,39.94,38.84,41.26,38.18,39.56,253,52
20230328,12,572.52,561.65,590.36,543.09,566.91,91,14
20230328,13,1.67,1.7,1.7,1.65,1.68,209,71
20230328,14,65.57,70.02,70.25,64.71,67.64,240,38
20230328,15,9715.87,9183.79,9721.5,8799.77,9355.23,219,67
20230328,16,1.5,1.68,1.7,1.45,1.58,217,61
20230328,17,4005.74,3946.55,4028.07,3935.08,3978.86,212,56
20230328,18,229.81,217.12,247.42,216.69,227.76,173,51
20230328,19,4817.62,4677.62,4912.73,4621.2,4757.29,198,65
20230328,20,376.6,361.39,393.23,353.92,371.28,93,29
20230328,21,24.55,24.28,24.96,24.15,24.49,220,59
20230328,22,2486.09,2287.42,2501.18,2195.01,2367.43,230,59
20230328,23,823.39,812.84,864.91,802.26,825.85,126,36
20230328,24,96.53,95.38,96.62,95.26,95.95,207,71
20230328,25,84.43,87.57,88.37,83.7,86.02,164,27
20230328,26,54.3,54.9,57.94,52.28,54.86,215,57
20230328,27,38.95,39.94,42.38,38.75,40.0,290,55
20230328,28,13949.17,13575.4,14393.07,13363.9,13820.38,244,39
20230328,29,65.84,67.22,68.05,64.84,66.48,164,60
20230328,30,1480.97,1342.61,1520.67,1320.69,1416.24,134,39
20230328,31,238.85,233.14,242.41,229.16,235.89,154,44
20230328,32,399.88,250.32,408.35,244.39,325.73,169,61
20230328,33,51.03,51.52,55.57,48.42,51.63,178,43
20230328,34,18.78,17.45,19.88,17.23,18.33,195,72
20230328,35,71.0,68.48,74.8,66.63,70.23,263,50
20230328,36,100.53,97.56,102.87,93.84,98.7,118,22
20230328,37,12.9,12.57,13.04,11.92,12.61,241,57
20230328,38,300.82,188.31,312.03,182.85,246.0,166,61
20230328,39,181.13,111.77,183.39,109.49,146.45,184,84
20230328,40,52.56,32.69,53.46,32.55,42.81,133,35
20230328,41,10549.02,10161.51,10986.72,9733.82,10357.77,41,11
20230328,42,5574.23,5763.62,5885.56,5563.58,5696.75,306,59
20230328,43,7103.36,4549.02,7183.36,4431.3,5816.76,203,71
20230328,44,116.48,70.51,118.54,70.18,93.93,176,47
20230328,45,68.81,75.56,76.75,68.2,72.33,302,81
20230328,46,515.86,492.61,531.06,453.47,498.25,170,52
20230328,47,115.65,118.38,121.75,114.25,117.51,207,67
20230328,48,340.64,326.48,358.96,321.23,336.82,215,68
20230328,49,137.65,85.98,144.42,84.64,113.17,197,59
20230328,50,1122.83,1133.83,1173.51,1114.42,1136.15,152,64
20230328,51,611.84,575.37,615.63,571.96,593.7,270,47
20230328,52,69.17,68.57,69.46,66.61,68.45,170,44
20230328,53,3781.86,2466.12,3871.41,2293.19,3103.15,182,53
20230328,54,22.56,12.93,22.93,12.91,17.83,136,44
20230328,55,17.36,17.15,17.5,16.55,17.14,221,58
20230328,56,173.04,174.97,183.4,166.55,174.49,192,58
20230328,57,57.6,57.01,61.24,56.51,58.09,188,60
20230328,58,2.04,1.88,2.08,1.88,1.97,227,64
20230328,59,28632.38,28980.28,29369.58,28200.87,28795.78,284,78
20230328,60,2408.67,2379.71,2412.44,2348.59,2387.35,171,41
20230328,61,625.23,634.06,647.37,609.73,629.1,220,39
20230328,62,38.29,38.08,39.89,37.85,38.53,192,48
20230328,63,1458.66,1456.92,1469.8,1394.11,1444.87,309,65
20230328,64,6158.54,6129.95,6371.08,5833.16,6123.18,238,48
20230328,65,7.32,6.93,7.65,6.87,7.19,207,58
20230328,66,7748.26,8009.16,8066.94,7726.67,7887.76,167,42
20230328,67,70.6,70.22,71.72,68.33,70.22,148,41
20230328,68,114.77,111.56,116.02,108.12,112.61,239,43
20230328,69,11783.41,12331.32,12476.74,10964.69,11889.04,235,49
20230328,70,2.62,2.64,2.65,2.58,2.62,294,48
20230328,71,5446.47,5330.06,5493.83,5141.98,5353.08,326,64
20230328,72,13093.17,12956.18,13118.02,12669.87,12959.31,127,38
20230328,73,26.73,26.95,27.08,26.59,26.84,260,54
20230328,74,5.11,4.95,5.12,4.84,5.0,194,43
20230328,75,6823.09,6849.66,7149.05,6315.78,6784.39,340,61
20230328,76,21.05,19.74,21.81,19.29,20.48,297,67
20230328,77,15294.17,15395.17,15552.96,14854.34,15274.16,287,69
20230328,78,13.2,8.32,13.57,8.27,10.84,189,49
20230328,79,157.86,158.93,168.25,157.58,160.65,219,65
20230328,80,119.66,107.44,119.98,103.52,112.65,105,31
20230328,81,31.71,19.85,32.92,19.4,25.97,160,57
20230328,82,154.26,143.21,155.33,141.6,148.6,235,62
20230328,83,43.86,28.36,45.78,27.49,36.37,211,58
20230328,84,10.14,9.95,10.33,9.69,10.03,196,62
20230328,85,84.55,87.77,89.39,78.44,85.04,215,37
20230328,86,24082.87,22684.88,25066.34,22482.43,23579.13,215,79
20230328,87,977.93,609.32,1009.64,602.59,799.87,145,48
20230328,88,40.56,39.9,40.69,38.47,39.91,207,47
20230328,89,17.34,19.59,19.93,17.24,18.52,214,60
20230328,90,43.54,45.55,46.66,41.75,44.38,180,46
20230328,91,3174.89,3281.29,3502.75,3139.48,3274.6,95,28
20230328,92,17.28,18.91,19.25,16.81,18.06,303,77
20230328,93,67.36,68.21,71.3,65.75,68.16,286,74
20230328,94,1033.86,1011.08,1067.73,956.8,1017.37,125,27
20230328,95,516.8,497.08,535.09,487.66,509.16,190,48
20230328,96,926.88,579.94,944.14,559.47,752.61,180,35
20230328,97,31.27,27.6,31.91,26.33,29.28,185,40
20230328,98,2095.8,2071.9,2113.7,2071.53,2088.23,304,54
20230328,99,48.56,48.87,50.01,47.99,48.86,150,50
20230328,100,45.38,44.17,45.96,44.02,44.88,312,50
20230328,101,17.93,16.73,18.59,15.7,17.24,192,46
20230328,102,13.8,13.46,14.67,13.35,13.82,176,51
20230328,103,1407.91,1303.22,1415.29,1303.08,1357.38,104,32
20230328,104,566.42,603.85,623.53,548.53,585.58,139,52
20230328,105,7802.59,7560.58,8014.45,7406.88,7696.12,284,60
20230328,106,166.1,149.99,173.18,148.0,159.32,297,52
20230328,107,148.04,143.46,148.81,139.61,144.98,138,22
20230328,108,296.19,313.13,319.73,293.5,305.64,167,29
20230328,109,754.69,748.43,791.26,729.78,756.04,182,54
20230328,110,1008.28,953.22,1067.22,924.61,988.33,172,41
20230328,111,2.29,2.18,2.38,2.11,2.24,191,61
20230328,112,17466.53,16722.43,18503.26,16323.89,17254.03,318,75
20230328,113,8.51,8.18,8.68,8.06,8.36,233,58
20230328,114,977.75,927.25,1010.37,894.58,952.49,291,83
20230328,115,4154.77,4077.18,4218.15,4052.37,4125.62,211,65
20230328,116,979.97,922.42,1016.67,920.04,959.78,148,42
20230328,117,6.47,6.67,7.07,6.44,6.66,219,56
20230328,118,17.64,18.01,18.04,16.8,17.62,225,54
20230328,119,80.94,75.94,85.54,71.67,78.52,184,50
20230328,120,558.7,533.98,574.22,518.6,546.38,289,58
20230328,121,2142.0,2091.48,2199.28,2064.53,2124.32,282,59
20230328,122,12805.47,12645.94,13208.19,12122.36,12695.49,254,38
20230328,123,3.97,3.93,4.06,3.91,3.97,306,49
20230328,124,25.44,25.55,27.08,25.29,25.84,183,46
20230328,125,320.46,317.23,329.65,311.67,319.75,99,29
20230328,126,81890.9,86006.8,90663.17,79969.15,84632.51,237,54
20230328,127,192.14,188.75,198.75,183.49,190.78,148,23
20230328,128,255.38,238.64,261.1,227.88,245.75,94,42
20230328,129,13427.02,12452.8,14035.63,12230.78,13036.56,142,45
20230328,130,101.89,105.86,108.31,100.81,104.22,230,66
20230328,131,233.96,235.79,260.45,224.08,238.57,243,53
20230328,132,3087.03,3059.99,3204.4,3024.06,3093.87,217,63
20230328,133,87.44,85.95,89.34,85.71,87.11,160,55
20230328,134,1757.43,1733.13,1787.01,1679.72,1739.32,230,58
20230328,135,385.9,388.2,394.79,380.04,387.23,158,31
20230328,136,268.31,261.94,268.34,261.15,264.94,197,56
20230328,137,203.93,207.72,211.49,194.79,204.48,140,46
20230328,138,2.59,2.49,2.6,2.4,2.52,301,60
20230328,139,7497.18,7162.78,7512.07,6753.72,7231.44,253,50
20230328,140,170.82,158.61,174.06,153.96,164.36,246,64
20230328,141,33.11,32.28,33.93,31.96,32.82,177,51
20230328,142,70.16,72.53,75.54,69.69,71.98,194,71
20230328,143,8535.82,8276.57,8830.02,8146.59,8447.25,332,59
20230328,144,3.52,3.29,3.54,3.21,3.39,231,70
20230328,145,1434.9,1432.2,1496.44,1346.03,1427.39,236,47
20230328,146,22890.18,22194.38,24093.78,22166.86,22836.3,211,62
20230328,147,564.7,603.9,622.68,552.64,585.98,77,21
20230328,148,96.43,99.53,105.52,94.41,98.97,295,61
20230328,149,2.17,2.04,2.2,1.89,2.08,283,54
20230328,150,4.5,4.41,4.74,4.34,4.5,294,64
20230328,151,11.84,11.39,12.08,11.12,11.61,263,58
20230328,152,30.85,17.98,31.07,16.6,24.13,224,58
20230328,153,69511.51,67288.17,72989.32,63115.41,68226.1,243,52
20230328,154,1339.57,1366.58,1403.99,1282.53,1348.17,135,32
20230328,155,70.09,68.45,72.02,68.09,69.66,208,67
20230328,156,71.82,70.01,72.57,67.62,70.51,262,51
20230328,157,1925.01,1735.36,1966.63,1735.2,1840.55,231,64
20230328,158,51.34,30.03,52.13,27.69,40.3,241,57
20230328,159,16829.15,17073.43,18184.03,16827.04,17228.41,210,74
20230328,160,68.79,63.53,71.39,59.88,65.9,299,55
20230328,161,10.93,11.35,11.43,10.62,11.08,247,52
20230328,162,110.16,106.81,110.65,102.13,107.44,176,50
20230328,163,170.06,169.81,173.6,166.95,170.11,267,59
20230328,164,57.27,55.29,57.8,54.01,56.09,199,51
20230328,165,34.58,32.54,35.5,31.62,33.56,257,56
20230328,166,36.64,36.38,36.94,36.03,36.5,232,51
20230328,167,1.81,1.12,1.86,1.09,1.47,185,58
20230328,168,30.77,29.34,31.02,28.92,30.01,302,71
20230328,169,38.36,34.31,38.47,33.21,36.09,238,48
20230328,170,2847.08,2975.21,3056.64,2785.81,2916.19,36,10
20230328,171,50.82,49.94,51.59,49.82,50.54,315,63
20230328,172,37.61,38.87,40.33,37.01,38.46,239,54
20230328,173,42.52,26.66,42.59,25.21,34.24,135,34
20230328,174,145.45,93.82,145.6,92.36,119.31,142,37
20230328,175,5497.6,5342.79,5534.27,5297.23,5417.97,166,40
20230328,176,53.62,49.67,55.53,49.25,52.02,168,51
20230328,177,48.59,49.8,50.55,47.74,49.17,215,61
20230328,178,324.25,327.67,328.8,314.45,323.79,126,47
20230328,179,5.91,5.7,5.91,5.48,5.75,192,54
20230328,180,377.91,372.83,378.82,354.77,371.08,141,34
20230328,181,46559.42,45775.5,47294.2,45277.94,46226.77,298,55
20230328,182,21.36,21.75,21.79,20.79,21.42,133,54
20230328,183,27.06,25.56,27.19,24.28,26.02,329,68
20230328,184,10.17,10.47,10.88,10.12,10.41,285,65
20230328,185,1841.62,1834.11,1880.84,1786.2,1835.69,227,67
20230328,186,63843.87,65229.54,65771.6,63792.84,64659.46,203,74
20230328,187,1146.07,1204.99,1211.79,1140.27,1175.78,211,58
20230328,188,734.94,465.94,767.69,434.42,600.75,235,57
20230328,189,4.51,4.45,4.59,4.36,4.48,204,47
20230328,190,5.41,5.45,5.6,5.25,5.42,198,46
20230328,191,19.57,20.59,21.44,19.25,20.21,151,38
20230328,192,2117.69,2121.82,2137.81,2114.47,2122.95,150,27
20230328,193,24.58,24.39,24.9,24.12,24.5,254,53
20230328,194,17.3,18.06,18.09,17.06,17.63,288,69
20230328,195,3768.26,3622.14,3839.06,3536.2,3691.41,216,69
20230328,196,85.55,88.57,89.76,79.22,85.77,101,28
20230328,197,291.95,268.29,296.26,264.4,280.23,298,66
20230328,198,375.41,374.77,378.34,374.65,375.79,207,55
20230328,199,1330.45,1294.17,1350.53,1272.69,1311.96,83,37
20230328,200,90.54,87.19,90.93,86.5,88.79,139,30
20230329,1,67.21,68.2,68.81,65.36,67.4,240,51
20230329,2,74.37,70.85,75.14,68.99,72.34,136,51
20230329,3,290.56,309.73,314.62,278.34,298.32,140,51
20230329,4,12396.05,11556.21,12511.67,11158.8,11905.68,94,30
20230329,5,57.34,55.38,58.9,54.77,56.6,197,41
20230329,6,13.83,13.34,14.58,12.85,13.65,304,61
20230329,7,462.07,467.53,480.41,432.19,460.55,262,48
20230329,8,2.67,2.76,2.99,2.64,2.76,208,67
20230329,9,11635.17,11720.06,11986.58,11583.4,11731.3,306,44
20230329,10,39.32,40.36,40.5,39.19,39.84,107,29
20230329,11,38.84,37.38,40.12,36.76,38.28,226,48
20230329,12,561.65,564.85,584.26,546.04,564.2,111,22
20230329,13,1.7,1.68,1.72,1.68,1.69,217,67
20230329,14,70.02,70.14,70.87,67.41,69.61,249,50
20230329,15,9183.79,9589.05,9766.69,8898.65,9359.55,250,53
20230329,16,1.68,1.57,1.7,1.53,1.62,203,54
20230329,17,3946.55,4331.98,4389.7,3827.59,4123.96,207,65
20230329,18,217.12,218.49,224.02,216.71,219.08,191,59
20230329,19,4677.62,4387.17,4748.78,4327.18,4535.19,203,64
20230329,20,361.39,355.04,366.16,350.99,358.4,107,34
20230329,21,24.28,24.05,24.94,23.64,24.23,210,59
20230329,22,2287.42,2234.06,2296.32,2202.55,2255.09,240,67
20230329,23,812.84,747.53,844.81,744.81,787.5,142,51
20230329,24,95.38,93.65,96.37,92.28,94.42,223,58
20230329,25,87.57,84.4,89.82,82.45,86.06,147,31
20230329,26,54.9,56.02,58.94,54.09,55.99,225,49
20230329,27,39.94,37.83,40.04,37.01,38.7,313,47
20230329,28,13575.4,15095.43,15224.56,13459.66,14338.76,265,53
20230329,29,67.22,69.64,73.83,66.7,69.35,176,54
20230329,30,1342.61,1394.16,1419.3,1322.06,1369.53,126,48
20230329,31,233.14,237.5,238.37,227.9,234.23,147,41
20230329,32,250.32,232.52,262.99,227.9,243.43,182,51
20230329,33,51.52,50.64,52.43,50.45,51.26,183,49
20230329,34,17.45,19.03,19.64,16.84,18.24,206,71
20230329,35,68.48,67.35,69.29,66.34,67.87,263,44
20230329,36,97.56,96.89,98.2,95.58,97.06,168,35
20230329,37,12.57,12.43,12.74,12.02,12.44,250,51
20230329,38,188.31,199.61,200.49,183.53,192.99,199,66
20230329,39,111.77,110.33,119.34,109.82,112.82,224,56
20230329,40,32.69,31.05,34.72,30.93,32.35,116,29
20230329,41,10161.51,11139.5,11233.9,10096.44,10657.84,29,11
20230329,42,5763.62,5459.37,5807.39,5306.88,5584.32,356,71
20230329,43,4549.02,4516.2,4567.31,4305.05,4484.4,219,63
20230329,44,70.51,68.53,72.8,68.42,70.06,150,44
20230329,45,75.56,72.76,76.58,72.25,74.29,297,57
20230329,46,492.61,473.49,499.88,464.86,482.71,185,58
20230329,47,118.38,115.37,119.2,110.73,115.92,209,58
20230329,48,326.48,346.07,354.77,318.03,336.34,224,57
20230329,49,85.98,79.94,86.34,76.69,82.24,196,47
20230329,50,1133.83,1180.53,1191.95,1087.08,1148.35,178,59
20230329,51,575.37,596.37,598.58,548.56,579.72,265,54
20230329,52,68.57,70.79,72.89,64.29,69.13,162,34
20230329,53,2466.12,2473.18,2591.82,2369.41,2475.13,181,60
20230329,54,12.93,13.44,13.75,12.33,13.11,132,50
20230329,55,17.15,17.78,18.03,16.98,17.48,265,63
20230329,56,174.97,164.15,179.47,161.17,169.94,200,59
20230329,57,57.01,58.99,59.71,54.32,57.51,158,48
20230329,58,1.88,1.86,1.91,1.83,1.87,219,60
20230329,59,28980.28,29616.3,30962.58,28668.64,29556.95,312,71
20230329,60,2379.71,2327.6,2417.83,2304.6,2357.43,170,57
20230329,61,634.06,640.04,645.35,625.61,636.26,195,41
20230329,62,38.08,35.8,39.12,35.44,37.11,178,44
20230329,63,1456.92,1370.57,1461.76,1369.7,1414.74,324,46
20230329,64,6129.95,6069.84,6225.58,5847.35,6068.18,267,57
20230329,65,6.93,7.36,7.37,6.86,7.13,215,47
20230329,66,8009.16,8038.94,8072.79,7736.0,7964.22,156,47
20230329,67,70.22,73.8,76.06,69.45,72.38,159,42
20230329,68,111.56,115.55,123.32,106.9,114.33,280,52
20230329,69,12331.32,12151.33,12405.72,11581.06,12117.36,256,44
20230329,70,2.64,2.74,2.85,2.63,2.72,312,58
20230329,71,5330.06,5227.72,5501.96,5091.55,5287.82,293,74
20230329,72,12956.18,12656.94,13089.93,12414.42,12779.37,141,32
20230329,73,26.95,26.65,28.52,26.41,27.13,275,44
20230329,74,4.95,4.79,4.97,4.69,4.85,179,54
20230329,75,6849.66,6718.42,6926.68,6454.22,6737.24,319,71
20230329,76,19.74,19.7,20.25,18.98,19.67,301,59
20230329,77,15395.17,15081.77,15819.0,14768.25,15266.04,312,57
20230329,78,8.32,8.28,8.49,8.24,8.33,195,65
20230329,79,158.93,159.01,159.96,155.18,158.27,222,65
20230329,80,107.44,103.28,111.0,102.07,105.95,99,33
20230329,81,19.85,19.95,20.4,18.77,19.74,156,52
20230329,82,143.21,139.14,150.05,134.29,141.67,224,56
20230329,83,28.36,28.37,28.56,26.86,28.04,221,59
20230329,84,9.95,9.8,10.07,9.62,9.86,211,63
20230329,85,87.77,91.18,92.62,86.68,89.56,218,46
20230329,86,22684.88,23827.0,24026.62,21715.91,23063.6,226,67
20230329,87,609.32,584.9,621.33,584.46,600.0,125,40
20230329,88,39.9,40.62,41.03,37.95,39.88,200,32
20230329,89,19.59,20.75,21.05,19.54,20.23,195,58
20230329,90,45.55,44.04,45.6,42.91,44.53,161,52
20230329,91,3281.29,3166.75,3317.19,3136.3,3225.38,108,41
20230329,92,18.91,19.57,20.36,18.63,19.37,300,54
20230329,93,68.21,65.36,69.14,61.69,66.1,271,63
20230329,94,1011.08,978.43,1019.1,939.04,986.91,126,28
20230329,95,497.08,472.22,503.33,470.32,485.74,214,38
20230329,96,579.94,594.32,596.69,560.22,582.79,168,57
20230329,97,27.6,27.47,27.9,26.82,27.45,168,52
20230329,98,2071.9,2054.82,2097.74,2042.2,2066.66,273,59
20230329,99,48.87,47.86,49.52,47.62,48.47,149,40
20230329,100,44.17,45.8,47.37,42.79,45.03,294,73
20230329,101,16.73,16.43,16.98,16.07,16.55,212,70
20230329,102,13.46,12.7,13.64,12.69,13.12,149,56
20230329,103,1303.22,1235.63,1327.87,1222.08,1272.2,93,31
20230329,104,603.85,618.49,628.77,588.98,610.02,123,45
20230329,105,7560.58,7730.69,7897.5,7465.14,7663.48,273,64
20230329,106,149.99,157.22,159.21,145.99,153.1,269,62
20230329,107,143.46,135.78,145.31,134.3,139.71,156,19
20230329,108,313.13,316.59,328.2,312.9,317.7,133,35
20230329,109,748.43,816.26,827.67,730.47,780.71,183,47
20230329,110,953.22,940.12,976.64,937.1,951.77,193,40
20230329,111,2.18,2.13,2.18,2.1,2.15,212,64
20230329,112,16722.43,16426.31,16940.87,16392.21,16620.45,303,73
20230329,113,8.18,8.28,8.35,7.96,8.19,195,63
20230329,114,927.25,970.87,986.57,918.02,950.68,315,53
20230329,115,4077.18,3977.2,4144.84,3721.31,3980.13,186,55
20230329,116,922.42,916.09,953.84,896.24,922.15,143,47
20230329,117,6.67,6.6,7.0,6.46,6.68,236,70
20230329,118,18.01,17.37,18.43,17.07,17.72,196,50
20230329,119,75.94,71.95,76.03,67.81,72.93,175,50
20230329,120,533.98,571.53,583.48,529.49,554.62,321,67
20230329,121,2091.48,2077.85,2110.92,2038.2,2079.61,304,61
20230329,122,12645.94,12514.41,13018.36,12275.57,12613.57,285,57
20230329,123,3.93,3.86,3.96,3.85,3.9,283,61
20230329,124,25.55,25.43,25.9,24.2,25.27,177,49
20230329,125,317.23,318.06,323.17,314.78,318.31,109,23
20230329,126,86006.8,84113.48,88274.71,80394.44,84697.36,206,71
20230329,127,188.75,195.65,198.36,185.37,192.03,165,26
20230329,128,238.64,245.37,253.49,223.02,240.13,110,37
20230329,129,12452.8,12539.59,12951.73,12149.76,12523.47,116,40
20230329,130,105.86,101.96,107.38,101.52,104.18,258,48
20230329,131,235.79,245.48,249.22,234.2,241.17,226,50
20230329,132,3059.99,3032.25,3061.68,2998.19,3038.03,245,52
20230329,133,85.95,80.76,89.26,79.36,83.83,146,59
20230329,134,1733.13,1788.23,1798.5,1711.62,1757.87,235,66
20230329,135,388.2,377.7,390.54,355.1,377.89,158,31
20230329,136,261.94,273.02,286.12,250.22,267.82,157,61
20230329,137,207.72,186.96,213.48,184.84,198.25,114,44
20230329,138,2.49,2.46,2.52,2.4,2.47,303,54
20230329,139,7162.78,7580.79,7891.47,6820.43,7363.87,293,64
20230329,140,158.61,162.51,165.76,148.35,158.81,255,46
20230329,141,32.28,33.0,33.76,31.29,32.58,170,43
20230329,142,72.53,69.66,74.31,67.06,70.89,189,68
20230329,143,8276.57,8424.88,8780.87,8141.65,8405.99,276,54
20230329,144,3.29,3.33,3.48,3.23,3.33,208,51
20230329,145,1432.2,1445.54,1494.67,1392.6,1441.25,247,52
20230329,146,22194.38,24411.06,24933.5,20090.36,22907.33,202,79
20230329,147,603.9,639.23,666.58,588.05,624.44,74,22
20230329,148,99.53,102.33,110.18,98.57,102.65,312,75
20230329,149,2.04,2.12,2.2,2.02,2.09,314,58
20230329,150,4.41,4.27,4.42,4.19,4.32,293,61
20230329,151,11.39,11.29,11.8,11.06,11.39,246,54
20230329,152,17.98,17.06,18.36,16.72,17.53,211,67
20230329,153,67288.17,63341.7,68426.22,61882.85,65234.74,233,50
20230329,154,1366.58,1318.33,1378.13,1288.48,1337.88,160,25
20230329,155,68.45,68.0,69.24,66.33,68.01,203,71
20230329,156,70.01,67.35,72.28,67.2,69.21,248,47
20230329,157,1735.36,1752.42,1774.94,1692.87,1738.9,201,66
20230329,158,30.03,30.38,31.74,28.96,30.28,231,62
20230329,159,17073.43,16373.16,17253.94,15307.94,16502.12,211,60
20230329,160,63.53,66.24,70.11,62.09,65.49,332,64
20230329,161,11.35,10.75,11.64,10.2,10.98,262,51
20230329,162,106.81,112.85,115.02,106.38,110.26,172,55
20230329,163,169.81,155.45,170.99,154.43,162.67,245,47
20230329,164,55.29,54.81,57.3,53.05,55.11,190,43
20230329,165,32.54,31.2,33.44,31.08,32.06,279,43
20230329,166,36.38,35.17,36.46,34.83,35.71,199,53
20230329,167,1.12,1.18,1.22,1.11,1.16,218,62
20230329,168,29.34,29.07,30.07,28.67,29.29,297,70
20230329,169,34.31,33.11,35.21,32.67,33.82,266,59
20230329,170,2975.21,3028.76,3112.69,2950.42,3016.77,36,11
20230329,171,49.94,49.14,50.63,47.83,49.38,294,61
20230329,172,38.87,39.02,39.17,38.71,38.95,265,41
20230329,173,26.66,25.73,26.95,25.73,26.27,159,41
20230329,174,93.82,90.1,94.49,87.6,91.5,136,30
20230329,175,5342.79,5234.07,5628.27,5166.72,5342.96,163,58
20230329,176,49.67,50.92,51.28,46.0,49.47,161,46
20230329,177,49.8,49.54,51.08,47.93,49.58,256,57
20230329,178,327.67,318.67,330.9,305.11,320.59,137,42
20230329,179,5.7,5.74,6.03,5.52,5.75,209,59
20230329,180,372.83,364.51,386.47,357.73,370.38,130,32
20230329,181,45775.5,46050.77,47165.7,44384.94,45844.23,303,48
20230329,182,21.75,21.42,22.25,20.69,21.53,117,36
20230329,183,25.56,25.56,27.26,25.4,25.95,291,67
20230329,184,10.47,10.62,10.85,10.37,10.58,315,55
20230329,185,1834.11,1776.95,1927.85,1754.14,1823.26,210,73
20230329,186,65229.54,66708.06,68572.15,63585.47,66023.81,214,39
20230329,187,1204.99,1223.45,1248.6,1181.45,1214.62,239,67
20230329,188,465.94,444.61,475.13,438.27,455.99,209,60
20230329,189,4.45,4.27,4.52,4.21,4.36,213,39
20230329,190,5.45,5.38,5.47,5.27,5.39,197,44
20230329,191,20.59,20.34,20.79,20.33,20.51,153,41
20230329,192,2121.82,2161.72,2232.2,2048.88,2141.16,134,27
20230329,193,24.39,24.09,25.03,24.03,24.39,259,50
20230329,194,18.06,18.64,18.67,17.14,18.12,301,61
20230329,195,3622.14,3498.49,3689.52,3367.78,3544.48,225,64
20230329,196,88.57,87.38,90.43,86.15,88.13,111,36
20230329,197,268.29,283.21,287.11,267.09,276.42,300,67
20230329,198,374.77,376.44,384.75,373.49,377.36,245,59
20230329,199,1294.17,1272.56,1315.52,1215.03,1274.32,117,30
20230329,200,87.19,84.7,91.05,84.44,86.84,143,24
20230330,1,68.2,67.9,69.09,64.81,67.5,273,44
20230330,2,70.85,74.49,75.9,69.85,72.77,135,34
20230330,3,309.73,288.52,310.01,285.38,298.41,127,47
20230330,4,11556.21,11314.39,11614.06,10869.83,11338.62,105,28
20230330,5,55.38,51.76,56.21,51.62,53.74,174,38
20230330,6,13.34,13.21,13.82,12.69,13.27,283,66
20230330,7,467.53,471.28,476.53,459.56,468.72,238,67
20230330,8,2.76,2.57,2.82,2.54,2.67,188,63
20230330,9,11720.06,11345.86,11971.95,10823.37,11465.31,304,59
20230330,10,40.36,39.57,40.69,37.47,39.52,105,29
20230330,11,37.38,37.33,38.79,36.89,37.6,263,65
20230330,12,564.85,559.29,579.8,550.0,563.49,90,22
20230330,13,1.68,1.62,1.75,1.6,1.66,220,56
20230330,14,70.14,70.12,71.18,66.54,69.5,266,52
20230330,15,9589.05,9287.47,9628.99,9075.92,9395.36,195,64
20230330,16,1.57,1.63,1.66,1.47,1.58,214,72
20230330,17,4331.98,3929.5,4557.05,3774.17,4148.18,219,55
20230330,18,218.49,217.34,224.18,211.84,217.96,165,52
20230330,19,4387.17,4423.31,4441.85,4343.74,4399.02,182,61
20230330,20,355.04,378.26,383.95,346.32,365.89,102,44
20230330,21,24.05,23.75,24.99,23.2,24.0,186,60
20230330,22,2234.06,2257.66,2309.03,2158.75,2239.88,241,51
20230330,23,747.53,761.89,772.35,743.74,756.38,134,47
20230330,24,93.65,95.44,97.91,89.19,94.05,204,66
20230330,25,84.4,82.4,85.5,81.72,83.51,162,40
20230330,26,56.02,52.53,58.43,51.87,54.71,270,59
20230330,27,37.83,35.16,39.57,34.92,36.87,315,50
20230330,28,15095.43,15403.17,15757.6,14333.67,15147.47,214,54
20230330,29,69.64,70.57,73.72,66.54,70.12,165,58
20230330,30,1394.16,1403.16,1435.52,1287.81,1380.16,129,51
20230330,31,237.5,229.76,243.26,225.47,234.0,115,38
20230330,32,232.52,235.19,235.24,230.58,233.38,184,51
20230330,33,50.64,51.08,51.48,49.18,50.6,183,51
20230330,34,19.03,19.33,19.76,18.19,19.07,226,65
20230330,35,67.35,64.1,68.77,61.77,65.5,251,45
20230330,36,96.89,89.75,99.76,89.23,93.91,150,29
20230330,37,12.43,12.03,12.74,11.91,12.28,263,47
20230330,38,199.61,187.69,203.84,183.21,193.59,174,50
20230330,39,110.33,103.8,111.23,103.07,107.11,202,65
20230330,40,31.05,32.97,33.57,29.93,31.88,135,41
20230330,41,11139.5,10061.26,11438.24,10027.42,10666.6,28,10
20230330,42,5459.37,5581.96,5707.84,5329.41,5519.65,292,58
20230330,43,4516.2,4639.7,4704.27,4375.36,4558.88,203,74
20230330,44,68.53,71.63,73.09,65.86,69.78,150,55
20230330,45,72.76,72.66,76.07,72.35,73.46,304,53
20230330,46,473.49,500.65,510.67,457.18,485.5,172,53
20230330,47,115.37,122.45,123.21,112.58,118.4,207,59
20230330,48,346.07,343.15,363.73,337.51,347.62,237,67
20230330,49,79.94,82.41,84.48,77.06,80.97,169,50
20230330,50,1180.53,1216.11,1218.36,1126.42,1185.36,183,55
20230330,51,596.37,570.01,632.92,509.79,577.27,238,54
20230330,52,70.79,70.23,73.11,67.7,70.46,181,57
20230330,53,2473.18,2398.53,2522.18,2231.25,2406.28,184,38
20230330,54,13.44,13.91,14.21,13.41,13.74,151,45
20230330,55,17.78,16.25,17.99,15.58,16.9,244,64
20230330,56,164.15,176.74,189.12,161.46,172.87,172,50
20230330,57,58.99,59.98,61.41,58.81,59.8,172,43
20230330,58,1.86,1.93,1.94,1.83,1.89,204,63
20230330,59,29616.3,26689.05,30461.36,25544.57,28077.82,322,61
20230330,60,2327.6,2233.51,2339.84,2143.37,2261.08,136,42
20230330,61,640.04,659.76,670.95,617.84,647.14,196,42
20230330,62,35.8,35.67,37.35,35.38,36.05,173,49
20230330,63,1370.57,1288.56,1458.1,1278.65,1348.97,320,44
20230330,64,6069.84,6068.69,6221.06,5759.1,6029.67,249,48
20230330,65,7.36,7.48,7.49,7.17,7.38,195,65
20230330,66,8038.94,8031.59,8308.88,7626.23,8001.41,167,56
20230330,67,73.8,74.33,75.98,73.63,74.44,135,49
20230330,68,115.55,119.64,120.33,112.95,117.12,268,52
20230330,69,12151.33,11799.99,12771.48,11646.13,12092.23,209,57
20230330,70,2.74,2.8,2.87,2.73,2.78,325,68
20230330,71,5227.72,5266.22,5652.87,5155.07,5325.47,318,52
20230330,72,12656.94,12433.37,13505.26,11965.13,12640.17,128,27
20230330,73,26.65,26.09,26.81,25.92,26.37,256,55
20230330,74,4.79,4.67,4.81,4.61,4.72,163,43
20230330,75,6718.42,6603.35,6826.29,6527.25,6668.83,290,69
20230330,76,19.7,19.54,21.2,19.51,19.99,283,63
20230330,77,15081.77,15640.12,15844.35,14657.47,15305.93,309,67
20230330,78,8.28,8.08,8.52,8.02,8.22,207,57
20230330,79,159.01,166.71,176.72,156.13,164.64,176,63
20230330,80,103.28,101.46,107.09,100.75,103.15,98,24
20230330,81,19.95,20.3,21.09,19.26,20.15,182,48
20230330,82,139.14,142.52,142.83,137.58,140.52,211,62
20230330,83,28.37,28.23,28.74,27.66,28.25,192,60
20230330,84,9.8,9.94,10.37,9.58,9.92,200,76
20230330,85,91.18,87.76,98.27,85.52,90.68,185,44
20230330,86,23827.0,23318.87,24100.22,23261.59,23626.92,190,55
20230330,87,584.9,591.12,603.56,582.35,590.48,125,33
20230330,88,40.62,40.2,41.29,38.29,40.1,223,52
20230330,89,20.75,21.45,21.86,20.51,21.14,208,64
20230330,90,44.04,43.44,44.6,40.18,43.06,174,46
20230330,91,3166.75,3114.13,3286.55,3038.54,3151.49,117,28
20230330,92,19.57,18.25,19.66,17.03,18.63,294,74
20230330,93,65.36,68.13,69.37,64.32,66.8,286,57
20230330,94,978.43,996.78,1020.21,971.71,991.78,85,25
20230330,95,472.22,483.21,496.86,466.31,479.65,205,42
20230330,96,594.32,610.28,626.5,574.05,601.29,171,55
20230330,97,27.47,29.06,29.37,27.36,28.32,179,46
20230330,98,2054.82,2121.27,2132.98,2025.98,2083.76,300,69
20230330,99,47.86,49.47,50.1,47.61,48.76,130,46
20230330,100,45.8,46.37,47.96,45.72,46.46,288,70
20230330,101,16.43,15.39,16.89,15.25,15.99,220,55
20230330,102,12.7,12.15,12.78,11.86,12.37,160,65
20230330,103,1235.63,1181.81,1269.35,1157.85,1211.16,103,23
20230330,104,618.49,641.49,645.5,585.82,622.82,137,48
20230330,105,7730.69,7412.6,7977.71,6966.64,7521.91,303,57
20230330,106,157.22,151.94,168.28,142.13,154.89,296,70
20230330,107,135.78,135.26,139.54,130.33,135.23,155,31
20230330,108,316.59,304.14,318.79,300.12,309.91,162,32
20230330,109,816.26,812.62,825.58,806.22,815.17,154,44
20230330,110,940.12,859.27,974.52,856.0,907.48,190,43
20230330,111,2.13,2.03,2.24,2.02,2.11,199,66
20230330,112,16426.31,16234.97,17123.84,16167.44,16488.14,292,69
20230330,113,8.28,7.8,8.4,7.5,7.99,186,67
20230330,114,970.87,1035.66,1043.14,943.9,998.39,330,59
20230330,115,3977.2,3976.92,4152.48,3868.68,3993.82,203,70
20230330,116,916.09,974.2,990.93,861.53,935.69,112,49
20230330,117,6.6,6.68,6.88,6.31,6.62,217,72
20230330,118,17.37,17.22,17.39,16.22,17.05,187,64
20230330,119,71.95,68.9,72.34,68.52,70.43,174,48
20230330,120,571.53,583.07,600.06,560.44,578.78,307,72
20230330,121,2077.85,2129.02,2175.95,2075.59,2114.6,306,52
20230330,122,12514.41,13550.74,13611.6,11716.32,12848.26,237,54
20230330,123,3.86,3.95,3.98,3.67,3.87,342,58
20230330,124,25.43,24.91,25.5,24.53,25.1,166,46
20230330,125,318.06,315.89,324.21,311.95,317.53,109,32
20230330,126,84113.48,84970.12,87048.4,83218.87,84837.72,204,66
20230330,127,195.65,200.9,210.05,194.4,200.25,145,40
20230330,128,245.37,256.84,261.61,244.0,251.95,120,17
20230330,129,12539.59,12569.06,13247.85,12189.31,12636.45,141,33
20230330,130,101.96,96.21,103.45,92.86,98.62,256,66
20230330,131,245.48,226.23,250.39,225.63,236.93,237,61
20230330,132,3032.25,2883.46,3067.94,2759.01,2935.67,233,52
20230330,133,80.76,77.89,80.85,76.04,78.88,195,48
20230330,134,1788.23,1858.64,1903.37,1754.59,1826.21,216,61
20230330,135,377.7,400.66,414.78,376.73,392.47,158,30
20230330,136,273.02,282.2,284.08,264.36,275.91,167,44
20230330,137,186.96,196.16,207.28,180.43,192.71,135,48
20230330,138,2.46,2.38,2.52,2.36,2.43,318,57
20230330,139,7580.79,7116.76,7871.86,7064.66,7408.52,278,59
20230330,140,162.51,157.89,168.84,154.33,160.89,231,54
20230330,141,33.0,30.23,33.19,29.42,31.46,169,47
20230330,142,69.66,66.36,70.07,66.29,68.1,197,63
20230330,143,8424.88,8235.98,8785.91,7931.01,8344.44,284,66
20230330,144,3.33,3.37,3.46,3.21,3.34,194,61
20230330,145,1445.54,1444.76,1452.66,1439.98,1445.74,257,64
20230330,146,24411.06,23649.94,26086.9,23515.91,24415.95,169,63
20230330,147,639.23,648.79,671.35,621.87,645.31,70,18
20230330,148,102.33,98.78,104.28,97.93,100.83,324,54
20230330,149,2.12,2.11,2.14,2.01,2.09,327,53
20230330,150,4.27,4.1,4.29,3.94,4.15,286,55
20230330,151,11.29,11.87,12.09,11.28,11.63,246,47
20230330,152,17.06,17.35,17.94,16.89,17.31,186,72
20230330,153,63341.7,64243.28,65744.3,61944.07,63818.34,274,49
20230330,154,1318.33,1254.43,1341.73,1219.44,1283.48,155,26
20230330,155,68.0,67.86,71.29,67.11,68.57,205,62
20230330,156,67.35,70.0,72.99,66.8,69.29,237,52
20230330,157,1752.42,1615.52,1780.33,1580.54,1682.2,207,78
20230330,158,30.38,32.23,32.51,30.31,31.36,178,52
20230330,159,16373.16,15625.21,16741.93,15418.89,16039.8,199,56
20230330,160,66.24,65.33,66.28,60.33,64.55,306,61
20230330,161,10.75,11.5,11.59,10.69,11.13,229,49
20230330,162,112.85,116.76,122.83,110.75,115.8,160,48
20230330,163,155.45,147.58,159.48,142.04,151.14,259,61
20230330,164,54.81,54.1,55.96,53.36,54.56,165,45
20230330,165,31.2,33.07,34.32,29.84,32.11,237,48
20230330,166,35.17,33.77,35.28,33.76,34.49,198,76
20230330,167,1.18,1.14,1.21,1.11,1.16,213,61
20230330,168,29.07,28.65,29.43,28.3,28.86,317,67
20230330,169,33.11,34.28,36.55,31.07,33.75,255,37
20230330,170,3028.76,2831.81,3039.52,2697.9,2899.5,41,10
20230330,171,49.14,50.08,50.49,48.99,49.67,305,61
20230330,172,39.02,37.84,39.26,36.99,38.28,238,49
20230330,173,25.73,25.75,26.31,25.71,25.87,128,35
20230330,174,90.1,88.73,93.36,85.06,89.31,126,44
20230330,175,5234.07,5423.43,5567.65,4908.55,5283.43,165,46
20230330,176,50.92,50.26,51.46,50.1,50.69,176,53
20230330,177,49.54,52.34,53.41,49.16,51.11,251,41
20230330,178,318.67,337.92,353.14,317.61,331.83,124,28
20230330,179,5.74,5.54,5.78,5.27,5.58,195,45
20230330,180,364.51,371.4,381.4,361.33,369.66,151,28
20230330,181,46050.77,45700.42,46579.46,45237.69,45892.08,294,62
20230330,182,21.42,21.59,21.69,21.26,21.49,121,31
20230330,183,25.56,26.36,28.01,24.72,26.16,319,63
20230330,184,10.62,10.13,10.65,10.1,10.37,278,53
20230330,185,1776.95,1692.16,1883.61,1670.95,1755.92,184,56
20230330,186,66708.06,65680.48,66871.99,63202.65,65615.8,201,63
20230330,187,1223.45,1201.89,1247.93,1159.01,1208.07,214,52
20230330,188,444.61,479.23,494.41,412.81,457.76,212,71
20230330,189,4.27,4.17,4.39,4.07,4.22,214,64
20230330,190,5.38,5.34,5.45,5.21,5.35,213,51
20230330,191,20.34,20.66,20.74,20.18,20.48,136,41
20230330,192,2161.72,2223.47,2346.11,2131.99,2215.82,150,35
20230330,193,24.09,23.07,24.82,22.29,23.57,227,53
20230330,194,18.64,17.55,19.46,16.53,18.05,295,63
20230330,195,3498.49,3684.4,3888.75,3409.3,3620.23,212,53
20230330,196,87.38,86.34,90.03,84.36,87.03,104,34
20230330,197,283.21,289.36,303.97,282.36,289.73,308,53
20230330,198,376.44,391.55,412.64,368.43,387.26,221,56
20230330,199,1272.56,1329.48,1348.12,1233.48,1295.91,104,35
20230330,200,84.7,83.87,86.85,79.35,83.69,146,25
20230331,1,67.9,67.1,69.88,66.6,67.87,239,53
20230331,2,74.49,69.42,75.41,68.91,72.06,138,42
20230331,3,288.52,278.67,292.45,275.05,283.67,151,37
20230331,4,11314.39,11321.33,11464.41,11251.14,11337.82,129,25
20230331,5,51.76,51.89,54.32,50.57,52.14,190,52
20230331,6,13.21,12.94,13.24,12.32,12.93,293,51
20230331,7,471.28,478.3,485.05,452.7,471.83,240,55
20230331,8,2.57,2.74,2.76,2.53,2.65,216,61
20230331,9,11345.86,11362.0,11586.34,11300.17,11398.59,292,65
20230331,10,39.57,37.62,41.15,35.63,38.49,110,36
20230331,11,37.33,39.5,39.51,37.21,38.39,240,53
20230331,12,559.29,541.39,575.03,541.1,554.2,83,32
20230331,13,1.62,1.75,1.81,1.61,1.7,213,63
20230331,14,70.12,69.77,74.21,68.23,70.58,257,62
20230331,15,9287.47,9430.42,9576.12,8947.66,9310.42,211,69
20230331,16,1.63,1.76,1.82,1.6,1.7,190,74
20230331,17,3929.5,3815.96,4163.32,3617.09,3881.47,213,55
20230331,18,217.34,213.32,220.88,208.17,214.93,169,52
20230331,19,4423.31,4453.61,4540.3,4198.45,4403.92,201,71
20230331,20,378.26,382.17,394.36,353.1,376.97,111,37
20230331,21,23.75,26.02,26.29,22.98,24.76,197,66
20230331,22,2257.66,2219.05,2346.42,2179.72,2250.71,216,72
20230331,23,761.89,736.08,796.13,723.66,754.44,151,36
20230331,24,95.44,91.44,96.25,88.08,92.8,192,63
20230331,25,82.4,83.94,84.12,81.43,82.97,158,29
20230331,26,52.53,54.31,54.95,52.07,53.47,272,56
20230331,27,35.16,34.69,37.78,33.74,35.34,281,72
20230331,28,15403.17,15538.1,15674.53,15232.4,15462.05,237,50
20230331,29,70.57,77.41,80.04,69.14,74.29,201,44
20230331,30,1403.16,1454.72,1480.57,1402.14,1435.15,132,45
20230331,31,229.76,234.69,240.54,229.57,233.64,144,47
20230331,32,235.19,257.52,271.18,231.27,248.79,171,52
20230331,33,51.08,50.48,51.08,49.51,50.54,170,42
20230331,34,19.33,18.98,19.46,18.62,19.1,226,62
20230331,35,64.1,64.03,65.15,62.68,63.99,241,59
20230331,36,89.75,89.7,92.16,87.51,89.78,146,31
20230331,37,12.03,11.44,12.18,11.42,11.77,243,55
20230331,38,187.69,191.61,195.3,182.83,189.36,165,46
20230331,39,103.8,106.77,107.84,95.68,103.53,226,58
20230331,40,32.97,32.96,33.33,32.03,32.82,148,30
20230331,41,10061.26,10275.82,10460.95,9984.8,10195.71,26,10
20230331,42,5581.96,5732.72,6081.46,5507.43,5725.89,280,60
20230331,43,4639.7,4438.78,4643.51,4350.18,4518.05,213,53
20230331,44,71.63,73.49,73.72,69.78,72.16,180,48
20230331,45,72.66,74.45,77.45,72.05,74.15,273,61
20230331,46,500.65,475.97,513.79,463.62,488.51,194,44
20230331,47,122.45,128.93,130.94,121.76,126.02,210,46
20230331,48,343.15,333.53,346.09,325.03,336.95,186,52
20230331,49,82.41,80.55,86.06,80.2,82.3,170,54
20230331,50,1216.11,1219.12,1227.81,1140.8,1200.96,180,46
20230331,51,570.01,586.58,622.67,556.21,583.87,251,56
20230331,52,70.23,73.83,77.88,69.34,72.82,181,45
20230331,53,2398.53,2485.08,2551.97,2326.53,2440.53,176,41
20230331,54,13.91,13.99,14.48,13.14,13.88,158,49
20230331,55,16.25,16.41,16.66,15.76,16.27,258,55
20230331,56,176.74,178.0,180.31,173.24,177.07,165,49
20230331,57,59.98,60.97,63.98,56.77,60.43,201,45
20230331,58,1.93,1.99,2.05,1.9,1.97,203,60
20230331,59,26689.05,26596.57,27464.47,25854.48,26651.15,297,62
20230331,60,2233.51,2256.43,2290.9,2195.23,2244.02,178,50
20230331,61,659.76,612.73,668.64,601.14,635.57,218,28
20230331,62,35.67,37.64,38.25,34.82,36.6,162,40
20230331,63,1288.56,1363.95,1447.17,1266.47,1341.54,313,58
20230331,64,6068.69,5592.43,6328.79,5477.99,5866.97,258,53
20230331,65,7.48,7.73,7.81,7.14,7.54,204,69
20230331,66,8031.59,7980.72,8046.73,7910.98,7992.5,154,36
20230331,67,74.33,73.63,76.08,73.27,74.33,122,46
20230331,68,119.64,115.58,124.54,113.12,118.22,252,46
20230331,69,11799.99,11708.39,12423.22,10708.5,11660.03,244,59
20230331,70,2.8,2.74,2.81,2.66,2.75,263,85
20230331,71,5266.22,5192.68,5432.5,5035.78,5231.79,336,64
20230331,72,12433.37,13272.4,13359.47,12376.01,12860.31,129,32
20230331,73,26.09,26.8,27.81,25.93,26.66,229,51
20230331,74,4.67,5.05,5.33,4.54,4.9,188,40
20230331,75,6603.35,6648.91,6912.06,6598.08,6690.6,295,61
20230331,76,19.54,20.44,20.78,19.23,20.0,276,69
20230331,77,15640.12,15374.83,15915.33,14569.1,15374.84,311,66
20230331,78,8.08,8.16,8.36,7.76,8.09,212,64
20230331,79,166.71,166.06,171.04,162.59,166.6,198,60
20230331,80,101.46,106.81,108.07,100.64,104.24,107,41
20230331,81,20.3,20.21,20.48,19.13,20.03,166,64
20230331,82,142.52,144.42,151.8,140.23,144.74,202,61
20230331,83,28.23,28.7,29.51,27.38,28.45,193,63
20230331,84,9.94,10.08,10.39,9.66,10.02,234,80
20230331,85,87.76,87.35,89.53,87.28,87.98,202,40
20230331,86,23318.87,23139.67,23841.08,22705.93,23251.39,199,59
20230331,87,591.12,626.4,643.06,590.66,612.81,135,45
20230331,88,40.2,40.09,40.59,39.48,40.09,199,53
20230331,89,21.45,21.71,22.83,20.48,21.62,195,60
20230331,90,43.44,44.21,45.95,43.11,44.18,168,49
20230331,91,3114.13,3302.09,3426.85,3042.52,3221.4,99,32
20230331,92,18.25,17.19,18.34,17.16,17.73,290,52
20230331,93,68.13,70.72,72.06,68.09,69.75,290,61
20230331,94,996.78,959.92,1011.39,939.0,976.77,105,28
20230331,95,483.21,489.76,514.97,478.9,491.71,172,34
20230331,96,610.28,607.41,622.31,578.1,604.52,167,41
20230331,97,29.06,28.12,29.47,26.94,28.4,176,48
20230331,98,2121.27,2172.07,2228.86,2084.64,2151.71,281,65
20230331,99,49.47,50.91,53.12,48.91,50.6,138,42
20230331,100,46.37,45.93,47.56,44.04,45.97,316,69
20230331,101,15.39,16.06,16.73,15.11,15.82,222,73
20230331,102,12.15,12.53,12.95,11.94,12.4,168,50
20230331,103,1181.81,1284.21,1312.38,1117.7,1224.03,87,25
20230331,104,641.49,634.55,679.82,617.14,643.25,131,46
20230331,105,7412.6,7759.87,7938.15,7350.23,7615.21,341,56
20230331,106,151.94,153.26,156.3,150.88,153.1,303,74
20230331,107,135.26,143.73,148.85,132.4,140.06,142,23
20230331,108,304.14,313.14,317.54,289.09,305.98,155,28
20230331,109,812.62,791.82,832.89,768.66,801.5,162,48
20230331,110,859.27,842.82,867.82,793.45,840.84,150,53
20230331,111,2.03,2.07,2.11,2.03,2.06,192,60
20230331,112,16234.97,15749.49,16576.83,15670.42,16057.93,289,37
20230331,113,7.8,8.31,8.61,7.59,8.08,230,58
20230331,114,1035.66,1018.72,1051.69,1002.74,1027.2,289,58
20230331,115,3976.92,3928.2,4166.3,3904.24,3993.91,226,68
20230331,116,974.2,1018.53,1036.43,970.26,999.86,140,42
20230331,117,6.68,7.07,7.27,6.57,6.9,226,60
20230331,118,17.22,17.85,18.34,17.12,17.63,221,60
20230331,119,68.9,73.15,74.68,67.79,71.13,208,59
20230331,120,583.07,580.83,595.76,560.22,579.97,294,62
20230331,121,2129.02,2165.32,2194.73,2061.4,2137.62,291,53
20230331,122,13550.74,14604.78,14623.26,13295.97,14018.69,246,56
20230331,123,3.95,4.22,4.25,3.9,4.08,302,56
20230331,124,24.91,25.96,26.29,24.12,25.32,153,34
20230331,125,315.89,327.83,350.87,313.91,327.12,101,29
20230331,126,84970.12,88436.82,88895.44,82205.02,86126.85,240,56
20230331,127,200.9,191.81,210.62,185.96,197.32,141,21
20230331,128,256.84,257.75,262.62,254.61,257.95,80,28
20230331,129,12569.06,13685.42,13839.59,12143.08,13059.29,150,50
20230331,130,96.21,100.0,101.41,92.81,97.61,252,70
20230331,131,226.23,229.79,234.12,223.24,228.34,244,58
20230331,132,2883.46,3109.48,3188.03,2824.96,3001.48,231,54
20230331,133,77.89,79.43,82.43,72.65,78.1,175,44
20230331,134,1858.64,1897.71,1907.0,1828.37,1872.93,202,51
20230331,135,400.66,409.38,413.22,398.64,405.47,129,28
20230331,136,282.2,290.05,303.89,275.43,287.89,206,56
20230331,137,196.16,202.55,215.12,192.06,201.47,118,48
20230331,138,2.38,2.56,2.65,2.34,2.48,283,62
20230331,139,7116.76,7711.96,7860.4,7064.0,7438.28,278,59
20230331,140,157.89,160.86,164.11,150.03,158.22,253,57
20230331,141,30.23,31.34,32.89,29.09,30.89,183,43
20230331,142,66.36,71.0,75.8,63.85,69.25,204,64
20230331,143,8235.98,8335.12,8549.84,8076.05,8299.25,290,56
20230331,144,3.37,3.26,3.49,3.22,3.33,186,51
20230331,145,1444.76,1410.05,1462.91,1409.27,1431.75,257,46
20230331,146,23649.94,23257.15,23696.07,23034.5,23409.42,210,58
20230331,147,648.79,642.36,665.34,631.65,647.04,60,31
20230331,148,98.78,97.08,99.48,94.74,97.52,297,52
20230331,149,2.11,2.22,2.29,2.02,2.16,293,70
20230331,150,4.1,4.17,4.27,4.05,4.15,307,64
20230331,151,11.87,12.65,12.68,11.13,12.08,243,64
20230331,152,17.35,17.06,17.45,16.53,17.1,214,75
20230331,153,64243.28,63596.82,67474.78,60614.56,63982.36,232,55
20230331,154,1254.43,1290.21,1322.45,1226.8,1273.47,157,31
20230331,155,67.86,70.4,70.84,67.47,69.14,198,61
20230331,156,70.0,75.14,76.58,68.3,72.5,246,46
20230331,157,1615.52,1637.01,1690.35,1460.49,1600.85,190,50
20230331,158,32.23,34.12,34.5,30.75,32.9,235,70
20230331,159,15625.21,14983.14,16105.8,14489.15,15300.82,220,56
20230331,160,65.33,67.0,68.26,64.63,66.3,301,68
20230331,161,11.5,11.0,11.51,10.75,11.19,280,44
20230331,162,116.76,119.72,120.99,111.72,117.3,182,52
20230331,163,147.58,161.18,164.98,141.6,153.84,243,56
20230331,164,54.1,56.57,57.56,51.38,54.9,186,50
20230331,165,33.07,31.48,33.58,31.47,32.4,263,58
20230331,166,33.77,33.62,34.74,31.43,33.39,218,46
20230331,167,1.14,1.17,1.21,1.08,1.15,208,57
20230331,168,28.65,30.03,31.74,28.25,29.67,293,58
20230331,169,34.28,35.46,36.37,32.72,34.71,244,49
20230331,170,2831.81,2637.0,2839.17,2631.96,2734.98,31,14
20230331,171,50.08,52.75,53.71,49.61,51.54,301,55
20230331,172,37.84,40.4,40.97,35.37,38.64,233,59
20230331,173,25.75,26.38,26.52,25.35,26.0,151,49
20230331,174,88.73,90.53,90.59,87.35,89.3,166,44
20230331,175,5423.43,5656.56,5820.2,5336.15,5559.09,160,55
20230331,176,50.26,53.22,55.48,48.0,51.74,189,56
20230331,177,52.34,53.24,54.86,51.5,52.99,248,49
20230331,178,337.92,343.7,356.32,332.56,342.63,122,42
20230331,179,5.54,5.71,5.86,5.48,5.65,194,65
20230331,180,371.4,365.9,372.52,360.89,367.68,150,33
20230331,181,45700.42,45567.73,46956.79,45125.93,45837.72,285,60
20230331,182,21.59,20.44,21.73,19.85,20.9,159,45
20230331,183,26.36,27.15,27.66,26.05,26.81,297,57
20230331,184,10.13,10.76,11.22,10.04,10.54,304,56
20230331,185,1692.16,1831.5,1900.75,1682.24,1776.66,212,55
20230331,186,65680.48,67968.7,68273.22,64085.94,66502.08,211,71
20230331,187,1201.89,1232.97,1280.45,1192.42,1226.93,193,55
20230331,188,479.23,482.73,503.71,476.5,485.54,205,65
20230331,189,4.17,4.5,4.57,4.06,4.32,208,57
20230331,190,5.34,5.54,5.78,5.14,5.45,194,68
20230331,191,20.66,22.37,24.01,19.96,21.75,126,37
20230331,192,2223.47,2162.47,2338.83,2091.9,2204.17,150,28
20230331,193,23.07,22.89,24.31,21.7,22.99,247,53
20230331,194,17.55,17.95,17.97,17.45,17.73,327,46
20230331,195,3684.4,3580.82,3704.6,3560.36,3632.55,193,70
20230331,196,86.34,82.41,87.86,80.72,84.33,104,28
20230331,197,289.36,295.46,303.77,289.05,294.41,286,65
20230331,198,391.55,403.87,413.39,389.53,399.59,247,70
20230331,199,1329.48,1359.39,1394.39,1283.41,1341.67,93,35
20230331,200,83.87,87.17,87.2,81.88,85.03,160,35
